Cliente;Material;Tipo material;Texto breve de material;Nombre Fabricante;Numero Pieza de Fabricante;Centro área pl.nec.;Almacén;Caract.planif.nec.;Punto de pedido;Stock alm.máx.;Grupo de compras;Denominación GrpComp;Rubro;SubRubro;Unidad de peso;TIPO DOC;NRO. VA01/VA21;ESTADO ITEM;NRO. OC;FECHA RECEPCION;FECHA PICKING;FECHA CONTABILIZACION VL;FECHA ENTREGA ESPERADA;FECHA DE EMISION NECESIDAD;GRUPO DE COMPRA OC;NRO. SOLPED
00314 CASA Olavarría;1001687;ZSTO;ANTEOJO INCOLORO ECOLINEHC;LIBUS;ECOLINEHC (MÚLT. 10U);MR01;314;V1;78;135;C28;SEGURIDAD/ROPA/EPP;SEGURIDAD;ACCESORIO SEGURIDAD;KG;ZPAS;1000086849;SIN TRATAMIENTO;;;;;5/5/2026;20/4/2026;;
00223 Comp Amb Santa Fe;1001747;ZSTO;BOTA GOMA P.ACERO N 43;;;MR01;223;V1;2;3;C28;SEGURIDAD/ROPA/EPP;SEGURIDAD;CALZADO;KG;ZPAS;1000086492;SIN TRATAMIENTO;;;;;4/5/2026;13/4/2026;;
00314 CASA Olavarría;1001726;ZSTO;SUSPENSION CREMALLERA;LIBUS;MILENIUM;MR01;314;V1;4;8;C28;SEGURIDAD/ROPA/EPP;SEGURIDAD;ACCESORIO SEGURIDAD;KG;ZPAS;1000086849;SIN TRATAMIENTO;;;;;5/5/2026;20/4/2026;;
00314 CASA Olavarría;1001885;ZSTO;BOLSAS RESIDUOS XUN 102X130 VERDE;;;MR01;314;V1;13;23;C17;INSUMOS A;LIMPIEZA;LIMPIEZA /SEGURIDAD;KG;ZPAS;1000086849;SIN TRATAMIENTO;;;;;5/5/2026;20/4/2026;;
00223 Comp Amb Santa Fe;1001895;ZSTO;ALCOHOL LIQUIDO X LITRO;;;MR01;223;V1;4;9;C17;INSUMOS A;LIMPIEZA;ALCOHOL LIQUIDO;KG;ZPAS;1000086492;DESPACHADO;;;15/4/2026;20/4/2026;4/5/2026;13/4/2026;;
00223 Comp Amb Santa Fe;1002004;ZSTO;CAMISA JEAN T.46 C LOGO;;;MR01;223;V1;2;3;C28;SEGURIDAD/ROPA/EPP;ROPA;INDUMENTARIA;KG;ZPAS;1000086492;DESPACHADO;;;15/4/2026;20/4/2026;4/5/2026;13/4/2026;;
00314 CASA Olavarría;1001888;ZSTO;BOLSAS RESIDUOS XUN 102X130 NEGRA;;;MR01;314;V1;34;60;C17;INSUMOS A;LIMPIEZA;LIMPIEZA /SEGURIDAD;KG;ZPAS;1000086849;SIN TRATAMIENTO;;;;;5/5/2026;20/4/2026;;
00314 CASA Olavarría;1001892;ZSTO;BOLSAS RESIDUOS XUN 102X130ROJA100MICXUN;;;MR01;314;V1;34;60;C17;INSUMOS A;LIMPIEZA;LIMPIEZA /SEGURIDAD;KG;ZPAS;1000086849;SIN TRATAMIENTO;;;;;5/5/2026;20/4/2026;;
00223 Comp Amb Santa Fe;1002085;ZSTO;TRAJE DE LLUVIA T.XXXL;;;MR01;223;V1;2;5;C28;SEGURIDAD/ROPA/EPP;ROPA;INDUMENTARIA;KG;ZPAS;1000086492;DESPACHADO PARCIAL;;;15/4/2026;20/4/2026;4/5/2026;13/4/2026;;
00223 Comp Amb Santa Fe;1002087;ZSTO;TRAJE DE LLUVIA T.XL;;;MR01;223;V1;2;5;C28;SEGURIDAD/ROPA/EPP;ROPA;INDUMENTARIA;KG;ZPAS;1000086492;DESPACHADO;;;15/4/2026;20/4/2026;4/5/2026;13/4/2026;;
00314 CASA Olavarría;1001943;ZSTO;ADHESIVO CIANO 20 G XUN;CIANO;;MR01;314;V1;5;9;C27;FERRETERIA MR01;FERRETERIA;ADHESIVOS;KG;ZPAS;1000086849;SIN TRATAMIENTO;;;;;5/5/2026;20/4/2026;;
00223 Comp Amb Santa Fe;1002613;ZSTO;FILTRO AIRE;JOHN DEERE;AL150288;MR01;223;V1;2;5;F04;FILTRO AIRE;FILTROS;JD 6615;KG;ZPAS;1000084743;CUMPLIDO PARCIAL;;;18/3/2026;15/4/2026;7/4/2026;13/3/2026;;
00314 CASA Olavarría;1001993;ZSTO;ELECTRODO AWS7018 X 3,25 MM X KG;CONARCO;AWS7018;MR01;314;V1;26;45;C27;FERRETERIA MR01;SOLDADURA;ELECTRODOS;KG;ZPAS;1000086849;SIN TRATAMIENTO;;;;;5/5/2026;20/4/2026;;
00314 CASA Olavarría;1002722;ZSTO;FILTRO COMBUSTIBLE;CATERPILLA //;1R0749 // P551311;MM01;26;V1;4;8;F06;FILTRO COMBUSTIBLE;FILTROS;CAT;KG;ZPAS;1000086850;SIN TRATAMIENTO;;;;;5/5/2026;20/4/2026;;
00314 CASA Olavarría;1002773;ZSTO;FILTRO AIRE WA600;KOMATSU HO // // // // // DONALDSON;6001856100 // AF25627 + AF25468 // KA160164 // X770806 // P608885 + P777869 // P777869+P777868 KIT;MM01;26;V1;5;9;F04;FILTRO AIRE;FILTROS;155AX6,PC350LC8,375;KG;ZPAS;1000086850;SIN TRATAMIENTO;;;;;5/5/2026;20/4/2026;;
00314 CASA Olavarría;1003129;ZSTO;FILTRO DE COMBUSTIBLE Y TRAMPA DE AGUA;HITACHI;4616544;MM01;26;V1;3;6;F06;FILTRO COMBUSTIBLE;FILTROS;HITACHI ZAXIS 870 LC-5G;KG;ZPAS;1000086850;SIN TRATAMIENTO;;;;;5/5/2026;20/4/2026;;
00314 CASA Olavarría;1003954;ZSTO;BATERIA 12V 180AMP;;25 PLACAS POR ELEMENTO;MM01;26;V1;5;9;C29;FILTROS/RESPUESTOS;REPUESTOS;MAQUINARIA PESADA;KG;ZPAS;1000086850;SIN TRATAMIENTO;;;;;5/5/2026;20/4/2026;;
00314 CASA Olavarría;1001700;ZSTO;CASCO CARCAZA AMARILLO;LIBUS;MILENIUM;MR01;314;V1;6;12;C28;SEGURIDAD/ROPA/EPP;SEGURIDAD;ACCESORIO SEGURIDAD;KG;ZPAS;1000086527;SIN TRATAMIENTO;;;;;29/4/2026;14/4/2026;;
00314 CASA Olavarría;1004596;ZSTO;PORTA UÑA BALDE - EA65BL50;VOLVO CONS;VOE14526776;MM01;26;V1;4;8;C29;FILTROS/RESPUESTOS;DESGASTE;VOLVO EC 480D;KG;ZPAS;1000086850;SIN TRATAMIENTO;;;;;5/5/2026;20/4/2026;;
00314 CASA Olavarría;1016074;ZSTO;UÑA BALDE HEAVY DUTY  - 66ARXE;VOLVO CONS;VOE14732402;MM01;26;V1;17;30;G04;UÑAS;DESGASTE;VOLVO EC 480D;KG;ZPAS;1000086850;SIN TRATAMIENTO;;;;;5/5/2026;20/4/2026;;
00314 CASA Olavarría;1001915;ZSTO;REJILLA DE COCINA;;;MR01;314;V1;17;30;C17;INSUMOS A;LIMPIEZA;INSUMOS;KG;ZPAN;1000086532;ADJUDICADO;4500125217;;;;29/4/2026;14/4/2026;C01;10147602
00314 CASA Olavarría;1015779;ZSSD;CIF EN CREMA X 900 CC;;;MR01;314;V1;4;8;C17;INSUMOS A;LIMPIEZA;LIMPIEZA /SEGURIDAD;KG;ZPAN;1000086532;ADJUDICADO;4500125217;;;;29/4/2026;14/4/2026;C01;10147602
00314 CASA Olavarría;1015788;ZSSD;DESODORANTE LÍQUIDO PARA PISO X 5 LTS;;;MR01;314;V1;13;23;C17;INSUMOS A;LIMPIEZA;LIMPIEZA /SEGURIDAD;KG;ZPAN;1000086532;ADJUDICADO;4500125217;;;;29/4/2026;14/4/2026;C01;10147602
00314 CASA Olavarría;1016030;ZSCD;ALCOHOL LIQUIDO X LITRO;;;MR01;314;V1;8;15;C17;INSUMOS A;LIMPIEZA;LIMPIEZA /SEGURIDAD;KG;ZPAN;1000086532;ADJUDICADO;4500125217;;;;29/4/2026;14/4/2026;C01;10147602
00314 CASA Olavarría;1016948;ZSSD;AEROSOL DESINFECTANTE ANTIBACT 360ML;;;MR01;314;V1;6;11;C17;INSUMOS A;LIMPIEZA;LIMPIEZA /SEGURIDAD;KG;ZPAN;1000086532;ADJUDICADO;4500125217;;;;29/4/2026;14/4/2026;C01;10147602
00314 CASA Olavarría;1026411;ZSCD;DEKASOL KAISER XLT;;;MR01;314;V1;26;45;C17;INSUMOS A;LIMPIEZA;LIMPIEZA /SEGURIDAD;KG;ZPAN;1000086530;PICKEADO;4500125274;20/4/2026;20/4/2026;;29/4/2026;14/4/2026;C17;10147600
00314 CASA Olavarría;1036100;ZSTO;CONO FLEX. C/REFLECT. Y BASE CAUCHO 70CM;;NARANJA DE PVC FLEXIBLE CON MEMORIA-70CM;MR01;314;V1;21;38;C28;SEGURIDAD/ROPA/EPP;SEGURIDAD;SEÑALIZACION;KG;ZPAS;1000086527;SIN TRATAMIENTO;;;;;29/4/2026;14/4/2026;;
00314 CASA Olavarría;1001826;ZSTO;CUBIERTA 265 70 R16;BRIDGESTON // PIRELLI NE // PIRELLI NE // GOOD YEAR // MICHELIN A // PIRELLI NE // GOOD YEAR;HT840 // S-HT // SCORPION STR // WRANGLER SUV // XLT A/S // HT // WRL ALL TERRAIN;MM01;26;V1;3;6;C47;CUBIERTAS AUTOMOTR;CUBIERTAS;HILUX;KG;ZPAS;1000086511;CUMPLIDO PARCIAL;;;15/4/2026;20/4/2026;27/4/2026;13/4/2026;;
00314 CASA Olavarría;1002297;ZSTO;PLACA INTERNO DE PROTECTOR DE BALDE;VOLVO CONS;VOE14537760;MM01;26;V1;4;8;G02;LATERALES;DESGASTE;VOLVO;KG;ZPAN;1000085307;ADJUDICADO;4500123656;;;;1/5/2026;23/3/2026;C01;10146044
00314 CASA Olavarría;1003096;ZSTO;FILTRO DE AIRE TANQUE DE COMBUSTIBLE;VOLVO CONS // DONALDSON;21743197 // P954869;MM01;26;V1;6;12;F06;FILTRO COMBUSTIBLE;FILTROS;VOLVO 330 // VOLVO FM460;KG;ZPAS;1000086825;PICKEADO;;;20/4/2026;;4/5/2026;18/4/2026;;
00314 CASA Olavarría;1003177;ZSTO;FILTRO TRAMPA DE AGUA;CATERPILLA;4238524;MM01;26;V1;5;9;F13;FILTRO TRAMPA DE A;FILTROS;CAT 950;KG;ZPAS;1000086827;SIN TRATAMIENTO;;;;;4/5/2026;18/4/2026;;
00314 CASA Olavarría;1013518;ZSCD;9Z-0006KIT MUESTRA LUBR CAT C/ACOPLE RAP;;;MM01;26;V1;17;30;C03;EQUIPOS;REPUESTOS;KIT MUESTRA;KG;ZPAN;1000084219;ADJUDICADO;4500122492;;;;20/5/2026;5/3/2026;C03;10144682
00314 CASA Olavarría;1016261;ZSTO;Filtro Colector de Polvos;HIFI FILTE //;2653243705 // ASR 971402AG024;MM01;26;V1;8;15;F04;FILTRO AIRE;FILTROS;PERFORADORA ATLAS T45-12;KG;ZPAN;1000083217;ADJUDICADO;4500121226;;;;30/4/2026;19/2/2026;C03;10143215
00341 Mov. Suelos San Luis;1001686;ZSTO;ANTEOJO GRIS ECOLINEHC;LIBUS;ECOLINEHC (MÚLT. 10U);MR01;341;V1;96;120;C28;SEGURIDAD/ROPA/EPP;SEGURIDAD;ACCESORIO SEGURIDAD;KG;ZPAS;1000086414;SIN TRATAMIENTO;;;;;30/4/2026;10/4/2026;;
00341 Mov. Suelos San Luis;1001687;ZSTO;ANTEOJO INCOLORO ECOLINEHC;LIBUS;ECOLINEHC (MÚLT. 10U);MR01;341;V1;96;120;C28;SEGURIDAD/ROPA/EPP;SEGURIDAD;ACCESORIO SEGURIDAD;KG;ZPAS;1000086675;SIN TRATAMIENTO;;;;;6/5/2026;15/4/2026;;
00341 Mov. Suelos San Luis;1001697;ZSTO;GUANTE VAQUETA MEDIO PASEO T.10;;MÚLT. 12U;MR01;341;V1;120;150;C28;SEGURIDAD/ROPA/EPP;SEGURIDAD;GUANTE;KG;ZPAS;1000086675;DESPACHADO;;;17/4/2026;20/4/2026;6/5/2026;15/4/2026;;
00341 Mov. Suelos San Luis;1001708;ZSTO;GUANTE POLIAMIDA LAMINADO PALMAPU-TALLE9;;MÚLT. 12U;MR01;341;V1;288;360;C28;SEGURIDAD/ROPA/EPP;SEGURIDAD;GUANTE;KG;ZPAS;1000086675;DESPACHADO;;;17/4/2026;20/4/2026;6/5/2026;15/4/2026;;
00341 Mov. Suelos San Luis;1001726;ZSTO;SUSPENSION CREMALLERA;LIBUS;MILENIUM;MR01;341;V1;12;15;C28;SEGURIDAD/ROPA/EPP;SEGURIDAD;ACCESORIO SEGURIDAD;KG;ZPAS;1000086675;SIN TRATAMIENTO;;;;;6/5/2026;15/4/2026;;
00341 Mov. Suelos San Luis;1001741;ZSTO;BARBIJO 2 TELAS TIPO BOLSILLO;;;MR01;341;V1;30;45;C28;SEGURIDAD/ROPA/EPP;SEGURIDAD;SEGURIDAD;KG;ZPAS;1000086675;DESPACHADO;;;17/4/2026;20/4/2026;6/5/2026;15/4/2026;;
00341 Mov. Suelos San Luis;1001872;ZSTO;RESMA DE HOJA A3 75GR. X UN;;;MR01;341;V1;2;5;C17;INSUMOS A;LIBRERIA;PAPEL;KG;ZPAS;1000086675;DESPACHADO;;;17/4/2026;20/4/2026;6/5/2026;15/4/2026;;
00341 Mov. Suelos San Luis;1001888;ZSTO;BOLSAS RESIDUOS XUN 102X130 NEGRA;;;MR01;341;V1;96;120;C17;INSUMOS A;LIMPIEZA;LIMPIEZA /SEGURIDAD;KG;ZPAS;1000086675;DESPACHADO;;;17/4/2026;20/4/2026;6/5/2026;15/4/2026;;
00341 Mov. Suelos San Luis;1001892;ZSTO;BOLSAS RESIDUOS XUN 102X130ROJA100MICXUN;;;MR01;341;V1;96;120;C17;INSUMOS A;LIMPIEZA;LIMPIEZA /SEGURIDAD;KG;ZPAS;1000086675;SIN TRATAMIENTO;;;;;6/5/2026;15/4/2026;;
00341 Mov. Suelos San Luis;1001927;ZSTO;DISCO CORTE 178X1.6X22 SECUR EXTRA  x UN;TYROLIT;178X16X222;MR01;341;V1;24;30;C27;FERRETERIA MR01;FERRETERIA;ABRASIVOS/DISCOS;KG;ZPAS;1000086675;SIN TRATAMIENTO;;;;;6/5/2026;15/4/2026;;
00341 Mov. Suelos San Luis;1001933;ZSTO;DISCO 114x1,6x222 REFORZADO x UN;TYROLIT;114X16X222;MR01;341;V1;24;30;C27;FERRETERIA MR01;FERRETERIA;ABRASIVOS/DISCOS;KG;ZPAS;1000086675;SIN TRATAMIENTO;;;;;6/5/2026;15/4/2026;;
00341 Mov. Suelos San Luis;1001943;ZSTO;ADHESIVO CIANO 20 G XUN;CIANO;;MR01;341;V1;9;12;C27;FERRETERIA MR01;FERRETERIA;ADHESIVOS;KG;ZPAS;1000086675;DESPACHADO;;;17/4/2026;20/4/2026;6/5/2026;15/4/2026;;
00341 Mov. Suelos San Luis;1001952;ZSTO;TRAPO LIMPIO (BOLSAX10KG) XUN;;MÚLT. 10 KG;MR01;341;V1;9;12;C27;FERRETERIA MR01;FERRETERIA;ACCESORIOS;KG;ZPAS;1000086414;DESPACHADO;;;13/4/2026;17/4/2026;30/4/2026;10/4/2026;;
00341 Mov. Suelos San Luis;1001961;ZSTO;CINTA AISLADORA NEGRA X10MT;;;MR01;341;V1;18;23;C27;FERRETERIA MR01;FERRETERIA;INSUMOS;KG;ZPAS;1000086675;SIN TRATAMIENTO;;;;;6/5/2026;15/4/2026;;
00341 Mov. Suelos San Luis;1001969;ZSTO;ESMALTE SINT. AEROSOL BLANCO X440CC;;KUWAIT-SINTEPLAST;MR01;341;V1;6;8;C22;INSUMOS C;PINTURAS;PINTURA AEROSOL;KG;ZPAS;1000086675;SIN TRATAMIENTO;;;;;6/5/2026;15/4/2026;;
00341 Mov. Suelos San Luis;1001971;ZSTO;ESMALTE SINT. AEROSOL ROJO X 440CC;;KUWAIT-SINTEPLAST;MR01;341;V1;18;23;C22;INSUMOS C;PINTURAS;PINTURA AEROSOL;KG;ZPAS;1000086675;DESPACHADO;;;17/4/2026;20/4/2026;6/5/2026;15/4/2026;;
00341 Mov. Suelos San Luis;1002017;ZSTO;PANTALON JEAN T.50;;;MR01;341;V1;3;5;C28;SEGURIDAD/ROPA/EPP;ROPA;INDUMENTARIA;KG;ZPAS;1000086116;DESPACHADO;;;15/4/2026;17/4/2026;27/4/2026;7/4/2026;;
00341 Mov. Suelos San Luis;1016946;ZSSD;TALO LIBRETA DE MAQUINISTA 50H X DUPLICA;;;MR01;341;V1;48;60;C17;INSUMOS A;LIBRERIA;TALONARIOS;KG;ZPAN;1000086672;ADJUDICADO;4500125449;;;;6/5/2026;15/4/2026;C17;10147769
00341 Mov. Suelos San Luis;1016975;ZSSD;MARCADOR P PIZARRA ROJO;;MÚLT. 10U;MR01;341;V1;3;5;C17;INSUMOS A;LIBRERIA;ESCRITURA;KG;ZPAN;1000086672;SIN TRATAMIENTO;;;;;6/5/2026;15/4/2026;;10147769
00341 Mov. Suelos San Luis;1016976;ZSSD;MARCADOR P PIZARRA NEGRO;;MÚLT. 10U;MR01;341;V1;3;5;C17;INSUMOS A;LIBRERIA;ESCRITURA;KG;ZPAN;1000086672;SIN TRATAMIENTO;;;;;6/5/2026;15/4/2026;;10147769
00341 Mov. Suelos San Luis;1017010;ZSSD;BOLIGRAFO TRAZO FINO AZUL;;MÚLT. 24U;MR01;341;V1;120;150;C17;INSUMOS A;LIBRERIA;ESCRITURA;KG;ZPAN;1000086672;SIN TRATAMIENTO;;;;;6/5/2026;15/4/2026;;10147769
00341 Mov. Suelos San Luis;1017233;ZSSD;PAPEL HIGIENICO X72UN XUN;;;MR01;341;V1;4;6;C17;INSUMOS A;LIMPIEZA;LIMPIEZA /SEGURIDAD;KG;ZPAN;1000086672;ADJUDICADO;4500125450;;;;6/5/2026;15/4/2026;C17;10147769
00341 Mov. Suelos San Luis;1017235;ZSSD;JABON LIQUIDO PARA MANOS XUN;;;MR01;341;V1;12;15;C17;INSUMOS A;LIMPIEZA;LIMPIEZA /SEGURIDAD;KG;ZPAN;1000086672;ADJUDICADO;4500125450;;;;6/5/2026;15/4/2026;C17;10147769
00341 Mov. Suelos San Luis;1026411;ZSCD;DEKASOL KAISER XLT;;;MR01;341;V1;12;15;C17;INSUMOS A;LIMPIEZA;LIMPIEZA /SEGURIDAD;KG;ZPAN;1000086672;PICKEADO;4500125346;20/4/2026;20/4/2026;;6/5/2026;15/4/2026;C17;10147769
00341 Mov. Suelos San Luis;1001827;ZSTO;CUBIERTA 12.00 R20 FG85 (lineal);PIRELLI NE // MICHELIN A // GOOD YEAR;FG85 // XZY3 // G686MSS;MM01;35;V1;3;5;C48;CUBIERTAS CAMIONES;CUBIERTAS;IVECO TRAKKER;KG;ZPAS;1000086415;SIN TRATAMIENTO;;;;;30/4/2026;10/4/2026;;
00341 Mov. Suelos San Luis;1002938;ZSTO;FILTRO HIDRAULICO RETORNO;VOLVO CONS //;VOE14569658 // 14690316;MM01;35;V1;2;2;F07;FILTRO FLUIDO HIDR;FILTROS;VOLVO EC 480D;KG;ZPAS;1000086242;DESPACHADO;;;15/4/2026;16/4/2026;28/4/2026;8/4/2026;;
00341 Mov. Suelos San Luis;1003096;ZSTO;FILTRO DE AIRE TANQUE DE COMBUSTIBLE;VOLVO CONS // DONALDSON;21743197 // P954869;MM01;35;V1;24;30;F06;FILTRO COMBUSTIBLE;FILTROS;VOLVO 330 // VOLVO FM460;KG;ZPAS;1000086242;DESPACHADO PARCIAL;;;15/4/2026;16/4/2026;28/4/2026;8/4/2026;;
00341 Mov. Suelos San Luis;1003097;ZSTO;FILTRO DE AIRE PRIMARIO;VOLVO CONS;21337557;MM01;35;V1;4;6;F04;FILTRO AIRE;FILTROS;VOLVO FM460;KG;ZPAS;1000086415;DESPACHADO PARCIAL;;;15/4/2026;16/4/2026;30/4/2026;10/4/2026;;
00341 Mov. Suelos San Luis;1003102;ZSTO;FILTRO DE COMBUSTIBLE;VOLKSWAGEN // HENGST // VOLKSWAGEN;2V5201512 // E422KP D98 // FF 5629;MM01;35;V1;2;3;F06;FILTRO COMBUSTIBLE;FILTROS;FILTROS;KG;ZPAS;1000086242;DESPACHADO;;;15/4/2026;16/4/2026;28/4/2026;8/4/2026;;
00341 Mov. Suelos San Luis;1003173;ZSTO;FILTRO DE AIRE PRIMARIO;CATERPILLA;3370790;MM01;35;V1;2;3;F04;FILTRO AIRE;FILTROS;CAT 950;KG;ZPAS;1000086242;DESPACHADO;;;15/4/2026;16/4/2026;28/4/2026;8/4/2026;;
00341 Mov. Suelos San Luis;1004042;ZSTO;LAMPARA 24V-H7 70W X UN;;PX26D-PHILIPS-OSRAM;MM01;35;V1;12;15;C29;FILTROS/RESPUESTOS;REPUESTOS;ELECTRICIDAD AUTOMOTOR;KG;ZPAS;1000086242;DESPACHADO;;;15/4/2026;16/4/2026;28/4/2026;8/4/2026;;
00341 Mov. Suelos San Luis;1016075;ZSTO;TRABA UÑA BALDE - 66P;VOLVO CONS;VOE17473106;MM01;35;V1;7;9;G05;AJUSTE;DESGASTE;VOLVO EC 480D;KG;ZPAS;1000086415;DESPACHADO;;;15/4/2026;16/4/2026;30/4/2026;10/4/2026;;
00365 RIO TINTO;1001699;ZSTO;CASCO CARCAZA BLANCO (LIBUS);LIBUS;MILENIUM;U365;365;V1;11;19;C28;SEGURIDAD/ROPA/EPP;SEGURIDAD;ACCESORIO SEGURIDAD;KG;ZPAN;1000086862;SIN TRATAMIENTO;;;;;20/5/2026;20/4/2026;;10148060
00365 RIO TINTO;1001701;ZSTO;GUANTE NITRILO AZUL PUÑO ELASTIZADO;;;U365;365;V1;45;78;C28;SEGURIDAD/ROPA/EPP;SEGURIDAD;GUANTE;KG;ZPAN;1000086474;ADJUDICADO;4500125316;;;;13/5/2026;13/4/2026;C28;10147491
00365 RIO TINTO;1001717;ZSTO;PROTECTOR FACIAL BURBUJA INCOLORO;LIBUS;901386;U365;365;V1;14;24;C28;SEGURIDAD/ROPA/EPP;SEGURIDAD;ACCESORIO SEGURIDAD;KG;ZPAN;1000086268;ADJUDICADO;4500125316;;;;11/5/2026;9/4/2026;C28;10147237
00365 RIO TINTO;1001760;ZSTO;BOTINMARRON/NEGRO FLOR P.ACERO N 44;CONWORK // BORIS // VORAN // CALZADOS A // //;53BAF // 3305 T44 // CRONOS N T44 // ESCORPIO PRUS 1050 T44 // RINGO MOD BOLT TALLE 44 // RINGO-MOD PUNCH TALLE 44;U365;365;V1;6;9;C28;SEGURIDAD/ROPA/EPP;SEGURIDAD;CALZADO;KG;ZPAN;1000086777;SIN TRATAMIENTO;;;;;18/5/2026;17/4/2026;;10147917
00365 RIO TINTO;1001876;ZSTO;CINTA EMBALAR TRANSPARENTE 48MM X 100 MT;SCOTCH;;U365;365;V1;15;25;C17;INSUMOS A;LIBRERIA;CINTAS ADHESIVAS;KG;ZPAN;1000086862;SIN TRATAMIENTO;;;;;20/5/2026;20/4/2026;;10148060
00365 RIO TINTO;1001878;ZSTO;CINTA DE ENMASCARAR 48MM X ROLLO;SCOTCH;;U365;365;V1;3;5;C17;INSUMOS A;LIBRERIA;CINTAS ADHESIVAS;KG;ZPAN;1000086862;SIN TRATAMIENTO;;;;;20/5/2026;20/4/2026;;10148060
00365 RIO TINTO;1001943;ZSTO;ADHESIVO CIANO 20 G XUN;CIANO;;U365;365;V1;3;5;C27;FERRETERIA MR01;FERRETERIA;ADHESIVOS;KG;ZPAN;1000086474;SIN TRATAMIENTO;;;;;13/5/2026;13/4/2026;;10147491
00365 RIO TINTO;1001949;ZSTO;CANDADO 30MM XUN;;;U365;365;V1;2;3;C27;FERRETERIA MR01;FERRETERIA;ACCESORIOS;KG;ZPAN;1000086622;SIN TRATAMIENTO;;;;;14/5/2026;15/4/2026;;10147713
00365 RIO TINTO;1001951;ZSTO;CANDADO 50MM XUN;;;U365;365;V1;2;3;C27;FERRETERIA MR01;FERRETERIA;ACCESORIOS;KG;ZPAN;1000086622;SIN TRATAMIENTO;;;;;14/5/2026;15/4/2026;;10147713
00365 RIO TINTO;1001971;ZSTO;ESMALTE SINT. AEROSOL ROJO X 440CC;;KUWAIT-SINTEPLAST;U365;365;V1;107;188;C22;INSUMOS C;PINTURAS;PINTURA AEROSOL;KG;ZPAN;1000086862;SIN TRATAMIENTO;;;;;20/5/2026;20/4/2026;;10148060
00365 RIO TINTO;1002051;ZSTO;CAMPERA 2 PIEL T. L;;;U365;365;V1;11;19;C28;SEGURIDAD/ROPA/EPP;SEGURIDAD;INDUMENTARIA;KG;ZPAN;1000086777;SIN TRATAMIENTO;;;;;18/5/2026;17/4/2026;;10147917
00365 RIO TINTO;1002053;ZSTO;CAMPERA 2 PIEL T. XXL;;;U365;365;V1;14;24;C28;SEGURIDAD/ROPA/EPP;SEGURIDAD;INDUMENTARIA;KG;ZPAN;1000086187;ADJUDICADO;4500125404;;;;8/5/2026;8/4/2026;C28;10147132
00365 RIO TINTO;1002066;ZSTO;PANTALON PRIMERA PIEL T.L;;;U365;365;V1;32;55;C28;SEGURIDAD/ROPA/EPP;SEGURIDAD;INDUMENTARIA;KG;ZPAN;1000086777;SIN TRATAMIENTO;;;;;18/5/2026;17/4/2026;;10147917
00365 RIO TINTO;1002071;ZSTO;CAMPERA DESCARNE T.XXXL;;;U365;365;V1;4;6;C28;SEGURIDAD/ROPA/EPP;SEGURIDAD;INDUMENTARIA;KG;ZPAN;1000086862;SIN TRATAMIENTO;;;;;20/5/2026;20/4/2026;;10148060
00365 RIO TINTO;1002211;ZSTO;CORREA VENTILADOR;;10PK1448-20712530 // 10PK1448-24635977;U365;365;V1;14;24;C29;FILTROS/RESPUESTOS;CORREAS;PLATAFORMA DE MANTENIMIENTO VE;KG;ZPAN;1000086862;SIN TRATAMIENTO;;;;;20/5/2026;20/4/2026;;10148060
00365 RIO TINTO;1002276;ZSTO;PROTECTOR LATERAL BALDE;VOLVO CONS // VOLVO CONS;VOE14537759 // 22E158;U365;365;V1;3;4;C29;FILTROS/RESPUESTOS;DESGASTE;VOLVO EC 480D;KG;ZPAS;1000086470;SIN TRATAMIENTO;;;;;27/4/2026;13/4/2026;;
00365 RIO TINTO;1002309;ZSTO;PROTECTOR ESCARIFICADOR X UN;CATERPILLA;6Y5230;U365;365;V1;24;42;C29;FILTROS/RESPUESTOS;DESGASTE;JD670 CAT 140K;KG;ZPAS;1000086776;SIN TRATAMIENTO;;;;;1/5/2026;17/4/2026;;
00365 RIO TINTO;1002700;ZSTO;FILTRO DE ACEITE MOTOR;FLEETGUARD;LF670;U365;365;V1;3;5;C29;FILTROS/RESPUESTOS;FILTROS;OBSOLETO;KG;ZPAN;1000086862;SIN TRATAMIENTO;;;;;20/5/2026;20/4/2026;;10148060
00365 RIO TINTO;1002703;ZSTO;FILTRO DE ACEITE MOTOR;FLEETGUARD;LF777;U365;365;V1;2;2;C29;FILTROS/RESPUESTOS;FILTROS;FILTROS;KG;ZPAN;1000086862;SIN TRATAMIENTO;;;;;20/5/2026;20/4/2026;;10148060
00365 RIO TINTO;1002704;ZSTO;FILTRO AIRE XUN;CATERPILLA;6I2501;U365;365;V1;3;5;C29;FILTROS/RESPUESTOS;FILTROS;FILTROS;KG;ZPAN;1000086622;SIN TRATAMIENTO;;;;;14/5/2026;15/4/2026;;10147713
00365 RIO TINTO;1002710;ZSTO;FILTRO DE AIRE;KOMATSU HO // // DARMET;6001855110 // P532503 // VP-3722;U365;365;V1;5;8;C29;FILTROS/RESPUESTOS;FILTROS;KOMATSU D65EX12;KG;ZPAN;1000086684;SIN TRATAMIENTO;;;;;18/5/2026;16/4/2026;;10147783
00365 RIO TINTO;1002734;ZSTO;FILTRO AIRE SECUNDARIO;CATERPILLA // DONALDSON;2456376 // P782108;U365;365;V1;6;9;C29;FILTROS/RESPUESTOS;FILTROS;CAT 140K;KG;ZPAN;1000086777;SIN TRATAMIENTO;;;;;18/5/2026;17/4/2026;;10147917
00365 RIO TINTO;1002745;ZSTO;FILTRO AIRE CABINA;CATERPILLA // CATERPILLA // CATERPILLA;2931183 // 3050329 // 4I1278;U365;365;V1;3;5;C29;FILTROS/RESPUESTOS;FILTROS;CAT 336 DLME;KG;ZPAN;1000086622;SIN TRATAMIENTO;;;;;14/5/2026;15/4/2026;;10147713
00365 RIO TINTO;1002771;ZSTO;FILTRO DE AIRE PRIMARIO;CATERPILLA;1R1807;U365;365;V1;5;8;C29;FILTROS/RESPUESTOS;FILTROS;CAT;KG;ZPAN;1000086777;SIN TRATAMIENTO;;;;;18/5/2026;17/4/2026;;10147917
00365 RIO TINTO;1002922;ZSTO;FILTRO ACEITE TRANSMISIÓN DIFERENCIAL;JOHN DEERE;AT335492;U365;365;V1;5;8;C29;FILTROS/RESPUESTOS;FILTROS;JD 644K, 544K;KG;ZPAN;1000086862;SIN TRATAMIENTO;;;;;20/5/2026;20/4/2026;;10148060
00365 RIO TINTO;1002932;ZSTO;FILTRO ACEITE;VOLVO CONS // VOLVO CONS;P21707132 // VOE477556;U365;365;V1;16;27;C29;FILTROS/RESPUESTOS;FILTROS;VOLVO L260H;KG;ZPAN;1000086353;DESPACHADO;4500124822;17/4/2026;17/4/2026;20/4/2026;11/5/2026;10/4/2026;C29;10147343
00365 RIO TINTO;1003026;ZSTO;FILTRO SEPARADOR DE AGUA;FLEETGUARD // FLEETGUARD // DONALDSON;FS19652 // FS1280 // P551329;U365;365;V1;11;19;C29;FILTROS/RESPUESTOS;FILTROS;ONAN C66D5;KG;ZPAN;1000086862;SIN TRATAMIENTO;;;;;20/5/2026;20/4/2026;;10148060
00365 RIO TINTO;1003093;ZSTO;FILTRO DE COMBUSTIBLE;VOLVO CONS // VOLVO CONS;P22480372 // VOE15126069;U365;365;V1;15;25;C29;FILTROS/RESPUESTOS;FILTROS;VOLVO FM460;KG;ZPAN;1000086474;SIN TRATAMIENTO;;;;;13/5/2026;13/4/2026;;10147491
00365 RIO TINTO;1003095;ZSTO;FILTRO TRAMPA DE AGUA COMBUSTIBLE;PARKER RAC //;21925732 // 23662435;U365;365;V1;15;25;C29;FILTROS/RESPUESTOS;FILTROS;VOLVO FM460;KG;ZPAN;1000086353;DESPACHADO;4500124822;17/4/2026;17/4/2026;20/4/2026;11/5/2026;10/4/2026;C29;10147343
00365 RIO TINTO;1003097;ZSTO;FILTRO DE AIRE PRIMARIO;VOLVO CONS;21337557;U365;365;V1;16;28;C29;FILTROS/RESPUESTOS;FILTROS;VOLVO FM460;KG;ZPAN;1000086353;DESPACHADO;4500124822;17/4/2026;17/4/2026;20/4/2026;11/5/2026;10/4/2026;C29;10147343
00365 RIO TINTO;1003373;ZSTO;FILTROAIREACONDCABINAEXTERIORINTERIOR;VOLVO CONS;21758906;U365;365;V1;9;16;C29;FILTROS/RESPUESTOS;FILTROS;VOLVO FM460;KG;ZPAN;1000086353;DESPACHADO;4500124822;17/4/2026;17/4/2026;20/4/2026;11/5/2026;10/4/2026;C29;10147343
00365 RIO TINTO;1015782;ZSSD;CINTA REFLECTIVA BLANCA X MTS;;;U365;365;V1;356;627;C27;FERRETERIA MR01;SEGURIDAD;SEÑALIZACION;KG;ZPAN;1000086268;ADJUDICADO;4500125289;;;;11/5/2026;9/4/2026;C27;10147237
00365 RIO TINTO;1015783;ZSSD;CINTA REFLECTIVA ROJA X MTS;;;U365;365;V1;356;627;C27;FERRETERIA MR01;SEGURIDAD;SEÑALIZACION;KG;ZPAN;1000086268;ADJUDICADO;4500125289;;;;11/5/2026;9/4/2026;C27;10147237
00365 RIO TINTO;1015800;ZSSD;GUANTE VAQUETA MEDIO PASEO FORRADO X PAR;;MÚLT. 12U;U365;365;V1;196;345;C28;SEGURIDAD/ROPA/EPP;SEGURIDAD;GUANTE;KG;ZPAN;1000086474;ADJUDICADO;4500125404;;;;13/5/2026;13/4/2026;C28;10147491
00365 RIO TINTO;1016694;ZSSD;HC119FILTRO DE COMBUSTIBLE;DONALDSON;P550105;U365;365;V1;3;5;AGV;COMPRAS AGV;FILTROS;?;KG;ZPAN;1000086187;ADJUDICADO;4500125368;;;;8/5/2026;8/4/2026;AGV;10147132
00365 RIO TINTO;1016711;ZSTO;Filtro Trampa de Agua;SANY HEAVY //;RPSAN160603020024A // P550778;U365;365;V1;11;19;C29;FILTROS/RESPUESTOS;FILTROS;CAMION FUERA DE RUTA SANY SKT 90S;KG;ZPAN;1000086862;SIN TRATAMIENTO;;;;;20/5/2026;20/4/2026;;10148060
00365 RIO TINTO;1016712;ZSTO;Filtro Combustible c/ Sensor;SANY HEAVY //;RPSAN160604020017 // P 550778;U365;365;V1;9;16;C29;FILTROS/RESPUESTOS;FILTROS;CAMION FUERA DE RUTA SANY SKT 90S;KG;ZPAN;1000086187;DESPACHADO;4500124808;16/4/2026;16/4/2026;20/4/2026;8/5/2026;8/4/2026;C29;10147132
00365 RIO TINTO;1016713;ZSTO;Filtro Aceite Motor;SANY HEAVY // // // MANN;RPSAN60327523 // SO6193 // WP1169 // WP1169;U365;365;V1;9;16;C29;FILTROS/RESPUESTOS;FILTROS;CAMION FUERA DE RUTA SANY SKT 90S;KG;ZPAN;1000086537;SIN TRATAMIENTO;;;;;14/5/2026;14/4/2026;;10147608
00365 RIO TINTO;1016714;ZSTO;Filtro de Transmision;SANY HEAVY;RPSAN130202000093A023;U365;365;V1;3;4;C29;FILTROS/RESPUESTOS;FILTROS;CAMION FUERA DE RUTA SANY SKT 90S;KG;ZPAN;1000086187;DESPACHADO;4500124808;16/4/2026;16/4/2026;20/4/2026;8/5/2026;8/4/2026;C29;10147132
00365 RIO TINTO;1018267;ZSSD;FILTRO DE COMBUSTIBLE;DONALDSON;P763995;U365;365;V1;5;8;AGV;COMPRAS AGV;REPUESTOS;FILTROS;KG;ZPAN;1000086474;ADJUDICADO;4500125413;;;;13/5/2026;13/4/2026;AGV;10147491
00365 RIO TINTO;1018498;ZSSD;FILTRO TRAMPA DE AGUA;FLEETGUARD;FS1280;U365;365;V1;8;13;AGV;COMPRAS AGV;REPUESTOS;FILTROS;KG;ZPAN;1000086474;ADJUDICADO;4500125413;;;;13/5/2026;13/4/2026;AGV;10147491
00365 RIO TINTO;1018589;ZSSD;FILTRO ADMISION SECUNDARIO;FLEETGUARD;AF25963;U365;365;V1;3;5;C29;FILTROS/RESPUESTOS;FILTROS;CUMMINS C150D5;KG;ZPAN;1000086187;ADJUDICADO;4500125073;;;;8/5/2026;8/4/2026;C29;10147132
00365 RIO TINTO;1018892;ZSSD;FILTRO AIRE PRIMARIO;DONALDSON;P812362;U365;365;V1;4;6;AGV;COMPRAS AGV;REPUESTOS;FILTROS;KG;ZPAN;1000086622;SIN TRATAMIENTO;;;;;14/5/2026;15/4/2026;;10147713
00365 RIO TINTO;1025993;ZSSD;FILTRO DE AIRE PRIMARIO;KOBELCO CO;YN11P00029S003;U365;365;V1;5;8;AGV;COMPRAS AGV;REPUESTOS;FILTROS;KG;ZPAN;1000086862;SIN TRATAMIENTO;;;;;20/5/2026;20/4/2026;;10148060
00365 RIO TINTO;1025994;ZSSD;FILTRO DE AIRE SECUNDARIO;KOBELCO CO;YN11P00029S002;U365;365;V1;5;8;AGV;COMPRAS AGV;REPUESTOS;FILTROS;KG;ZPAN;1000086622;SIN TRATAMIENTO;;;;;14/5/2026;15/4/2026;;10147713
00365 RIO TINTO;1033787;ZSSD;UÑA;KOMATSU HO;207-70-14151;U365;365;V1;7;11;C29;FILTROS/RESPUESTOS;;;KG;ZPAN;1000086474;ADJUDICADO;4500125203;;;;13/5/2026;13/4/2026;C29;10147491
00365 RIO TINTO;1036794;ZSCD;GUANTE ANTICORTE GRADO 3 C/CERTIFICADO;;MÚLT. 12U;U365;365;V1;223;392;C28;SEGURIDAD/ROPA/EPP;SEGURIDAD;EPP;KG;ZPAN;1000086474;ADJUDICADO;4500125316;;;;13/5/2026;13/4/2026;C28;10147491
00365 RIO TINTO;1048886;ZSTO;FILTRO AIRE PRIMARIO ADMISION;SANY HEAVY;400-038-9991;U365;365;V1;5;8;C29;FILTROS/RESPUESTOS;;;KG;ZPAN;1000086187;SIN TRATAMIENTO;;;;;8/5/2026;8/4/2026;;10147132
00365 RIO TINTO;1001707;ZSTO;CHALECOGRAFANARANJACONREFLETIVOT.XLC2;;MÚLT. 12U;U365;365;V1;45;78;C28;SEGURIDAD/ROPA/EPP;SEGURIDAD;INDUMENTARIA;KG;ZPAN;1000086035;ADJUDICADO;4500125404;;;;6/5/2026;6/4/2026;C28;10146937
00365 RIO TINTO;1001950;ZSTO;CANDADO 38-40MM XUN;;;U365;365;V1;2;3;C27;FERRETERIA MR01;FERRETERIA;ACCESORIOS;KG;ZPAN;1000086035;ADJUDICADO;4500125289;;;;6/5/2026;6/4/2026;C27;10146937
00365 RIO TINTO;1002015;ZSTO;PANTALON JEAN T.46;;;U365;365;V1;14;24;C28;SEGURIDAD/ROPA/EPP;ROPA;INDUMENTARIA;KG;ZPAN;1000086035;ADJUDICADO;4500124367;;;;6/5/2026;6/4/2026;C28;10146937
00365 RIO TINTO;1018597;ZSSD;CORREA DE COMPRESOR;IGARRETA M;6732-82-3430;U365;365;V1;2;3;C29;FILTROS/RESPUESTOS;REPUESTOS;CORREAS;KG;ZPAN;1000086035;DESPACHADO;4500124782;16/4/2026;16/4/2026;20/4/2026;6/5/2026;6/4/2026;C29;10146937
00365 RIO TINTO;1003027;ZSTO;ELEMENTO FILTRO DE ACEITE;FLEETGUARD // // No aplica // BALDWIN //;LF16061 // DBL7349 // P556615 // B7362 // LF3806;U365;365;V1;11;19;C29;FILTROS/RESPUESTOS;FILTROS;ONAN C66D5;KG;ZPAN;1000085871;ADJUDICADO;4500125440;;;;21/4/2026;1/4/2026;C35;10146745
00365 RIO TINTO;1002480;ZSTO;FILTRO ACEITE;BOMAG GMBH // DONALDSON;5710640 // P553771;U365;365;V1;9;16;C29;FILTROS/RESPUESTOS;FILTROS;BOMAG 213/219;KG;ZPAN;1000085808;ADJUDICADO;4500124017;;;;30/4/2026;31/3/2026;C29;10146663
00365 RIO TINTO;1002566;ZSTO;FILTRO LINEA COMBUSTIBLE;FLEETGUARD // FLEETGUARD // FLEETGUARD // FLEETGUARD // DONALDSON //;FF5079 // 4080720 // FF5006 // FS5288 // P550090 // P550974;U365;365;V1;9;16;C29;FILTROS/RESPUESTOS;FILTROS;FILTROS;KG;ZPAN;1000085808;ADJUDICADO;4500124017;;;;30/4/2026;31/3/2026;C29;10146663
00365 RIO TINTO;1002832;ZSTO;FILTRO COMBUSTIBLE;FLEETGUARD // FLEETGUARD // // DONALDSON // MANN;2RK127177A // FF5052 // DB0519 // P553004 // WK723;U365;365;V1;7;11;C29;FILTROS/RESPUESTOS;FILTROS;VW 26260 - ONAN;KG;ZPAN;1000085808;ADJUDICADO;4500124017;;;;30/4/2026;31/3/2026;C29;10146663
00341 Mov. Suelos San Luis;1016919;ZSSD;LUBRICANTE MULTIUSO WD-40 440CC;;;MR01;341;V1;18;25;C27;FERRETERIA MR01;FERRETERIA;ADHESIVOS/SELLADORES/LUBRICANT;KG;ZPAN;1000085850;RECEPCIONADO PARCIAL;4500124671;17/4/2026;;;22/4/2026;31/3/2026;C27;10146713
00365 RIO TINTO;1002925;ZSTO;FILTRO AIRE PRIMARIO;BOMAG GMBH // // DONALDSON // BALDWIN // DONALDSON;5821147 // C20500 // P779894 // RS3992 // P778994;U365;365;V1;4;6;C29;FILTROS/RESPUESTOS;FILTROS;BW24RH;KG;ZPAS;1000085725;SIN TRATAMIENTO;;;;;13/4/2026;30/3/2026;;
00365 RIO TINTO;1001704;ZSTO;PROTECTORFACIALSOPORTEARNESCREMALLERA;LIBUS;901383;U365;365;V1;14;24;C28;SEGURIDAD/ROPA/EPP;SEGURIDAD;ACCESORIO SEGURIDAD;KG;ZPAN;1000085726;ADJUDICADO;4500124367;;;;30/4/2026;30/3/2026;C28;10146568
00365 RIO TINTO;1001759;ZSTO;BOTIN MARRON/NEGRO FLOR P.ACERO N 43;CONWORK // BORIS // VORAN // CALZADOS A // // //;53BAF // 3305 T43 // CRONOS N T43 // ESCORPIO PRUS 1050 T43 // RINGO MOD BOLT TALLE 43 // RINGO-MOD PUNCH TALLE 43 // SKIWAY MOD. 3243 T43;U365;365;V1;8;13;C28;SEGURIDAD/ROPA/EPP;SEGURIDAD;CALZADO;KG;ZPAN;1000085726;ADJUDICADO;4500124367;;;;30/4/2026;30/3/2026;C28;10146568
00365 RIO TINTO;1002055;ZSTO;MEDIAS TERMICAS T. UNICO PARA -10 GRADOS;;;U365;365;V1;40;71;C28;SEGURIDAD/ROPA/EPP;ROPA;INDUMENTARIA;KG;ZPAN;1000085726;ADJUDICADO;4500124367;;;;30/4/2026;30/3/2026;C28;10146568
00365 RIO TINTO;1002069;ZSTO;PANTALON PRIMERA PIEL T.XXXL;;;U365;365;V1;18;31;C28;SEGURIDAD/ROPA/EPP;SEGURIDAD;INDUMENTARIA;KG;ZPAN;1000085726;ADJUDICADO;4500124367;;;;30/4/2026;30/3/2026;C28;10146568
00365 RIO TINTO;1016195;ZSTO;CUBIERTA DELANTERO 13 R 22.5 I;PIRELLI NE //;FG:01 // S811;U365;365;V1;4;6;C03;EQUIPOS;CUBIERTAS;CAMION;KG;ZPAN;1000085726;ADJUDICADO;4500124176;;;;30/4/2026;30/3/2026;C03;10146568
00365 RIO TINTO;1021954;ZSTO;TONER HP 105A;;105A;U365;365;V1;6;9;C05;INFORMÁT.-HARDWARE;INSUMOS;?;KG;ZPAN;1000085726;SIN TRATAMIENTO;;;;;30/4/2026;30/3/2026;;10146568
00365 RIO TINTO;1042132;ZSCD;CAMISA JEAN T.46;;;U365;365;V1;32;55;C28;SEGURIDAD/ROPA/EPP;INDUMENTARIA;INDUMENTARIA;KG;ZPAN;1000085726;ADJUDICADO;4500124367;;;;30/4/2026;30/3/2026;C28;10146568
00365 RIO TINTO;1001681;ZSTO;FICHA T.STECK MACHO 380V 32A T N XUN;;;U365;365;V1;3;5;C11;ELECTRICIDAD;ELECTRICIDAD;FICHAS;KG;ZPAN;1000085401;ADJUDICADO;4500123530;;;;27/4/2026;25/3/2026;C11;10146171
00365 RIO TINTO;1002198;ZSTO;CORREA DE MOTOR;CATERPILLA;3572637;U365;365;V1;2;3;C29;FILTROS/RESPUESTOS;CORREAS;CAT;KG;ZPAN;1000085401;ADJUDICADO;4500123745;;;;27/4/2026;25/3/2026;C29;10146171
00365 RIO TINTO;1002207;ZSTO;CORREA ALTERNADOR;HAULOTTE G // No aplica // CONTINENTA;4000053460 // 2614B543 // AVX 13X1188;U365;365;V1;4;6;C29;FILTROS/RESPUESTOS;CORREAS;HAULOTTE 4014 /4017;KG;ZPAN;1000085401;ADJUDICADO;4500123505;;;;27/4/2026;25/3/2026;C29;10146171
00365 RIO TINTO;1002302;ZSTO;BRAZO ESCARIFICADOR CAT;CATERPILLA // No aplica // CATERPILLA;9F5124 // 19572189 // 1957218;U365;365;V1;6;9;C29;FILTROS/RESPUESTOS;DESGASTE;DIENTES/UÑAS/CUCHILLAS;KG;ZPAN;1000085401;ADJUDICADO;4500124046;;;;27/4/2026;25/3/2026;C29;10146171
00365 RIO TINTO;1002444;ZSTO;CUCHILLA;CATERPILLA;7D1576;U365;365;V1;3;4;C29;FILTROS/RESPUESTOS;DESGASTE;CAT 140K;KG;ZPAN;1000085401;ADJUDICADO;4500124046;;;;27/4/2026;25/3/2026;C29;10146171
00365 RIO TINTO;1002889;ZSTO;FILTRO COMBUSTIBLE;BOMAG GMBH // HIFI FILTE;5717961 // SN909110;U365;365;V1;4;6;C29;FILTROS/RESPUESTOS;FILTROS;BOMAG;KG;ZPAN;1000085401;PICKEADO;4500123707;18/4/2026;18/4/2026;;27/4/2026;25/3/2026;C29;10146171
00365 RIO TINTO;1003162;ZSTO;FILTRO EN LINEA DE PRESION;PALFINGER;EA4923;U365;365;V1;2;3;C29;FILTROS/RESPUESTOS;FILTROS;PALFINGER PK23500B (S406-SKA);KG;ZPAN;1000085401;ADJUDICADO;4500124336;;;;27/4/2026;25/3/2026;C29;10146171
00365 RIO TINTO;1003202;ZSTO;FILTRO DE COMBUSTIBLE;LEVAS BOSC //;986450694 // P556287;U365;365;V1;8;13;C29;FILTROS/RESPUESTOS;FILTROS;IS VENTEC 6TK/2TB/AY/TECEL/11,;KG;ZPAN;1000085401;ADJUDICADO;4500123713;;;;27/4/2026;25/3/2026;C29;10146171
00365 RIO TINTO;1003241;ZSTO;MANN CF1651;MANN //;CF1651 // P750003;U365;365;V1;4;6;C29;FILTROS/RESPUESTOS;FILTROS;VOLVO 330;KG;ZPAN;1000085401;ADJUDICADO;4500123713;;;;27/4/2026;25/3/2026;C29;10146171
00365 RIO TINTO;1003904;ZSTO;SUPLEMENTO GUIA;CATERPILLA // CATERPILLA //;5T8366 // 4461524 // 4461524;U365;365;V1;5;8;C29;FILTROS/RESPUESTOS;REPUESTOS;CAT 140H;KG;ZPAN;1000085401;ADJUDICADO;4500124046;;;;27/4/2026;25/3/2026;C29;10146171
00365 RIO TINTO;1022808;ZSTO;CORREA ALTERNADOR;;185-5872;U365;365;V1;4;6;C03;EQUIPOS;CORREAS;CORREAS;KG;ZPAN;1000085401;DESPACHADO;4500123501;17/4/2026;17/4/2026;20/4/2026;27/4/2026;25/3/2026;C03;10146171
00365 RIO TINTO;1028166;ZSSD;"TUERCA  (ø 5/8"")";TEREX;E620N;U365;365;V1;15;25;AGV;COMPRAS AGV;;;KG;ZPAN;1000085401;ADJUDICADO;4500125406;;;;27/4/2026;25/3/2026;AGV;10146171
00341 Mov. Suelos San Luis;1001959;ZSTO;CINTA TEFLON 3/4 X 20MT;;;MR01;341;V1;3;5;C27;FERRETERIA MR01;FERRETERIA;INSUMOS;KG;ZPAS;1000085456;PICKEADO;;;20/4/2026;;16/4/2026;25/3/2026;;
00341 Mov. Suelos San Luis;1009541;ZSTO;FILTRO HIDRAU COMPR ATL COPCO x;ATLAS COPC;1202804002 // 6060011168;MM01;35;V1;4;6;C29;FILTROS/RESPUESTOS;FILTROS;ATLAS COPCO ROC F9-11;KG;ZPAS;1000085457;DESPACHADO;;;15/4/2026;16/4/2026;22/4/2026;25/3/2026;;
00365 RIO TINTO;1028194;ZSSD;FILTRO PRIMARIO ADMISION;DONALDSON;P145702;U365;365;V1;2;2;C29;FILTROS/RESPUESTOS;;;KG;ZPAN;1000085328;ADJUDICADO;4500123713;;;;23/4/2026;23/3/2026;C29;10146061
00341 Mov. Suelos San Luis;1001828;ZSTO;CUBIERTA 12.00 R20 TG85 (TRACCION);PIRELLI NE // GOOD YEAR // MICHELIN A // GOOD YEAR // GOOD YEAR // GOOD YEAR;TG85 // G677OTR // XDY // G-677 MSD // G677 // G677MSD.;MM01;35;V1;3;5;C48;CUBIERTAS CAMIONES;CUBIERTAS;CUBIERTAS;KG;ZPAS;1000085169;DESPACHADO;;;15/4/2026;16/4/2026;22/4/2026;19/3/2026;;
00341 Mov. Suelos San Luis;1016964;ZSSD;RESALTADOR AMARILLO PUNTA CHANFLEADA;;MÚLT. 10U;MR01;341;V1;3;5;C17;INSUMOS A;LIBRERIA;ESCRITURA;KG;ZPAN;1000085170;DESPACHADO;4500124502;16/4/2026;16/4/2026;17/4/2026;13/4/2026;19/3/2026;C17;10145838
00341 Mov. Suelos San Luis;1016998;ZSSD;BOLIGRAFO TRAZO GRUESO NEGRO;;MÚLT. 50U;MR01;341;V1;120;150;C17;INSUMOS A;LIBRERIA;ESCRITURA;KG;ZPAN;1000085170;DESPACHADO;4500124505;15/4/2026;15/4/2026;17/4/2026;13/4/2026;19/3/2026;C17;10145838
00341 Mov. Suelos San Luis;1017016;ZSSD;MARCADOR PERMANENTE NEGRO;;MÚLT. 10U;MR01;341;V1;7;9;C17;INSUMOS A;LIBRERIA;ESCRITURA;KG;ZPAN;1000085170;DESPACHADO;4500124505;15/4/2026;15/4/2026;17/4/2026;13/4/2026;19/3/2026;C17;10145838
00341 Mov. Suelos San Luis;1001699;ZSTO;CASCO CARCAZA BLANCO (LIBUS);LIBUS;MILENIUM;MR01;341;V1;6;8;C28;SEGURIDAD/ROPA/EPP;SEGURIDAD;ACCESORIO SEGURIDAD;KG;ZPAS;1000085109;DESPACHADO;;;8/4/2026;9/4/2026;10/4/2026;18/3/2026;;
00341 Mov. Suelos San Luis;1016196;ZSTO;CUBIERTA TRASERO 13 R 22.5;PIRELLI NE // TRIANGLE T;TQ:01 // TR918 18PR;MM01;35;V1;3;5;C48;CUBIERTAS CAMIONES;CUBIERTAS;CAMION;KG;ZPAS;1000085110;DESPACHADO;;;15/4/2026;16/4/2026;22/4/2026;18/3/2026;;
00365 RIO TINTO;1002738;ZSTO;Filtro Aceite Motor;FLEETGUARD // DONALDSON;LF3345 // P558616;U365;365;V1;6;9;C29;FILTROS/RESPUESTOS;FILTROS;ONAN 40DGCA;KG;ZPAN;1000084894;ADJUDICADO;4500122845;;;;16/4/2026;16/3/2026;C29;10145484
00365 RIO TINTO;1001834;ZSTO;CUBIERTA 265 65 17 DUELER A T 693;BRIDGESTON // PIRELLI NE // BRIDGESTON // PIRELLI NE // GOOD YEAR;DUELER A T 693 // SCORPION ATR // AT REVO 2 // S MTR // WRANGLER WORKHORSE;U365;365;V1;11;19;C03;EQUIPOS;CUBIERTAS;hilux hasta 2016;KG;ZPAN;1000084860;DESPACHADO;4500122705;27/3/2026;27/3/2026;31/3/2026;28/3/2026;14/3/2026;C03;10145460
00365 RIO TINTO;1002068;ZSTO;PANTALON PRIMERA PIEL T.XXL;;;U365;365;V1;27;47;C28;SEGURIDAD/ROPA/EPP;SEGURIDAD;INDUMENTARIA;KG;ZPAN;1000084459;ADJUDICADO;4500122156;;;;13/3/2026;10/3/2026;C35;10144959
00365 RIO TINTO;1002067;ZSTO;PANTALON PRIMERA PIEL T.XL;;;U365;365;V1;32;55;C28;SEGURIDAD/ROPA/EPP;SEGURIDAD;INDUMENTARIA;KG;ZPAN;1000084459;ADJUDICADO;4500122156;;;;13/3/2026;10/3/2026;C35;10144959
00365 RIO TINTO;1003246;ZSTO;FILTRO DE TANQUE HIDRAULICO;REMOLQUES // HIFI FILTE;14896990 // SH 93214;U365;365;V1;6;9;C29;FILTROS/RESPUESTOS;FILTROS;VOLCADORA OMBU;KG;ZPAN;1000084473;CUMPLIDO PARCIAL;4500122551;30/3/2026;30/3/2026;31/3/2026;7/4/2026;10/3/2026;C29;10144973
00365 RIO TINTO;1001819;ZSTO;REFRIGERANTE VOLVO VCS X20LT;VOLVO CONS // // // VOLVO CONS // VOLVO CONS;VCS // 11715729 // 22567335 // 24078856 // 54486166;U365;365;V1;14;24;C29;FILTROS/RESPUESTOS;LUBRICANTES;VOLVO EC 480D - PL 3005D;KG;ZPAN;1000084368;DESPACHADO;4500122342;17/4/2026;16/4/2026;20/4/2026;30/3/2026;9/3/2026;C29;10144874
00365 RIO TINTO;1015933;ZSCD;ACEITE ISO 46 HIDRAULICO BP46 x 205L;;;U365;365;V1;2;3;C29;FILTROS/RESPUESTOS;LUBRICANTES;ACEITES;KG;ZPAS;1000084374;SIN TRATAMIENTO;;;;;20/4/2026;9/3/2026;;
00365 RIO TINTO;1001679;ZSTO;FICHA T.STECK MACHO 220V 16A 2P T XUN;;;U365;365;V1;8;13;C11;ELECTRICIDAD;ELECTRICIDAD;FICHAS;KG;ZPAN;1000084004;ADJUDICADO;4500121464;;;;17/3/2026;3/3/2026;C35;10144320
00365 RIO TINTO;1033306;ZSSD;FILTRO TRAMPA DE AGUA;SANY INTER;60208879;U365;365;V1;2;3;AGV;COMPRAS AGV;;;KG;ZPAN;1000082616;ADJUDICADO;4500120578;;;;2/3/2026;9/2/2026;AGV;10142540
00365 RIO TINTO;1016708;ZSTO;Filtro A/A Cabina Interior;SANY HEAVY;RPSAN141502000077;U365;365;V1;5;8;C29;FILTROS/RESPUESTOS;FILTROS;CAMION FUERA DE RUTA SANY SKT 90S;KG;ZPAN;1000082288;CUMPLIDO PARCIAL;4500119710;17/4/2026;21/2/2026;20/4/2026;17/2/2026;3/2/2026;C29;10142059
00365 RIO TINTO;1018496;ZSSD;FILTRO DE ACEITE;FLEETGUARD;LF3349;U365;365;V1;6;9;AGV;COMPRAS AGV;REPUESTOS;FILTROS;KG;ZPAN;1000081592;SIN TRATAMIENTO;;;;;20/3/2026;23/1/2026;;10141185
00365 RIO TINTO;1018903;ZSSD;FILTRO COLADOR TANQUE DE COMBUSTIBLE;KOBELCO CO;YN50V00029P1;U365;365;V1;8;13;AGV;COMPRAS AGV;REPUESTOS;FILTROS;KG;ZPAN;1000081179;SIN TRATAMIENTO;;;;;6/2/2026;16/1/2026;;10140561
00365 RIO TINTO;1016655;ZSSD;CMASTRA CORREA ALTERNADOR;REPUESTOS;12PK1815;U365;365;V1;4;6;AGV;COMPRAS AGV;REPUESTOS;CORREAS;KG;ZPAN;1000080831;ADJUDICADO;4500119588;;;;2/2/2026;12/1/2026;AGV;10140109
00365 RIO TINTO;1018268;ZSSD;CORREA DE COMPRESOR A/A;LEVAS BOSC;4PK1157;U365;365;V1;5;8;AGV;COMPRAS AGV;REPUESTOS;CORREAS;KG;ZPAN;1000080831;ADJUDICADO;4500119588;;;;2/2/2026;12/1/2026;AGV;10140109
00372 UTE 372 GEO POSCO II;1001708;ZSTO;GUANTE POLIAMIDA LAMINADO PALMAPU-TALLE9;;MÚLT. 12U;U003;372;V1;120;240;C28;SEGURIDAD/ROPA/EPP;SEGURIDAD;GUANTE;KG;ZPAN;1000086863;SIN TRATAMIENTO;;;;;20/5/2026;20/4/2026;;10148061
00372 UTE 372 GEO POSCO II;1001866;ZSTO;MARCADOR INDUSTRIAL-NEGROXUN;UNIPAINT;MÚLT. 10U;U003;372;V1;25;36;C17;INSUMOS A;LIBRERIA;ESCRITURA;KG;ZPAN;1000086863;SIN TRATAMIENTO;;;;;20/5/2026;20/4/2026;;10148061
00372 UTE 372 GEO POSCO II;1001881;ZSTO;MARCADOR INDUSTRIAL - ROJO UNIPAINT X UN;UNIPAINT;MÚLT. 10U;U003;372;V1;13;24;C17;INSUMOS A;LIBRERIA;ESCRITURA;KG;ZPAN;1000086863;SIN TRATAMIENTO;;;;;20/5/2026;20/4/2026;;10148061
00372 UTE 372 GEO POSCO II;1001956;ZSTO;MASILLA POXILINA 10MIN. X 250 GRS XUN;POXILINA;;U003;372;V1;2;3;C27;FERRETERIA MR01;FERRETERIA;ADHESIVOS/SELLADORES/LUBRICANT;KG;ZPAN;1000086863;SIN TRATAMIENTO;;;;;20/5/2026;20/4/2026;;10148061
00372 UTE 372 GEO POSCO II;1001971;ZSTO;ESMALTE SINT. AEROSOL ROJO X 440CC;;KUWAIT-SINTEPLAST;U003;372;V1;40;60;C22;INSUMOS C;PINTURAS;PINTURA AEROSOL;KG;ZPAN;1000086863;SIN TRATAMIENTO;;;;;20/5/2026;20/4/2026;;10148061
00372 UTE 372 GEO POSCO II;1002925;ZSTO;FILTRO AIRE PRIMARIO;BOMAG GMBH // // DONALDSON // BALDWIN // DONALDSON;5821147 // C20500 // P779894 // RS3992 // P778994;U003;372;V1;2;2;F04;FILTRO AIRE;FILTROS;BW24RH;KG;ZPAN;1000086863;SIN TRATAMIENTO;;;;;20/5/2026;20/4/2026;;10148061
00372 UTE 372 GEO POSCO II;1002934;ZSTO;FILTRO PRIMARIO COMBUSTIBLE;VOLVO CONS;VOE11110683;U003;372;V1;2;3;F06;FILTRO COMBUSTIBLE;FILTROS;EC 480D - L220G - PL 3005D;KG;ZPAN;1000086863;SIN TRATAMIENTO;;;;;20/5/2026;20/4/2026;;10148061
00372 UTE 372 GEO POSCO II;1046210;ZSCD;BIG BAG;;;U003;372;V1;17;31;C22;INSUMOS C;ARENA;INSUMOS;KG;ZPAN;1000086863;SIN TRATAMIENTO;;;;;20/5/2026;20/4/2026;;10148061
00372 UTE 372 GEO POSCO II;1001943;ZSTO;ADHESIVO CIANO 20 G XUN;CIANO;;U003;372;V1;4;6;C27;FERRETERIA MR01;FERRETERIA;ADHESIVOS;KG;ZPAN;1000086845;SIN TRATAMIENTO;;;;;3/6/2026;19/4/2026;;10148049
00372 UTE 372 GEO POSCO II;1001895;ZSTO;ALCOHOL LIQUIDO X LITRO;;;U003;372;V1;9;16;C17;INSUMOS A;LIMPIEZA;ALCOHOL LIQUIDO;KG;ZPAN;1000086778;SIN TRATAMIENTO;;;;;18/5/2026;17/4/2026;;10147918
00372 UTE 372 GEO POSCO II;1017064;ZSSD;SECADOR DE PISO 50CM;;;U003;372;V1;2;4;C17;INSUMOS A;LIMPIEZA;LIMPIEZA /SEGURIDAD;KG;ZPAN;1000086685;SIN TRATAMIENTO;;;;;18/5/2026;16/4/2026;;10147784
00372 UTE 372 GEO POSCO II;1002832;ZSTO;FILTRO COMBUSTIBLE;FLEETGUARD // FLEETGUARD // // DONALDSON // MANN;2RK127177A // FF5052 // DB0519 // P553004 // WK723;U003;372;V1;5;8;F06;FILTRO COMBUSTIBLE;FILTROS;VW 26260 - ONAN;KG;ZPAN;1000086625;SIN TRATAMIENTO;;;;;14/5/2026;15/4/2026;;10147716
00374 TERMINAL PUNTA COLORADA;1000042;ZSTO;BOTIQUIN 1ROS. AUXILIOS N 6;;;MR01;374;V1;5;10;C28;SEGURIDAD/ROPA/EPP;SEGURIDAD;BOTIQUIN;KG;ZPAS;1000086661;EMBALADO;;;17/4/2026;;6/5/2026;15/4/2026;;
00374 TERMINAL PUNTA COLORADA;1001675;ZSTO;CLAVOS P.PARIS 2 XKG;;MÚLT. 30 KG;MR01;374;V1;50;100;C08;ACERO;ACEROS;CLAVOS;KG;ZPAS;1000086661;EMBALADO PARCIAL;;;17/4/2026;;6/5/2026;15/4/2026;;
00374 TERMINAL PUNTA COLORADA;1001676;ZSTO;CLAVOS P.PARIS 2 1 2 XKG;;MÚLT. 30 KG;MR01;374;V1;200;250;C08;ACERO;ACEROS;CLAVOS;KG;ZPAS;1000086661;EMBALADO PARCIAL;;;17/4/2026;;6/5/2026;15/4/2026;;
00374 TERMINAL PUNTA COLORADA;1001681;ZSTO;FICHA T.STECK MACHO 380V 32A T N XUN;;;MR01;374;V1;6;10;C11;ELECTRICIDAD;ELECTRICIDAD;FICHAS;KG;ZPAS;1000086661;EMBALADO;;;17/4/2026;;6/5/2026;15/4/2026;;
00374 TERMINAL PUNTA COLORADA;1001683;ZSTO;RESPIRADOR PARA POLVOSTIPON95CAJAX20UN;;;MR01;374;V1;4;8;C28;SEGURIDAD/ROPA/EPP;SEGURIDAD;ACCESORIO SEGURIDAD;KG;ZPAS;1000086661;EMBALADO;;;17/4/2026;;6/5/2026;15/4/2026;;
00374 TERMINAL PUNTA COLORADA;1001687;ZSTO;ANTEOJO INCOLORO ECOLINEHC;LIBUS;ECOLINEHC (MÚLT. 10U);MR01;374;V1;500;800;C28;SEGURIDAD/ROPA/EPP;SEGURIDAD;ACCESORIO SEGURIDAD;KG;ZPAS;1000086661;EMBALADO PARCIAL;;;17/4/2026;;6/5/2026;15/4/2026;;
00374 TERMINAL PUNTA COLORADA;1001696;ZSTO;POLAINA DESCARNE;;;MR01;374;V1;6;12;C28;SEGURIDAD/ROPA/EPP;SEGURIDAD;INDUMENTARIA;KG;ZPAS;1000086661;EMBALADO;;;17/4/2026;;6/5/2026;15/4/2026;;
00374 TERMINAL PUNTA COLORADA;1001697;ZSTO;GUANTE VAQUETA MEDIO PASEO T.10;;MÚLT. 12U;MR01;374;V1;700;1000;C28;SEGURIDAD/ROPA/EPP;SEGURIDAD;GUANTE;KG;ZPAS;1000086661;EMBALADO;;;17/4/2026;;6/5/2026;15/4/2026;;
00374 TERMINAL PUNTA COLORADA;1001699;ZSTO;CASCO CARCAZA BLANCO (LIBUS);LIBUS;MILENIUM;MR01;374;V1;15;30;C28;SEGURIDAD/ROPA/EPP;SEGURIDAD;ACCESORIO SEGURIDAD;KG;ZPAS;1000086661;EMBALADO PARCIAL;;;17/4/2026;;6/5/2026;15/4/2026;;
00374 TERMINAL PUNTA COLORADA;1001709;ZSTO;CINTA PELIGRO 200 MT ROJA BLANCA NYLON;;;MR01;374;V1;15;20;C28;SEGURIDAD/ROPA/EPP;SEGURIDAD;SEÑALIZACION;KG;ZPAS;1000086661;EMBALADO;;;17/4/2026;;6/5/2026;15/4/2026;;
00374 TERMINAL PUNTA COLORADA;1001717;ZSTO;PROTECTOR FACIAL BURBUJA INCOLORO;LIBUS;901386;MR01;374;V1;75;100;C28;SEGURIDAD/ROPA/EPP;SEGURIDAD;ACCESORIO SEGURIDAD;KG;ZPAS;1000086661;EMBALADO;;;17/4/2026;;6/5/2026;15/4/2026;;
00374 TERMINAL PUNTA COLORADA;1001726;ZSTO;SUSPENSION CREMALLERA;LIBUS;MILENIUM;MR01;374;V1;70;150;C28;SEGURIDAD/ROPA/EPP;SEGURIDAD;ACCESORIO SEGURIDAD;KG;ZPAS;1000086661;EMBALADO PARCIAL;;;17/4/2026;;6/5/2026;15/4/2026;;
00374 TERMINAL PUNTA COLORADA;1001748;ZSTO;BOTA GOMA P.ACERO N 44;;;MR01;374;V1;6;12;C28;SEGURIDAD/ROPA/EPP;SEGURIDAD;CALZADO;KG;ZPAS;1000086661;EMBALADO PARCIAL;;;17/4/2026;;6/5/2026;15/4/2026;;
00374 TERMINAL PUNTA COLORADA;1001772;ZSTO;BANDERIN ROJO Y BLANCO 500MM X 700MM XUN;;;MR01;374;V1;2;4;C28;SEGURIDAD/ROPA/EPP;SEGURIDAD;SEÑALIZACION;KG;ZPAS;1000086661;SIN TRATAMIENTO;;;;;6/5/2026;15/4/2026;;
00374 TERMINAL PUNTA COLORADA;1001865;ZSTO;MARCADORINDUSTRIAL-VERDEXUN;UNIPAINT;MÚLT. 10U;MR01;374;V1;48;96;C17;INSUMOS A;LIBRERIA;ESCRITURA;KG;ZPAS;1000086661;SIN TRATAMIENTO;;;;;6/5/2026;15/4/2026;;
00374 TERMINAL PUNTA COLORADA;1001868;ZSTO;FILMSTRECHMANUALXBOBINAx2,70KG;;MEDIDAS 0,50X200METROSX2;MR01;374;V1;5;10;C17;INSUMOS A;LIBRERIA;CINTAS ADHESIVAS;KG;ZPAS;1000086661;PICKEADO PARCIAL;;;;;6/5/2026;15/4/2026;;
00374 TERMINAL PUNTA COLORADA;1001871;ZSTO;RESMA DE HOJA A4 70GR. X UN;;;MR01;374;V1;30;60;C17;INSUMOS A;LIBRERIA;PAPEL;KG;ZPAS;1000086661;EMBALADO PARCIAL;;;17/4/2026;;6/5/2026;15/4/2026;;
00374 TERMINAL PUNTA COLORADA;1001876;ZSTO;CINTA EMBALAR TRANSPARENTE 48MM X 100 MT;SCOTCH;;MR01;374;V1;60;80;C17;INSUMOS A;LIBRERIA;CINTAS ADHESIVAS;KG;ZPAS;1000086661;EMBALADO PARCIAL;;;17/4/2026;;6/5/2026;15/4/2026;;
00374 TERMINAL PUNTA COLORADA;1001877;ZSTO;CINTA EMBALAR MARRON 48MM X 100 MT;;;MR01;374;V1;15;30;C17;INSUMOS A;LIBRERIA;CINTAS ADHESIVAS;KG;ZPAS;1000086661;SIN TRATAMIENTO;;;;;6/5/2026;15/4/2026;;
00374 TERMINAL PUNTA COLORADA;1001879;ZSTO;CINTA DE ENMASCARAR 24 MM XROLLO;;;MR01;374;V1;10;20;C17;INSUMOS A;LIBRERIA;CINTAS ADHESIVAS;KG;ZPAS;1000086661;EMBALADO;;;17/4/2026;;6/5/2026;15/4/2026;;
00374 TERMINAL PUNTA COLORADA;1001885;ZSTO;BOLSAS RESIDUOS XUN 102X130 VERDE;;;MR01;374;V1;400;800;C17;INSUMOS A;LIMPIEZA;LIMPIEZA /SEGURIDAD;KG;ZPAS;1000086661;EMBALADO PARCIAL;;;17/4/2026;;6/5/2026;15/4/2026;;
00374 TERMINAL PUNTA COLORADA;1001887;ZSTO;BOLSAS RESIDUOS XUN 102X130 AMARILLA;;;MR01;374;V1;500;1000;C17;INSUMOS A;LIMPIEZA;LIMPIEZA /SEGURIDAD;KG;ZPAS;1000086661;EMBALADO PARCIAL;;;17/4/2026;;6/5/2026;15/4/2026;;
00374 TERMINAL PUNTA COLORADA;1001891;ZSTO;PANOABSORVENTE PARAHIDROCARBUROXPAQ100;;;MR01;374;V1;4;8;C17;INSUMOS A;LIMPIEZA;MANTENIMIENTO TALLER;KG;ZPAS;1000086661;EMBALADO;;;17/4/2026;;6/5/2026;15/4/2026;;
00374 TERMINAL PUNTA COLORADA;1001892;ZSTO;BOLSAS RESIDUOS XUN 102X130ROJA100MICXUN;;;MR01;374;V1;300;600;C17;INSUMOS A;LIMPIEZA;LIMPIEZA /SEGURIDAD;KG;ZPAS;1000086661;EMBALADO PARCIAL;;;17/4/2026;;6/5/2026;15/4/2026;;
00374 TERMINAL PUNTA COLORADA;1001893;ZSTO;BOLSARESIDUPLASTICA60X90NEGRAXROLLOX10UN;;;MR01;374;V1;60;100;C17;INSUMOS A;LIMPIEZA;BOLSAS;KG;ZPAS;1000086661;EMBALADO PARCIAL;;;17/4/2026;;6/5/2026;15/4/2026;;
00374 TERMINAL PUNTA COLORADA;1001894;ZSTO;ALCOHOL EN GEL X LITRO;;;MR01;374;V1;10;20;C17;INSUMOS A;LIMPIEZA;ALCOHOL EN GEL;KG;ZPAS;1000086661;EMBALADO;;;17/4/2026;;6/5/2026;15/4/2026;;
00374 TERMINAL PUNTA COLORADA;1001896;ZSTO;PULVERIZADOR P ALCOHOL LIQUIDO 500 ML;;;MR01;374;V1;5;10;C17;INSUMOS A;LIMPIEZA;DIFUSOR;KG;ZPAS;1000086661;EMBALADO;;;17/4/2026;;6/5/2026;15/4/2026;;
00374 TERMINAL PUNTA COLORADA;1001927;ZSTO;DISCO CORTE 178X1.6X22 SECUR EXTRA  x UN;TYROLIT;178X16X222;MR01;374;V1;350;700;C27;FERRETERIA MR01;FERRETERIA;ABRASIVOS/DISCOS;KG;ZPAS;1000086661;EMBALADO PARCIAL;;;17/4/2026;;6/5/2026;15/4/2026;;
00374 TERMINAL PUNTA COLORADA;1001929;ZSTO;DISCO 178X4,8X22,23TYROLIT OASECUR XUN;TYROLIT;178X48X222;MR01;374;V1;15;30;C27;FERRETERIA MR01;FERRETERIA;ABRASIVOS/DISCOS;KG;ZPAS;1000086661;EMBALADO;;;17/4/2026;;6/5/2026;15/4/2026;;
00374 TERMINAL PUNTA COLORADA;1001930;ZSTO;DISCO C D O A 178X7.0X22.2 SECUR x UN;TYROLIT;178X70X222;MR01;374;V1;15;30;C27;FERRETERIA MR01;FERRETERIA;ABRASIVOS/DISCOS;KG;ZPAS;1000086661;EMBALADO;;;17/4/2026;;6/5/2026;15/4/2026;;
00374 TERMINAL PUNTA COLORADA;1001934;ZSTO;DISCO C D O A 114X4.8X22.2 SECUR x UN;TYROLIT;114X48X222;MR01;374;V1;50;100;C27;FERRETERIA MR01;FERRETERIA;ABRASIVOS/DISCOS;KG;ZPAS;1000086661;SIN TRATAMIENTO;;;;;6/5/2026;15/4/2026;;
00374 TERMINAL PUNTA COLORADA;1001949;ZSTO;CANDADO 30MM XUN;;;MR01;374;V1;5;10;C27;FERRETERIA MR01;FERRETERIA;ACCESORIOS;KG;ZPAS;1000086661;EMBALADO;;;17/4/2026;;6/5/2026;15/4/2026;;
00374 TERMINAL PUNTA COLORADA;1001950;ZSTO;CANDADO 38-40MM XUN;;;MR01;374;V1;7;15;C27;FERRETERIA MR01;FERRETERIA;ACCESORIOS;KG;ZPAS;1000086661;EMBALADO;;;17/4/2026;;6/5/2026;15/4/2026;;
00374 TERMINAL PUNTA COLORADA;1001951;ZSTO;CANDADO 50MM XUN;;;MR01;374;V1;7;15;C27;FERRETERIA MR01;FERRETERIA;ACCESORIOS;KG;ZPAS;1000086661;SIN TRATAMIENTO;;;;;6/5/2026;15/4/2026;;
00374 TERMINAL PUNTA COLORADA;1001952;ZSTO;TRAPO LIMPIO (BOLSAX10KG) XUN;;MÚLT. 10 KG;MR01;374;V1;10;15;C27;FERRETERIA MR01;FERRETERIA;ACCESORIOS;KG;ZPAS;1000086661;EMBALADO PARCIAL;;;17/4/2026;;6/5/2026;15/4/2026;;
00374 TERMINAL PUNTA COLORADA;1001959;ZSTO;CINTA TEFLON 3/4 X 20MT;;;MR01;374;V1;10;15;C27;FERRETERIA MR01;FERRETERIA;INSUMOS;KG;ZPAS;1000086661;PICKEADO PARCIAL;;;;;6/5/2026;15/4/2026;;
00374 TERMINAL PUNTA COLORADA;1001970;ZSTO;ESMALTE SINT. AEROSOL NEGRO X440CC;;KUWAIT-SINTEPLAST;MR01;374;V1;24;48;C22;INSUMOS C;PINTURAS;PINTURA AEROSOL;KG;ZPAS;1000086661;SIN TRATAMIENTO;;;;;6/5/2026;15/4/2026;;
00374 TERMINAL PUNTA COLORADA;1001972;ZSTO;ESMALTE SINT. AEROSOL VERDE X440CC;;KUWAIT-SINTEPLAST;MR01;374;V1;12;24;C22;INSUMOS C;PINTURAS;PINTURA AEROSOL;KG;ZPAS;1000086661;SIN TRATAMIENTO;;;;;6/5/2026;15/4/2026;;
00374 TERMINAL PUNTA COLORADA;1001997;ZSTO;ELECTRODO 6013 X 2 MM X KG;CONARCO;AWSE6013;MR01;374;V1;45;90;C27;FERRETERIA MR01;SOLDADURA;ELECTRODOS;KG;ZPAS;1000086661;EMBALADO;;;17/4/2026;;6/5/2026;15/4/2026;;
00374 TERMINAL PUNTA COLORADA;1002002;ZSTO;CAMISA JEAN T.42 C LOGO;;;MR01;374;V1;20;35;C28;SEGURIDAD/ROPA/EPP;ROPA;INDUMENTARIA;KG;ZPAS;1000086661;EMBALADO;;;17/4/2026;;6/5/2026;15/4/2026;;
00374 TERMINAL PUNTA COLORADA;1002004;ZSTO;CAMISA JEAN T.46 C LOGO;;;MR01;374;V1;15;30;C28;SEGURIDAD/ROPA/EPP;ROPA;INDUMENTARIA;KG;ZPAS;1000086661;EMBALADO;;;17/4/2026;;6/5/2026;15/4/2026;;
00374 TERMINAL PUNTA COLORADA;1002007;ZSTO;CAMISA JEAN T.52 C LOGO;;;MR01;374;V1;5;10;C28;SEGURIDAD/ROPA/EPP;ROPA;INDUMENTARIA;KG;ZPAS;1000086661;EMBALADO;;;17/4/2026;;6/5/2026;15/4/2026;;
00374 TERMINAL PUNTA COLORADA;1002016;ZSTO;PANTALON JEAN T.48;;;MR01;374;V1;15;25;C28;SEGURIDAD/ROPA/EPP;ROPA;INDUMENTARIA;KG;ZPAS;1000086661;EMBALADO PARCIAL;;;17/4/2026;;6/5/2026;15/4/2026;;
00374 TERMINAL PUNTA COLORADA;1002017;ZSTO;PANTALON JEAN T.50;;;MR01;374;V1;8;16;C28;SEGURIDAD/ROPA/EPP;ROPA;INDUMENTARIA;KG;ZPAS;1000086661;EMBALADO;;;17/4/2026;;6/5/2026;15/4/2026;;
00374 TERMINAL PUNTA COLORADA;1002018;ZSTO;PANTALON JEAN T.52;;;MR01;374;V1;5;10;C28;SEGURIDAD/ROPA/EPP;ROPA;INDUMENTARIA;KG;ZPAS;1000086661;SIN TRATAMIENTO;;;;;6/5/2026;15/4/2026;;
00374 TERMINAL PUNTA COLORADA;1002480;ZSTO;FILTRO ACEITE;BOMAG GMBH // DONALDSON;5710640 // P553771;MR01;374;V1;10;21;F03;FILTRO ACEITE;FILTROS;BOMAG 213/219;KG;ZPAS;1000086661;EMBALADO PARCIAL;;;17/4/2026;;6/5/2026;15/4/2026;;
00374 TERMINAL PUNTA COLORADA;1002629;ZSTO;FILTRO ACEITE GROVE 540E;MANITOWOK // No aplica // FLEETGUARD // DONALDSON;9414101679 // 3937736 // LF3970 // P550428;MR01;374;V1;2;4;F03;FILTRO ACEITE;FILTROS;GROVE RT540E;KG;ZPAS;1000086661;SIN TRATAMIENTO;;;;;6/5/2026;15/4/2026;;
00374 TERMINAL PUNTA COLORADA;1003171;ZSTO;FILTRO DE AIRE SECUNDARIO;FLEETGUARD // FILPLUS;AF26086 // MSA26086;MR01;374;V1;6;10;F04;FILTRO AIRE;FILTROS;FILTRO AIRE;KG;ZPAS;1000086661;EMBALADO PARCIAL;;;17/4/2026;;6/5/2026;15/4/2026;;
00374 TERMINAL PUNTA COLORADA;1003953;ZSTO;BATERIA 12V 75AMP;MOURA;M30LD;MR01;374;V1;2;4;C03;EQUIPOS;REPUESTOS;hilux 2017 en adelante;KG;ZPAS;1000086661;EMBALADO;;;17/4/2026;;6/5/2026;15/4/2026;;
00374 TERMINAL PUNTA COLORADA;1004014;ZSTO;LAMPARA 12V-H7 55W X UN;;PX26D;MR01;374;V1;10;20;C03;EQUIPOS;REPUESTOS;ELECTRICIDAD AUTOMOTOR;KG;ZPAS;1000086661;EMBALADO;;;17/4/2026;;6/5/2026;15/4/2026;;
00374 TERMINAL PUNTA COLORADA;1004039;ZSTO;LAMPARA 24V-H1 70W X UN;;P145S;MR01;374;V1;10;20;C29;FILTROS/RESPUESTOS;REPUESTOS;ELECTRICIDAD AUTOMOTOR;KG;ZPAS;1000086661;EMBALADO PARCIAL;;;17/4/2026;;6/5/2026;15/4/2026;;
00374 TERMINAL PUNTA COLORADA;1017002;ZSSD;PILA ALCALINA AAA;;;MR01;374;CL;25;50;C27;FERRETERIA MR01;FERRETERIA;INSUMOS;KG;ZPAN;1000086662;ADJUDICADO;4500125361;;;;6/5/2026;15/4/2026;374;10147761
00374 TERMINAL PUNTA COLORADA;1017012;ZSSD;CARPETA CRISTAL BASE OPACA A4 AZUL NEGRA;;MÚLT. 12U;MR01;374;CL;12;24;C17;INSUMOS A;LIBRERIA;INSUMOS;KG;ZPAN;1000086662;ADJUDICADO;4500125376;;;;6/5/2026;15/4/2026;374;10147761
00374 TERMINAL PUNTA COLORADA;1017083;ZSSD;PILA ALCALINA AA;;;MR01;374;CL;15;30;C27;FERRETERIA MR01;FERRETERIA;INSUMOS;KG;ZPAN;1000086662;ADJUDICADO;4500125361;;;;6/5/2026;15/4/2026;374;10147761
00374 TERMINAL PUNTA COLORADA;1017084;ZSSD;CEPILLO ACERO 4X19 C MANGO MADERA;;;MR01;374;V1;8;15;C27;FERRETERIA MR01;LIMPIEZA;INSUMOS;KG;ZPAN;1000086662;SIN TRATAMIENTO;;;;;6/5/2026;15/4/2026;;10147761
00374 TERMINAL PUNTA COLORADA;1017220;ZSSD;REGLA PLASTICA 30 CM;;;MR01;374;CL;3;6;C17;INSUMOS A;LIBRERIA;ACCESORIOS;KG;ZPAN;1000086662;ADJUDICADO;4500125376;;;;6/5/2026;15/4/2026;374;10147761
00374 TERMINAL PUNTA COLORADA;1047515;ZSCD;TANZA 1MM AMARILLA XROLLO 80M;;;MR01;374;V1;20;40;C27;FERRETERIA MR01;FERRETERIA;INSUMOS;KG;ZPAN;1000086662;SIN TRATAMIENTO;;;;;6/5/2026;15/4/2026;;10147761
00374 TERMINAL PUNTA COLORADA;1016962;ZSSD;RESALTADOR NARANJA PUNTA CHANFLEADA;;MÚLT. 10U;MR01;374;CL;10;20;C17;INSUMOS A;LIBRERIA;ESCRITURA;KG;ZPAN;1000086583;ADJUDICADO;4500125376;;;;5/5/2026;14/4/2026;374;10147698
00374 TERMINAL PUNTA COLORADA;1026941;ZSCD;ELECTRODO 6010 Ø3,2MM;;;MR01;374;V1;5;25;C27;FERRETERIA MR01;SOLDADURA;ELECTRODOS;KG;ZPAN;1000086583;SIN TRATAMIENTO;;;;;5/5/2026;14/4/2026;;10147698
00372 UTE 372 GEO POSCO II;1027621;ZSTO;HOJA DE GANCHO REGULAR STANLEY xUN;;11-961 (MÚLT. 100U) // 11-961A;U003;372;V1;100;250;C17;INSUMOS A;FERRETERIA;INSUMOS;KG;ZPAS;1000086471;SIN TRATAMIENTO;;;;;4/5/2026;13/4/2026;;
00372 UTE 372 GEO POSCO II;1001682;ZSTO;MAMEL. 1°CAL. DESC. LAMIN.BLANCO 60GR.XL;;FABRICANTE:DUPONT | MODELO:TYVEK 500;U003;372;V1;80;150;C28;SEGURIDAD/ROPA/EPP;SEGURIDAD;INDUMENTARIA;KG;ZPAN;1000086475;SIN TRATAMIENTO;;;;;13/5/2026;13/4/2026;;10147492
00372 UTE 372 GEO POSCO II;1001821;ZSTO;ACEITE 75W 90  X 20 LT;YPF S.A.;75W 90 ;U003;372;V1;2;3;L01;ACEITES;LUBRICANTES;ACEITES;KG;ZPAN;1000086475;ADJUDICADO;4500125079;;;;13/5/2026;13/4/2026;L01;10147492
00372 UTE 372 GEO POSCO II;1015844;ZSSD;PILA ALCALINA AA –ENERGIZER X UN;;;U003;372;V1;9;16;C27;FERRETERIA MR01;FERRETERIA;INSUMOS;KG;ZPAN;1000086475;ADJUDICADO;4500125284;;;;13/5/2026;13/4/2026;C28;10147492
00372 UTE 372 GEO POSCO II;1016919;ZSSD;LUBRICANTE MULTIUSO WD-40 440CC;;;U003;372;V1;9;16;C27;FERRETERIA MR01;FERRETERIA;ADHESIVOS/SELLADORES/LUBRICANT;KG;ZPAN;1000086475;ADJUDICADO;4500125284;;;;13/5/2026;13/4/2026;C28;10147492
00372 UTE 372 GEO POSCO II;1042016;ZSCD;CAMPERA ABRIGO ROJA T.S;;;U003;372;V1;4;6;C28;SEGURIDAD/ROPA/EPP;ROPA;INDUMENTARIA;KG;ZPAN;1000086475;SIN TRATAMIENTO;;;;;13/5/2026;13/4/2026;;10147492
00374 TERMINAL PUNTA COLORADA;1015783;ZSSD;CINTA REFLECTIVA ROJA X MTS;;;MR01;374;V1;25;50;C27;FERRETERIA MR01;SEGURIDAD;SEÑALIZACION;KG;ZPAN;1000086481;SIN TRATAMIENTO;;;;;4/5/2026;13/4/2026;;10147496
00374 TERMINAL PUNTA COLORADA;1015785;ZSSD;CORRECTOR EN CINTA;;;MR01;374;V1;5;10;C17;INSUMOS A;LIBRERIA;LIBRERIA;KG;ZPAN;1000086481;ADJUDICADO;4500125140;;;;15/5/2026;13/4/2026;C17;10147496
00374 TERMINAL PUNTA COLORADA;1015789;ZSSD;DETERGENTE X 5 LTS;;;MR01;374;CL;10;20;C17;INSUMOS A;LIMPIEZA;LIMPIEZA /SEGURIDAD;KG;ZPAN;1000086481;EMBALADO;4500125138;18/4/2026;18/4/2026;;15/5/2026;13/4/2026;C17;10147496
00374 TERMINAL PUNTA COLORADA;1015858;ZSSD;RAID COMÚN  X UN;;;MR01;374;CL;24;48;C17;INSUMOS A;LIMPIEZA;LIMPIEZA /SEGURIDAD;KG;ZPAN;1000086481;EMBALADO;4500125138;18/4/2026;18/4/2026;;15/5/2026;13/4/2026;C17;10147496
00374 TERMINAL PUNTA COLORADA;1016480;ZSCD;PROTECTOR SOLAR DE LABIO x UN;;;MR01;374;V1;300;600;C28;SEGURIDAD/ROPA/EPP;SEGURIDAD;INSUMO;KG;ZPAN;1000086481;ADJUDICADO;4500125245;;;;4/5/2026;13/4/2026;C28;10147496
00374 TERMINAL PUNTA COLORADA;1016938;ZSSD;SILICONA LIQUIDA BRILLO SILICONADO X5LT;;;MR01;374;CL;10;20;C17;INSUMOS A;LIMPIEZA;LIMPIEZA /SEGURIDAD;KG;ZPAN;1000086481;EMBALADO PARCIAL;4500125138;18/4/2026;18/4/2026;;15/5/2026;13/4/2026;C17;10147496
00374 TERMINAL PUNTA COLORADA;1016940;ZSSD;DESODORANTE EN AEROSOL;;;MR01;374;CL;96;144;C17;INSUMOS A;LIMPIEZA;LIMPIEZA /SEGURIDAD;KG;ZPAN;1000086481;ADJUDICADO;4500125137;;;;15/5/2026;13/4/2026;C17;10147496
00374 TERMINAL PUNTA COLORADA;1016942;ZSSD;BIBLIORATO PVC A4 LOMO ANCHO;;;MR01;374;CL;20;50;C17;INSUMOS A;LIBRERIA;LIBRERIA;KG;ZPAN;1000086481;ADJUDICADO;4500125140;;;;15/5/2026;13/4/2026;C17;10147496
00374 TERMINAL PUNTA COLORADA;1016957;ZSSD;SEPARADOR A4 PLASTICO C LENGUETAS;;MÚLT. 12U;MR01;374;CL;12;24;C17;INSUMOS A;LIBRERIA;PAPEL;KG;ZPAN;1000086481;ADJUDICADO;4500125140;;;;4/5/2026;13/4/2026;C17;10147496
00374 TERMINAL PUNTA COLORADA;1016964;ZSSD;RESALTADOR AMARILLO PUNTA CHANFLEADA;;MÚLT. 10U;MR01;374;CL;10;20;C17;INSUMOS A;LIBRERIA;ESCRITURA;KG;ZPAN;1000086481;ADJUDICADO;4500125144;;;;4/5/2026;13/4/2026;C17;10147496
00374 TERMINAL PUNTA COLORADA;1016965;ZSSD;PORTABLOCK ACRILICO C CLIP SUPERIOR;;;MR01;374;CL;15;25;C17;INSUMOS A;LIBRERIA;ACCESORIOS;KG;ZPAN;1000086481;ADJUDICADO;4500125140;;;;15/5/2026;13/4/2026;C17;10147496
00374 TERMINAL PUNTA COLORADA;1017003;ZSSD;BATERIA 9V;;;MR01;374;CL;4;6;C27;FERRETERIA MR01;FERRETERIA;BATERIAS;KG;ZPAN;1000086481;SIN TRATAMIENTO;;;;;4/5/2026;13/4/2026;;10147496
00374 TERMINAL PUNTA COLORADA;1017006;ZSSD;APRIETAPAPEL 32MM;;MÚLT. 12U;MR01;374;CL;20;40;C17;INSUMOS A;LIBRERIA;ACCESORIOS;KG;ZPAN;1000086481;ADJUDICADO;4500125144;;;;15/5/2026;13/4/2026;C17;10147496
00374 TERMINAL PUNTA COLORADA;1017007;ZSSD;APRIETAPAPEL 51MM;;MÚLT. 12U;MR01;374;CL;20;40;C17;INSUMOS A;LIBRERIA;ACCESORIOS;KG;ZPAN;1000086481;ADJUDICADO;4500125144;;;;15/5/2026;13/4/2026;C17;10147496
00374 TERMINAL PUNTA COLORADA;1017013;ZSSD;CORRECTOR LAPIZ 7MM;;;MR01;374;CL;12;24;C17;INSUMOS A;LIBRERIA;ACCESORIOS;KG;ZPAN;1000086481;ADJUDICADO;4500125144;;;;15/5/2026;13/4/2026;C17;10147496
00374 TERMINAL PUNTA COLORADA;1017019;ZSSD;ABROCHADORA PINZA N10;;;MR01;374;CL;2;4;C17;INSUMOS A;LIBRERIA;ACCESORIOS;KG;ZPAN;1000086481;ADJUDICADO;4500125144;;;;15/5/2026;13/4/2026;C17;10147496
00374 TERMINAL PUNTA COLORADA;1017043;ZSSD;CABO MADERA PARA BARREDOR;;;MR01;374;CL;10;15;C17;INSUMOS A;LIMPIEZA;LIMPIEZA /SEGURIDAD;KG;ZPAN;1000086481;EMBALADO;4500125138;18/4/2026;18/4/2026;;15/5/2026;13/4/2026;C17;10147496
00374 TERMINAL PUNTA COLORADA;1017046;ZSSD;CEPILLO VIOLIN P LAVAR COCHES;;;MR01;374;CL;10;20;C17;INSUMOS A;LIMPIEZA;?;KG;ZPAN;1000086481;EMBALADO;4500125138;18/4/2026;18/4/2026;;15/5/2026;13/4/2026;C17;10147496
00374 TERMINAL PUNTA COLORADA;1017047;ZSSD;TRAPO REJILLA;;;MR01;374;CL;60;80;C17;INSUMOS A;LIMPIEZA;LIMPIEZA /SEGURIDAD;KG;ZPAN;1000086481;ADJUDICADO;4500125136;;;;15/5/2026;13/4/2026;C17;10147496
00374 TERMINAL PUNTA COLORADA;1017048;ZSSD;FRANELA;;;MR01;374;CL;60;80;C17;INSUMOS A;LIMPIEZA;LIMPIEZA /SEGURIDAD;KG;ZPAN;1000086481;EMBALADO;4500125138;18/4/2026;18/4/2026;;15/5/2026;13/4/2026;C17;10147496
00374 TERMINAL PUNTA COLORADA;1017050;ZSSD;BOBINA PAPEL 25CM 400MT;;;MR01;374;CL;15;40;C17;INSUMOS A;LIMPIEZA;LIMPIEZA /SEGURIDAD;KG;ZPAN;1000086481;ADJUDICADO;4500125137;;;;15/5/2026;13/4/2026;C17;10147496
00374 TERMINAL PUNTA COLORADA;1026272;ZSCD;DELANTAL KEVLAR C TRIPLE PROT ABDOMINAL;;;MR01;374;V1;10;20;C28;SEGURIDAD/ROPA/EPP;INDUMENTARIA;INSUMOS;KG;ZPAN;1000086481;ADJUDICADO;4500125354;;;;4/5/2026;13/4/2026;C28;10147496
00374 TERMINAL PUNTA COLORADA;1042512;ZSCD;BOTIN CONW 53 BAF MARRON P.ACER N37;;;MR01;374;CL;3;6;C28;SEGURIDAD/ROPA/EPP;SEGURIDAD;CALZADO;KG;ZPAN;1000086481;SIN TRATAMIENTO;;;;;4/5/2026;13/4/2026;;10147496
00374 TERMINAL PUNTA COLORADA;1042520;ZSCD;BOTIN CONW 53 BAF MARRON P.ACER N46;;;MR01;374;CL;2;4;C28;SEGURIDAD/ROPA/EPP;SEGURIDAD;CALZADO;KG;ZPAN;1000086481;SIN TRATAMIENTO;;;;;4/5/2026;13/4/2026;;10147496
00374 TERMINAL PUNTA COLORADA;1042798;ZSCD;GUANTE LÁTEX NEGRO INDUSTRIAL T10;;;MR01;374;V1;200;400;C28;SEGURIDAD/ROPA/EPP;INDUMENTARIA;EPP;KG;ZPAN;1000086481;ADJUDICADO;4500125359;;;;4/5/2026;13/4/2026;C28;10147496
00374 TERMINAL PUNTA COLORADA;1042816;ZSSD;VIRUTA DE ACERO MEDIANA X 250GR.;;;MR01;374;V1;5;20;C27;FERRETERIA MR01;FERRETERIA;ABRASIVOS/DISCOS;KG;ZPAN;1000086481;SIN TRATAMIENTO;;;;;4/5/2026;13/4/2026;;10147496
00374 TERMINAL PUNTA COLORADA;1046936;ZSCD;GUANTE LATEX NEGRO INDUSTRIAL T8 XPAR;;;MR01;374;V1;5;10;C28;SEGURIDAD/ROPA/EPP;INDUMENTARIA;EPP;KG;ZPAN;1000086481;ADJUDICADO;4500125359;;;;4/5/2026;13/4/2026;C28;10147496
00374 TERMINAL PUNTA COLORADA;1047505;ZSCD;"DISCO WIDIA DIAMANTADO P/AMOLADORA 9""";;;MR01;374;V1;25;50;C27;FERRETERIA MR01;REPUESTOS;HERRAMIENTAS ELECTRICAS;KG;ZPAN;1000086481;SIN TRATAMIENTO;;;;;4/5/2026;13/4/2026;;10147496
00374 TERMINAL PUNTA COLORADA;1047510;ZSCD;"CEPILLO DE ACERO RIZADO P/AMOLADORA 7""";;;MR01;374;V1;20;40;C27;FERRETERIA MR01;REPUESTOS;HERRAMIENTAS ELECTRICAS;KG;ZPAN;1000086481;SIN TRATAMIENTO;;;;;4/5/2026;13/4/2026;;10147496
00374 TERMINAL PUNTA COLORADA;1047511;ZSCD;"CEPILLO DE ACERO RIZADO P/AMOLADORA 9""";;;MR01;374;V1;10;20;C27;FERRETERIA MR01;REPUESTOS;HERRAMIENTAS ELECTRICAS;KG;ZPAN;1000086481;SIN TRATAMIENTO;;;;;4/5/2026;13/4/2026;;10147496
00374 TERMINAL PUNTA COLORADA;1047512;ZSCD;"CEPILLO DE ACERO TRENZADO P/AMOLADORA 4""";;;MR01;374;V1;5;10;C27;FERRETERIA MR01;REPUESTOS;HERRAMIENTAS ELECTRICAS;KG;ZPAN;1000086481;SIN TRATAMIENTO;;;;;4/5/2026;13/4/2026;;10147496
00374 TERMINAL PUNTA COLORADA;1047518;ZSCD;PUNTA P/ATORNILLADOR PHILLIPS 10;;;MR01;374;V1;4;8;C27;FERRETERIA MR01;FERRETERIA;HERRAMIENTAS ELECTRICAS;KG;ZPAN;1000086481;SIN TRATAMIENTO;;;;;4/5/2026;13/4/2026;;10147496
00374 TERMINAL PUNTA COLORADA;1001686;ZSTO;ANTEOJO GRIS ECOLINEHC;LIBUS;ECOLINEHC (MÚLT. 10U);MR01;374;V1;700;1000;C28;SEGURIDAD/ROPA/EPP;SEGURIDAD;ACCESORIO SEGURIDAD;KG;ZPAS;1000086362;SIN TRATAMIENTO;;;;;30/4/2026;10/4/2026;;
00374 TERMINAL PUNTA COLORADA;1001708;ZSTO;GUANTE POLIAMIDA LAMINADO PALMAPU-TALLE9;;MÚLT. 12U;MR01;374;V1;700;1000;C28;SEGURIDAD/ROPA/EPP;SEGURIDAD;GUANTE;KG;ZPAS;1000086362;EMBALADO;;;17/4/2026;;30/4/2026;10/4/2026;;
00374 TERMINAL PUNTA COLORADA;1001710;ZSTO;CINTA DEMARCAR PELIGRO ECOLOGICA;;;MR01;374;V1;20;40;C28;SEGURIDAD/ROPA/EPP;SEGURIDAD;SEÑALIZACION;KG;ZPAS;1000086362;EMBALADO PARCIAL;;;17/4/2026;;30/4/2026;10/4/2026;;
00374 TERMINAL PUNTA COLORADA;1001718;ZSTO;RODILLERA SOLDADOR;;;MR01;374;V1;40;70;C28;SEGURIDAD/ROPA/EPP;SEGURIDAD;ACCESORIO SEGURIDAD;KG;ZPAS;1000086362;EMBALADO PARCIAL;;;17/4/2026;;30/4/2026;10/4/2026;;
00374 TERMINAL PUNTA COLORADA;1001745;ZSTO;BOTA GOMA P.ACERO N 41;;;MR01;374;V1;4;16;C28;SEGURIDAD/ROPA/EPP;SEGURIDAD;CALZADO;KG;ZPAS;1000086362;SIN TRATAMIENTO;;;;;30/4/2026;10/4/2026;;
00374 TERMINAL PUNTA COLORADA;1001866;ZSTO;MARCADOR INDUSTRIAL-NEGROXUN;UNIPAINT;MÚLT. 10U;MR01;374;V1;120;240;C17;INSUMOS A;LIBRERIA;ESCRITURA;KG;ZPAS;1000086362;CUMPLIDO PARCIAL;;;13/4/2026;;30/4/2026;10/4/2026;;
00374 TERMINAL PUNTA COLORADA;1001867;ZSTO;MARCADOR INDUSTRIAL-BLANCOXUN;UNIPAINT;MÚLT. 10U;MR01;374;V1;120;240;C17;INSUMOS A;LIBRERIA;ESCRITURA;KG;ZPAS;1000086362;EMBALADO PARCIAL;;;17/4/2026;;30/4/2026;10/4/2026;;
00374 TERMINAL PUNTA COLORADA;1001961;ZSTO;CINTA AISLADORA NEGRA X10MT;;;MR01;374;V1;25;40;C27;FERRETERIA MR01;FERRETERIA;INSUMOS;KG;ZPAS;1000086362;SIN TRATAMIENTO;;;;;30/4/2026;10/4/2026;;
00374 TERMINAL PUNTA COLORADA;1001963;ZSTO;CINTA AISLADORA VERDE X10MT;;;MR01;374;V1;25;40;C27;FERRETERIA MR01;FERRETERIA;INSUMOS;KG;ZPAS;1000086362;SIN TRATAMIENTO;;;;;30/4/2026;10/4/2026;;
00374 TERMINAL PUNTA COLORADA;1002211;ZSTO;CORREA VENTILADOR;;10PK1448-20712530 // 10PK1448-24635977;MR01;374;V1;2;5;C03;EQUIPOS;CORREAS;PLATAFORMA DE MANTENIMIENTO VE;KG;ZPAS;1000086362;SIN TRATAMIENTO;;;;;30/4/2026;10/4/2026;;
00374 TERMINAL PUNTA COLORADA;1002424;ZSTO;SEGMENTOS DE CORTE CENTRALES;JOHN DEERE;T157493;MR01;374;V1;8;16;G04;UÑAS;DESGASTE;JD 624 K;KG;ZPAS;1000086362;SIN TRATAMIENTO;;;;;30/4/2026;10/4/2026;;
00374 TERMINAL PUNTA COLORADA;1016894;ZSTO;MAMEL. 1°CAL. DESC. LAMIN.BLANCO 60GRXXL;;FABRICANTE DUPONT/MODELO TIVEK 500;MR01;374;V1;400;600;C28;SEGURIDAD/ROPA/EPP;SEGURIDAD;INDUMENTARIA;KG;ZPAS;1000086362;CUMPLIDO PARCIAL;;;13/4/2026;13/4/2026;30/4/2026;10/4/2026;;
00374 TERMINAL PUNTA COLORADA;1026342;ZSTO;FILTRO BOMBA DE COMBUSTIBLE;TOYOTA ARG;23390-0E011;MR01;374;V1;3;6;F06;FILTRO COMBUSTIBLE;FILTROS;?;KG;ZPAS;1000086362;SIN TRATAMIENTO;;;;;30/4/2026;10/4/2026;;
00374 TERMINAL PUNTA COLORADA;1036100;ZSTO;CONO FLEX. C/REFLECT. Y BASE CAUCHO 70CM;;NARANJA DE PVC FLEXIBLE CON MEMORIA-70CM;MR01;374;V1;50;75;C28;SEGURIDAD/ROPA/EPP;SEGURIDAD;SEÑALIZACION;KG;ZPAS;1000086362;SIN TRATAMIENTO;;;;;30/4/2026;10/4/2026;;
00374 TERMINAL PUNTA COLORADA;1041725;ZSTO;"CUCHILLA (7′ X 8″ X 5/8″) X 15 Aguj 5/8""";;5D9561 / T71979 (BORO);MR01;374;V1;20;40;G01;CUCHILLAS;EQUIPOS;DESGASTE;KG;ZPAS;1000086362;SIN TRATAMIENTO;;;;;30/4/2026;10/4/2026;;
00374 TERMINAL PUNTA COLORADA;1049669;ZSTO;TUERCA DE SEGURIDAD;;B30963;MR01;374;V1;136;270;C03;EQUIPOS;?;?;KG;ZPAN;1000086369;ADJUDICADO;4500125249;;;;30/4/2026;10/4/2026;C03;10147353
00374 TERMINAL PUNTA COLORADA;1002052;ZSTO;CAMPERA 2 PIEL T. XL;;;MR01;374;V1;15;30;C28;SEGURIDAD/ROPA/EPP;SEGURIDAD;INDUMENTARIA;KG;ZPAS;1000086271;CUMPLIDO PARCIAL;;;10/4/2026;13/4/2026;29/4/2026;9/4/2026;;
00374 TERMINAL PUNTA COLORADA;1042516;ZSCD;BOTIN CONW 53 BAF MARRON P.ACER N42;;;MR01;374;CL;20;40;C28;SEGURIDAD/ROPA/EPP;SEGURIDAD;CALZADO;KG;ZPAN;1000086272;SIN TRATAMIENTO;;;;;29/4/2026;9/4/2026;;10147239
00372 UTE 372 GEO POSCO II;1001812;ZSTO;REFRIGERANTE ANTICONG. X20 LT;YPF S.A. // YPF S.A.;KRIOX 3 INORGANICO // 185280;U003;372;V1;3;5;L02;FLUIDOS;LUBRICANTES;ADITIVOS;KG;ZPAN;1000086037;EMBALADO;4500124327;15/4/2026;15/4/2026;;27/4/2026;6/4/2026;L02;10146940
00372 UTE 372 GEO POSCO II;1001823;ZSTO;ACEITE F50 5W40 X 20 L;ELAION // YPF S.A. // ELAION;F50 5W40 // 151792 // FS540;U003;372;V1;2;3;L01;ACEITES;LUBRICANTES;AMAROK-HILUX;KG;ZPAN;1000086037;EMBALADO;4500124284;15/4/2026;15/4/2026;;27/4/2026;6/4/2026;L01;10146940
00372 UTE 372 GEO POSCO II;1003026;ZSTO;FILTRO SEPARADOR DE AGUA;FLEETGUARD // FLEETGUARD // DONALDSON;FS19652 // FS1280 // P551329;U003;372;V1;9;16;F13;FILTRO TRAMPA DE A;FILTROS;ONAN C66D5;KG;ZPAN;1000086037;EMBALADO;4500124688;16/4/2026;16/4/2026;;27/4/2026;6/4/2026;F03;10146940
00372 UTE 372 GEO POSCO II;1003065;ZSTO;FILTRO SECADOR DE AIRE DE FRENOS;MERCEDES B // // //;A0004291797 // AL24 // T250W // A0004295695;U003;372;V1;2;3;F11;FILTRO SECADOR DE;FILTROS;MB ATEGO;KG;ZPAN;1000086037;EMBALADO;4500124304;7/4/2026;7/4/2026;;27/4/2026;6/4/2026;F07;10146940
00372 UTE 372 GEO POSCO II;1003068;ZSTO;FILTRO DE DIRECCION;MERCEDES B;A0004660604;U003;372;V1;2;3;F07;FILTRO FLUIDO HIDR;FILTROS;MB ATEGO;KG;ZPAN;1000086037;EMBALADO;4500124304;7/4/2026;7/4/2026;;27/4/2026;6/4/2026;F07;10146940
00372 UTE 372 GEO POSCO II;1003176;ZSTO;FILTRO A A CABINA INTERIOR;CATERPILLA //;2902288 // 5019255;U003;372;V1;2;3;F10;FILTRO HVAC;FILTROS;CAT 950;KG;ZPAN;1000086037;DESPACHADO;4500124490;14/4/2026;14/4/2026;16/4/2026;27/4/2026;6/4/2026;F10;10146940
00372 UTE 372 GEO POSCO II;1003213;ZSTO;ELEMENTO FILTRO DE ACEITE;FLEETGUARD // DONALDSON //;LF9028 // DBL7349 // P558615;U003;372;V1;2;2;F03;FILTRO ACEITE;FILTROS;ONAN C 150 D5 4;KG;ZPAN;1000086037;EMBALADO;4500124688;16/4/2026;16/4/2026;;27/4/2026;6/4/2026;F03;10146940
00372 UTE 372 GEO POSCO II;1003219;ZSTO;FILTRO VENTILACION DE CARTER;CATERPILLA;2735711;U003;372;V1;2;3;F04;FILTRO AIRE;FILTROS;CAT 815 K;KG;ZPAN;1000086037;DESPACHADO;4500124490;14/4/2026;14/4/2026;16/4/2026;27/4/2026;6/4/2026;F10;10146940
00372 UTE 372 GEO POSCO II;1003360;ZSTO;FILTRO A A CABINA EXTERIOR;CATERPILLA //;2902287 // 5019254;U003;372;V1;2;3;F10;FILTRO HVAC;FILTROS;CAT 950;KG;ZPAN;1000086037;DESPACHADO;4500124490;14/4/2026;14/4/2026;16/4/2026;27/4/2026;6/4/2026;F10;10146940
00372 UTE 372 GEO POSCO II;1015810;ZSSD;LIMPIACONTACTO EN AEROSOL X UN;;;U003;372;V1;5;8;C27;FERRETERIA MR01;LIMPIEZA;LIMPIEZA /SEGURIDAD;KG;ZPAN;1000086037;ADJUDICADO;4500125123;;;;27/4/2026;6/4/2026;C27;10146940
00374 TERMINAL PUNTA COLORADA;1001869;ZSTO;MARCADORINDUSTRIAL-AMARILLOXUN;UNIPAINT;MÚLT. 10U;MR01;374;V1;120;240;C17;INSUMOS A;LIBRERIA;ESCRITURA;KG;ZPAS;1000086039;CUMPLIDO PARCIAL;;;8/4/2026;;24/4/2026;6/4/2026;;
00372 UTE 372 GEO POSCO II;1001727;ZSTO;PROTECTOR AUDITIVO COPA PARA CASCO;LIBUS;L300;U003;372;V1;10;15;C28;SEGURIDAD/ROPA/EPP;SEGURIDAD;ACCESORIO SEGURIDAD;KG;ZPAN;1000085877;ADJUDICADO;4500124360;;;;1/5/2026;1/4/2026;C28;10146751
00372 UTE 372 GEO POSCO II;1001828;ZSTO;CUBIERTA 12.00 R20 TG85 (TRACCION);PIRELLI NE // GOOD YEAR // MICHELIN A // GOOD YEAR // GOOD YEAR // GOOD YEAR;TG85 // G677OTR // XDY // G-677 MSD // G677 // G677MSD.;U003;372;V1;2;4;C48;CUBIERTAS CAMIONES;CUBIERTAS;CUBIERTAS;KG;ZPAN;1000085877;ADJUDICADO;4500124285;;;;1/5/2026;1/4/2026;C48;10146751
00372 UTE 372 GEO POSCO II;1033986;ZSCD;DISCO LIJA GRANO 60 DE 4 1/2 - DOBLE A;;"C&#24;176GRADO36";U003;372;V1;43;78;C27;FERRETERIA MR01;FERRETERIA;INSUMOS;KG;ZPAN;1000085877;ADJUDICADO;4500124678;;;;1/5/2026;1/4/2026;C27;10146751
00374 TERMINAL PUNTA COLORADA;1016080;ZSCD;BOTIN CONW 53 BAF MARRON FLOR P.ACER N39;;;MR01;374;CL;5;10;C28;SEGURIDAD/ROPA/EPP;SEGURIDAD;CALZADO;KG;ZPAN;1000085812;CUMPLIDO PARCIAL;4500124386;17/4/2026;17/4/2026;17/4/2026;27/4/2026;31/3/2026;374;10146664
00372 UTE 372 GEO POSCO II;1002776;ZSTO;FILTRO AIRE PRIMARIO XUN;DARMET;V750;U003;372;V1;2;2;F04;FILTRO AIRE;FILTROS;ONAN / MULLER;KG;ZPAN;1000085728;DESPACHADO;4500124239;13/4/2026;14/4/2026;16/4/2026;30/4/2026;30/3/2026;F04;10146571
00372 UTE 372 GEO POSCO II;1002997;ZSTO;FILTRO CABINA INTERIOR;HAULOTTE G // DIECI // HIFI FILTE;2820301610 // 2I094123 // SC 70087;U003;372;V1;2;3;F05;FILTRO AIRE CABINA;FILTROS;HAULOTTE HTL 4014/4017/4010;KG;ZPAN;1000085728;EMBALADO;4500124370;17/4/2026;17/4/2026;;30/4/2026;30/3/2026;F05;10146571
00372 UTE 372 GEO POSCO II;1003027;ZSTO;ELEMENTO FILTRO DE ACEITE;FLEETGUARD // // No aplica // BALDWIN //;LF16061 // DBL7349 // P556615 // B7362 // LF3806;U003;372;V1;4;7;F03;FILTRO ACEITE;FILTROS;ONAN C66D5;KG;ZPAN;1000085728;ADJUDICADO;4500124015;;;;30/4/2026;30/3/2026;F03;10146571
00372 UTE 372 GEO POSCO II;1003067;ZSTO;FILTRO DE AIRE;MERCEDES B;A9585280206;U003;372;V1;4;6;F04;FILTRO AIRE;FILTROS;MB ATEGO;KG;ZPAN;1000085728;EMBALADO;4500124157;7/4/2026;7/4/2026;;30/4/2026;30/3/2026;F06;10146571
00372 UTE 372 GEO POSCO II;1003089;ZSTO;FILTRO DE CABINA;TOYOTA ARG;871390K080;U003;372;V1;5;8;F05;FILTRO AIRE CABINA;FILTROS;HILUX 2017;KG;ZPAN;1000085728;EMBALADO;4500124023;7/4/2026;8/4/2026;;30/4/2026;30/3/2026;F06;10146571
00372 UTE 372 GEO POSCO II;1003138;ZSTO;FILTRO DE COMBUSTIBLE;KOMATSU HO // KOMATSU HO;6003193750 // 6003113750;U003;372;V1;2;2;F06;FILTRO COMBUSTIBLE;FILTROS;KOMATSU PC 200-8;KG;ZPAN;1000085728;DESPACHADO;4500124497;14/4/2026;14/4/2026;16/4/2026;30/4/2026;30/3/2026;F06;10146571
00372 UTE 372 GEO POSCO II;1003364;ZSTO;FILTRO AIRE SECUNDARIO;FLEETGUARD // KOMATSU HO // DONALDSON // // DARMET;AF26114 // 6001854120 // P533781 // TR9988 // VP-2741;U003;372;V1;2;2;F04;FILTRO AIRE;FILTROS;FLEETGUARD;KG;ZPAN;1000085728;DESPACHADO;4500124239;13/4/2026;14/4/2026;16/4/2026;30/4/2026;30/3/2026;F04;10146571
00372 UTE 372 GEO POSCO II;1003365;ZSTO;FILTRO AIRE PRIMARIO;FLEETGUARD // KOMATSU HO // DONALDSON //;AF25667 // 6001854110 // P532966 // VP2740;U003;372;V1;2;2;F04;FILTRO AIRE;FILTROS;FLEETGUARD;KG;ZPAN;1000085728;DESPACHADO;4500124239;13/4/2026;14/4/2026;16/4/2026;30/4/2026;30/3/2026;F04;10146571
00372 UTE 372 GEO POSCO II;1001952;ZSTO;TRAPO LIMPIO (BOLSAX10KG) XUN;;MÚLT. 10 KG;U003;372;V1;7;12;C27;FERRETERIA MR01;FERRETERIA;ACCESORIOS;KG;ZPAN;1000085568;ADJUDICADO;4500123839;;;;20/4/2026;27/3/2026;C27;10146419
00374 TERMINAL PUNTA COLORADA;1042677;ZSCD;MAMELUCO GRAFA AZUL C/LOGO Y REFL. T.3XL;;;MR01;374;CL;5;10;C28;SEGURIDAD/ROPA/EPP;INDUMENTARIA;EPP;KG;ZPAN;1000085474;ADJUDICADO;4500123958;;;;25/4/2026;26/3/2026;374;10146285
00372 UTE 372 GEO POSCO II;1003000;ZSTO;FILTRO HIDRAULICO DE RETORNO;HAULOTTE G //;2505001940 // 16782 ELEVAMUNDO;U003;372;V1;2;3;F07;FILTRO FLUIDO HIDR;FILTROS;HAULOTTE HTL 4014/4017;KG;ZPAN;1000085405;ADJUDICADO;4500123727;;;;24/4/2026;25/3/2026;F07;10146173
00374 TERMINAL PUNTA COLORADA;1001878;ZSTO;CINTA DE ENMASCARAR 48MM X ROLLO;SCOTCH;;MR01;374;V1;100;200;C17;INSUMOS A;LIBRERIA;CINTAS ADHESIVAS;KG;ZPAS;1000085414;CUMPLIDO PARCIAL;;;26/3/2026;;16/4/2026;25/3/2026;;
00372 UTE 372 GEO POSCO II;1002931;ZSTO;FILTRO ACEITE;VOLVO CONS // VOLVO CONS // FLEETGUARD // VOLVO CONS // VOLVO MAQU;P21707133 // 23658092 // LF667 // VOE478736 // 17533660;U003;372;V1;2;3;F03;FILTRO ACEITE;FILTROS;VOLVO 330 // VOLVO L260H;KG;ZPAN;1000085368;EMBALADO;4500123733;1/4/2026;1/4/2026;;27/4/2026;24/3/2026;F03;10146138
00372 UTE 372 GEO POSCO II;1002349;ZSTO;TRABA P UNA XUN;CATERPILLA;2209090;U003;372;V1;4;12;G05;AJUSTE;DESGASTE;CAT324DL, 980H;KG;ZPAN;1000085368;DESPACHADO;4500124387;11/4/2026;11/4/2026;14/4/2026;27/4/2026;24/3/2026;G05;10146138
00372 UTE 372 GEO POSCO II;1002229;ZSTO;TUERCA CUCHILLA CORTE LATERAL;CATERPILLA // CATERPILLA;2J3507 // 8J2933;U003;372;RE;11;13;G05;AJUSTE;DESGASTE;938HG,D9T, 324DL, 330,336,988;KG;ZPAN;1000085368;DESPACHADO;4500124387;11/4/2026;11/4/2026;14/4/2026;27/4/2026;24/3/2026;G05;10146138
00374 TERMINAL PUNTA COLORADA;1047701;ZSCD;CHALECO REFLECTIVO NARANJA C2 C/LOGO T.M;;;MR01;374;V1;20;35;C28;SEGURIDAD/ROPA/EPP;INDUMENTARIA;EPP;KG;ZPAN;1000085063;ADJUDICADO;4500123736;;;;10/4/2026;18/3/2026;C28;10145701
00374 TERMINAL PUNTA COLORADA;1054337;ZSCD;HOJA CALADORA;LEVAS BOSC;T144DP;MR01;374;V1;10;20;C27;FERRETERIA MR01;;;KG;ZPAN;1000084661;CUMPLIDO PARCIAL;4500123456;11/4/2026;13/4/2026;13/4/2026;6/4/2026;12/3/2026;C27;10145224
00372 UTE 372 GEO POSCO II;1001790;ZSTO;ACEITE 15W40  X 205L;YPF S.A. // YPF S.A. // EXXON MOBI // CATERPILLA // SHELL PLC. // VOLVO MAQU;EXTRAVIDA XV300 // 189292 // DELVAC MX 15W40 APICI4 // DEO 15W40 // R4 15W40 APICI4 ACEAE5E7 // VDS3;U003;372;V1;3;4;L01;ACEITES;LUBRICANTES;ACEITES;KG;ZPAN;1000084378;RECEPCIONADO;4500122711;7/4/2026;;;10/4/2026;9/3/2026;L01;10144877
00374 TERMINAL PUNTA COLORADA;1041531;ZSCD;DISCO P SIERRA CIRCULAR D9PG 24 DIENTES;;;MR01;374;V1;10;20;C27;FERRETERIA MR01;FERRETERIA;INSUMOS;KG;ZPAN;1000084266;CUMPLIDO PARCIAL;4500124388;16/4/2026;11/4/2026;16/4/2026;27/4/2026;6/3/2026;374;10144723
00374 TERMINAL PUNTA COLORADA;1017090;ZSSD;ESPATULA METALICA 3PG;;;MR01;374;V1;5;10;C27;FERRETERIA MR01;FERRETERIA;INSUMOS;KG;ZPAN;1000083222;ADJUDICADO;4500121895;;;;11/3/2026;19/2/2026;C27;10143217
00374 TERMINAL PUNTA COLORADA;1001673;ZSTO;ALAMBRE 1.42MM NEGRO RECOCIDO P ATAR XKG;;MÚLT. 45/50 KG;MR01;374;V1;1000;2000;C08;ACERO;ACEROS;ALAMBRES;KG;ZPAN;1000083268;ADJUDICADO;4500125024;;;;30/4/2026;19/2/2026;C08;10143324
00374 TERMINAL PUNTA COLORADA;1017009;ZSSD;BLOCK A5 ESPIRAL CUADRIC 70HS;;;MR01;374;CL;12;24;C17;INSUMOS A;LIBRERIA;LIBRERIA;KG;ZPAN;1000082627;ADJUDICADO;4500119866;;;;25/4/2026;9/2/2026;374;10142546
00374 TERMINAL PUNTA COLORADA;1049670;ZSTO;DIENTE CORTE IZQUIERDO;;KV17002 / BOBCAT 06634415;MR01;374;V1;34;68;C03;EQUIPOS;?;?;KG;ZPAN;1000081472;CUMPLIDO PARCIAL;4500118169;30/1/2026;30/1/2026;4/2/2026;4/2/2026;21/1/2026;C03;10141016
00374 TERMINAL PUNTA COLORADA;1049671;ZSTO;DIENTE CORTE DERECHO;;KV17003 / BOBCAT 06634414;MR01;374;V1;34;68;C03;EQUIPOS;?;?;KG;ZPAN;1000081472;CUMPLIDO PARCIAL;4500118169;30/1/2026;30/1/2026;4/2/2026;4/2/2026;21/1/2026;C03;10141016
00372 UTE 372 GEO POSCO II;1043433;ZSTO;RODILLO PRESION CUÑA;;153.338;U003;372;RE;4;6;CGT;GC Geotextiles;REPUESTOS;?;KG;ZPAN;1000078176;RECEPCIONADO PARCIAL;4500114743;12/3/2026;;;21/4/2026;20/11/2025;CGT;10136476
00377-YPF 3° loop;1001684;ZSTO;DELANTALDESCARNE0.60X1.20CONREFUERZO;;;MR01;377;V1;20;30;C28;SEGURIDAD/ROPA/EPP;SEGURIDAD;INDUMENTARIA;KG;ZPAS;1000086876;SIN TRATAMIENTO;;;;;11/5/2026;20/4/2026;;
00377-YPF 3° loop;1001697;ZSTO;GUANTE VAQUETA MEDIO PASEO T.10;;MÚLT. 12U;MR01;377;V1;350;500;C28;SEGURIDAD/ROPA/EPP;SEGURIDAD;GUANTE;KG;ZPAS;1000086876;SIN TRATAMIENTO;;;;;11/5/2026;20/4/2026;;
00377-YPF 3° loop;1001704;ZSTO;PROTECTORFACIALSOPORTEARNESCREMALLERA;LIBUS;901383;MR01;377;V1;20;40;C28;SEGURIDAD/ROPA/EPP;SEGURIDAD;ACCESORIO SEGURIDAD;KG;ZPAS;1000086876;SIN TRATAMIENTO;;;;;11/5/2026;20/4/2026;;
00377-YPF 3° loop;1001772;ZSTO;BANDERIN ROJO Y BLANCO 500MM X 700MM XUN;;;MR01;377;V1;10;20;C28;SEGURIDAD/ROPA/EPP;SEGURIDAD;SEÑALIZACION;KG;ZPAS;1000086876;SIN TRATAMIENTO;;;;;11/5/2026;20/4/2026;;
00377-YPF 3° loop;1001853;ZSTO;PENDRIVE 32 GB;;MARCA: SANDISK,KINGSTON,LEXAR;MR01;377;V1;5;10;C05;INFORMÁT.-HARDWARE;INFORMATICA;HARDWARE;KG;ZPAS;1000086876;SIN TRATAMIENTO;;;;;11/5/2026;20/4/2026;;
00377-YPF 3° loop;1001879;ZSTO;CINTA DE ENMASCARAR 24 MM XROLLO;;;MR01;377;V1;11;21;C17;INSUMOS A;LIBRERIA;CINTAS ADHESIVAS;KG;ZPAS;1000086876;SIN TRATAMIENTO;;;;;11/5/2026;20/4/2026;;
00377-YPF 3° loop;1001926;ZSTO;DISCO CORTE 114X3.2X22.23 TYROLIT S x UN;TYROLIT;114X32X222;MR01;377;V1;200;350;C27;FERRETERIA MR01;FERRETERIA;ABRASIVOS/DISCOS;KG;ZPAS;1000086876;SIN TRATAMIENTO;;;;;11/5/2026;20/4/2026;;
00377-YPF 3° loop;1001927;ZSTO;DISCO CORTE 178X1.6X22 SECUR EXTRA  x UN;TYROLIT;178X16X222;MR01;377;V1;350;500;C27;FERRETERIA MR01;FERRETERIA;ABRASIVOS/DISCOS;KG;ZPAS;1000086876;SIN TRATAMIENTO;;;;;11/5/2026;20/4/2026;;
00377-YPF 3° loop;1001928;ZSTO;DISCO C D O A 178X3.2X22.2 SECUR x UN;TYROLIT;178X32X222;MR01;377;V1;150;300;C27;FERRETERIA MR01;FERRETERIA;ABRASIVOS/DISCOS;KG;ZPAS;1000086876;SIN TRATAMIENTO;;;;;11/5/2026;20/4/2026;;
00377-YPF 3° loop;1001929;ZSTO;DISCO 178X4,8X22,23TYROLIT OASECUR XUN;TYROLIT;178X48X222;MR01;377;V1;250;400;C27;FERRETERIA MR01;FERRETERIA;ABRASIVOS/DISCOS;KG;ZPAS;1000086876;SIN TRATAMIENTO;;;;;11/5/2026;20/4/2026;;
00377-YPF 3° loop;1001933;ZSTO;DISCO 114x1,6x222 REFORZADO x UN;TYROLIT;114X16X222;MR01;377;V1;250;400;C27;FERRETERIA MR01;FERRETERIA;ABRASIVOS/DISCOS;KG;ZPAS;1000086876;SIN TRATAMIENTO;;;;;11/5/2026;20/4/2026;;
00377-YPF 3° loop;1001983;ZSTO;VIDRIOP CARETASOLDADOR50X105MMTINTE11;;;MR01;377;V1;60;120;C27;FERRETERIA MR01;SOLDADURA;ACCESORIOS;KG;ZPAS;1000086876;SIN TRATAMIENTO;;;;;11/5/2026;20/4/2026;;
00377-YPF 3° loop;1001985;ZSTO;VIDRIOP CARETASOLDADOR50X105MMINCOLORO;;;MR01;377;V1;250;400;C27;FERRETERIA MR01;SOLDADURA;ACCESORIOS;KG;ZPAS;1000086876;SIN TRATAMIENTO;;;;;11/5/2026;20/4/2026;;
00377-YPF 3° loop;1002071;ZSTO;CAMPERA DESCARNE T.XXXL;;;MR01;377;V1;15;25;C28;SEGURIDAD/ROPA/EPP;SEGURIDAD;INDUMENTARIA;KG;ZPAS;1000086876;SIN TRATAMIENTO;;;;;11/5/2026;20/4/2026;;
00377-YPF 3° loop;1004011;ZSTO;LAMPARA 12V-5W S CULOTE X UN;;PHILIPS-OSRAM;MR01;377;V1;10;15;C03;EQUIPOS;REPUESTOS;ELECTRICIDAD AUTOMOTOR;KG;ZPAS;1000086876;SIN TRATAMIENTO;;;;;11/5/2026;20/4/2026;;
00377-YPF 3° loop;1015802;ZSSD;HOJA DE SIERRA 18D;;;MR01;377;V1;5;10;C27;FERRETERIA MR01;FERRETERIA;INSUMOS;KG;ZPAN;1000086880;SIN TRATAMIENTO;;;;;11/5/2026;20/4/2026;;10148078
00377-YPF 3° loop;1015804;ZSSD;HOJA DE SIERRA 32D;;;MR01;377;V1;5;10;C27;FERRETERIA MR01;FERRETERIA;INSUMOS;KG;ZPAN;1000086880;SIN TRATAMIENTO;;;;;11/5/2026;20/4/2026;;10148078
00377-YPF 3° loop;1015844;ZSSD;PILA ALCALINA AA –ENERGIZER X UN;;;MR01;377;V1;16;32;C27;FERRETERIA MR01;FERRETERIA;INSUMOS;KG;ZPAN;1000086880;SIN TRATAMIENTO;;;;;11/5/2026;20/4/2026;;10148078
00377-YPF 3° loop;1016480;ZSCD;PROTECTOR SOLAR DE LABIO x UN;;;MR01;377;V1;40;80;C28;SEGURIDAD/ROPA/EPP;SEGURIDAD;INSUMO;KG;ZPAN;1000086880;SIN TRATAMIENTO;;;;;11/5/2026;20/4/2026;;10148078
00377-YPF 3° loop;1016938;ZSSD;SILICONA LIQUIDA BRILLO SILICONADO X5LT;;;MR01;377;V1;6;12;C17;INSUMOS A;LIMPIEZA;LIMPIEZA /SEGURIDAD;KG;ZPAN;1000086880;SIN TRATAMIENTO;;;;;11/5/2026;20/4/2026;;10148078
00377-YPF 3° loop;1001851;ZSTO;MOUSE INALAMBRICO;;MARCA: LOGITECH/MICROSOFT;MR01;377;V1;5;10;C05;INFORMÁT.-HARDWARE;INFORMATICA;HARDWARE;KG;ZPAN;1000086843;SIN TRATAMIENTO;;;;;25/4/2026;18/4/2026;;10148047
00377-YPF 3° loop;1017067;ZSSD;BATERIA P BALIZA 1000HS;;;MR01;377;V1;10;20;C28;SEGURIDAD/ROPA/EPP;SEGURIDAD;?;KG;ZPAN;1000086770;SIN TRATAMIENTO;;;;;23/4/2026;17/4/2026;;10147908
00375 YPF OLEODUCTO PR-LP;1001697;ZSTO;GUANTE VAQUETA MEDIO PASEO T.10;;MÚLT. 12U;MR01;375;RE;72;120;C28;SEGURIDAD/ROPA/EPP;SEGURIDAD;GUANTE;KG;ZPAS;1000086686;DESPACHADO;;;17/4/2026;17/4/2026;7/5/2026;16/4/2026;;
00375 YPF OLEODUCTO PR-LP;1002396;ZSTO;TRABA DE UNA;No aplica;KH23P // 206920B750;MR01;375;V1;6;12;G05;AJUSTE;DESGASTE;EXCAVADORA KOMATSU PC 240;KG;ZPAS;1000086686;DESPACHADO;;;17/4/2026;17/4/2026;7/5/2026;16/4/2026;;
00377-YPF 3° loop;1001759;ZSTO;BOTIN MARRON/NEGRO FLOR P.ACERO N 43;CONWORK // BORIS // VORAN // CALZADOS A // // //;53BAF // 3305 T43 // CRONOS N T43 // ESCORPIO PRUS 1050 T43 // RINGO MOD BOLT TALLE 43 // RINGO-MOD PUNCH TALLE 43 // SKIWAY MOD. 3243 T43;MR01;377;V1;8;15;C28;SEGURIDAD/ROPA/EPP;SEGURIDAD;CALZADO;KG;ZPAS;1000086717;EMBALADO;;;17/4/2026;;7/5/2026;16/4/2026;;
00377-YPF 3° loop;1002836;ZSTO;FILTRO AIRE XUN;TOYOTA ARG;178010C01000;MR01;377;V1;6;12;F04;FILTRO AIRE;FILTROS;HILUX 3.00;KG;ZPAS;1000086717;EMBALADO;;;17/4/2026;;7/5/2026;16/4/2026;;
00377-YPF 3° loop;1002837;ZSTO;FILTRO COMBUSTIBLE;TOYOTA ARG // TOYOTA ARG;233900L04100 // 233920L0100;MR01;377;V1;6;12;F06;FILTRO COMBUSTIBLE;FILTROS;PARA HILUX 3.00;KG;ZPAS;1000086717;EMBALADO;;;17/4/2026;;7/5/2026;16/4/2026;;
00377-YPF 3° loop;1001909;ZSTO;LUSTRA MUEBLES BLEM;;;MR01;377;V1;12;24;C17;INSUMOS A;LIMPIEZA;INSUMOS;KG;ZPAN;1000086718;SIN TRATAMIENTO;;;;;7/5/2026;16/4/2026;;10147846
00375 YPF OLEODUCTO PR-LP;1029772;ZSTO;CORREA 6PK1125;;6PK1125;MR01;375;V1;2;4;C03;EQUIPOS;EQUIPOS;AUTOMOTOR;KG;ZPAN;1000086648;ADJUDICADO;4500125313;;;;6/5/2026;15/4/2026;C03;10147751
00377-YPF 3° loop;1001678;ZSTO;FICHA T.STECK HEMBRA 220V 16A 2P T X UN;;;MR01;377;V1;10;20;C11;ELECTRICIDAD;ELECTRICIDAD;FICHAS;KG;ZPAS;1000086664;EMBALADO PARCIAL;;;17/4/2026;;6/5/2026;15/4/2026;;
00377-YPF 3° loop;1001716;ZSTO;TAPON AUDITIVO QUANTUM;LIBUS;QUANTUM-REUSABLE (MÚLT. 50U);MR01;377;V1;50;100;C28;SEGURIDAD/ROPA/EPP;SEGURIDAD;ACCESORIO SEGURIDAD;KG;ZPAS;1000086664;EMBALADO;;;17/4/2026;;6/5/2026;15/4/2026;;
00377-YPF 3° loop;1001717;ZSTO;PROTECTOR FACIAL BURBUJA INCOLORO;LIBUS;901386;MR01;377;V1;40;80;C28;SEGURIDAD/ROPA/EPP;SEGURIDAD;ACCESORIO SEGURIDAD;KG;ZPAS;1000086664;EMBALADO PARCIAL;;;17/4/2026;;6/5/2026;15/4/2026;;
00377-YPF 3° loop;1001728;ZSTO;ADAPTADOR PROTECTOR FACIAL;LIBUS;902493;MR01;377;V1;20;40;C28;SEGURIDAD/ROPA/EPP;SEGURIDAD;ACCESORIO SEGURIDAD;KG;ZPAS;1000086664;EMBALADO PARCIAL;;;17/4/2026;;6/5/2026;15/4/2026;;
00377-YPF 3° loop;1001731;ZSTO;MALLA NARANJA 50 MT;;;MR01;377;V1;10;20;C28;SEGURIDAD/ROPA/EPP;SEGURIDAD;SEÑALIZACION;KG;ZPAS;1000086664;EMBALADO;;;17/4/2026;;6/5/2026;15/4/2026;;
00377-YPF 3° loop;1001756;ZSTO;BOTIN MARRON/NEGRO FLOR P.ACERO N 40;CONWORK // BORIS // VORAN // CALZADOS A // // //;53BAF // 3305 T40 // CRONOS N T40 // ESCORPIO PRUS 1050 T40 // RINGO MOD BOLT TALLE 40 // RINGO-MOD PUNCH TALLE 40 // SKIWAY MOD. 3243 T40;MR01;377;V1;8;15;C28;SEGURIDAD/ROPA/EPP;SEGURIDAD;CALZADO;KG;ZPAS;1000086664;EMBALADO;;;17/4/2026;;6/5/2026;15/4/2026;;
00377-YPF 3° loop;1004024;ZSTO;LAMPARA 12V-21W X UN;;BA15S;MR01;377;V1;10;15;C29;FILTROS/RESPUESTOS;REPUESTOS;ELECTRICIDAD AUTOMOTOR;KG;ZPAS;1000086664;EMBALADO;;;17/4/2026;;6/5/2026;15/4/2026;;
00377-YPF 3° loop;1017045;ZSSD;SECADOR DE PISO 30CM;;;MR01;377;V1;10;30;C17;INSUMOS A;LIMPIEZA;INSUMOS;KG;ZPAN;1000086665;SIN TRATAMIENTO;;;;;6/5/2026;15/4/2026;;10147763
00377-YPF 3° loop;1016479;ZSCD;PROTECTOR SOLAR (CREMA) FACT 60 X 120ML;;;MR01;377;V1;40;80;C28;SEGURIDAD/ROPA/EPP;SEGURIDAD;INSUMO;KG;ZPAN;1000086581;SIN TRATAMIENTO;;;;;5/5/2026;14/4/2026;;10147697
00377-YPF 3° loop;1016958;ZSSD;SEPARADOR A4 PLASTICO A-Z PLASTICO;;MÚLT. 5U;MR01;377;V1;12;24;C17;INSUMOS A;LIMPIEZA;LIMPIEZA /SEGURIDAD;KG;ZPAN;1000086581;ADJUDICADO;4500125147;;;;5/5/2026;14/4/2026;C17;10147697
00377-YPF 3° loop;1016981;ZSSD;GRINFA D10;;;MR01;377;V1;3;5;C27;FERRETERIA MR01;FERRETERIA;HERRAMIENTAS;KG;ZPAN;1000086581;SIN TRATAMIENTO;;;;;5/5/2026;14/4/2026;;10147697
00377-YPF 3° loop;1017009;ZSSD;BLOCK A5 ESPIRAL CUADRIC 70HS;;;MR01;377;V1;20;30;C17;INSUMOS A;LIBRERIA;LIBRERIA;KG;ZPAN;1000086581;ADJUDICADO;4500125147;;;;5/5/2026;14/4/2026;C17;10147697
00377-YPF 3° loop;1001682;ZSTO;MAMEL. 1°CAL. DESC. LAMIN.BLANCO 60GR.XL;;FABRICANTE:DUPONT | MODELO:TYVEK 500;MR01;377;V1;100;200;C28;SEGURIDAD/ROPA/EPP;SEGURIDAD;INDUMENTARIA;KG;ZPAS;1000086372;EMBALADO;;;17/4/2026;;30/4/2026;10/4/2026;;
00377-YPF 3° loop;1001692;ZSTO;MENTONERA PARA CASCO;MSA;VGARD;MR01;377;V1;20;40;C28;SEGURIDAD/ROPA/EPP;SEGURIDAD;ACCESORIO SEGURIDAD;KG;ZPAS;1000086372;CUMPLIDO PARCIAL;;;13/4/2026;15/4/2026;30/4/2026;10/4/2026;;
00377-YPF 3° loop;1001727;ZSTO;PROTECTOR AUDITIVO COPA PARA CASCO;LIBUS;L300;MR01;377;V1;15;30;C28;SEGURIDAD/ROPA/EPP;SEGURIDAD;ACCESORIO SEGURIDAD;KG;ZPAS;1000086372;SIN TRATAMIENTO;;;;;30/4/2026;10/4/2026;;
00377-YPF 3° loop;1001841;ZSTO;CAMARA 12.00 R20;;MARCA DONGAH // MARCA PIRELLI;MR01;377;V1;10;16;C52;CAMARAS;CUBIERTAS;CUBIERTAS;KG;ZPAS;1000086372;EMBALADO;;;17/4/2026;;30/4/2026;10/4/2026;;
00377-YPF 3° loop;1001865;ZSTO;MARCADORINDUSTRIAL-VERDEXUN;UNIPAINT;MÚLT. 10U;MR01;377;V1;25;48;C17;INSUMOS A;LIBRERIA;ESCRITURA;KG;ZPAS;1000086372;CUMPLIDO PARCIAL;;;13/4/2026;15/4/2026;30/4/2026;10/4/2026;;
00377-YPF 3° loop;1001867;ZSTO;MARCADOR INDUSTRIAL-BLANCOXUN;UNIPAINT;MÚLT. 10U;MR01;377;V1;37;60;C17;INSUMOS A;LIBRERIA;ESCRITURA;KG;ZPAS;1000086372;SIN TRATAMIENTO;;;;;30/4/2026;10/4/2026;;
00377-YPF 3° loop;1001885;ZSTO;BOLSAS RESIDUOS XUN 102X130 VERDE;;;MR01;377;V1;300;500;C17;INSUMOS A;LIMPIEZA;LIMPIEZA /SEGURIDAD;KG;ZPAS;1000086372;CUMPLIDO PARCIAL;;;13/4/2026;;30/4/2026;10/4/2026;;
00377-YPF 3° loop;1001934;ZSTO;DISCO C D O A 114X4.8X22.2 SECUR x UN;TYROLIT;114X48X222;MR01;377;V1;100;200;C27;FERRETERIA MR01;FERRETERIA;ABRASIVOS/DISCOS;KG;ZPAS;1000086372;CUMPLIDO PARCIAL;;;13/4/2026;15/4/2026;30/4/2026;10/4/2026;;
00377-YPF 3° loop;1001951;ZSTO;CANDADO 50MM XUN;;;MR01;377;V1;15;30;C27;FERRETERIA MR01;FERRETERIA;ACCESORIOS;KG;ZPAS;1000086372;CUMPLIDO PARCIAL;;;13/4/2026;15/4/2026;30/4/2026;10/4/2026;;
00377-YPF 3° loop;1001961;ZSTO;CINTA AISLADORA NEGRA X10MT;;;MR01;377;V1;15;30;C27;FERRETERIA MR01;FERRETERIA;INSUMOS;KG;ZPAS;1000086372;SIN TRATAMIENTO;;;;;30/4/2026;10/4/2026;;
00377-YPF 3° loop;1002838;ZSTO;FILTRO ACEITE;TOYOTA ARG // TOYOTA ARG;909152000300 // 90915YZZD2;MR01;377;V1;10;15;F03;FILTRO ACEITE;FILTROS;PARA HILUX;KG;ZPAS;1000086372;SIN TRATAMIENTO;;;;;30/4/2026;10/4/2026;;
00377-YPF 3° loop;1026342;ZSTO;FILTRO BOMBA DE COMBUSTIBLE;TOYOTA ARG;23390-0E011;MR01;377;V1;3;4;F06;FILTRO COMBUSTIBLE;FILTROS;?;KG;ZPAS;1000086372;SIN TRATAMIENTO;;;;;30/4/2026;10/4/2026;;
00375 YPF OLEODUCTO PR-LP;1002592;ZSTO;FILTRO ACEITE MOTOR XUN;KOMATSU HO // KOMATSU HO // DONALDSON;6736515142 // DBL7349 // P550909;MR01;375;V1;2;4;F03;FILTRO ACEITE;FILTROS;FILTROS;KG;ZPAS;1000086273;CUMPLIDO PARCIAL;;;10/4/2026;;29/4/2026;9/4/2026;;
00377-YPF 3° loop;1016916;ZSSD;PINCEL CERDA NB 30;;;MR01;377;V1;5;10;C22;INSUMOS C;FERRETERIA;INSUMOS;KG;ZPAN;1000085885;ADJUDICADO;4500124404;;;;23/4/2026;1/4/2026;C22;10146755
00377-YPF 3° loop;1016988;ZSSD;CINTA METRICA 3MT;;;MR01;377;V1;5;10;C27;FERRETERIA MR01;FERRETERIA;INSUMOS;KG;ZPAN;1000085885;ADJUDICADO;4500124596;;;;23/4/2026;1/4/2026;C27;10146755
00377-YPF 3° loop;1017224;ZSSD;LAPIZ CARPINTERO;;;MR01;377;V1;5;10;C27;FERRETERIA MR01;FERRETERIA;FERRETERIA;KG;ZPAN;1000085316;ADJUDICADO;4500123920;;;;15/4/2026;23/3/2026;C27;10146054
00377-YPF 3° loop;1025947;ZSSD;ESCOBA DE PLASTICO;;;MR01;377;V1;10;20;C17;INSUMOS A;LIMPIEZA;LIMPIEZA /SEGURIDAD;KG;ZPAN;1000085316;ADJUDICADO;4500124474;;;;15/4/2026;23/3/2026;C17;10146054
00377-YPF 3° loop;1017037;ZSSD;MARCADOR P PIZARRA VERDE;;MÚLT. 10U;MR01;377;V1;20;30;C17;INSUMOS A;LIBRERIA;ESCRITURA;KG;ZPAN;1000083945;ADJUDICADO;4500124685;;;;20/3/2026;2/3/2026;C17;10144239
00377-YPF 3° loop;1001896;ZSTO;PULVERIZADOR P ALCOHOL LIQUIDO 500 ML;;;MR01;377;V1;10;20;C17;INSUMOS A;LIMPIEZA;DIFUSOR;KG;ZPAS;1000079637;CUMPLIDO PARCIAL;;;16/12/2025;16/1/2026;6/1/2026;15/12/2025;;
00223 Comp Amb Santa Fe;1001673;ZSTO;ALAMBRE 1.42MM NEGRO RECOCIDO P ATAR XKG;;MÚLT. 45/50 KG;MR01;223;V1;30;68;C08;ACERO;ACEROS;ALAMBRES;KG;SIN PEDIDO;;;;;;;;;;
00223 Comp Amb Santa Fe;1001744;ZSTO;BOTA GOMA P.ACERO N 40;;;MR01;223;V1;2;3;C28;SEGURIDAD/ROPA/EPP;SEGURIDAD;CALZADO;KG;SIN PEDIDO;;;;;;;;;;
00223 Comp Amb Santa Fe;1001791;ZSTO;ACEITE SAE 30 X 205L;YPF S.A. // YPF S.A. // YPF S.A.;151692 // FT SUPER 30 TR;MR01;223;V1;1;2;L01;ACEITES;LUBRICANTES;ACEITES;KG;SIN PEDIDO;;;;;;;;;;
00223 Comp Amb Santa Fe;1001823;ZSTO;ACEITE F50 5W40 X 20 L;ELAION // YPF S.A. // ELAION;F50 5W40 // 151792 // FS540;MR01;223;V1;1;2;L01;ACEITES;LUBRICANTES;AMAROK-HILUX;KG;SIN PEDIDO;;;;;;;;;;
00223 Comp Amb Santa Fe;1002009;ZSTO;CAMISA JEAN T.56 C LOGO;;;MR01;223;V1;2;3;C28;SEGURIDAD/ROPA/EPP;ROPA;INDUMENTARIA;KG;SIN PEDIDO;;;;;;;;;;
00223 Comp Amb Santa Fe;1002017;ZSTO;PANTALON JEAN T.50;;;MR01;223;V1;2;3;C28;SEGURIDAD/ROPA/EPP;ROPA;INDUMENTARIA;KG;SIN PEDIDO;;;;;;;;;;
00223 Comp Amb Santa Fe;1002621;ZSTO;FILTRO AIRE 1 XUN;JOHN DEERE;AT300487;MR01;223;V1;2;3;F04;FILTRO AIRE;FILTROS;JD. 544K;KG;SIN PEDIDO;;;;;;;;;;
00223 Comp Amb Santa Fe;1002623;ZSTO;FILTRO AIRE 2 XUN;JOHN DEERE;AT314583;MR01;223;V1;2;3;F04;FILTRO AIRE;FILTROS;JOHN DEERE;KG;SIN PEDIDO;;;;;;;;;;
00223 Comp Amb Santa Fe;1002838;ZSTO;FILTRO ACEITE;TOYOTA ARG // TOYOTA ARG;909152000300 // 90915YZZD2;MR01;223;V1;2;3;F03;FILTRO ACEITE;FILTROS;PARA HILUX;KG;SIN PEDIDO;;;;;;;;;;
00223 Comp Amb Santa Fe;1002931;ZSTO;FILTRO ACEITE;VOLVO CONS // VOLVO CONS // FLEETGUARD // VOLVO CONS // VOLVO MAQU;P21707133 // 23658092 // LF667 // VOE478736 // 17533660;MR01;223;V1;5;8;F03;FILTRO ACEITE;FILTROS;VOLVO 330 // VOLVO L260H;KG;SIN PEDIDO;;;;;;;;;;
00223 Comp Amb Santa Fe;1003097;ZSTO;FILTRO DE AIRE PRIMARIO;VOLVO CONS;21337557;MR01;223;V1;3;6;F04;FILTRO AIRE;FILTROS;VOLVO FM460;KG;SIN PEDIDO;;;;;;;;;;
00223 Comp Amb Santa Fe;1003121;ZSTO;FILTRO DE UREA;VOLVO CONS;82269261;MR01;223;V1;2;3;F09;FILTRO DE UREA;FILTROS;VOLVO 330;KG;SIN PEDIDO;;;;;;;;;;
00223 Comp Amb Santa Fe;1003126;ZSTO;FILTRO SECADO DE AIRE;VOLVO CONS // VOLVO CONS // VOLVO CONS //;21412848 // 22223804 // 23260134 // 23690622;MR01;223;V1;2;3;F11;FILTRO SECADOR DE;FILTROS;VOLVO FM460;KG;SIN PEDIDO;;;;;;;;;;
00223 Comp Amb Santa Fe;1003300;ZSTO;FILTRO DOSIFICACION DE UREA (COLADOR);VOLVO CONS;21954674;MR01;223;V1;2;3;F09;FILTRO DE UREA;FILTROS;VOLVO 460 FMX;KG;SIN PEDIDO;;;;;;;;;;
00223 Comp Amb Santa Fe;1003301;ZSTO;FILTRO DE TANQUE;VOLVO CONS // VOLVO CONS;21516229 // 23381562;MR01;223;V1;2;3;F06;FILTRO COMBUSTIBLE;FILTROS;VOLVO 460 FMX;KG;SIN PEDIDO;;;;;;;;;;
00314 CASA Olavarría;1001906;ZSTO;RAID AZUL;;;MR01;314;V1;8;15;C17;INSUMOS A;LIMPIEZA;INSUMOS;KG;SIN PEDIDO;;;;;;;;;;
00314 CASA Olavarría;1015759;ZSSD;BOLIGRAFO BIC Trazo Grueso -AZUL- X UN.;;MÚLT. 50U;MR01;314;V1;21;38;C17;INSUMOS A;LIBRERIA;ESCRITURA;KG;SIN PEDIDO;;;;;;;;;;
00314 CASA Olavarría;1026805;ZSTO;PILA ALCALINA AA x UN;;ENERGIZER/DURACELL (MÚLT. 4U);MR01;314;V1;11;20;C05;INFORMÁT.-HARDWARE;FERRETERIA;LIBRERIA;KG;SIN PEDIDO;;;;;;;;;;
00314 CASA Olavarría;1026806;ZSTO;PILA ALCALINA AAA x UN;;ENERGIZER/DURACELL (MÚLT. 4U);MR01;314;V1;15;27;C05;INFORMÁT.-HARDWARE;INSUMOS;LIBRERIA;KG;SIN PEDIDO;;;;;;;;;;
00314 CASA Olavarría;1013585;ZSSD;MINIFUSIBLE PLANO 25 AMP. XUN;;;MM01;26;V1;8;15;C29;FILTROS/RESPUESTOS;REPUESTOS;ELECTRICIDAD AUTOMOTOR;KG;SIN PEDIDO;;;;;;;;;;
00341 Mov. Suelos San Luis;1001935;ZSTO;DISCO 114x7x22,23C D TYROLITOASECUR x UN;TYROLIT;114X70X222;MR01;341;V1;8;11;C27;FERRETERIA MR01;FERRETERIA;ABRASIVOS/DISCOS;KG;SIN PEDIDO;;;;;;;;;;
00341 Mov. Suelos San Luis;1015813;ZSSD;LÍQUIDO PARA LAMPAZO X 5 LTS;;;MR01;341;V1;3;5;C17;INSUMOS A;LIMPIEZA;LIMPIEZA /SEGURIDAD;KG;SIN PEDIDO;;;;;;;;;;
00341 Mov. Suelos San Luis;1016920;ZSSD;SOGA NAUTICA 12MM;;MÚLT. 100 MTS;MR01;341;V1;60;75;C27;FERRETERIA MR01;FERRETERIA;FERRETERIA;KG;SIN PEDIDO;;;;;;;;;;
00341 Mov. Suelos San Luis;1016939;ZSSD;DESODORANTE LIQUIDO P PISO X5LT;;;MR01;341;V1;9;14;C17;INSUMOS A;LIMPIEZA;LIMPIEZA /SEGURIDAD;KG;SIN PEDIDO;;;;;;;;;;
00341 Mov. Suelos San Luis;1017002;ZSSD;PILA ALCALINA AAA;;;MR01;341;V1;12;15;C27;FERRETERIA MR01;FERRETERIA;INSUMOS;KG;SIN PEDIDO;;;;;;;;;;
00341 Mov. Suelos San Luis;1017039;ZSSD;LAPIZ A MINA 05 MM 2B;;;MR01;341;V1;6;8;C17;INSUMOS A;LIBRERIA;ESCRITURA;KG;SIN PEDIDO;;;;;;;;;;
00341 Mov. Suelos San Luis;1017050;ZSSD;BOBINA PAPEL 25CM 400MT;;;MR01;341;V1;7;10;C17;INSUMOS A;LIMPIEZA;LIMPIEZA /SEGURIDAD;KG;SIN PEDIDO;;;;;;;;;;
00341 Mov. Suelos San Luis;1017083;ZSSD;PILA ALCALINA AA;;;MR01;341;V1;12;15;C27;FERRETERIA MR01;FERRETERIA;INSUMOS;KG;SIN PEDIDO;;;;;;;;;;
00341 Mov. Suelos San Luis;1017236;ZSSD;"LUSTRAMUEBLES ""BLEM"" - ORIGINAL XUN";;;MR01;341;V1;72;90;C17;INSUMOS A;LIMPIEZA;LIMPIEZA /SEGURIDAD;KG;SIN PEDIDO;;;;;;;;;;
00341 Mov. Suelos San Luis;1017974;ZSTO;LIMPIACONTACTOS EN AEROSOL;;440CC 350G DELTA;MR01;341;V1;18;30;C27;FERRETERIA MR01;INSUMOS;INFORMATICA;KG;SIN PEDIDO;;;;;;;;;;
00341 Mov. Suelos San Luis;1003356;ZSTO;FILTRO SEPAR ACEITE;ATLAS COPC;2911011201 // 2911011203;MM01;35;V1;2;3;F03;FILTRO ACEITE;FILTROS;FILTROS;KG;SIN PEDIDO;;;;;;;;;;
00341 Mov. Suelos San Luis;1004040;ZSTO;LAMPARA 24V-H3 70W X UN;;PK22S;MM01;35;V1;36;45;C29;FILTROS/RESPUESTOS;REPUESTOS;ELECTRICIDAD AUTOMOTOR;KG;SIN PEDIDO;;;;;;;;;;
00341 Mov. Suelos San Luis;1004043;ZSTO;LAMPARA 24V-75 70W P43T X UN;;P43T38;MM01;35;V1;12;15;C29;FILTROS/RESPUESTOS;REPUESTOS;ELECTRICIDAD AUTOMOTOR;KG;SIN PEDIDO;;;;;;;;;;
00341 Mov. Suelos San Luis;1016074;ZSTO;UÑA BALDE HEAVY DUTY  - 66ARXE;VOLVO CONS;VOE14732402;MM01;35;V1;7;9;G04;UÑAS;DESGASTE;VOLVO EC 480D;KG;SIN PEDIDO;;;;;;;;;;
00365 RIO TINTO;1000041;ZSTO;BOTIQUIN 1ROS. AUXILIOS N 10;;;U365;365;V1;6;9;C28;SEGURIDAD/ROPA/EPP;SEGURIDAD;BOTIQUIN;KG;SIN PEDIDO;;;;;;;;;;
00365 RIO TINTO;1001790;ZSTO;ACEITE 15W40  X 205L;YPF S.A. // YPF S.A. // EXXON MOBI // CATERPILLA // SHELL PLC. // VOLVO MAQU;EXTRAVIDA XV300 // 189292 // DELVAC MX 15W40 APICI4 // DEO 15W40 // R4 15W40 APICI4 ACEAE5E7 // VDS3;U365;365;V1;9;16;C29;FILTROS/RESPUESTOS;LUBRICANTES;ACEITES;KG;SIN PEDIDO;;;;;;;;;;
00365 RIO TINTO;1001794;ZSTO;ACEITE HIPOIDAL X 205L;YPF S.A. // YPF S.A.;80W90 // 123092;U365;365;V1;2;3;C29;FILTROS/RESPUESTOS;LUBRICANTES;ACEITES;KG;SIN PEDIDO;;;;;;;;;;
00365 RIO TINTO;1001815;ZSTO;AGUA DESMINERALIZADA X 20L;;;U365;365;V1;23;39;C29;FILTROS/RESPUESTOS;LUBRICANTES;ADITIVOS;KG;MOVIMIENTO 313 PENDIENTE;;;;;;;;;;
00365 RIO TINTO;1001845;ZSTO;CUBIERTA 400 80-24 20 PR162A8 18TELY4750;MICHELIN A // FIRESTONE // SAMSON MAC // BALKRISHNA // CAMSO USA;POWERCL(15,5/80/R24) // S8000 // 400/80 R24 TL IND R-4E // 400/80-24 BKT MP522 RAD // 400/80-24 TM R4 20 PR TL;U365;365;V1;4;6;C03;EQUIPOS;CUBIERTAS;HAULOTTE HTL 4014 - HTL 4017;KG;MOVIMIENTO 313 PENDIENTE;;;;;;;;;;
00365 RIO TINTO;1001885;ZSTO;BOLSAS RESIDUOS XUN 102X130 VERDE;;;U365;365;V1;311;548;C17;INSUMOS A;LIMPIEZA;LIMPIEZA /SEGURIDAD;KG;MOVIMIENTO 313 PENDIENTE;;;;;;;;;;
00365 RIO TINTO;1001893;ZSTO;BOLSARESIDUPLASTICA60X90NEGRAXROLLOX10UN;;;U365;365;V1;18;31;C17;INSUMOS A;LIMPIEZA;BOLSAS;KG;MOVIMIENTO 313 PENDIENTE;;;;;;;;;;
00365 RIO TINTO;1001894;ZSTO;ALCOHOL EN GEL X LITRO;;;U365;365;V1;13;22;C17;INSUMOS A;LIMPIEZA;ALCOHOL EN GEL;KG;MOVIMIENTO 313 PENDIENTE;;;;;;;;;;
00365 RIO TINTO;1001898;ZSTO;BOBINA DE PAPEL 25 X 400MTS X UN;ELEGANTE // ELITE;1003 (MÚLT. 2U) // 6264;U365;365;V1;9;16;C17;INSUMOS A;LIMPIEZA;INSUMOS;KG;MOVIMIENTO 313 PENDIENTE;;;;;;;;;;
00365 RIO TINTO;1001962;ZSTO;CINTA AISLADORA ROJA X10MT;;;U365;365;V1;27;47;C27;FERRETERIA MR01;FERRETERIA;INSUMOS;KG;MOVIMIENTO 313 PENDIENTE;;;;;;;;;;
00365 RIO TINTO;1002611;ZSTO;FILTRO CABINA;CATERPILLA;7T7358;U365;365;V1;5;8;C29;FILTROS/RESPUESTOS;FILTROS;CAT 140K;KG;MOVIMIENTO 313 PENDIENTE;;;;;;;;;;
00365 RIO TINTO;1003031;ZSTO;FILTRO DE COMBUSTIBLE;CATERPILLA;1R1804;U365;365;V1;6;9;C29;FILTROS/RESPUESTOS;FILTROS;CAT;KG;MOVIMIENTO 313 PENDIENTE;;;;;;;;;;
00365 RIO TINTO;1003057;ZSTO;ELEMENTO FILTRO DE AIRE PRIMARIO;JOHN DEERE;AT175223;U365;365;V1;6;9;C29;FILTROS/RESPUESTOS;FILTROS;MOTONIVELADORA JD 770 G;KG;MOVIMIENTO 313 PENDIENTE;;;;;;;;;;
00365 RIO TINTO;1003058;ZSTO;KIT FILTRO COMBUSTIBLE COMPLETO;JOHN DEERE // JOHN DEERE;RE525523 // RE52090652323;U365;365;V1;6;9;C29;FILTROS/RESPUESTOS;FILTROS;MOTONIVELADORA JD 770 G;KG;SIN PEDIDO;;;;;;;;;;
00365 RIO TINTO;1004015;ZSTO;LAMPARA 12V-H3 55W X UN;;PK22S;U365;365;V1;9;16;C03;EQUIPOS;REPUESTOS;ELECTRICIDAD AUTOMOTOR;KG;MOVIMIENTO 313 PENDIENTE;;;;;;;;;;
00365 RIO TINTO;1004020;ZSTO;LAMPARA 12V-H4 P43T X UN;;P43T38;U365;365;V1;5;8;C29;FILTROS/RESPUESTOS;REPUESTOS;ELECTRICIDAD AUTOMOTOR;KG;MOVIMIENTO 313 PENDIENTE;;;;;;;;;;
00365 RIO TINTO;1004033;ZSTO;LAMPARA 24V-5W C CULOTE X UN;;BA15S;U365;365;V1;5;8;C29;FILTROS/RESPUESTOS;REPUESTOS;ELECTRICIDAD AUTOMOTOR;KG;SIN PEDIDO;;;;;;;;;;
00365 RIO TINTO;1004265;ZSTO;KIT DE 6 MUESTRAS DE ACEITE CON MANGUERA;CATERPILLA;9Z0009100;U365;365;V1;8;13;C29;FILTROS/RESPUESTOS;REPUESTOS;KIT MUESTRA;KG;SIN PEDIDO;;;;;;;;;;
00365 RIO TINTO;1015789;ZSSD;DETERGENTE X 5 LTS;;;U365;365;V1;5;8;C17;INSUMOS A;LIMPIEZA;LIMPIEZA /SEGURIDAD;KG;MOVIMIENTO 313 PENDIENTE;;;;;;;;;;
00365 RIO TINTO;1015963;ZSCD;ANTEOJO LIBUS ECOLINE GRIS HC;;MÚLT. 10U;U365;365;V1;196;345;C28;SEGURIDAD/ROPA/EPP;SEGURIDAD;EPP;KG;SIN PEDIDO;;;;;;;;;;
00365 RIO TINTO;1015982;ZSCD;CAMISA JEAN T.42;;;U365;365;V1;32;55;C28;SEGURIDAD/ROPA/EPP;ROPA;INDUMENTARIA;KG;MOVIMIENTO 313 PENDIENTE;;;;;;;;;;
00365 RIO TINTO;1016479;ZSCD;PROTECTOR SOLAR (CREMA) FACT 60 X 120ML;;;U365;365;V1;178;313;C28;SEGURIDAD/ROPA/EPP;SEGURIDAD;INSUMO;KG;SIN PEDIDO;;;;;;;;;;
00365 RIO TINTO;1017047;ZSSD;TRAPO REJILLA;;;U365;365;V1;14;24;C17;INSUMOS A;LIMPIEZA;LIMPIEZA /SEGURIDAD;KG;MOVIMIENTO 313 PENDIENTE;;;;;;;;;;
00365 RIO TINTO;1017236;ZSSD;"LUSTRAMUEBLES ""BLEM"" - ORIGINAL XUN";;;U365;365;V1;72;125;C17;INSUMOS A;LIMPIEZA;LIMPIEZA /SEGURIDAD;KG;SIN PEDIDO;;;;;;;;;;
00365 RIO TINTO;1018497;ZSSD;FILTRO COMBUSTIBLE;FLEETGUARD;FF5052;U365;365;V1;8;13;AGV;COMPRAS AGV;REPUESTOS;FILTROS;KG;SIN PEDIDO;;;;;;;;;;
00365 RIO TINTO;1018855;ZSSD;FILTRO COLADOR TANQUE DE COMBUSTIBLE;KOBELCO CO;YN50V00029P1;U365;365;V1;5;8;AGV;COMPRAS AGV;REPUESTOS;FILTROS;KG;SIN PEDIDO;;;;;;;;;;
00365 RIO TINTO;1018856;ZSSD;CORREA DE COMPRESOR A/A;KOBELCO CO;YN20M01494D2;U365;365;V1;4;6;AGV;COMPRAS AGV;REPUESTOS;FILTROS;KG;SIN PEDIDO;;;;;;;;;;
00365 RIO TINTO;1018901;ZSSD;FILTRO HIDRAULICO (STRAINER);KOBELCO CO;LC50V00006S001;U365;365;V1;3;5;AGV;COMPRAS AGV;REPUESTOS;FILTROS;KG;SIN PEDIDO;;;;;;;;;;
00365 RIO TINTO;1026601;ZSTO;CUBIERTA 23.1-26;;23.1-26 TR-387 ROMBOIDAL;U365;365;V1;4;6;C03;EQUIPOS;CUBIERTAS;?;KG;MOVIMIENTO 313 PENDIENTE;;;;;;;;;;
00365 RIO TINTO;1048887;ZSTO;CORREA VENTILADOR;SANY HEAVY;CUMMINS 3288790 (8PK1444);U365;365;V1;4;6;C29;FILTROS/RESPUESTOS;;;KG;MOVIMIENTO 313 PENDIENTE;;;;;;;;;;
00372 UTE 372 GEO POSCO II;1001888;ZSTO;BOLSAS RESIDUOS XUN 102X130 NEGRA;;;U003;372;V1;100;150;C17;INSUMOS A;LIMPIEZA;LIMPIEZA /SEGURIDAD;KG;MOVIMIENTO 313 PENDIENTE;;;;;;;;;;
00372 UTE 372 GEO POSCO II;1002750;ZSTO;FILTRO COMBUSTIBLE;KOMATSU HO // KOMATSU HO // FLEETGUARD //;6003193610 // 6003113620 // FS1242 // P551864;U003;372;V1;2;2;F06;FILTRO COMBUSTIBLE;FILTROS;PC350LC8;KG;MOVIMIENTO 313 PENDIENTE;;;;;;;;;;
00372 UTE 372 GEO POSCO II;1003020;ZSTO;FILTRO AIRE MOTOR;JOHN DEERE;AT332908;U003;372;V1;3;5;F04;FILTRO AIRE;FILTROS;JD 310K;KG;MOVIMIENTO 313 PENDIENTE;;;;;;;;;;
00372 UTE 372 GEO POSCO II;1003021;ZSTO;FILTRO AIRE SEGURIDAD;JOHN DEERE;AT332909;U003;372;V1;3;5;F04;FILTRO AIRE;FILTROS;JD 310K;KG;MOVIMIENTO 313 PENDIENTE;;;;;;;;;;
00372 UTE 372 GEO POSCO II;1015789;ZSSD;DETERGENTE X 5 LTS;;;U003;372;V1;2;4;C17;INSUMOS A;LIMPIEZA;LIMPIEZA /SEGURIDAD;KG;MOVIMIENTO 313 PENDIENTE;;;;;;;;;;
00374 TERMINAL PUNTA COLORADA;1001684;ZSTO;DELANTALDESCARNE0.60X1.20CONREFUERZO;;;MR01;374;V1;6;12;C28;SEGURIDAD/ROPA/EPP;SEGURIDAD;INDUMENTARIA;KG;SIN PEDIDO;;;;;;;;;;
00374 TERMINAL PUNTA COLORADA;1001688;ZSTO;TAPON AUDITIVO FOAM CON CORDON;LIBUS;FOAM;MR01;374;V1;50;100;C28;SEGURIDAD/ROPA/EPP;SEGURIDAD;ACCESORIO SEGURIDAD;KG;SIN PEDIDO;;;;;;;;;;
00374 TERMINAL PUNTA COLORADA;1001702;ZSTO;GUANTE SOLDADOR COSTURA KEVLAR;;;MR01;374;V1;4;8;C28;SEGURIDAD/ROPA/EPP;SEGURIDAD;GUANTE;KG;SIN PEDIDO;;;;;;;;;;
00374 TERMINAL PUNTA COLORADA;1001728;ZSTO;ADAPTADOR PROTECTOR FACIAL;LIBUS;902493;MR01;374;V1;25;50;C28;SEGURIDAD/ROPA/EPP;SEGURIDAD;ACCESORIO SEGURIDAD;KG;SIN PEDIDO;;;;;;;;;;
00374 TERMINAL PUNTA COLORADA;1001790;ZSTO;ACEITE 15W40  X 205L;YPF S.A. // YPF S.A. // EXXON MOBI // CATERPILLA // SHELL PLC. // VOLVO MAQU;EXTRAVIDA XV300 // 189292 // DELVAC MX 15W40 APICI4 // DEO 15W40 // R4 15W40 APICI4 ACEAE5E7 // VDS3;MR01;374;V1;7;14;L01;ACEITES;LUBRICANTES;ACEITES;KG;SIN PEDIDO;;;;;;;;;;
00374 TERMINAL PUNTA COLORADA;1001804;ZSTO;GRASA LITIO LIMIT MO-2 (NEGRA) X 180 KG;YPF S.A. // YPF S.A. //;LIMIT MO-2 // 628793 // GADUS S2 V220;MR01;374;V1;3;6;L03;GRASAS;LUBRICANTES;GRASA;KG;SIN PEDIDO;;;;;;;;;;
00374 TERMINAL PUNTA COLORADA;1001943;ZSTO;ADHESIVO CIANO 20 G XUN;CIANO;;MR01;374;V1;5;10;C27;FERRETERIA MR01;FERRETERIA;ADHESIVOS;KG;SIN PEDIDO;;;;;;;;;;
00374 TERMINAL PUNTA COLORADA;1002015;ZSTO;PANTALON JEAN T.46;;;MR01;374;V1;15;25;C28;SEGURIDAD/ROPA/EPP;ROPA;INDUMENTARIA;KG;SIN PEDIDO;;;;;;;;;;
00374 TERMINAL PUNTA COLORADA;1002050;ZSTO;CAMPERA 2 PIEL T. M;;;MR01;374;V1;10;20;C28;SEGURIDAD/ROPA/EPP;SEGURIDAD;INDUMENTARIA;KG;SIN PEDIDO;;;;;;;;;;
00374 TERMINAL PUNTA COLORADA;1002058;ZSTO;CAMPERA ABRIGO T. L ROJA CON LOGO;No aplica;CON REFLECTIVO T. L;MR01;374;V1;10;20;C28;SEGURIDAD/ROPA/EPP;ROPA;INDUMENTARIA;KG;SIN PEDIDO;;;;;;;;;;
00374 TERMINAL PUNTA COLORADA;1002066;ZSTO;PANTALON PRIMERA PIEL T.L;;;MR01;374;V1;10;20;C28;SEGURIDAD/ROPA/EPP;SEGURIDAD;INDUMENTARIA;KG;SIN PEDIDO;;;;;;;;;;
00374 TERMINAL PUNTA COLORADA;1002709;ZSTO;CARTUCHO PARA FILTRO AIRE;VOLKSWAGEN // FLEETGUARD // // MONZA //;2S0129620CA // AF26211 // AB3406 // FLI9141 // CA5626;MR01;374;V1;6;12;F01;CARTUCHO;FILTROS;WV;KG;SIN PEDIDO;;;;;;;;;;
00374 TERMINAL PUNTA COLORADA;1002899;ZSTO;FILTRO COMBUSTIBLE;FLEETGUARD // DONALDSON;FF5488 // P550774;MR01;374;V1;2;4;F06;FILTRO COMBUSTIBLE;FILTROS;VW 31-320-19360;KG;SIN PEDIDO;;;;;;;;;;
00374 TERMINAL PUNTA COLORADA;1003151;ZSTO;UTILIZAR 1022039;BOMAG GMBH;05990092;MR01;374;V1;2;3;F10;FILTRO HVAC;FILTROS;BW161 AD-5;KG;SIN PEDIDO;;;;;;;;;;
00374 TERMINAL PUNTA COLORADA;1003220;ZSTO;FILTRO DE AIRE PRIMARIO;CNH;5801440581;MR01;374;V1;2;4;F04;FILTRO AIRE;FILTROS;IVECO TRAKKER 410 T 44 EUROTRO;KG;SIN PEDIDO;;;;;;;;;;
00374 TERMINAL PUNTA COLORADA;1003221;ZSTO;FILTRO DE AIRE SECUNDARIO;CNH;5801440583;MR01;374;V1;2;4;F04;FILTRO AIRE;FILTROS;IVECO TRAKKER 410 T 44 EUROTRO;KG;SIN PEDIDO;;;;;;;;;;
00374 TERMINAL PUNTA COLORADA;1003222;ZSTO;FILTRO DE COMBUSTIBLE;CNH // CNH;5801445628 // 5801445630;MR01;374;V1;2;4;F06;FILTRO COMBUSTIBLE;FILTROS;IVECO TRAKKER 410 T 44 EUROTRO;KG;SIN PEDIDO;;;;;;;;;;
00374 TERMINAL PUNTA COLORADA;1003223;ZSTO;FILTRO TRAMPA DE AGUA;CNH;5801403243;MR01;374;V1;2;4;F13;FILTRO TRAMPA DE A;FILTROS;IVECO TRAKKER 410 T 44 EUROTRO;KG;SIN PEDIDO;;;;;;;;;;
00374 TERMINAL PUNTA COLORADA;1003225;ZSTO;FILTRO ACEITE MOTOR CARTUCHO;CNH // //;500086331 // 500058320 // 500091645;MR01;374;V1;2;4;F03;FILTRO ACEITE;FILTROS;IVECO TRAKKER 410 T 44 EUROTRO;KG;SIN PEDIDO;;;;;;;;;;
00374 TERMINAL PUNTA COLORADA;1016929;ZSSD;FRATACHO MADERA 30CM XUN;;;MR01;374;V1;10;20;C27;FERRETERIA MR01;FERRETERIA;INSUMOS;KG;SIN PEDIDO;;;;;;;;;;
00374 TERMINAL PUNTA COLORADA;1025947;ZSSD;ESCOBA DE PLASTICO;;;MR01;374;CL;10;15;C17;INSUMOS A;LIMPIEZA;LIMPIEZA /SEGURIDAD;KG;SIN PEDIDO;;;;;;;;;;
00374 TERMINAL PUNTA COLORADA;1034240;ZSSD;CHALECO GRAFA NARANJA C/REFLECTIVO T.XXL;;;MR01;374;V1;30;60;C28;SEGURIDAD/ROPA/EPP;SEGURIDAD;INDUMENTARIA;KG;SIN PEDIDO;;;;;;;;;;
00374 TERMINAL PUNTA COLORADA;1042513;ZSCD;BOTIN CONW 53 BAF MARRON P.ACER N38;;;MR01;374;CL;2;4;C28;SEGURIDAD/ROPA/EPP;SEGURIDAD;CALZADO;KG;SIN PEDIDO;;;;;;;;;;
00374 TERMINAL PUNTA COLORADA;1047245;ZSCD;MAZA MINERO 1KG C/ CABO PLASTICO;;;MR01;374;V1;3;6;C27;FERRETERIA MR01;FERRETERIA;HERRAMIENTA MANUAL;KG;SIN PEDIDO;;;;;;;;;;
00374 TERMINAL PUNTA COLORADA;1047700;ZSCD;CHALECO REFLECTIVO NARANJA C2 C/LOGO T.S;;;MR01;374;V1;20;35;C28;SEGURIDAD/ROPA/EPP;INDUMENTARIA;EPP;KG;SIN PEDIDO;;;;;;;;;;
00374 TERMINAL PUNTA COLORADA;1047703;ZSCD;CHALECO REFLECT. NARANJA C2 C/LOGO T.3XL;;;MR01;374;V1;8;16;C28;SEGURIDAD/ROPA/EPP;INDUMENTARIA;EPP;KG;SIN PEDIDO;;;;;;;;;;
00374 TERMINAL PUNTA COLORADA;1047983;ZSCD;TENAZA ARMADOR 1/2 CORTE L.30CM MIN.;;;MR01;374;V1;35;50;C27;FERRETERIA MR01;FERRETERIA;HERRAMIENTAS;KG;SIN PEDIDO;;;;;;;;;;
00374 TERMINAL PUNTA COLORADA;1048842;ZSCD;CARTUCHO TONER NEXT ONE TN660/2370;;133;MR01;374;V1;3;5;C05;INFORMÁT.-HARDWARE;;;KG;SIN PEDIDO;;;;;;;;;;
00374 TERMINAL PUNTA COLORADA;1054307;ZSCD;AEROSOL BASE AGUA NEGRO X440CC;;;MR01;374;V1;12;24;C22;INSUMOS C;;;KG;SIN PEDIDO;;;;;;;;;;
00377-YPF 3° loop;1001914;ZSTO;CABO MADERA PARA ESCOBA;;;MR01;377;V1;5;10;C17;INSUMOS A;LIMPIEZA;INSUMOS;KG;SIN PEDIDO;;;;;;;;;;
00377-YPF 3° loop;1002070;ZSTO;CAMPERA DESCARNE T.XXL;;;MR01;377;V1;15;25;C28;SEGURIDAD/ROPA/EPP;SEGURIDAD;INDUMENTARIA;KG;SIN PEDIDO;;;;;;;;;;
00377-YPF 3° loop;1002236;ZSTO;BULON PARA CUCHILLA XUN;CATERPILLA;5J4773;MR01;377;V1;31;45;G05;AJUSTE;DESGASTE;CAT 140K // CAT 988H // CAT D6T;KG;SIN PEDIDO;;;;;;;;;;
00377-YPF 3° loop;1002322;ZSTO;TUERCA X UN;CATERPILLA;2J3506;MR01;377;V1;30;60;G05;AJUSTE;DESGASTE;CAT 980H, 140K;KG;SIN PEDIDO;;;;;;;;;;
00377-YPF 3° loop;1026688;ZSTO;PICA TESMEC WRECKER Ø carburo 19mm;TESMEC S.P;V00-2700-119;MR01;377;V1;150;300;C29;FILTROS/RESPUESTOS;REPUESTOS;ZANJADORA TESMEC 1150EVO;KG;SIN PEDIDO;;;;;;;;;;
