Cliente;Id Estado;Estado;Material;Tipo material;Texto breve de material;Centro área pl.nec.;Almacén;Ubicación;Caract.planif.nec.;Punto de pedido;Cálculo de tamaño de lote;Stock alm.máx.;Libre utilización;Libre Utilización Área;Stock de seguridad;Stock en Curso;Cantidad Pendiente en SolPed;Grupo de compras;Denominación GrpComp;Valor total;Nombre Fabricante;Numero Pieza de Fabricante;Rubro;SubRubro;Embalar;Peso bruto;Peso neto;Unidad de peso;Volumen;Plazo entrega prev.;Valor libre utilización;Moneda valor libre utilización;Menor a PP;Stock nulo;Mayor a PP;Mayor a Stock Maximo;Menor a PP area;Stock nulo area;Mayor a PP area;Mayor a Stock Maximo area;TIPO DOC;NRO. VA01/VA21;ESTADO ITEM;NRO. OC;FECHA RECEPCION;FECHA PICKING;FECHA CONTABILIZACION VL;F. ENTREGA esperada;Fecha emisión;GrupoCompra;Solped
00377-YPF 3° loop;2;02-MENOR A PUNTO DE PEDIDO;1001686;ZSTO;ANTEOJO GRIS ECOLINEHC;MR01;0377;E1A4;V1;180;HB;350;55;0;0;0;0;C28;SEGURIDAD/ROPA/EPP;67427,9;LIBUS;ECOLINEHC (MÚLT. 10U);SEGURIDAD;ACCESORIO SEGURIDAD;9-FRAGIL;0,024;0;KG;252;21;63940,38;;1;;;;;1;;;ZPAS;1000086372;SIN TRATAMIENTO;;;;;30/4/2026;10/4/2026;;
00377-YPF 3° loop;2;02-MENOR A PUNTO DE PEDIDO;1001687;ZSTO;ANTEOJO INCOLORO ECOLINEHC;MR01;0377;E1B3;V1;100;HB;200;39;0;0;0;0;C28;SEGURIDAD/ROPA/EPP;46770,36;LIBUS;ECOLINEHC (MÚLT. 10U);SEGURIDAD;ACCESORIO SEGURIDAD;9-FRAGIL;0,023;0;KG;252;21;46770,47;;1;;;;;1;;;ZPAS;1000086372;PICKEADO PARCIAL;;;;;30/4/2026;10/4/2026;;
00377-YPF 3° loop;2;02-MENOR A PUNTO DE PEDIDO;1001692;ZSTO;MENTONERA PARA CASCO;MR01;0377;;V1;20;HB;40;3;0;0;0;0;C28;SEGURIDAD/ROPA/EPP;32714,05;MSA;VGARD;SEGURIDAD;ACCESORIO SEGURIDAD;8-VARIOS;0,025;0;KG;112,5;21;19628,44;;1;;;;;1;;;ZPAS;1000086372;PICKEADO PARCIAL;;;;;30/4/2026;10/4/2026;;
00377-YPF 3° loop;2;02-MENOR A PUNTO DE PEDIDO;1001698;ZSTO;GUANTE ALGODON MOTEADO;MR01;0377;E1A4;V1;100;HB;200;95;0;0;0;0;C28;SEGURIDAD/ROPA/EPP;50876,3;;MÚLT. 12U;SEGURIDAD;GUANTE;8-VARIOS;0,062;0;KG;308;21;50876,02;;1;;;;;1;;;ZPAS;1000086372;PICKEADO PARCIAL;;;;;30/4/2026;10/4/2026;;
00377-YPF 3° loop;2;02-MENOR A PUNTO DE PEDIDO;1001699;ZSTO;CASCO CARCAZA BLANCO (LIBUS);MR01;0377;E1B5;V1;30;HB;60;17;0;0;0;0;C28;SEGURIDAD/ROPA/EPP;56603,71;LIBUS;MILENIUM;SEGURIDAD;ACCESORIO SEGURIDAD;8-VARIOS;0,285;0;KG;8700;21;56603,69;;1;;;;;1;;;ZPAS;1000086372;PICKEADO PARCIAL;;;;;30/4/2026;10/4/2026;;
00377-YPF 3° loop;2;02-MENOR A PUNTO DE PEDIDO;1001700;ZSTO;CASCO CARCAZA AMARILLO;MR01;0377;E1B5;V1;60;HB;120;30;0;0;0;0;C28;SEGURIDAD/ROPA/EPP;99734,91;LIBUS;MILENIUM;SEGURIDAD;ACCESORIO SEGURIDAD;8-VARIOS;0,285;0;KG;9900;21;90667,95;;1;;;;;1;;;ZPAS;1000086372;SIN TRATAMIENTO;;;;;30/4/2026;10/4/2026;;
00377-YPF 3° loop;2;02-MENOR A PUNTO DE PEDIDO;1001709;ZSTO;CINTA PELIGRO 200 MT ROJA BLANCA NYLON;MR01;0377;E1C3;V1;5;HB;10;2;0;0;0;0;C28;SEGURIDAD/ROPA/EPP;2113,58;;;SEGURIDAD;SEÑALIZACION;8-VARIOS;0,31;0;KG;807,373;30;2113,59;;1;;;;;1;;;ZPAS;1000086372;PICKEADO PARCIAL;;;;;30/4/2026;10/4/2026;;
00377-YPF 3° loop;2;02-MENOR A PUNTO DE PEDIDO;1001710;ZSTO;CINTA DEMARCAR PELIGRO ECOLOGICA;MR01;0377;E2F2;V1;15;HB;30;3;0;0;0;0;C28;SEGURIDAD/ROPA/EPP;56537,01;;;SEGURIDAD;SEÑALIZACION;8-VARIOS;2,037;0;KG;4903,503;15;56537,02;;1;;;;;1;;;ZPAS;1000086372;SIN TRATAMIENTO;;;;;30/4/2026;10/4/2026;;
00377-YPF 3° loop;2;02-MENOR A PUNTO DE PEDIDO;1001716;ZSTO;TAPON AUDITIVO QUANTUM;MR01;0377;;V1;50;HB;100;49;0;0;0;0;C28;SEGURIDAD/ROPA/EPP;21129,68;LIBUS;QUANTUM-REUSABLE (MÚLT. 50U);SEGURIDAD;ACCESORIO SEGURIDAD;9-FRAGIL;0,004;0;KG;28,8;21;19910,61;;1;;;;;1;;;SIN PEDIDO;;;;;;;;;;
00377-YPF 3° loop;2;02-MENOR A PUNTO DE PEDIDO;1001727;ZSTO;PROTECTOR AUDITIVO COPA PARA CASCO;MR01;0377;E1A4;V1;15;HB;30;14;0;0;0;0;C28;SEGURIDAD/ROPA/EPP;377409,9;LIBUS;L300;SEGURIDAD;ACCESORIO SEGURIDAD;9-FRAGIL;0,244;0;KG;2185;21;377409,91;;1;;;;;1;;;ZPAS;1000086372;SIN TRATAMIENTO;;;;;30/4/2026;10/4/2026;;
00377-YPF 3° loop;2;02-MENOR A PUNTO DE PEDIDO;1001756;ZSTO;BOTIN MARRON/NEGRO FLOR P.ACERO N 40;MR01;0377;E2E5;V1;8;HB;15;6;0;0;0;0;C28;SEGURIDAD/ROPA/EPP;247172,94;CONWORK // BORIS // VORAN // CALZADOS A // // //;53BAF // 3305 T40 // CRONOS N T40 // ESCORPIO PRUS 1050 T40 // RINGO MOD BOLT TALLE 40 // RINGO-MOD PUNCH TALLE 40 // SKIWAY MOD. 3243 T40;SEGURIDAD;CALZADO;8-VARIOS;1,25;0;KG;11934;21;211862,54;;1;;;;;1;;;SIN PEDIDO;;;;;;;;;;
00377-YPF 3° loop;2;02-MENOR A PUNTO DE PEDIDO;1001758;ZSTO;BOTIN MARRON/NEGRO FLOR P.ACERO N 42;MR01;0377;;V1;8;HB;15;2;0;0;0;0;C28;SEGURIDAD/ROPA/EPP;103253,73;CONWORK // BORIS // VORAN // CALZADOS A // // //;53BAF // 3305 T42 // CRONOS N T42 // ESCORPIO PRUS 1050 T42 // RINGO MOD BOLT TALLE 42 // RINGO-MOD PUNCH TALLE 42 // SKIWAY MOD. 3243 T42;SEGURIDAD;CALZADO;8-VARIOS;1,392;0;KG;12163,5;21;68835,83;;1;;;;;1;;;ZPAS;1000086372;PICKEADO PARCIAL;;;;;30/4/2026;10/4/2026;;
00377-YPF 3° loop;2;02-MENOR A PUNTO DE PEDIDO;1001761;ZSTO;BOTIN MARRON/NEGRO FLOR P.ACERO N 45;MR01;0377;E2F4;V1;5;HB;10;2;0;0;0;0;C28;SEGURIDAD/ROPA/EPP;56280,58;CONWORK // BORIS // VORAN // CALZADOS A // // //;53BAF // 3305 T45 // CRONOS N T45 // ESCORPIO PRUS 1050 T45 // RINGO MOD BOLT TALLE 45 // RINGO-MOD PUNCH TALLE 45 // SKIWAY MOD. 3243 T45;SEGURIDAD;CALZADO;8-VARIOS;1,455;0;KG;12163,5;21;56280,59;;1;;;;;1;;;ZPAS;1000086372;PICKEADO PARCIAL;;;;;30/4/2026;10/4/2026;;
00377-YPF 3° loop;2;02-MENOR A PUNTO DE PEDIDO;1001814;ZSTO;LIQUIDO FRENO X1LT;MR01;0377;C2M2;V1;3;HB;5;2;0;0;0;0;L02;FLUIDOS;20460,6;WAGNER;;LUBRICANTES;ADITIVOS;6-PESADO Y FRAGIL;1,12;0;KG;1680;15;20460,61;;1;;;;;1;;;ZPAS;1000085315;CUMPLIDO PARCIAL;;;26/3/2026;9/4/2026;15/4/2026;23/3/2026;;
00377-YPF 3° loop;2;02-MENOR A PUNTO DE PEDIDO;1001823;ZSTO;ACEITE F50 5W40 X 20 L;MR01;0377;;V1;3;HB;5;1;0;0;0;0;L01;ACEITES;219066,96;ELAION // YPF S.A. // ELAION;F50 5W40 // 151792 // FS540;LUBRICANTES;AMAROK-HILUX;6-PESADO Y FRAGIL;18;0;KG;27727,77;15;219066,96;;1;;;;;1;;;ZPAS;1000086372;PICKEADO PARCIAL;;;;;30/4/2026;10/4/2026;;
00377-YPF 3° loop;2;02-MENOR A PUNTO DE PEDIDO;1001841;ZSTO;CAMARA 12.00 R20;MR01;0377;C2FONDO;V1;10;HB;16;7;0;0;0;0;C52;CAMARAS;280910,63;;MARCA DONGAH // MARCA PIRELLI;CUBIERTAS;CUBIERTAS;7-PESADO;3,053;0;KG;6200;15;280910,64;;1;;;;;1;;;ZPAS;1000086372;SIN TRATAMIENTO;;;;;30/4/2026;10/4/2026;;
00377-YPF 3° loop;2;02-MENOR A PUNTO DE PEDIDO;1001851;ZSTO;MOUSE INALAMBRICO;MR01;0377;;V1;4;HB;8;1;0;0;0;0;C05;INFORMÁT.-HARDWARE;10000,17;;MARCA: LOGITECH/MICROSOFT;INFORMATICA;HARDWARE;9-FRAGIL;0,12;0;KG;468;15;10000,17;;1;;;;;1;;;ZPAS;1000086372;SIN TRATAMIENTO;;;;;30/4/2026;10/4/2026;;
00377-YPF 3° loop;2;02-MENOR A PUNTO DE PEDIDO;1001871;ZSTO;RESMA DE HOJA A4 70GR. X UN;MR01;0377;E1A1;V1;20;HB;40;13;0;0;0;0;C17;INSUMOS A;53607,71;;;LIBRERIA;PAPEL;7-PESADO;2,27;0;KG;3150;15;53607,67;;1;;;;;1;;;ZPAS;1000086372;PICKEADO PARCIAL;;;;;30/4/2026;10/4/2026;;
00377-YPF 3° loop;2;02-MENOR A PUNTO DE PEDIDO;1001876;ZSTO;CINTA EMBALAR TRANSPARENTE 48MM X 100 MT;MR01;0377;E2A3;V1;12;HB;30;5;0;0;0;0;C17;INSUMOS A;5260,35;SCOTCH;;LIBRERIA;CINTAS ADHESIVAS;8-VARIOS;0,197;0;KG;474,925;15;5260,37;;1;;;;;1;;;ZPAS;1000086372;PICKEADO PARCIAL;;;;;30/4/2026;10/4/2026;;
00377-YPF 3° loop;2;02-MENOR A PUNTO DE PEDIDO;1001885;ZSTO;BOLSAS RESIDUOS XUN 102X130 VERDE;MR01;0377;E2F2;V1;250;HB;500;200;0;0;0;0;C17;INSUMOS A;196636;;;LIMPIEZA;LIMPIEZA /SEGURIDAD;8-VARIOS;0,195;0;KG;1534;45;196636,47;;1;;;;;1;;;ZPAS;1000086372;PICKEADO PARCIAL;;;;;30/4/2026;10/4/2026;;
00377-YPF 3° loop;2;02-MENOR A PUNTO DE PEDIDO;1001887;ZSTO;BOLSAS RESIDUOS XUN 102X130 AMARILLA;MR01;0377;E2F3;V1;250;HB;500;100;0;0;0;0;C17;INSUMOS A;99174;;;LIMPIEZA;LIMPIEZA /SEGURIDAD;8-VARIOS;0,195;0;KG;1534;45;99173,97;;1;;;;;1;;;ZPAS;1000086372;PICKEADO PARCIAL;;;;;30/4/2026;10/4/2026;;
00377-YPF 3° loop;2;02-MENOR A PUNTO DE PEDIDO;1001896;ZSTO;PULVERIZADOR P ALCOHOL LIQUIDO 500 ML;MR01;0377;E1A2;V1;10;HB;20;7;0;0;0;0;C17;INSUMOS A;6658,68;;;LIMPIEZA;DIFUSOR;9-FRAGIL;0,05;0;KG;826,998;15;6658,69;;1;;;;;1;;;ZPAS;1000079637;CUMPLIDO PARCIAL;;;16/12/2025;16/1/2026;6/1/2026;15/12/2025;;
00377-YPF 3° loop;2;02-MENOR A PUNTO DE PEDIDO;1001905;ZSTO;DESODORANTE EN AEROSOL;MR01;0377;;V1;24;HB;48;4;0;0;0;0;C17;INSUMOS A;0;;;LIMPIEZA;INSUMOS;8-VARIOS;0,41;0;KG;649,98;15;14092,56;;1;;;;;1;;;ZPAN;1000086381;SIN TRATAMIENTO;;;;;30/4/2026;10/4/2026;;10147364
00377-YPF 3° loop;2;02-MENOR A PUNTO DE PEDIDO;1001926;ZSTO;DISCO CORTE 114X3.2X22.23 TYROLIT S x UN;MR01;0377;E2A2;V1;75;HB;150;72;0;0;0;0;C27;FERRETERIA MR01;115156,08;TYROLIT;114X32X222;FERRETERIA;ABRASIVOS/DISCOS;6-PESADO Y FRAGIL;0,07;0;KG;31,145;15;115156,24;;1;;;;;1;;;ZPAS;1000086372;PICKEADO PARCIAL;;;;;30/4/2026;10/4/2026;;
00377-YPF 3° loop;2;02-MENOR A PUNTO DE PEDIDO;1001934;ZSTO;DISCO C D O A 114X4.8X22.2 SECUR x UN;MR01;0377;E2A2;V1;75;HB;150;60;0;0;0;0;C27;FERRETERIA MR01;154092,6;TYROLIT;114X48X222;FERRETERIA;ABRASIVOS/DISCOS;6-PESADO Y FRAGIL;0,11;0;KG;56,52;15;154092,7;;1;;;;;1;;;ZPAS;1000086372;PICKEADO PARCIAL;;;;;30/4/2026;10/4/2026;;
00377-YPF 3° loop;2;02-MENOR A PUNTO DE PEDIDO;1001951;ZSTO;CANDADO 50MM XUN;MR01;0377;;V1;15;HB;30;2;0;0;0;0;C27;FERRETERIA MR01;16416,46;;;FERRETERIA;ACCESORIOS;8-VARIOS;0,259;0;KG;100;15;16416,45;;1;;;;;1;;;ZPAS;1000086372;PICKEADO PARCIAL;;;;;30/4/2026;10/4/2026;;
00377-YPF 3° loop;2;02-MENOR A PUNTO DE PEDIDO;1001952;ZSTO;TRAPO LIMPIO (BOLSAX10KG) XUN;MR01;0377;;V1;4;HB;8;2;0;0;0;0;C27;FERRETERIA MR01;35828,92;;MÚLT. 10 KG;FERRETERIA;ACCESORIOS;7-PESADO;10;0;KG;71456;30;35828,92;;1;;;;;1;;;ZPAS;1000086372;PICKEADO PARCIAL;;;;;30/4/2026;10/4/2026;;
00377-YPF 3° loop;2;02-MENOR A PUNTO DE PEDIDO;1001961;ZSTO;CINTA AISLADORA NEGRA X10MT;MR01;0377;E1A2;V1;15;HB;30;6;0;0;0;0;C27;FERRETERIA MR01;4948,02;;;FERRETERIA;INSUMOS;8-VARIOS;0,04;0;KG;56,52;15;4948,05;;1;;;;;1;;;ZPAS;1000086372;SIN TRATAMIENTO;;;;;30/4/2026;10/4/2026;;
00377-YPF 3° loop;2;02-MENOR A PUNTO DE PEDIDO;1001968;ZSTO;ESMALTE SINT. AEROSOL AMARILLO X440CC;MR01;0377;E2C3;V1;24;HB;48;12;0;0;0;0;C22;INSUMOS C;0;;KUWAIT-SINTEPLAST;PINTURAS;PINTURA AEROSOL;6-PESADO Y FRAGIL;0,39;0;KG;663,325;15;96225,12;;1;;;;;1;;;ZPAS;1000086372;PICKEADO PARCIAL;;;;;30/4/2026;10/4/2026;;
00377-YPF 3° loop;2;02-MENOR A PUNTO DE PEDIDO;1001969;ZSTO;ESMALTE SINT. AEROSOL BLANCO X440CC;MR01;0377;E2C3;V1;24;HB;48;12;0;0;0;0;C22;INSUMOS C;0;;KUWAIT-SINTEPLAST;PINTURAS;PINTURA AEROSOL;6-PESADO Y FRAGIL;0,38;0;KG;663,325;15;96225,12;;1;;;;;1;;;ZPAS;1000086372;PICKEADO PARCIAL;;;;;30/4/2026;10/4/2026;;
00377-YPF 3° loop;2;02-MENOR A PUNTO DE PEDIDO;1001971;ZSTO;ESMALTE SINT. AEROSOL ROJO X 440CC;MR01;0377;E2C3;V1;48;HB;96;12;0;0;0;0;C22;INSUMOS C;0;;KUWAIT-SINTEPLAST;PINTURAS;PINTURA AEROSOL;6-PESADO Y FRAGIL;0,39;0;KG;663,325;15;96225,12;;1;;;;;1;;;ZPAS;1000086372;PICKEADO PARCIAL;;;;;30/4/2026;10/4/2026;;
00377-YPF 3° loop;2;02-MENOR A PUNTO DE PEDIDO;1001984;ZSTO;CARETA PARA SOLDADOR X UN;MR01;0377;E1C3;V1;5;HB;10;3;0;0;0;0;C27;FERRETERIA MR01;47870,91;;;SOLDADURA;ACCESORIOS;9-FRAGIL;0,545;0;KG;15640;15;47870,9;;1;;;;;1;;;ZPAS;1000086372;PICKEADO PARCIAL;;;;;30/4/2026;10/4/2026;;
00377-YPF 3° loop;2;02-MENOR A PUNTO DE PEDIDO;1002070;ZSTO;CAMPERA DESCARNE T.XXL;MR01;0377;E1A2;V1;10;HB;20;9;0;0;0;0;C28;SEGURIDAD/ROPA/EPP;277954,11;;;SEGURIDAD;INDUMENTARIA;8-VARIOS;1,735;0;KG;5624;15;277954,13;;1;;;;;1;;;ZPAS;1000086372;PICKEADO PARCIAL;;;;;30/4/2026;10/4/2026;;
00377-YPF 3° loop;2;02-MENOR A PUNTO DE PEDIDO;1002200;ZSTO;CORREA DE MOTOR;MR01;0377;;V1;2;HB;3;1;0;0;0;0;C29;FILTROS/RESPUESTOS;86154,61;JOHN DEERE // JOHN DEERE;R135606 // DZ118855;CORREAS;JD 524K;8-VARIOS;0,24;0;KG;1021,25;70;86154,6;;1;;;;;1;;;ZPAS;1000086372;SIN TRATAMIENTO;;;;;30/4/2026;10/4/2026;;
00377-YPF 3° loop;2;02-MENOR A PUNTO DE PEDIDO;1002427;ZSTO;BULON DE PORTA UNA IZQUIERDO Y DERECHO;MR01;0377;;V1;4;HB;6;3;0;0;0;0;G05;AJUSTE;27159,81;JOHN DEERE;19M8288;DESGASTE;JD 624 K;7-PESADO;0,405;0;KG;131,88;30;27159,82;;1;;;;;1;;;ZPAS;1000086372;PICKEADO PARCIAL;;;;;30/4/2026;10/4/2026;;
00377-YPF 3° loop;2;02-MENOR A PUNTO DE PEDIDO;1002472;ZSTO;FILTRO COMBUSTIBLE XUN;MR01;0377;;V1;3;HB;6;2;0;0;0;0;F06;FILTRO COMBUSTIBLE;130551,26;JOHN DEERE // JOHN DEERE;RE529643 // RE541922;FILTROS;PARA 544J 544;7-PESADO;0,378;0;KG;1481,125;25;130551,27;;1;;;;;1;;;ZPAS;1000086372;PICKEADO PARCIAL;;;;;30/4/2026;10/4/2026;;
00377-YPF 3° loop;2;02-MENOR A PUNTO DE PEDIDO;1002473;ZSTO;FILTRO COMBUSTUBLE XUN;MR01;0377;C2J2;V1;3;HB;6;2;0;0;0;0;F06;FILTRO COMBUSTIBLE;82396,6;JOHN DEERE;RE522878;FILTROS;JD 544J, 544K;7-PESADO;0,346;0;KG;1481,125;15;82396,59;;1;;;;;1;;;ZPAS;1000086372;PICKEADO PARCIAL;;;;;30/4/2026;10/4/2026;;
00377-YPF 3° loop;2;02-MENOR A PUNTO DE PEDIDO;1002709;ZSTO;CARTUCHO PARA FILTRO AIRE;MR01;0377;C2K4;V1;4;HB;8;3;0;0;0;0;F01;CARTUCHO;41003,7;VOLKSWAGEN // FLEETGUARD // // MONZA //;2S0129620CA // AF26211 // AB3406 // FLI9141 // CA5626;FILTROS;WV;9-FRAGIL;0,687;0;KG;11008;15;41003,71;;1;;;;;1;;;ZPAS;1000086372;PICKEADO PARCIAL;;;;;30/4/2026;10/4/2026;;
00377-YPF 3° loop;2;02-MENOR A PUNTO DE PEDIDO;1002722;ZSTO;FILTRO COMBUSTIBLE;MR01;0377;C2G4;V1;5;HB;10;3;0;0;0;0;F06;FILTRO COMBUSTIBLE;173130,6;CATERPILLA //;1R0749 // P551311;FILTROS;CAT;7-PESADO;0,91;0;KG;1842,003;20;173130,59;;1;;;;;1;;;ZPAS;1000086372;PICKEADO PARCIAL;;;;;30/4/2026;10/4/2026;;
00377-YPF 3° loop;2;02-MENOR A PUNTO DE PEDIDO;1002734;ZSTO;FILTRO AIRE SECUNDARIO;MR01;0377;C2E2;V1;4;HB;6;2;0;0;0;0;F04;FILTRO AIRE;188858,96;CATERPILLA // DONALDSON;2456376 // P782108;FILTROS;CAT 140K;9-FRAGIL;0,6;0;KG;14592;25;188858,97;;1;;;;;1;;;ZPAS;1000086372;PICKEADO PARCIAL;;;;;30/4/2026;10/4/2026;;
00377-YPF 3° loop;2;02-MENOR A PUNTO DE PEDIDO;1002735;ZSTO;FILTRO AIRE PRIMARIO XUN;MR01;0377;C2G5;V1;4;HB;6;2;0;0;0;0;F04;FILTRO AIRE;311085,34;CATERPILLA // DONALDSON;2456375 // P782105;FILTROS;CAT;9-FRAGIL;2,9;0;KG;32805;25;311085,34;;1;;;;;1;;;ZPAS;1000086372;PICKEADO PARCIAL;;;;;30/4/2026;10/4/2026;;
00377-YPF 3° loop;2;02-MENOR A PUNTO DE PEDIDO;1002755;ZSTO;FILTRO COMBUSTIBLE XUN;MR01;0377;C2G4;V1;4;HB;8;2;0;0;0;0;F06;FILTRO COMBUSTIBLE;75197,68;CATERPILLA // CATERPILLA // CATERPILLA;3261644 // 1R0770 // 4238525;FILTROS;CAT;7-PESADO;0,789;0;KG;1852,208;15;75197,68;;1;;;;;1;;;ZPAS;1000086372;PICKEADO PARCIAL;;;;;30/4/2026;10/4/2026;;
00377-YPF 3° loop;2;02-MENOR A PUNTO DE PEDIDO;1002771;ZSTO;FILTRO DE AIRE PRIMARIO;MR01;0377;C2L2;V1;4;HB;8;2;0;0;0;0;F03;FILTRO ACEITE;65965,92;CATERPILLA;1R1807;FILTROS;CAT;7-PESADO;0,98;0;KG;2469,61;25;65965,93;;1;;;;;1;;;ZPAS;1000086372;PICKEADO PARCIAL;;;;;30/4/2026;10/4/2026;;
00377-YPF 3° loop;2;02-MENOR A PUNTO DE PEDIDO;1002838;ZSTO;FILTRO ACEITE;MR01;0377;C2H4;V1;10;HB;15;6;0;0;0;0;F03;FILTRO ACEITE;79178,52;TOYOTA ARG // TOYOTA ARG;909152000300 // 90915YZZD2;FILTROS;PARA HILUX;8-VARIOS;0,27;0;KG;576;15;79178,51;;1;;;;;1;;;ZPAS;1000086372;SIN TRATAMIENTO;;;;;30/4/2026;10/4/2026;;
00377-YPF 3° loop;2;02-MENOR A PUNTO DE PEDIDO;1002901;ZSTO;FILTRO ACEITE;MR01;0377;C2F3;V1;2;HB;4;1;0;0;0;0;F03;FILTRO ACEITE;34179,95;FLEETGUARD // KOMATSU HO // DONALDSON;LF9009 // 6742014540 // P553000;FILTROS;VW 31-320 - 19360;7-PESADO;1,53;0;KG;3391,2;15;34179,95;;1;;;;;1;;;ZPAS;1000086372;PICKEADO PARCIAL;;;;;30/4/2026;10/4/2026;;
00377-YPF 3° loop;2;02-MENOR A PUNTO DE PEDIDO;1002931;ZSTO;FILTRO ACEITE;MR01;0377;C2B2;V1;8;HB;12;2;0;0;0;0;F03;FILTRO ACEITE;77898,38;VOLVO CONS // VOLVO CONS // FLEETGUARD // VOLVO CONS // VOLVO MAQU;P21707133 // 23658092 // LF667 // VOE478736 // 17533660;FILTROS;VOLVO 330 // VOLVO L260H;7-PESADO;1,215;0;KG;2469,61;20;77898,38;;1;;;;;1;;;ZPAS;1000086372;PICKEADO PARCIAL;;;;;30/4/2026;10/4/2026;;
00377-YPF 3° loop;2;02-MENOR A PUNTO DE PEDIDO;1002932;ZSTO;FILTRO ACEITE;MR01;0377;C2L2;V1;5;HB;10;2;0;0;0;0;F03;FILTRO ACEITE;80329,26;VOLVO CONS // VOLVO CONS;P21707132 // VOE477556;FILTROS;VOLVO L260H;7-PESADO;1,152;0;KG;2699,223;20;80329,27;;1;;;;;1;;;ZPAS;1000086372;PICKEADO PARCIAL;;;;;30/4/2026;10/4/2026;;
00377-YPF 3° loop;2;02-MENOR A PUNTO DE PEDIDO;1002935;ZSTO;FILTRO AIRE COMBUSTIBLE;MR01;0377;C2C3;V1;6;HB;12;4;0;0;0;0;F04;FILTRO AIRE;128223,68;VOLVO CONS // DONALDSON;VOE11172907 // P528708;FILTROS;EC 480D - L220G - PL 3005D;8-VARIOS;0,24;0;KG;810;20;128223,68;;1;;;;;1;;;ZPAS;1000086372;PICKEADO PARCIAL;;;;;30/4/2026;10/4/2026;;
00377-YPF 3° loop;2;02-MENOR A PUNTO DE PEDIDO;1002936;ZSTO;FILTRO AIRE CABINA;MR01;0377;C2D;V1;4;HB;6;3;0;0;0;0;F05;FILTRO AIRE CABINA;63270,18;VOLVO CONS // No aplica;VOE11703979 // 150522786;FILTROS;VOLVO EC 480D;9-FRAGIL;0,4;0;KG;3510;20;63270,18;;1;;;;;1;;;ZPAS;1000086372;PICKEADO PARCIAL;;;;;30/4/2026;10/4/2026;;
00377-YPF 3° loop;2;02-MENOR A PUNTO DE PEDIDO;1002937;ZSTO;FILTRO AIRE ACONDICIONADO CABINA EX;MR01;0377;C2F4;V1;4;HB;6;3;0;0;0;0;F10;FILTRO HVAC;173677,65;VOLVO CONS // VOLVO CONS;VOE14689735 // 14506997;FILTROS;VOLVO EC 480D - PL 3005D;9-FRAGIL;0,52;0;KG;5208;20;173677,64;;1;;;;;1;;;ZPAS;1000086372;PICKEADO PARCIAL;;;;;30/4/2026;10/4/2026;;
00377-YPF 3° loop;2;02-MENOR A PUNTO DE PEDIDO;1002938;ZSTO;FILTRO HIDRAULICO RETORNO;MR01;0377;C2I3;V1;2;HB;3;1;0;0;0;0;F07;FILTRO FLUIDO HIDR;188723,89;VOLVO CONS //;VOE14569658 // 14690316;FILTROS;VOLVO EC 480D;7-PESADO;3,86;0;KG;16967;20;188723,89;;1;;;;;1;;;ZPAS;1000086372;PICKEADO PARCIAL;;;;;30/4/2026;10/4/2026;;
00377-YPF 3° loop;2;02-MENOR A PUNTO DE PEDIDO;1002951;ZSTO;FILTRO DE COMBUSTIBLE ALTERNATIVO;MR01;0377;C2E2;V1;3;HB;5;2;0;0;0;0;F06;FILTRO COMBUSTIBLE;21076,6;DONALDSON // FLEETGUARD // DONALDSON;P550345 // FF5040 // P555095;FILTROS;TORRE WACKER;8-VARIOS;0,3;0;KG;401,92;20;21076,59;;1;;;;;1;;;ZPAS;1000086372;PICKEADO PARCIAL;;;;;30/4/2026;10/4/2026;;
00377-YPF 3° loop;2;02-MENOR A PUNTO DE PEDIDO;1002954;ZSTO;FILTRO ACEITE ORIGINAL;MR01;0377;C2F3;V1;3;HB;5;2;0;0;0;0;F03;FILTRO ACEITE;94932,7;KOHLER;WAN5000155736;FILTROS;TORRE WACKER;8-VARIOS;0,3;0;KG;567;15;94932,7;;1;;;;;1;;;ZPAS;1000086372;PICKEADO PARCIAL;;;;;30/4/2026;10/4/2026;;
00377-YPF 3° loop;2;02-MENOR A PUNTO DE PEDIDO;1002955;ZSTO;FILTRO AIRE WEGA ALTER;MR01;0377;C2D3;V1;3;HB;5;2;0;0;0;0;F04;FILTRO AIRE;24825,82;MANN // WEGA // MANN //;FA134S // JFA134 // C2420 // WA48095;FILTROS;TORRE DE ILUMINACION;9-FRAGIL;0,2;0;KG;1440;15;24825,81;;1;;;;;1;;;ZPAS;1000086372;PICKEADO PARCIAL;;;;;30/4/2026;10/4/2026;;
00377-YPF 3° loop;2;02-MENOR A PUNTO DE PEDIDO;1003093;ZSTO;FILTRO DE COMBUSTIBLE;MR01;0377;C2F2;V1;4;HB;6;2;0;0;0;0;F06;FILTRO COMBUSTIBLE;82094,18;VOLVO CONS // VOLVO CONS;P22480372 // VOE15126069;FILTROS;VOLVO FM460;7-PESADO;1,15;0;KG;2469,61;15;82094,18;;1;;;;;1;;;ZPAS;1000086372;PICKEADO PARCIAL;;;;;30/4/2026;10/4/2026;;
00377-YPF 3° loop;2;02-MENOR A PUNTO DE PEDIDO;1003096;ZSTO;FILTRO DE AIRE TANQUE DE COMBUSTIBLE;MR01;0377;C2E2;V1;4;HB;8;3;0;0;0;0;F06;FILTRO COMBUSTIBLE;100656,21;VOLVO CONS // DONALDSON;21743197 // P954869;FILTROS;VOLVO 330 // VOLVO FM460;9-FRAGIL;0,09;0;KG;480,42;15;100656,22;;1;;;;;1;;;ZPAS;1000086372;PICKEADO PARCIAL;;;;;30/4/2026;10/4/2026;;
00377-YPF 3° loop;2;02-MENOR A PUNTO DE PEDIDO;1003102;ZSTO;FILTRO DE COMBUSTIBLE;MR01;0377;C2G3;V1;4;HB;6;3;0;0;0;0;F06;FILTRO COMBUSTIBLE;174712,2;VOLKSWAGEN // HENGST // VOLKSWAGEN;2V5201512 // E422KP D98 // FF 5629;FILTROS;FILTROS;7-PESADO;0,26;0;KG;1800;15;174712,2;;1;;;;;1;;;ZPAS;1000086372;PICKEADO PARCIAL;;;;;30/4/2026;10/4/2026;;
00377-YPF 3° loop;2;02-MENOR A PUNTO DE PEDIDO;1003171;ZSTO;FILTRO DE AIRE SECUNDARIO;MR01;0377;C2I4;V1;3;HB;6;2;0;0;0;0;F04;FILTRO AIRE;287947,5;FLEETGUARD // FILPLUS;AF26086 // MSA26086;FILTROS;FILTRO AIRE;9-FRAGIL;2,1;0;KG;16000;15;287947,49;;1;;;;;1;;;ZPAS;1000086372;PICKEADO PARCIAL;;;;;30/4/2026;10/4/2026;;
00377-YPF 3° loop;2;02-MENOR A PUNTO DE PEDIDO;1003241;ZSTO;MANN CF1651;MR01;0377;C2E4;V1;2;HB;3;1;0;0;0;0;F14;GENERICOS FILTROS;40145,84;MANN //;CF1651 // P750003;FILTROS;VOLVO 330;9-FRAGIL;0,81;0;KG;15606;15;40145,84;;1;;;;;1;;;ZPAS;1000086372;PICKEADO PARCIAL;;;;;30/4/2026;10/4/2026;;
00377-YPF 3° loop;2;02-MENOR A PUNTO DE PEDIDO;1003953;ZSTO;BATERIA 12V 75AMP;MR01;0377;;V1;2;HB;3;1;0;0;0;0;C03;EQUIPOS;140598,83;MOURA;M30LD;REPUESTOS;hilux 2017 en adelante;7-PESADO;16,5;0;KG;9044;15;140598,83;;1;;;;;1;;;ZPAS;1000086372;PICKEADO PARCIAL;;;;;30/4/2026;10/4/2026;;
00377-YPF 3° loop;2;02-MENOR A PUNTO DE PEDIDO;1003954;ZSTO;BATERIA 12V 180AMP;MR01;0377;;V1;2;HB;3;1;0;0;0;0;C29;FILTROS/RESPUESTOS;229202,55;;25 PLACAS POR ELEMENTO;REPUESTOS;MAQUINARIA PESADA;7-PESADO;43;0;KG;23126,475;15;229202,55;;1;;;;;1;;;ZPAS;1000086372;PICKEADO PARCIAL;;;;;30/4/2026;10/4/2026;;
00377-YPF 3° loop;2;02-MENOR A PUNTO DE PEDIDO;1004011;ZSTO;LAMPARA 12V-5W S CULOTE X UN;MR01;0377;;V1;10;HB;15;9;0;0;0;0;C03;EQUIPOS;2618,55;;PHILIPS-OSRAM;REPUESTOS;ELECTRICIDAD AUTOMOTOR;9-FRAGIL;0,001;0;KG;1,257;15;2618,54;;1;;;;;1;;;ZPAS;1000086372;SIN TRATAMIENTO;;;;;30/4/2026;10/4/2026;;
00377-YPF 3° loop;2;02-MENOR A PUNTO DE PEDIDO;1004012;ZSTO;LAMPARA 12V-5W C CULOTE X UN;MR01;0377;;V1;10;HB;15;5;0;0;0;0;C29;FILTROS/RESPUESTOS;1552,9;;BA15S;REPUESTOS;ELECTRICIDAD AUTOMOTOR;9-FRAGIL;0,005;0;KG;10,996;15;1552,9;;1;;;;;1;;;ZPAS;1000086372;PICKEADO PARCIAL;;;;;30/4/2026;10/4/2026;;
00377-YPF 3° loop;2;02-MENOR A PUNTO DE PEDIDO;1004033;ZSTO;LAMPARA 24V-5W C CULOTE X UN;MR01;0377;;V1;10;HB;15;7;0;0;0;0;C29;FILTROS/RESPUESTOS;2854,53;;BA15S;REPUESTOS;ELECTRICIDAD AUTOMOTOR;9-FRAGIL;0,004;0;KG;12;15;2854,52;;1;;;;;1;;;ZPAS;1000086372;PICKEADO PARCIAL;;;;;30/4/2026;10/4/2026;;
00377-YPF 3° loop;2;02-MENOR A PUNTO DE PEDIDO;1004038;ZSTO;LAMPARA 24V-21W P PAREJA XUN;MR01;0377;;V1;10;HB;15;5;0;0;0;0;C29;FILTROS/RESPUESTOS;1493,8;;BA15S;REPUESTOS;ELECTRICIDAD AUTOMOTOR;9-FRAGIL;0,008;0;KG;2,454;15;1493,8;;1;;;;;1;;;ZPAS;1000086372;PICKEADO PARCIAL;;;;;30/4/2026;10/4/2026;;
00377-YPF 3° loop;2;02-MENOR A PUNTO DE PEDIDO;1004040;ZSTO;LAMPARA 24V-H3 70W X UN;MR01;0377;;V1;10;HB;15;5;0;0;0;0;C29;FILTROS/RESPUESTOS;25427,1;;PK22S;REPUESTOS;ELECTRICIDAD AUTOMOTOR;9-FRAGIL;0,007;0;KG;35;15;25427,1;;1;;;;;1;;;ZPAS;1000086372;PICKEADO PARCIAL;;;;;30/4/2026;10/4/2026;;
00377-YPF 3° loop;2;02-MENOR A PUNTO DE PEDIDO;1016077;ZSTO;ARANDELA;MR01;0377;;V1;8;HB;12;6;0;0;0;0;G05;AJUSTE;15715,5;JOHN DEERE;24M7243;DESGASTE;VOLVO EC 480D;8-VARIOS;0,061;0;KG;9,812;25;15715,5;;1;;;;;1;;;ZPAS;1000086372;PICKEADO PARCIAL;;;;;30/4/2026;10/4/2026;;
00377-YPF 3° loop;2;02-MENOR A PUNTO DE PEDIDO;1016163;ZSTO;FILTRO TRAMPA DE AGUA;MR01;0377;C2Ñ2;V1;5;HB;10;4;0;0;0;0;F13;FILTRO TRAMPA DE A;695433,8;VOLVO MAQU;17515206;FILTROS;VOLVO EC 480D;8-VARIOS;1,197;0;KG;8139,194;20;695433,79;;1;;;;;1;;;ZPAS;1000086372;PICKEADO PARCIAL;;;;;30/4/2026;10/4/2026;;
00377-YPF 3° loop;2;02-MENOR A PUNTO DE PEDIDO;1016164;ZSTO;FILTRO DE BOMBA SERVO-SISTEMA;MR01;0377;C2N2;V1;2;HB;4;1;0;0;0;0;F07;FILTRO FLUIDO HIDR;63754,98;VOLVO MAQU;14750655;FILTROS;VOLVO EC 480D;8-VARIOS;0,832;0;KG;3141,6;20;63754,98;;1;;;;;1;;;ZPAS;1000086372;PICKEADO PARCIAL;;;;;30/4/2026;10/4/2026;;
00377-YPF 3° loop;2;02-MENOR A PUNTO DE PEDIDO;1016479;ZSCD;PROTECTOR SOLAR (CREMA) FACT 60 X 120ML;MR01;0377;;V1;40;HB;80;36;0;0;0;0;C28;SEGURIDAD/ROPA/EPP;299582,64;;;SEGURIDAD;INSUMO;?;0;0;KG;2185;0;299582,63;;1;;;;;1;;;ZPAN;1000086381;SIN TRATAMIENTO;;;;;30/4/2026;10/4/2026;;10147364
00377-YPF 3° loop;2;02-MENOR A PUNTO DE PEDIDO;1016911;ZSSD;CINTA METRICA X20MT;MR01;0377;;V1;5;HB;10;4;0;0;0;0;C27;FERRETERIA MR01;104645,68;;;FERRETERIA;INSUMOS;?;0;0;KG;0;0;104645,69;;1;;;;;1;;;ZPAN;1000086381;SIN TRATAMIENTO;;;;;30/4/2026;10/4/2026;;10147364
00377-YPF 3° loop;2;02-MENOR A PUNTO DE PEDIDO;1016916;ZSSD;PINCEL CERDA NB 30;MR01;0377;;V1;5;HB;10;4;0;0;0;0;C22;INSUMOS C;0;;;FERRETERIA;INSUMOS;?;0;0;KG;0;0;9896,92;;1;;;;;1;;;ZPAN;1000086381;SIN TRATAMIENTO;;;;;30/4/2026;10/4/2026;;10147364
00377-YPF 3° loop;2;02-MENOR A PUNTO DE PEDIDO;1016958;ZSSD;SEPARADOR A4 PLASTICO A-Z PLASTICO;MR01;0377;;V1;12;HB;24;8;0;0;0;0;C17;INSUMOS A;15044,64;;MÚLT. 5U;LIMPIEZA;LIMPIEZA /SEGURIDAD;?;0;0;KG;0;0;20301,41;;1;;;;;1;;;ZPAN;1000086381;SIN TRATAMIENTO;;;;;30/4/2026;10/4/2026;;10147364
00377-YPF 3° loop;2;02-MENOR A PUNTO DE PEDIDO;1016988;ZSSD;CINTA METRICA 3MT;MR01;0377;;V1;5;HB;10;1;0;0;0;0;C27;FERRETERIA MR01;0;;;FERRETERIA;INSUMOS;?;0;0;KG;0;0;3154,56;;1;;;;;1;;;ZPAN;1000086381;SIN TRATAMIENTO;;;;;30/4/2026;10/4/2026;;10147364
00377-YPF 3° loop;2;02-MENOR A PUNTO DE PEDIDO;1017009;ZSSD;BLOCK A5 ESPIRAL CUADRIC 70HS;MR01;0377;;V1;20;HB;30;18;0;0;0;0;C17;INSUMOS A;28396,29;;;LIBRERIA;LIBRERIA;?;0;0;KG;0;0;30433,79;;1;;;;;1;;;ZPAN;1000086381;SIN TRATAMIENTO;;;;;30/4/2026;10/4/2026;;10147364
00377-YPF 3° loop;2;02-MENOR A PUNTO DE PEDIDO;1017037;ZSSD;MARCADOR P PIZARRA VERDE;MR01;0377;;V1;20;HB;30;9;0;0;0;0;C17;INSUMOS A;0;;MÚLT. 10U;LIBRERIA;ESCRITURA;?;0;0;KG;0;0;4809,96;;1;;;;;1;;;ZPAN;1000086381;SIN TRATAMIENTO;;;;;30/4/2026;10/4/2026;;10147364
00377-YPF 3° loop;2;02-MENOR A PUNTO DE PEDIDO;1017045;ZSSD;SECADOR DE PISO 30CM;MR01;0377;;V1;10;HB;30;7;0;0;0;0;C17;INSUMOS A;17524,22;;;LIMPIEZA;INSUMOS;?;0;0;KG;0;0;17524,21;;1;;;;;1;;;SIN PEDIDO;;;;;;;;;;
00377-YPF 3° loop;2;02-MENOR A PUNTO DE PEDIDO;1017067;ZSSD;BATERIA P BALIZA 1000HS;MR01;0377;C2C3;V1;10;HB;20;8;0;0;0;0;C28;SEGURIDAD/ROPA/EPP;58076,56;;;SEGURIDAD;?;?;0;0;KG;0;0;58076,53;;1;;;;;1;;;ZPAN;1000086381;SIN TRATAMIENTO;;;;;30/4/2026;10/4/2026;;10147364
00377-YPF 3° loop;2;02-MENOR A PUNTO DE PEDIDO;1017224;ZSSD;LAPIZ CARPINTERO;MR01;0377;;V1;5;HB;10;4;0;0;0;0;C27;FERRETERIA MR01;0;;;FERRETERIA;FERRETERIA;?;0;0;KG;0;0;1192,72;;1;;;;;1;;;ZPAN;1000086381;SIN TRATAMIENTO;;;;;30/4/2026;10/4/2026;;10147364
00377-YPF 3° loop;2;02-MENOR A PUNTO DE PEDIDO;1025947;ZSSD;ESCOBA DE PLASTICO;MR01;0377;;V1;10;HB;20;9;0;0;0;0;C17;INSUMOS A;0;;;LIMPIEZA;LIMPIEZA /SEGURIDAD;?;0;0;KG;0;15;16479,18;;1;;;;;1;;;ZPAN;1000086381;SIN TRATAMIENTO;;;;;30/4/2026;10/4/2026;;10147364
00377-YPF 3° loop;2;02-MENOR A PUNTO DE PEDIDO;1026342;ZSTO;FILTRO BOMBA DE COMBUSTIBLE;MR01;0377;C2H3;V1;3;HB;4;2;0;0;0;0;F06;FILTRO COMBUSTIBLE;272800,84;TOYOTA ARG;23390-0E011;FILTROS;?;?;0;0;KG;2541;20;272800,84;;1;;;;;1;;;ZPAS;1000086372;SIN TRATAMIENTO;;;;;30/4/2026;10/4/2026;;
00223 Comp Amb Santa Fe;2;02-MENOR A PUNTO DE PEDIDO;1001673;ZSTO;ALAMBRE 1.42MM NEGRO RECOCIDO P ATAR XKG;MR01;0223;;V1;30;HB;68;25;0;0;0;0;C08;ACERO;86663,5;;MÚLT. 45/50 KG;ACEROS;ALAMBRES;1-ALAMBRE;1;0;KG;747,477;20;86663,52;;1;;;;;1;;;SIN PEDIDO;;;;;;;;;;
00223 Comp Amb Santa Fe;2;02-MENOR A PUNTO DE PEDIDO;1001747;ZSTO;BOTA GOMA P.ACERO N 43;MR01;0223;;V1;2;HB;3;1;0;0;0;0;C28;SEGURIDAD/ROPA/EPP;18181,84;;;SEGURIDAD;CALZADO;8-VARIOS;2,348;0;KG;19488;20;18181,84;;1;;;;;1;;;SIN PEDIDO;;;;;;;;;;
00223 Comp Amb Santa Fe;2;02-MENOR A PUNTO DE PEDIDO;1001791;ZSTO;ACEITE SAE 30 X 205L;MR01;0223;;V1;1;HB;2;0,471;0;0;0;0;L01;ACEITES;340422,95;YPF S.A. // YPF S.A. // YPF S.A.;151692 // FT SUPER 30 TR;LUBRICANTES;ACEITES;2-TACHO;193;0;KG;233705,49;15;340422,94;;1;;;;;1;;;SIN PEDIDO;;;;;;;;;;
00223 Comp Amb Santa Fe;2;02-MENOR A PUNTO DE PEDIDO;1001823;ZSTO;ACEITE F50 5W40 X 20 L;MR01;0223;;V1;1;HB;2;0,5;0;0;0;0;L01;ACEITES;109533,48;ELAION // YPF S.A. // ELAION;F50 5W40 // 151792 // FS540;LUBRICANTES;AMAROK-HILUX;6-PESADO Y FRAGIL;18;0;KG;27727,77;15;109533,48;;1;;;;;1;;;SIN PEDIDO;;;;;;;;;;
00223 Comp Amb Santa Fe;2;02-MENOR A PUNTO DE PEDIDO;1002009;ZSTO;CAMISA JEAN T.56 C LOGO;MR01;0223;;V1;2;HB;3;1;0;0;0;0;C28;SEGURIDAD/ROPA/EPP;912,99;;;ROPA;INDUMENTARIA;8-VARIOS;0,607;0;KG;3627;30;912,99;;1;;;;;1;;;SIN PEDIDO;;;;;;;;;;
00223 Comp Amb Santa Fe;2;02-MENOR A PUNTO DE PEDIDO;1002053;ZSTO;CAMPERA 2 PIEL T. XXL;MR01;0223;;V1;2;HB;3;1;0;0;0;0;C28;SEGURIDAD/ROPA/EPP;15528,36;;;SEGURIDAD;INDUMENTARIA;8-VARIOS;0,606;0;KG;8640;30;15528,36;;1;;;;;1;;;ZPAS;1000086215;EMBALADO;;;10/4/2026;;28/4/2026;8/4/2026;;
00223 Comp Amb Santa Fe;2;02-MENOR A PUNTO DE PEDIDO;1002621;ZSTO;FILTRO AIRE 1 XUN;MR01;0223;;V1;2;HB;3;1;0;0;0;0;F04;FILTRO AIRE;97757,52;JOHN DEERE;AT300487;FILTROS;JD. 544K;9-FRAGIL;2,175;0;KG;24022,875;15;97757,52;;1;;;;;1;;;SIN PEDIDO;;;;;;;;;;
00223 Comp Amb Santa Fe;2;02-MENOR A PUNTO DE PEDIDO;1002623;ZSTO;FILTRO AIRE 2 XUN;MR01;0223;;V1;2;HB;3;1;0;0;0;0;F04;FILTRO AIRE;100083,34;JOHN DEERE;AT314583;FILTROS;JOHN DEERE;9-FRAGIL;1,19;0;KG;21032,375;20;100083,34;;1;;;;;1;;;SIN PEDIDO;;;;;;;;;;
00223 Comp Amb Santa Fe;2;02-MENOR A PUNTO DE PEDIDO;1002838;ZSTO;FILTRO ACEITE;MR01;0223;;V1;2;HB;3;1;0;0;0;0;F03;FILTRO ACEITE;13196,42;TOYOTA ARG // TOYOTA ARG;909152000300 // 90915YZZD2;FILTROS;PARA HILUX;8-VARIOS;0,27;0;KG;576;15;13196,42;;1;;;;;1;;;SIN PEDIDO;;;;;;;;;;
00341 Mov. Suelos San Luis;2;02-MENOR A PUNTO DE PEDIDO;1001682;ZSTO;MAMEL. 1°CAL. DESC. LAMIN.BLANCO 60GR.XL;MR01;0341;;V1;300;HB;375;169;0;0;0;0;C28;SEGURIDAD/ROPA/EPP;1454598,21;;FABRICANTE:DUPONT | MODELO:TYVEK 500;SEGURIDAD;INDUMENTARIA;8-VARIOS;0,195;0;KG;2232;21;1454598,92;;1;;;;;1;;;ZPAS;1000085456;DESPACHADO;;;30/3/2026;1/4/2026;16/4/2026;25/3/2026;;
00341 Mov. Suelos San Luis;2;02-MENOR A PUNTO DE PEDIDO;1001686;ZSTO;ANTEOJO GRIS ECOLINEHC;MR01;0341;;V1;96;HB;120;80;0;0;0;0;C28;SEGURIDAD/ROPA/EPP;93004;LIBUS;ECOLINEHC (MÚLT. 10U);SEGURIDAD;ACCESORIO SEGURIDAD;9-FRAGIL;0,024;0;KG;252;21;93004,19;;1;;;;;1;;;ZPAS;1000086414;SIN TRATAMIENTO;;;;;30/4/2026;10/4/2026;;
00341 Mov. Suelos San Luis;2;02-MENOR A PUNTO DE PEDIDO;1001687;ZSTO;ANTEOJO INCOLORO ECOLINEHC;MR01;0341;;V1;96;HB;120;91;0;0;0;0;C28;SEGURIDAD/ROPA/EPP;109130,84;LIBUS;ECOLINEHC (MÚLT. 10U);SEGURIDAD;ACCESORIO SEGURIDAD;9-FRAGIL;0,023;0;KG;252;21;109131,09;;1;;;;;1;;;SIN PEDIDO;;;;;;;;;;
00341 Mov. Suelos San Luis;2;02-MENOR A PUNTO DE PEDIDO;1001697;ZSTO;GUANTE VAQUETA MEDIO PASEO T.10;MR01;0341;;V1;120;HB;150;114;0;0;0;0;C28;SEGURIDAD/ROPA/EPP;250696,26;;MÚLT. 12U;SEGURIDAD;GUANTE;8-VARIOS;0,122;0;KG;650;21;250695,89;;1;;;;;1;;;SIN PEDIDO;;;;;;;;;;
00341 Mov. Suelos San Luis;2;02-MENOR A PUNTO DE PEDIDO;1001699;ZSTO;CASCO CARCAZA BLANCO (LIBUS);MR01;0341;;V1;6;HB;8;4;0;0;0;0;C28;SEGURIDAD/ROPA/EPP;13318,52;LIBUS;MILENIUM;SEGURIDAD;ACCESORIO SEGURIDAD;8-VARIOS;0,285;0;KG;8700;21;13318,52;;1;;;;;1;;;ZPAS;1000085109;DESPACHADO;;;8/4/2026;9/4/2026;10/4/2026;18/3/2026;;
00341 Mov. Suelos San Luis;2;02-MENOR A PUNTO DE PEDIDO;1001708;ZSTO;GUANTE POLIAMIDA LAMINADO PALMAPU-TALLE9;MR01;0341;;V1;288;HB;360;281;0;0;0;0;C28;SEGURIDAD/ROPA/EPP;179716,36;;MÚLT. 12U;SEGURIDAD;GUANTE;8-VARIOS;0,028;0;KG;500;21;179716,78;;1;;;;;1;;;SIN PEDIDO;;;;;;;;;;
00341 Mov. Suelos San Luis;2;02-MENOR A PUNTO DE PEDIDO;1001726;ZSTO;SUSPENSION CREMALLERA;MR01;0341;;V1;12;HB;15;10;0;0;0;0;C28;SEGURIDAD/ROPA/EPP;36042,8;LIBUS;MILENIUM;SEGURIDAD;ACCESORIO SEGURIDAD;8-VARIOS;0,09;0;KG;8694;21;36042,81;;1;;;;;1;;;SIN PEDIDO;;;;;;;;;;
00341 Mov. Suelos San Luis;2;02-MENOR A PUNTO DE PEDIDO;1001808;ZSTO;UREA AZUL 32 X 10 LTS;MR01;0341;;V1;72;HB;100;2;0;0;0;0;L02;FLUIDOS;38261,56;YPF S.A. // YPF S.A.;516347 // 516347;LUBRICANTES;VOLVO FM460;6-PESADO Y FRAGIL;11,5;0;KG;13689;15;38261,56;;1;;;;;1;;;SIN PEDIDO;;;;;;;;;;
00341 Mov. Suelos San Luis;2;02-MENOR A PUNTO DE PEDIDO;1001871;ZSTO;RESMA DE HOJA A4 70GR. X UN;MR01;0341;;V1;8;HB;10;6;0;0;0;0;C17;INSUMOS A;24742,02;;;LIBRERIA;PAPEL;7-PESADO;2,27;0;KG;3150;15;24742;;1;;;;;1;;;ZPAS;1000085456;DESPACHADO;;;30/3/2026;1/4/2026;16/4/2026;25/3/2026;;
00341 Mov. Suelos San Luis;2;02-MENOR A PUNTO DE PEDIDO;1001879;ZSTO;CINTA DE ENMASCARAR 24 MM XROLLO;MR01;0341;;V1;4;HB;6;2;0;0;0;0;C17;INSUMOS A;3171,08;;;LIBRERIA;CINTAS ADHESIVAS;8-VARIOS;0,088;0;KG;237,463;15;3171,08;;1;;;;;1;;;ZPAS;1000085456;DESPACHADO;;;30/3/2026;1/4/2026;16/4/2026;25/3/2026;;
00341 Mov. Suelos San Luis;2;02-MENOR A PUNTO DE PEDIDO;1001888;ZSTO;BOLSAS RESIDUOS XUN 102X130 NEGRA;MR01;0341;;V1;96;HB;120;93;0;0;0;0;C17;INSUMOS A;75033,33;;;LIMPIEZA;LIMPIEZA /SEGURIDAD;8-VARIOS;0,195;0;KG;1534;45;75033,51;;1;;;;;1;;;SIN PEDIDO;;;;;;;;;;
00341 Mov. Suelos San Luis;2;02-MENOR A PUNTO DE PEDIDO;1001893;ZSTO;BOLSARESIDUPLASTICA60X90NEGRAXROLLOX10UN;MR01;0341;;V1;18;HB;24;3;0;0;0;0;C17;INSUMOS A;2128,23;;;LIMPIEZA;BOLSAS;8-VARIOS;0,296;0;KG;550;15;2128,24;;1;;;;;1;;;ZPAS;1000085109;DESPACHADO;;;30/3/2026;1/4/2026;10/4/2026;18/3/2026;;
00341 Mov. Suelos San Luis;2;02-MENOR A PUNTO DE PEDIDO;1001896;ZSTO;PULVERIZADOR P ALCOHOL LIQUIDO 500 ML;MR01;0341;;V1;12;HB;15;8;0;0;0;0;C17;INSUMOS A;7609,92;;;LIMPIEZA;DIFUSOR;9-FRAGIL;0,05;0;KG;826,998;15;7609,93;;1;;;;;1;;;ZPAS;1000085456;DESPACHADO;;;30/3/2026;1/4/2026;16/4/2026;25/3/2026;;
00341 Mov. Suelos San Luis;2;02-MENOR A PUNTO DE PEDIDO;1001943;ZSTO;ADHESIVO CIANO 20 G XUN;MR01;0341;;V1;9;HB;12;8;0;0;0;0;C27;FERRETERIA MR01;55953,36;CIANO;;FERRETERIA;ADHESIVOS;9-FRAGIL;0,03;0;KG;75;15;55953,34;;1;;;;;1;;;SIN PEDIDO;;;;;;;;;;
00341 Mov. Suelos San Luis;2;02-MENOR A PUNTO DE PEDIDO;1001952;ZSTO;TRAPO LIMPIO (BOLSAX10KG) XUN;MR01;0341;;V1;9;HB;12;3;0;0;0;0;C27;FERRETERIA MR01;53743,38;;MÚLT. 10 KG;FERRETERIA;ACCESORIOS;7-PESADO;10;0;KG;71456;30;53743,38;;1;;;;;1;;;ZPAS;1000086414;PICKEADO;;;13/4/2026;;30/4/2026;10/4/2026;;
00341 Mov. Suelos San Luis;2;02-MENOR A PUNTO DE PEDIDO;1001959;ZSTO;CINTA TEFLON 3/4 X 20MT;MR01;0341;;V1;3;HB;5;2;0;0;0;0;C27;FERRETERIA MR01;2194,86;;;FERRETERIA;INSUMOS;8-VARIOS;0,01;0;KG;70,65;15;2194,86;;1;;;;;1;;;ZPAS;1000085456;SIN TRATAMIENTO;;;;;16/4/2026;25/3/2026;;
00341 Mov. Suelos San Luis;2;02-MENOR A PUNTO DE PEDIDO;1001971;ZSTO;ESMALTE SINT. AEROSOL ROJO X 440CC;MR01;0341;;V1;18;HB;23;16;0;0;0;0;C22;INSUMOS C;61226,72;;KUWAIT-SINTEPLAST;PINTURAS;PINTURA AEROSOL;6-PESADO Y FRAGIL;0,39;0;KG;663,325;15;61226,79;;1;;;;;1;;;SIN PEDIDO;;;;;;;;;;
00341 Mov. Suelos San Luis;2;02-MENOR A PUNTO DE PEDIDO;1001992;ZSTO;ELECTRODO AWS7018 X 4,00 MM X KG;MR01;0341;;V1;12;HB;15;10;0;0;0;0;C27;FERRETERIA MR01;88652,4;CONARCO;AWS7018;SOLDADURA;ELECTRODOS;7-PESADO;1;0;KG;317,925;15;88652,4;;1;;;;;1;;;SIN PEDIDO;;;;;;;;;;
00341 Mov. Suelos San Luis;2;02-MENOR A PUNTO DE PEDIDO;1002017;ZSTO;PANTALON JEAN T.50;MR01;0341;;V1;3;HB;5;2;0;0;0;0;C28;SEGURIDAD/ROPA/EPP;35514,26;;;ROPA;INDUMENTARIA;8-VARIOS;0,751;0;KG;4107,5;21;35514,25;;1;;;;;1;;;ZPAS;1000086116;SIN TRATAMIENTO;;;;;27/4/2026;7/4/2026;;
00341 Mov. Suelos San Luis;2;02-MENOR A PUNTO DE PEDIDO;1002059;ZSTO;CAMPERA ABRIGO T. XL ROJA CON LOGO;MR01;0341;;V1;2;HB;3;1;0;0;0;0;C28;SEGURIDAD/ROPA/EPP;46398,92;No aplica;CON REFLECTIVO T. XL;ROPA;INDUMENTARIA;8-VARIOS;0,985;0;KG;8960;30;46398,92;;1;;;;;1;;;ZPAS;1000086116;SIN TRATAMIENTO;;;;;27/4/2026;7/4/2026;;
00341 Mov. Suelos San Luis;2;02-MENOR A PUNTO DE PEDIDO;1015813;ZSSD;LÍQUIDO PARA LAMPAZO X 5 LTS;MR01;0341;;V1;3;HB;5;2;0;0;0;0;C17;INSUMOS A;0;;;LIMPIEZA;LIMPIEZA /SEGURIDAD;?;0;0;KG;0;15;39500;;1;;;;;1;;;SIN PEDIDO;;;;;;;;;;
00341 Mov. Suelos San Luis;2;02-MENOR A PUNTO DE PEDIDO;1015861;ZSSD;SELLADOR BRIDA LOCTITE 5900 CART X300ML;MR01;0341;;V1;4;HB;6;3;0;0;0;0;C27;FERRETERIA MR01;184824,12;;;FERRETERIA;ADHESIVOS/SELLADORES/LUBRICANT;?;0;0;KG;0;15;184824,13;;1;;;;;1;;;ZPAN;1000085850;ADJUDICADO;4500124671;;;;22/4/2026;31/3/2026;C27;10146713
00341 Mov. Suelos San Luis;2;02-MENOR A PUNTO DE PEDIDO;1016918;ZSSD;PRECINTOS NYLON 4,8 X 250 MM NEGROS X100;MR01;0341;;V1;4;HB;6;3;0;0;0;0;C27;FERRETERIA MR01;0;;MÚLT. 100U;FERRETERIA;INSUMOS;?;0;0;KG;0;0;19421,48;;1;;;;;1;;;ZPAN;1000085850;ADJUDICADO;4500124671;;;;22/4/2026;31/3/2026;C27;10146713
00341 Mov. Suelos San Luis;2;02-MENOR A PUNTO DE PEDIDO;1016919;ZSSD;LUBRICANTE MULTIUSO WD-40 440CC;MR01;0341;;V1;18;HB;25;8;0;0;0;0;C27;FERRETERIA MR01;0;;;FERRETERIA;ADHESIVOS/SELLADORES/LUBRICANT;?;0;0;KG;0;0;69421,52;;1;;;;;1;;;ZPAN;1000085850;ADJUDICADO;4500124671;;;;22/4/2026;31/3/2026;C27;10146713
00341 Mov. Suelos San Luis;2;02-MENOR A PUNTO DE PEDIDO;1016920;ZSSD;SOGA NAUTICA 12MM;MR01;0341;;V1;60;HB;75;40;0;0;0;0;C27;FERRETERIA MR01;0;;MÚLT. 100 MTS;FERRETERIA;FERRETERIA;8-VARIOS;0;0;KG;0;0;33057,6;;1;;;;;1;;;ZPAN;1000085850;ADJUDICADO;4500124671;;;;22/4/2026;31/3/2026;C27;10146713
00341 Mov. Suelos San Luis;2;02-MENOR A PUNTO DE PEDIDO;1016939;ZSSD;DESODORANTE LIQUIDO P PISO X5LT;MR01;0341;;V1;9;HB;14;8;0;0;0;0;C17;INSUMOS A;0;;;LIMPIEZA;LIMPIEZA /SEGURIDAD;?;0;0;KG;0;0;35200;;1;;;;;1;;;SIN PEDIDO;;;;;;;;;;
00341 Mov. Suelos San Luis;2;02-MENOR A PUNTO DE PEDIDO;1016952;ZSSD;CUTTER C GUIA METAL 18MM;MR01;0341;;V1;7;HB;10;1;0;0;0;0;C17;INSUMOS A;2305,35;;;FERRETERIA;INSUMOS;?;0;0;KG;0;0;2305,35;;1;;;;;1;;;ZPAN;1000085170;ADJUDICADO;4500124502;;;;13/4/2026;19/3/2026;C17;10145838
00341 Mov. Suelos San Luis;2;02-MENOR A PUNTO DE PEDIDO;1016962;ZSSD;RESALTADOR NARANJA PUNTA CHANFLEADA;MR01;0341;;V1;3;HB;5;2;0;0;0;0;C17;INSUMOS A;0;;MÚLT. 10U;LIBRERIA;ESCRITURA;?;0;0;KG;0;0;4862,9;;1;;;;;1;;;ZPAN;1000085170;ADJUDICADO;4500124502;;;;13/4/2026;19/3/2026;C17;10145838
00341 Mov. Suelos San Luis;2;02-MENOR A PUNTO DE PEDIDO;1016964;ZSSD;RESALTADOR AMARILLO PUNTA CHANFLEADA;MR01;0341;;V1;3;HB;5;2;0;0;0;0;C17;INSUMOS A;611,42;;MÚLT. 10U;LIBRERIA;ESCRITURA;?;0;0;KG;0;0;611,43;;1;;;;;1;;;ZPAN;1000085170;ADJUDICADO;4500124502;;;;13/4/2026;19/3/2026;C17;10145838
00341 Mov. Suelos San Luis;2;02-MENOR A PUNTO DE PEDIDO;1016965;ZSSD;PORTABLOCK ACRILICO C CLIP SUPERIOR;MR01;0341;;V1;3;HB;5;2;0;0;0;0;C17;INSUMOS A;9246,48;;;LIBRERIA;ACCESORIOS;?;0;0;KG;0;0;9246,48;;1;;;;;1;;;ZPAN;1000085850;ADJUDICADO;4500124690;;;;22/4/2026;31/3/2026;C17;10146713
00341 Mov. Suelos San Luis;2;02-MENOR A PUNTO DE PEDIDO;1016982;ZSSD;FOLIO A4 ST X100;MR01;0341;;V1;2;HB;3;1;0;0;0;0;C17;INSUMOS A;0;;;LIBRERIA;PAPEL;?;0;0;KG;0;0;13904,64;;1;;;;;1;;;ZPAN;1000085170;ADJUDICADO;4500124502;;;;13/4/2026;19/3/2026;C17;10145838
00341 Mov. Suelos San Luis;2;02-MENOR A PUNTO DE PEDIDO;1016998;ZSSD;BOLIGRAFO TRAZO GRUESO NEGRO;MR01;0341;;V1;120;HB;150;100;0;0;0;0;C17;INSUMOS A;25910;;MÚLT. 50U;LIBRERIA;ESCRITURA;?;0;0;KG;0;0;25910,44;;1;;;;;1;;;ZPAN;1000085170;ADJUDICADO;4500124505;;;;13/4/2026;19/3/2026;C17;10145838
00341 Mov. Suelos San Luis;2;02-MENOR A PUNTO DE PEDIDO;1017002;ZSSD;PILA ALCALINA AAA;MR01;0341;;V1;12;HB;15;5;0;0;0;0;C27;FERRETERIA MR01;0;;;FERRETERIA;INSUMOS;?;0;0;KG;0;0;8264,45;;1;;;;;1;;;ZPAN;1000085850;ADJUDICADO;4500124671;;;;22/4/2026;31/3/2026;C27;10146713
00341 Mov. Suelos San Luis;2;02-MENOR A PUNTO DE PEDIDO;1017010;ZSSD;BOLIGRAFO TRAZO FINO AZUL;MR01;0341;;V1;120;HB;150;100;0;0;0;0;C17;INSUMOS A;31065;;MÚLT. 24U;LIBRERIA;ESCRITURA;?;0;0;KG;0;0;31065,47;;1;;;;;1;;;SIN PEDIDO;;;;;;;;;;
00341 Mov. Suelos San Luis;2;02-MENOR A PUNTO DE PEDIDO;1017016;ZSSD;MARCADOR PERMANENTE NEGRO;MR01;0341;;V1;7;HB;9;5;0;0;0;0;C17;INSUMOS A;653,94;;MÚLT. 10U;LIBRERIA;ESCRITURA;?;0;0;KG;0;0;10732,34;;1;;;;;1;;;ZPAN;1000085170;ADJUDICADO;4500124505;;;;13/4/2026;19/3/2026;C17;10145838
00341 Mov. Suelos San Luis;2;02-MENOR A PUNTO DE PEDIDO;1017034;ZSSD;TIJERA 17 CM C MANGO PLASTICO;MR01;0341;;V1;2;HB;3;1;0;0;0;0;C17;INSUMOS A;0;;;LIBRERIA;ACCESORIOS;?;0;0;KG;0;0;5532,23;;1;;;;;1;;;ZPAN;1000085850;ADJUDICADO;4500124690;;;;22/4/2026;31/3/2026;C17;10146713
00341 Mov. Suelos San Luis;2;02-MENOR A PUNTO DE PEDIDO;1017037;ZSSD;MARCADOR P PIZARRA VERDE;MR01;0341;;V1;3;HB;5;1;0;0;0;0;C17;INSUMOS A;620,86;;MÚLT. 10U;LIBRERIA;ESCRITURA;?;0;0;KG;0;0;620,86;;1;;;;;1;;;ZPAN;1000085850;ADJUDICADO;4500124690;;;;22/4/2026;31/3/2026;C17;10146713
00341 Mov. Suelos San Luis;2;02-MENOR A PUNTO DE PEDIDO;1017039;ZSSD;LAPIZ A MINA 05 MM 2B;MR01;0341;;V1;6;HB;8;5;0;0;0;0;C17;INSUMOS A;5360,3;;;LIBRERIA;ESCRITURA;?;0;0;KG;0;0;5360,27;;1;;;;;1;;;SIN PEDIDO;;;;;;;;;;
00341 Mov. Suelos San Luis;2;02-MENOR A PUNTO DE PEDIDO;1017050;ZSSD;BOBINA PAPEL 25CM 400MT;MR01;0341;;V1;7;HB;10;4;0;0;0;0;C17;INSUMOS A;0;;;LIMPIEZA;LIMPIEZA /SEGURIDAD;?;0;0;KG;0;0;70000;;1;;;;;1;;;ZPAN;1000085850;ADJUDICADO;4500124486;;;;22/4/2026;31/3/2026;C17;10146713
00341 Mov. Suelos San Luis;2;02-MENOR A PUNTO DE PEDIDO;1017081;ZSSD;PRECINTOS NYLON 7.6 X 300 MM NEGROS X100;MR01;0341;;V1;4;HB;6;2;0;0;0;0;C27;FERRETERIA MR01;0;;MÚLT. 100U;FERRETERIA;INSUMOS;?;0;0;KG;0;0;22314,4;;1;;;;;1;;;ZPAN;1000085850;ADJUDICADO;4500124671;;;;22/4/2026;31/3/2026;C27;10146713
00341 Mov. Suelos San Luis;2;02-MENOR A PUNTO DE PEDIDO;1017083;ZSSD;PILA ALCALINA AA;MR01;0341;;V1;12;HB;15;11;0;0;0;0;C27;FERRETERIA MR01;0;;;FERRETERIA;INSUMOS;?;0;0;KG;0;0;19999,98;;1;;;;;1;;;SIN PEDIDO;;;;;;;;;;
00341 Mov. Suelos San Luis;2;02-MENOR A PUNTO DE PEDIDO;1017236;ZSSD;"LUSTRAMUEBLES ""BLEM"" - ORIGINAL XUN";MR01;0341;;V1;72;HB;90;36;0;0;0;0;C17;INSUMOS A;0;;;LIMPIEZA;LIMPIEZA /SEGURIDAD;?;0;0;KG;0;0;252000;;1;;;;;1;;;SIN PEDIDO;;;;;;;;;;
00341 Mov. Suelos San Luis;2;02-MENOR A PUNTO DE PEDIDO;1017237;ZSSD;DESENGRASANTE MULTIPROP. WOHR 5LT XUN;MR01;0341;;V1;4;HB;6;1;0;0;0;0;C17;INSUMOS A;40706,82;;;LIMPIEZA;LIMPIEZA /SEGURIDAD;?;0;0;KG;0;0;40706,82;;1;;;;;1;;;SIN PEDIDO;;;;;;;;;;
00341 Mov. Suelos San Luis;2;02-MENOR A PUNTO DE PEDIDO;1001787;ZSTO;ACEITE ISO 68 HIDRAULICO X 205L;MM01;0035;;V1;3;HB;6;2;0;0;0;0;L01;ACEITES;1089414,92;YPF S.A. // YPF S.A.;BP68 // 135592;LUBRICANTES;ACEITES;2-TACHO;193;0;KG;233705,49;15;1089414,92;;1;;;;;1;;;ZPAS;1000085787;DESPACHADO PARCIAL;;;7/4/2026;8/4/2026;22/4/2026;31/3/2026;;
00341 Mov. Suelos San Luis;2;02-MENOR A PUNTO DE PEDIDO;1001824;ZSTO;CUBIERTA 295 80 R22.5;MM01;0035;;V1;7;HB;9;5;0;0;0;0;C48;CUBIERTAS CAMIONES;2762091,25;PIRELLI NE // GOOD YEAR // BRIDGESTON // // MICHELIN A // GOOD YEAR // GOOD YEAR // FATE SAICI // PIRELLI NE;TG01/TG02 // G677MSD // M 745 // T831 // XDY+ // ARMOR MAX MSA GEN2 // ARMOR MAX MSD // FATECARGO DO-820 // G02;CUBIERTAS;VW 31320 (3 JUEGOS;5-CUBIERTAS;69;0;KG;250984,125;15;2762091,27;;1;;;;;1;;;ZPAS;1000083857;CUMPLIDO PARCIAL;;;18/3/2026;8/4/2026;17/4/2026;28/2/2026;;
00341 Mov. Suelos San Luis;2;02-MENOR A PUNTO DE PEDIDO;1001827;ZSTO;CUBIERTA 12.00 R20 FG85 (lineal);MM01;0035;;V1;3;HB;5;2;0;0;0;0;C48;CUBIERTAS CAMIONES;1304200,92;PIRELLI NE // MICHELIN A // GOOD YEAR;FG85 // XZY3 // G686MSS;CUBIERTAS;IVECO TRAKKER;5-CUBIERTAS;74;0;KG;242491,21;15;1304200,91;;1;;;;;1;;;ZPAS;1000086415;SIN TRATAMIENTO;;;;;30/4/2026;10/4/2026;;
00341 Mov. Suelos San Luis;2;02-MENOR A PUNTO DE PEDIDO;1001828;ZSTO;CUBIERTA 12.00 R20 TG85 (TRACCION);MM01;0035;;V1;3;HB;5;1;0;0;0;0;C48;CUBIERTAS CAMIONES;681099,49;PIRELLI NE // GOOD YEAR // MICHELIN A // GOOD YEAR // GOOD YEAR // GOOD YEAR;TG85 // G677OTR // XDY // G-677 MSD // G677 // G677MSD.;CUBIERTAS;CUBIERTAS;5-CUBIERTAS;80;0;KG;275717,12;15;681099,49;;1;;;;;1;;;ZPAS;1000085169;SIN TRATAMIENTO;;;;;13/4/2026;19/3/2026;;
00341 Mov. Suelos San Luis;2;02-MENOR A PUNTO DE PEDIDO;1002436;ZSTO;TRABA UÑA BALDE - 55/65R;MM01;0035;;V1;24;HB;30;18;0;0;0;0;G04;UÑAS;101286,54;VOLVO CONS;VOE11417318;DESGASTE;VOLVO;3-DESGASTE;0;0;KG;0;20;101286,47;;1;;;;;1;;;ZPAS;1000085787;DESPACHADO;;;7/4/2026;8/4/2026;22/4/2026;31/3/2026;;
00341 Mov. Suelos San Luis;2;02-MENOR A PUNTO DE PEDIDO;1002938;ZSTO;FILTRO HIDRAULICO RETORNO;MM01;0035;;V1;2;HB;2;1;0;0;0;0;F07;FILTRO FLUIDO HIDR;208320,76;VOLVO CONS //;VOE14569658 // 14690316;FILTROS;VOLVO EC 480D;7-PESADO;3,86;0;KG;16967;20;208320,76;;1;;;;;1;;;ZPAS;1000086242;SIN TRATAMIENTO;;;;;28/4/2026;8/4/2026;;
00341 Mov. Suelos San Luis;2;02-MENOR A PUNTO DE PEDIDO;1003047;ZSTO;FILTRO AIRE CABINA SECUNDARIO;MM01;0035;;V1;2;HB;4;1;0;0;0;0;F05;FILTRO AIRE CABINA;87378,79;VOLVO CONS;VOE11703980;FILTROS;CARGADORA VOLVO L220G;9-FRAGIL;1,15;0;KG;10920;20;87378,79;;1;;;;;1;;;ZPAS;1000085787;DESPACHADO;;;7/4/2026;8/4/2026;22/4/2026;31/3/2026;;
00341 Mov. Suelos San Luis;2;02-MENOR A PUNTO DE PEDIDO;1003089;ZSTO;FILTRO DE CABINA;MM01;0035;;V1;4;HB;6;2;0;0;0;0;F05;FILTRO AIRE CABINA;48347,32;TOYOTA ARG;871390K080;FILTROS;HILUX 2017;9-FRAGIL;0,08;0;KG;1383,75;15;48347,32;;1;;;;;1;;;ZPAS;1000085787;DESPACHADO;;;7/4/2026;8/4/2026;22/4/2026;31/3/2026;;
00341 Mov. Suelos San Luis;2;02-MENOR A PUNTO DE PEDIDO;1003095;ZSTO;FILTRO TRAMPA DE AGUA COMBUSTIBLE;MM01;0035;;V1;4;HB;6;3;0;0;0;0;F13;FILTRO TRAMPA DE A;151698,06;PARKER RAC //;21925732 // 23662435;FILTROS;VOLVO FM460;7-PESADO;0,72;0;KG;1329,79;15;151698,06;;1;;;;;1;;;ZPAS;1000085787;DESPACHADO;;;7/4/2026;8/4/2026;22/4/2026;31/3/2026;;
00341 Mov. Suelos San Luis;2;02-MENOR A PUNTO DE PEDIDO;1003096;ZSTO;FILTRO DE AIRE TANQUE DE COMBUSTIBLE;MM01;0035;;V1;24;HB;30;17;0;0;0;0;F06;FILTRO COMBUSTIBLE;609752,43;VOLVO CONS // DONALDSON;21743197 // P954869;FILTROS;VOLVO 330 // VOLVO FM460;9-FRAGIL;0,09;0;KG;480,42;15;609752,46;;1;;;;;1;;;ZPAS;1000086242;SIN TRATAMIENTO;;;;;28/4/2026;8/4/2026;;
00341 Mov. Suelos San Luis;2;02-MENOR A PUNTO DE PEDIDO;1003097;ZSTO;FILTRO DE AIRE PRIMARIO;MM01;0035;;V1;4;HB;6;2;0;0;0;0;F04;FILTRO AIRE;389522,98;VOLVO CONS;21337557;FILTROS;VOLVO FM460;9-FRAGIL;3,39;0;KG;49940,125;30;389522,99;;1;;;;;1;;;ZPAS;1000086415;SIN TRATAMIENTO;;;;;30/4/2026;10/4/2026;;
00341 Mov. Suelos San Luis;2;02-MENOR A PUNTO DE PEDIDO;1003102;ZSTO;FILTRO DE COMBUSTIBLE;MM01;0035;;V1;2;HB;3;1;0;0;0;0;F06;FILTRO COMBUSTIBLE;40255,76;VOLKSWAGEN // HENGST // VOLKSWAGEN;2V5201512 // E422KP D98 // FF 5629;FILTROS;FILTROS;7-PESADO;0,26;0;KG;1800;15;40255,76;;1;;;;;1;;;ZPAS;1000086242;SIN TRATAMIENTO;;;;;28/4/2026;8/4/2026;;
00341 Mov. Suelos San Luis;2;02-MENOR A PUNTO DE PEDIDO;1003173;ZSTO;FILTRO DE AIRE PRIMARIO;MM01;0035;;V1;2;HB;3;1;0;0;0;0;F04;FILTRO AIRE;115161,63;CATERPILLA;3370790;FILTROS;CAT 950;9-FRAGIL;0,74;0;KG;12032;15;115161,63;;1;;;;;1;;;ZPAS;1000086242;SIN TRATAMIENTO;;;;;28/4/2026;8/4/2026;;
00341 Mov. Suelos San Luis;2;02-MENOR A PUNTO DE PEDIDO;1003356;ZSTO;FILTRO SEPAR ACEITE;MM01;0035;;V1;2;HB;3;1;0;0;0;0;F03;FILTRO ACEITE;451310,36;ATLAS COPC;2911011201 // 2911011203;FILTROS;FILTROS;8-VARIOS;4,858;0;KG;40227;15;451310,36;;1;;;;;1;;;SIN PEDIDO;;;;;;;;;;
00341 Mov. Suelos San Luis;2;02-MENOR A PUNTO DE PEDIDO;1003376;ZSTO;GRASA XUN;MM01;0035;;V1;6;HB;8;4;0;0;0;0;L03;GRASAS;358374,28;;90002915;LUBRICANTES;MARTILLO HIDRAULICO;6-PESADO Y FRAGIL;0;0;KG;0;15;358374,27;;1;;;;;1;;;ZPAS;1000085716;DESPACHADO;;;7/4/2026;8/4/2026;21/4/2026;30/3/2026;;
00341 Mov. Suelos San Luis;2;02-MENOR A PUNTO DE PEDIDO;1004042;ZSTO;LAMPARA 24V-H7 70W X UN;MM01;0035;;V1;12;HB;15;8;0;0;0;0;C29;FILTROS/RESPUESTOS;92210,16;;PX26D-PHILIPS-OSRAM;REPUESTOS;ELECTRICIDAD AUTOMOTOR;9-FRAGIL;0,014;0;KG;73,5;15;92210,15;;1;;;;;1;;;ZPAS;1000086242;SIN TRATAMIENTO;;;;;28/4/2026;8/4/2026;;
00341 Mov. Suelos San Luis;2;02-MENOR A PUNTO DE PEDIDO;1004043;ZSTO;LAMPARA 24V-75 70W P43T X UN;MM01;0035;;V1;12;HB;15;10;0;0;0;0;C29;FILTROS/RESPUESTOS;16381;;P43T38;REPUESTOS;ELECTRICIDAD AUTOMOTOR;9-FRAGIL;0,03;0;KG;141,75;15;16381,04;;1;;;;;1;;;SIN PEDIDO;;;;;;;;;;
00341 Mov. Suelos San Luis;2;02-MENOR A PUNTO DE PEDIDO;1004044;ZSTO;ALARMA RETROCESO (INTELIGENTE);MM01;0035;;V1;2;HB;3;1;0;0;0;0;C29;FILTROS/RESPUESTOS;12255,47;;B250 // BOC 12505 DZE;REPUESTOS;ELECTRICIDAD DE TALLER;9-FRAGIL;0,24;0;KG;425,88;15;12255,47;;1;;;;;1;;;ZPAS;1000085787;DESPACHADO;;;7/4/2026;8/4/2026;22/4/2026;31/3/2026;;
00341 Mov. Suelos San Luis;2;02-MENOR A PUNTO DE PEDIDO;1009541;ZSTO;FILTRO HIDRAU COMPR ATL COPCO x;MM01;0035;;V1;4;HB;6;2;0;0;0;0;C29;FILTROS/RESPUESTOS;159703,82;ATLAS COPC;1202804002 // 6060011168;FILTROS;ATLAS COPCO ROC F9-11;8-VARIOS;0;0;KG;0;15;159703,81;;1;;;;;1;;;ZPAS;1000085457;SIN TRATAMIENTO;;;;;16/4/2026;25/3/2026;;
00341 Mov. Suelos San Luis;2;02-MENOR A PUNTO DE PEDIDO;1016074;ZSTO;UÑA BALDE HEAVY DUTY  - 66ARXE;MM01;0035;;V1;7;HB;9;2;0;0;0;0;G04;UÑAS;488450,4;VOLVO CONS;VOE14732402;DESGASTE;VOLVO EC 480D;3-DESGASTE;23;0;KG;3856,705;25;488450,4;;1;;;;;1;;;ZPAS;1000086242;SIN TRATAMIENTO;;;;;28/4/2026;8/4/2026;;
00341 Mov. Suelos San Luis;2;02-MENOR A PUNTO DE PEDIDO;1016196;ZSTO;CUBIERTA TRASERO 13 R 22.5;MM01;0035;;V1;3;HB;5;2;0;0;0;0;C48;CUBIERTAS CAMIONES;1105971,48;PIRELLI NE // TRIANGLE T;TQ:01 // TR918 18PR;CUBIERTAS;CAMION;5-CUBIERTAS;78;0;KG;295411,2;15;1105971,47;;1;;;;;1;;;ZPAS;1000085110;SIN TRATAMIENTO;;;;;10/4/2026;18/3/2026;;
00314 CASA Olavarría;2;02-MENOR A PUNTO DE PEDIDO;1001682;ZSTO;MAMEL. 1°CAL. DESC. LAMIN.BLANCO 60GR.XL;MR01;0314;;V1;173;HB;300;72;72;0;0;0;C28;SEGURIDAD/ROPA/EPP;619710,48;;FABRICANTE:DUPONT | MODELO:TYVEK 500;SEGURIDAD;INDUMENTARIA;8-VARIOS;0,195;0;KG;2232;21;619710,78;;1;;;;1;;;;ZPAS;1000086084;DESPACHADO PARCIAL;;;8/4/2026;13/4/2026;21/4/2026;7/4/2026;;
00314 CASA Olavarría;2;02-MENOR A PUNTO DE PEDIDO;1001686;ZSTO;ANTEOJO GRIS ECOLINEHC;MR01;0314;;V1;78;HB;135;64;0;0;0;0;C28;SEGURIDAD/ROPA/EPP;74403,2;LIBUS;ECOLINEHC (MÚLT. 10U);SEGURIDAD;ACCESORIO SEGURIDAD;9-FRAGIL;0,024;0;KG;252;21;74403,35;;1;;;;;1;;;ZPAS;1000085898;DESPACHADO PARCIAL;;;8/4/2026;13/4/2026;14/4/2026;1/4/2026;;
00314 CASA Olavarría;2;02-MENOR A PUNTO DE PEDIDO;1001915;ZSTO;REJILLA DE COCINA;MR01;0314;;V1;17;HB;30;13;0;0;0;0;C17;INSUMOS A;0;;;LIMPIEZA;INSUMOS;8-VARIOS;0;0;KG;0;15;11700;;1;;;;;1;;;SIN PEDIDO;;;;;;;;;;
00314 CASA Olavarría;2;02-MENOR A PUNTO DE PEDIDO;1001934;ZSTO;DISCO C D O A 114X4.8X22.2 SECUR x UN;MR01;0314;;V1;17;HB;30;15;0;0;0;0;C27;FERRETERIA MR01;38523,15;TYROLIT;114X48X222;FERRETERIA;ABRASIVOS/DISCOS;6-PESADO Y FRAGIL;0,11;0;KG;56,52;15;38523,18;;1;;;;;1;;;ZPAS;1000086089;DESPACHADO;;;8/4/2026;13/4/2026;21/4/2026;7/4/2026;;
00314 CASA Olavarría;2;02-MENOR A PUNTO DE PEDIDO;1001986;ZSTO;ALAMBREPARASOLDARULTRA 1,6MM(C.15KG)XKG;MR01;0314;;V1;26;HB;45;15;0;0;0;0;C27;FERRETERIA MR01;85874,85;CONARCO;DUALSHIELD7100;SOLDADURA;SOLDADURA CAJAS VOLCADORAS;7-PESADO;15;0;KG;9251;21;85874,85;;1;;;;;1;;;ZPAS;1000086084;DESPACHADO;;;8/4/2026;13/4/2026;21/4/2026;7/4/2026;;
00314 CASA Olavarría;2;02-MENOR A PUNTO DE PEDIDO;1015759;ZSSD;BOLIGRAFO BIC Trazo Grueso -AZUL- X UN.;MR01;0314;;V1;21;HB;38;19;0;0;0;0;C17;INSUMOS A;0;;MÚLT. 50U;LIBRERIA;ESCRITURA;?;0;0;KG;0;15;10991,69;;1;;;;;1;;;SIN PEDIDO;;;;;;;;;;
00314 CASA Olavarría;2;02-MENOR A PUNTO DE PEDIDO;1015779;ZSSD;CIF EN CREMA X 900 CC;MR01;0314;;V1;4;HB;8;1;0;0;0;0;C17;INSUMOS A;0;;;LIMPIEZA;LIMPIEZA /SEGURIDAD;?;0;0;KG;0;15;2600;;1;;;;;1;;;SIN PEDIDO;;;;;;;;;;
00314 CASA Olavarría;2;02-MENOR A PUNTO DE PEDIDO;1015788;ZSSD;DESODORANTE LÍQUIDO PARA PISO X 5 LTS;MR01;0314;;V1;13;HB;23;8;0;0;0;0;C17;INSUMOS A;0;;;LIMPIEZA;LIMPIEZA /SEGURIDAD;?;0;0;KG;0;15;22000;;1;;;;;1;;;SIN PEDIDO;;;;;;;;;;
00314 CASA Olavarría;2;02-MENOR A PUNTO DE PEDIDO;1015850;ZSSD;PINCEL CERDA Nº30 XUN;MR01;0314;;V1;3;HB;6;1;0;0;0;0;C27;FERRETERIA MR01;0;;;FERRETERIA;INSUMOS;?;0;0;KG;0;15;4800;;1;;;;;1;;;SIN PEDIDO;;;;;;;;;;
00314 CASA Olavarría;2;02-MENOR A PUNTO DE PEDIDO;1016030;ZSCD;ALCOHOL LIQUIDO X LITRO;MR01;0314;;V1;8;HB;15;5;0;0;0;0;C17;INSUMOS A;0;;;LIMPIEZA;LIMPIEZA /SEGURIDAD;?;0;0;KG;0;15;11000;;1;;;;;1;;;SIN PEDIDO;;;;;;;;;;
00314 CASA Olavarría;2;02-MENOR A PUNTO DE PEDIDO;1016948;ZSSD;AEROSOL DESINFECTANTE ANTIBACT 360ML;MR01;0314;;V1;6;HB;11;5;0;0;0;0;C17;INSUMOS A;0;;;LIMPIEZA;LIMPIEZA /SEGURIDAD;?;0;0;KG;0;0;35750;;1;;;;;1;;;SIN PEDIDO;;;;;;;;;;
00314 CASA Olavarría;2;02-MENOR A PUNTO DE PEDIDO;1017046;ZSSD;CEPILLO VIOLIN P LAVAR COCHES;MR01;0314;;V1;6;HB;12;1;0;0;0;0;C17;INSUMOS A;0;;;LIMPIEZA;?;?;0;0;KG;0;0;3900;;1;;;;;1;;;SIN PEDIDO;;;;;;;;;;
00314 CASA Olavarría;2;02-MENOR A PUNTO DE PEDIDO;1026411;ZSCD;DEKASOL KAISER XLT;MR01;0314;;V1;26;HB;45;10;0;0;0;0;C17;INSUMOS A;0;;;LIMPIEZA;LIMPIEZA /SEGURIDAD;?;0;0;KG;0;22;96580;;1;;;;;1;;;SIN PEDIDO;;;;;;;;;;
00314 CASA Olavarría;2;02-MENOR A PUNTO DE PEDIDO;1027809;ZSSD;TALONARIO VOLQUETE SIMPLE A4;MR01;0314;;V1;4;HB;12;1;0;0;0;0;C17;INSUMOS A;0;;;LIBRERIA;ESCRITURA;?;0;0;KG;0;15;9493,33;;1;;;;;1;;;SIN PEDIDO;;;;;;;;;;
00314 CASA Olavarría;2;02-MENOR A PUNTO DE PEDIDO;1001826;ZSTO;CUBIERTA 265 70 R16;MM01;0026;;V1;3;HB;6;1;0;0;0;0;C47;CUBIERTAS AUTOMOTR;208033,24;BRIDGESTON // PIRELLI NE // PIRELLI NE // GOOD YEAR // MICHELIN A // PIRELLI NE // GOOD YEAR;HT840 // S-HT // SCORPION STR // WRANGLER SUV // XLT A/S // HT // WRL ALL TERRAIN;CUBIERTAS;HILUX;5-CUBIERTAS;17;0;KG;117888,16;20;208033,24;;1;;;;;1;;;SIN PEDIDO;;;;;;;;;;
00314 CASA Olavarría;2;02-MENOR A PUNTO DE PEDIDO;1002228;ZSTO;INSERTO PATIN DE CIRCULO;MM01;0026;;V1;5;HB;12;2;0;0;0;0;G01;CUCHILLAS;54501,84;JOHN DEERE // //;T141732 // T418904 // T453854;DESGASTE;JD 770 / JD 670D;8-VARIOS;0,19;0;KG;528;25;54501,84;;1;;;;;1;;;ZPAS;1000086082;DESPACHADO;;;10/4/2026;13/4/2026;21/4/2026;7/4/2026;;
00314 CASA Olavarría;2;02-MENOR A PUNTO DE PEDIDO;1002297;ZSTO;PLACA INTERNO DE PROTECTOR DE BALDE;MM01;0026;;V1;4;HB;8;2;0;0;0;0;G02;LATERALES;79701,28;VOLVO CONS;VOE14537760;DESGASTE;VOLVO;6-PESADO Y FRAGIL;2,13;0;KG;352,8;25;178297,03;;1;;;;;1;;;ZPAN;1000085307;ADJUDICADO;4500123656;;;;1/5/2026;23/3/2026;C01;10146044
00314 CASA Olavarría;2;02-MENOR A PUNTO DE PEDIDO;1002453;ZSTO;UNAS;MM01;0026;;V1;6;HB;12;2;0;0;0;0;G04;UÑAS;60009,56;CATERPILLA // CATERPILLA;4707975 // 2209132;DESGASTE;CAT 988;3-DESGASTE;18;0;KG;9435;25;60009,57;;1;;;;;1;;;ZPAS;1000086205;DESPACHADO;;;10/4/2026;13/4/2026;23/4/2026;8/4/2026;;
00314 CASA Olavarría;2;02-MENOR A PUNTO DE PEDIDO;1002483;ZSTO;FILTRO ACEITE;MM01;0026;;V1;7;HB;14;4;0;0;0;0;F03;FILTRO ACEITE;244232,32;KOMATSU HO // KOMATSU HO // DONALDSON;6002111340 // 6002111341 // P559000;FILTROS;KMS 155AX6, 375D, WA600;7-PESADO;2,07;0;KG;3617,28;30;244232,31;;1;;;;;1;;;SIN PEDIDO;;;;;;;;;;
00314 CASA Olavarría;2;02-MENOR A PUNTO DE PEDIDO;1002686;ZSTO;FILTRO TRAMPA AGUA;MM01;0026;;V1;6;HB;12;3;0;0;0;0;F13;FILTRO TRAMPA DE A;250606,29;KOMATSU HO // KOMATSU HO // DONALDSON // DONALDSON;6003194540 // 6003114510 // P550937 // P553200;FILTROS;D155, WA60;7-PESADO;1,2;0;KG;3316,625;15;250606,3;;1;;;;;1;;;SIN PEDIDO;;;;;;;;;;
00314 CASA Olavarría;2;02-MENOR A PUNTO DE PEDIDO;1002742;ZSTO;FILTRO ACEITE XUN;MM01;0026;;V1;25;HB;44;24;0;0;0;0;F03;FILTRO ACEITE;2126268,24;CATERPILLA // CATERPILLA // CATERPILLA;1R1808 // 1R0716 // 1R1808;FILTROS;CAT 755G;7-PESADO;1,68;0;KG;4291,988;25;2126268,13;;1;;;;;1;;;SIN PEDIDO;;;;;;;;;;
00314 CASA Olavarría;2;02-MENOR A PUNTO DE PEDIDO;1002904;ZSTO;FILTRO HIDRAULICO CAT XUN;MM01;0026;;V1;3;HB;6;2;0;0;0;0;F07;FILTRO FLUIDO HIDR;378614,82;CATERPILLA // CATERPILLA;1261818 // 4656506;FILTROS;CAT 980H, 775G;7-PESADO;1,69;0;KG;3278,16;15;378614,82;;1;;;;;1;;;SIN PEDIDO;;;;;;;;;;
00314 CASA Olavarría;2;02-MENOR A PUNTO DE PEDIDO;1002965;ZSTO;FILTRO AIRE ACONDICIONADO;MM01;0026;;V1;5;HB;9;4;0;0;0;0;F10;FILTRO HVAC;128570,96;KOMATSU HO // FLEETGUARD // // KOMATSU HO;4260732441 // AF55727 // P606063 // 4260732442;FILTROS;WA600;8-VARIOS;0,58;0;KG;3614,625;15;128570,97;;1;;;;;1;;;SIN PEDIDO;;;;;;;;;;
00314 CASA Olavarría;2;02-MENOR A PUNTO DE PEDIDO;1013518;ZSCD;9Z-0006KIT MUESTRA LUBR CAT C/ACOPLE RAP;MM01;0026;;V1;17;HB;30;8;0;0;0;0;C03;EQUIPOS;0;;;REPUESTOS;KIT MUESTRA;?;0;0;KG;0;15;2283240;;1;;;;;1;;;ZPAN;1000084219;ADJUDICADO;4500122492;;;;20/3/2026;5/3/2026;C03;10144682
00314 CASA Olavarría;2;02-MENOR A PUNTO DE PEDIDO;1013585;ZSSD;MINIFUSIBLE PLANO 25 AMP. XUN;MM01;0026;;V1;8;HB;15;3;0;0;0;0;C29;FILTROS/RESPUESTOS;178,83;;;REPUESTOS;ELECTRICIDAD AUTOMOTOR;?;0;0;KG;0;15;178,82;;1;;;;;1;;;SIN PEDIDO;;;;;;;;;;
00314 CASA Olavarría;2;02-MENOR A PUNTO DE PEDIDO;1016075;ZSTO;TRABA UÑA BALDE - 66P;MM01;0026;;V1;17;HB;30;12;0;0;0;0;G05;AJUSTE;868689,36;VOLVO CONS;VOE17473106;DESGASTE;VOLVO EC 480D;7-PESADO;0;0;KG;0;25;868689,39;;1;;;;;1;;;SIN PEDIDO;;;;;;;;;;
00314 CASA Olavarría;2;02-MENOR A PUNTO DE PEDIDO;1016261;ZSTO;Filtro Colector de Polvos;MM01;0026;;V1;8;HB;15;4;0;0;0;0;F04;FILTRO AIRE;709462,12;HIFI FILTE //;2653243705 // ASR 971402AG024;FILTROS;PERFORADORA ATLAS T45-12;9-FRAGIL;0;0;KG;12288;15;709462,11;;1;;;;;1;;;ZPAN;1000083217;ADJUDICADO;4500121226;;;;11/3/2026;19/2/2026;C03;10143215
00314 CASA Olavarría;2;02-MENOR A PUNTO DE PEDIDO;1018243;ZSTO;Filtro A/A Cabina Exterior;MM01;0026;;V1;8;HB;15;7;0;0;0;0;F10;FILTRO HVAC;2428278,09;CATERPILLA //;4648460 // 593-1533;FILTROS;CAT 775G;8-VARIOS;0;0;KG;0;15;2428278,12;;1;;;;;1;;;SIN PEDIDO;;;;;;;;;;
00365 RIO TINTO;2;02-MENOR A PUNTO DE PEDIDO;1000041;ZSTO;BOTIQUIN 1ROS. AUXILIOS N 10;U365;0365;;V1;6;HB;9;5;0;0;0;0;C28;SEGURIDAD/ROPA/EPP;0;;;SEGURIDAD;BOTIQUIN;7-PESADO;3,128;0;KG;9855;0;293321,49;;1;;;;;;;;SIN PEDIDO;;;;;;;;;;
00365 RIO TINTO;2;02-MENOR A PUNTO DE PEDIDO;1001679;ZSTO;FICHA T.STECK MACHO 220V 16A 2P T XUN;U365;0365;;V1;8;HB;13;5;0;0;0;0;C11;ELECTRICIDAD;0;;;ELECTRICIDAD;FICHAS;8-VARIOS;0,09;0;KG;206,651;0;34617,9;;1;;;;;;;;ZPAN;1000084004;ADJUDICADO;4500121464;;;;17/3/2026;3/3/2026;C35;10144320
00365 RIO TINTO;2;02-MENOR A PUNTO DE PEDIDO;1001681;ZSTO;FICHA T.STECK MACHO 380V 32A T N XUN;U365;0365;;V1;3;HB;5;1;0;0;0;0;C11;ELECTRICIDAD;9156,27;;;ELECTRICIDAD;FICHAS;8-VARIOS;0,22;0;KG;423,9;0;9156,27;;1;;;;;;;;ZPAN;1000085401;ADJUDICADO;4500123530;;;;27/4/2026;25/3/2026;C11;10146171
00365 RIO TINTO;2;02-MENOR A PUNTO DE PEDIDO;1001682;ZSTO;MAMEL. 1°CAL. DESC. LAMIN.BLANCO 60GR.XL;U365;0365;;V1;223;HB;392;61;0;0;0;0;C28;SEGURIDAD/ROPA/EPP;0;;FABRICANTE:DUPONT | MODELO:TYVEK 500;SEGURIDAD;INDUMENTARIA;8-VARIOS;0,195;0;KG;2232;0;445629,4;;1;;;;;;;;ZPAN;1000085808;ADJUDICADO;4500124367;;;;30/4/2026;31/3/2026;C28;10146663
00365 RIO TINTO;2;02-MENOR A PUNTO DE PEDIDO;1001701;ZSTO;GUANTE NITRILO AZUL PUÑO ELASTIZADO;U365;0365;;V1;45;HB;78;31;0;0;0;0;C28;SEGURIDAD/ROPA/EPP;0;;;SEGURIDAD;GUANTE;8-VARIOS;0,113;0;KG;156,25;0;116507,3;;1;;;;;;;;SIN PEDIDO;;;;;;;;;;
00365 RIO TINTO;2;02-MENOR A PUNTO DE PEDIDO;1001704;ZSTO;PROTECTORFACIALSOPORTEARNESCREMALLERA;U365;0365;;V1;14;HB;24;10;0;0;0;0;C28;SEGURIDAD/ROPA/EPP;0;LIBUS;901383;SEGURIDAD;ACCESORIO SEGURIDAD;8-VARIOS;0,155;0;KG;6864;0;371667,21;;1;;;;;;;;ZPAN;1000085726;ADJUDICADO;4500124367;;;;30/4/2026;30/3/2026;C28;10146568
00365 RIO TINTO;2;02-MENOR A PUNTO DE PEDIDO;1001707;ZSTO;CHALECOGRAFANARANJACONREFLETIVOT.XLC2;U365;0365;;V1;45;HB;78;36;0;0;0;0;C28;SEGURIDAD/ROPA/EPP;0;;MÚLT. 12U;SEGURIDAD;INDUMENTARIA;8-VARIOS;0,302;0;KG;608;0;413627,13;;1;;;;;;;;ZPAN;1000086035;SIN TRATAMIENTO;;;;;6/5/2026;6/4/2026;;10146937
00365 RIO TINTO;2;02-MENOR A PUNTO DE PEDIDO;1001717;ZSTO;PROTECTOR FACIAL BURBUJA INCOLORO;U365;0365;;V1;14;HB;24;11;0;0;0;0;C28;SEGURIDAD/ROPA/EPP;0;LIBUS;901386;SEGURIDAD;ACCESORIO SEGURIDAD;9-FRAGIL;0,176;0;KG;6721;0;241505;;1;;;;;;;;ZPAN;1000086268;SIN TRATAMIENTO;;;;;11/5/2026;9/4/2026;;10147237
00365 RIO TINTO;2;02-MENOR A PUNTO DE PEDIDO;1001757;ZSTO;BOTIN MARRON/NEGRO FLOR P.ACERO N 41;U365;0365;;V1;8;HB;13;3;0;0;0;0;C28;SEGURIDAD/ROPA/EPP;0;CONWORK // BORIS // VORAN // CALZADOS A // // //;53BAF // 3305 T41 // CRONOS N T41 // ESCORPIO PRUS 1050 T41 // RINGO MOD BOLT TALLE 41 // RINGO-MOD PUNCH TALLE 41 // SKIWAY MOD. 3243 T41;SEGURIDAD;CALZADO;8-VARIOS;1,296;0;KG;11934;0;154488,6;;1;;;;;;;;ZPAN;1000085726;ADJUDICADO;4500124367;;;;30/4/2026;30/3/2026;C28;10146568
00365 RIO TINTO;2;02-MENOR A PUNTO DE PEDIDO;1001759;ZSTO;BOTIN MARRON/NEGRO FLOR P.ACERO N 43;U365;0365;;V1;8;HB;13;4;0;0;0;0;C28;SEGURIDAD/ROPA/EPP;0;CONWORK // BORIS // VORAN // CALZADOS A // // //;53BAF // 3305 T43 // CRONOS N T43 // ESCORPIO PRUS 1050 T43 // RINGO MOD BOLT TALLE 43 // RINGO-MOD PUNCH TALLE 43 // SKIWAY MOD. 3243 T43;SEGURIDAD;CALZADO;8-VARIOS;1,539;0;KG;13329,36;0;205984,8;;1;;;;;;;;ZPAN;1000085726;ADJUDICADO;4500124367;;;;30/4/2026;30/3/2026;C28;10146568
00365 RIO TINTO;2;02-MENOR A PUNTO DE PEDIDO;1001790;ZSTO;ACEITE 15W40  X 205L;U365;0365;;V1;9;HB;16;6;0;0;0;0;C29;FILTROS/RESPUESTOS;0;YPF S.A. // YPF S.A. // EXXON MOBI // CATERPILLA // SHELL PLC. // VOLVO MAQU;EXTRAVIDA XV300 // 189292 // DELVAC MX 15W40 APICI4 // DEO 15W40 // R4 15W40 APICI4 ACEAE5E7 // VDS3;LUBRICANTES;ACEITES;2-TACHO;193;0;KG;232385,12;0;5014849,56;;1;;;;;;;;SIN PEDIDO;;;;;;;;;;
00365 RIO TINTO;2;02-MENOR A PUNTO DE PEDIDO;1001794;ZSTO;ACEITE HIPOIDAL X 205L;U365;0365;;V1;2;HB;3;1;0;0;0;0;C29;FILTROS/RESPUESTOS;0;YPF S.A. // YPF S.A.;80W90 // 123092;LUBRICANTES;ACEITES;2-TACHO;193;0;KG;232385,12;0;731280,99;;1;;;;;;;;SIN PEDIDO;;;;;;;;;;
00365 RIO TINTO;2;02-MENOR A PUNTO DE PEDIDO;1001804;ZSTO;GRASA LITIO LIMIT MO-2 (NEGRA) X 180 KG;U365;0365;;V1;2;HB;3;1;0;0;0;0;C29;FILTROS/RESPUESTOS;0;YPF S.A. // YPF S.A. //;LIMIT MO-2 // 628793 // GADUS S2 V220;LUBRICANTES;GRASA;2-TACHO;180;0;KG;299396;0;1644024,46;;1;;;;;;;;SIN PEDIDO;;;;;;;;;;
00365 RIO TINTO;2;02-MENOR A PUNTO DE PEDIDO;1001815;ZSTO;AGUA DESMINERALIZADA X 20L;U365;0365;;V1;23;HB;39;17;0;0;0;0;C29;FILTROS/RESPUESTOS;181260,63;;;LUBRICANTES;ADITIVOS;6-PESADO Y FRAGIL;20,031;0;KG;24700;0;181260,59;;1;;;;;;;;SIN PEDIDO;;;;;;;;;;
00365 RIO TINTO;2;02-MENOR A PUNTO DE PEDIDO;1001819;ZSTO;REFRIGERANTE VOLVO VCS X20LT;U365;0365;;V1;14;HB;24;2;0;0;0;0;C29;FILTROS/RESPUESTOS;498736,2;VOLVO CONS // // // VOLVO CONS // VOLVO CONS;VCS // 11715729 // 22567335 // 24078856 // 54486166;LUBRICANTES;VOLVO EC 480D - PL 3005D;6-PESADO Y FRAGIL;22,5;0;KG;24640;0;498736,19;;1;;;;;;;;ZPAN;1000084368;ADJUDICADO;4500122342;;;;30/3/2026;9/3/2026;C29;10144874
00365 RIO TINTO;2;02-MENOR A PUNTO DE PEDIDO;1001826;ZSTO;CUBIERTA 265 70 R16;U365;0365;;V1;9;HB;16;2;0;0;0;0;C03;EQUIPOS;0;BRIDGESTON // PIRELLI NE // PIRELLI NE // GOOD YEAR // MICHELIN A // PIRELLI NE // GOOD YEAR;HT840 // S-HT // SCORPION STR // WRANGLER SUV // XLT A/S // HT // WRL ALL TERRAIN;CUBIERTAS;HILUX;5-CUBIERTAS;17;0;KG;117888,16;0;505785,12;;1;;;;;;;;SIN PEDIDO;;;;;;;;;;
00365 RIO TINTO;2;02-MENOR A PUNTO DE PEDIDO;1001827;ZSTO;CUBIERTA 12.00 R20 FG85 (lineal);U365;0365;;V1;12;HB;20;5;0;0;0;0;C03;EQUIPOS;3211120,3;PIRELLI NE // MICHELIN A // GOOD YEAR;FG85 // XZY3 // G686MSS;CUBIERTAS;IVECO TRAKKER;5-CUBIERTAS;74;0;KG;242491,21;0;3211120,3;;1;;;;;;;;SIN PEDIDO;;;;;;;;;;
00365 RIO TINTO;2;02-MENOR A PUNTO DE PEDIDO;1001828;ZSTO;CUBIERTA 12.00 R20 TG85 (TRACCION);U365;0365;;V1;15;HB;25;5;0;0;0;0;C03;EQUIPOS;3907522,02;PIRELLI NE // GOOD YEAR // MICHELIN A // GOOD YEAR // GOOD YEAR // GOOD YEAR;TG85 // G677OTR // XDY // G-677 MSD // G677 // G677MSD.;CUBIERTAS;CUBIERTAS;5-CUBIERTAS;80;0;KG;275717,12;0;3256268,32;;1;;;;;;;;ZPAN;1000086147;ADJUDICADO;4500124795;;;;5/5/2026;7/4/2026;C03;10147083
00365 RIO TINTO;2;02-MENOR A PUNTO DE PEDIDO;1001834;ZSTO;CUBIERTA 265 65 17 DUELER A T 693;U365;0365;;V1;11;HB;19;1;0;0;0;0;C03;EQUIPOS;0;BRIDGESTON // PIRELLI NE // BRIDGESTON // PIRELLI NE // GOOD YEAR;DUELER A T 693 // SCORPION ATR // AT REVO 2 // S MTR // WRANGLER WORKHORSE;CUBIERTAS;hilux hasta 2016;5-CUBIERTAS;17;0;KG;114806,25;0;199297,52;;1;;;;;;;;ZPAN;1000084860;DESPACHADO;4500122705;27/3/2026;27/3/2026;31/3/2026;28/3/2026;14/3/2026;C03;10145460
00365 RIO TINTO;2;02-MENOR A PUNTO DE PEDIDO;1001845;ZSTO;CUBIERTA 400 80-24 20 PR162A8 18TELY4750;U365;0365;;V1;4;HB;6;2;0;0;0;0;C03;EQUIPOS;1625677,7;MICHELIN A // FIRESTONE // SAMSON MAC // BALKRISHNA // CAMSO USA;POWERCL(15,5/80/R24) // S8000 // 400/80 R24 TL IND R-4E // 400/80-24 BKT MP522 RAD // 400/80-24 TM R4 20 PR TL;CUBIERTAS;HAULOTTE HTL 4014 - HTL 4017;5-CUBIERTAS;85;0;KG;437213,6;0;1625677,7;;1;;;;;;;;ZPAN;1000085401;EMBALADO;4500123679;11/4/2026;11/4/2026;;27/4/2026;25/3/2026;C03;10146171
00365 RIO TINTO;2;02-MENOR A PUNTO DE PEDIDO;1001871;ZSTO;RESMA DE HOJA A4 70GR. X UN;U365;0365;;V1;36;HB;63;23;0;0;0;0;C17;INSUMOS A;0;;;LIBRERIA;PAPEL;7-PESADO;2,27;0;KG;3150;0;107401,26;;1;;;;;;;;ZPAN;1000086187;SIN TRATAMIENTO;;;;;8/5/2026;8/4/2026;;10147132
00365 RIO TINTO;2;02-MENOR A PUNTO DE PEDIDO;1001876;ZSTO;CINTA EMBALAR TRANSPARENTE 48MM X 100 MT;U365;0365;;V1;15;HB;25;13;0;0;0;0;C17;INSUMOS A;0;SCOTCH;;LIBRERIA;CINTAS ADHESIVAS;8-VARIOS;0,197;0;KG;474,925;0;19352,84;;1;;;;;;;;ZPAN;1000086268;SIN TRATAMIENTO;;;;;11/5/2026;9/4/2026;;10147237
00365 RIO TINTO;2;02-MENOR A PUNTO DE PEDIDO;1001885;ZSTO;BOLSAS RESIDUOS XUN 102X130 VERDE;U365;0365;;V1;311;HB;548;228;0;0;0;0;C17;INSUMOS A;0;;;LIMPIEZA;LIMPIEZA /SEGURIDAD;8-VARIOS;0,195;0;KG;1534;0;128126,31;;1;;;;;;;;ZPAN;1000086187;SIN TRATAMIENTO;;;;;8/5/2026;8/4/2026;;10147132
00365 RIO TINTO;2;02-MENOR A PUNTO DE PEDIDO;1001898;ZSTO;BOBINA DE PAPEL 25 X 400MTS X UN;U365;0365;;V1;9;HB;16;7;0;0;0;0;C17;INSUMOS A;0;ELEGANTE // ELITE;1003 (MÚLT. 2U) // 6264;LIMPIEZA;INSUMOS;8-VARIOS;3,25;0;KG;15844,44;0;115699,57;;1;;;;;;;;SIN PEDIDO;;;;;;;;;;
00365 RIO TINTO;2;02-MENOR A PUNTO DE PEDIDO;1001943;ZSTO;ADHESIVO CIANO 20 G XUN;U365;0365;;V1;3;HB;5;2;0;0;0;0;C27;FERRETERIA MR01;0;CIANO;;FERRETERIA;ADHESIVOS;9-FRAGIL;0,03;0;KG;75;0;20239,1;;1;;;;;;;;SIN PEDIDO;;;;;;;;;;
00365 RIO TINTO;2;02-MENOR A PUNTO DE PEDIDO;1001950;ZSTO;CANDADO 38-40MM XUN;U365;0365;;V1;2;HB;3;1;0;0;0;0;C27;FERRETERIA MR01;0;;;FERRETERIA;ACCESORIOS;8-VARIOS;0,148;0;KG;465;0;8264,46;;1;;;;;;;;ZPAN;1000086035;SIN TRATAMIENTO;;;;;6/5/2026;6/4/2026;;10146937
00365 RIO TINTO;2;02-MENOR A PUNTO DE PEDIDO;1002015;ZSTO;PANTALON JEAN T.46;U365;0365;;V1;14;HB;24;8;0;0;0;0;C28;SEGURIDAD/ROPA/EPP;0;;;ROPA;INDUMENTARIA;8-VARIOS;0,689;0;KG;2808;0;157231,68;;1;;;;;;;;ZPAN;1000086035;ADJUDICADO;4500124367;;;;6/5/2026;6/4/2026;C28;10146937
00365 RIO TINTO;2;02-MENOR A PUNTO DE PEDIDO;1002017;ZSTO;PANTALON JEAN T.50;U365;0365;;V1;14;HB;24;4;0;0;0;0;C28;SEGURIDAD/ROPA/EPP;0;;;ROPA;INDUMENTARIA;8-VARIOS;0,751;0;KG;4107,5;0;69000;;1;;;;;;;;ZPAN;1000085726;ADJUDICADO;4500124367;;;;30/4/2026;30/3/2026;C28;10146568
00365 RIO TINTO;2;02-MENOR A PUNTO DE PEDIDO;1002047;ZSTO;CAMISETA PRIMERA PIEL T.XXL;U365;0365;;V1;27;HB;47;4;0;0;0;0;C28;SEGURIDAD/ROPA/EPP;0;;;SEGURIDAD;INDUMENTARIA;8-VARIOS;0,17;0;KG;536,5;0;26000;;1;;;;;;;;ZPAN;1000084459;ADJUDICADO;4500122156;;;;13/3/2026;10/3/2026;C35;10144959
00365 RIO TINTO;2;02-MENOR A PUNTO DE PEDIDO;1002048;ZSTO;CAMISETA PRIMERA PIEL T.XXXL;U365;0365;;V1;18;HB;31;1;0;0;0;0;C28;SEGURIDAD/ROPA/EPP;0;;;SEGURIDAD;INDUMENTARIA;8-VARIOS;0,24;0;KG;2200;0;6500;;1;;;;;;;;ZPAN;1000086187;SIN TRATAMIENTO;;;;;8/5/2026;8/4/2026;;10147132
00365 RIO TINTO;2;02-MENOR A PUNTO DE PEDIDO;1002053;ZSTO;CAMPERA 2 PIEL T. XXL;U365;0365;;V1;14;HB;24;6;0;0;0;0;C28;SEGURIDAD/ROPA/EPP;0;;;SEGURIDAD;INDUMENTARIA;8-VARIOS;0,606;0;KG;8640;0;114000;;1;;;;;;;;ZPAN;1000086187;SIN TRATAMIENTO;;;;;8/5/2026;8/4/2026;;10147132
00365 RIO TINTO;2;02-MENOR A PUNTO DE PEDIDO;1002055;ZSTO;MEDIAS TERMICAS T. UNICO PARA -10 GRADOS;U365;0365;;V1;40;HB;71;6;0;0;0;0;C28;SEGURIDAD/ROPA/EPP;0;;;ROPA;INDUMENTARIA;8-VARIOS;0,105;0;KG;712,5;0;23400;;1;;;;;;;;ZPAN;1000085726;ADJUDICADO;4500124367;;;;30/4/2026;30/3/2026;C28;10146568
00365 RIO TINTO;2;02-MENOR A PUNTO DE PEDIDO;1002067;ZSTO;PANTALON PRIMERA PIEL T.XL;U365;0365;;V1;32;HB;55;17;0;0;0;0;C28;SEGURIDAD/ROPA/EPP;0;;;SEGURIDAD;INDUMENTARIA;8-VARIOS;0,158;0;KG;1600;0;110200;;1;;;;;;;;ZPAN;1000084459;ADJUDICADO;4500122156;;;;13/3/2026;10/3/2026;C35;10144959
00365 RIO TINTO;2;02-MENOR A PUNTO DE PEDIDO;1002068;ZSTO;PANTALON PRIMERA PIEL T.XXL;U365;0365;;V1;27;HB;47;22;0;0;0;0;C28;SEGURIDAD/ROPA/EPP;0;;;SEGURIDAD;INDUMENTARIA;8-VARIOS;0,156;0;KG;2070;0;143000;;1;;;;;;;;ZPAN;1000084459;ADJUDICADO;4500122156;;;;13/3/2026;10/3/2026;C35;10144959
00365 RIO TINTO;2;02-MENOR A PUNTO DE PEDIDO;1002069;ZSTO;PANTALON PRIMERA PIEL T.XXXL;U365;0365;;V1;18;HB;31;1;0;0;0;0;C28;SEGURIDAD/ROPA/EPP;0;;;SEGURIDAD;INDUMENTARIA;8-VARIOS;0,235;0;KG;1764;0;6500;;1;;;;;;;;ZPAN;1000086353;SIN TRATAMIENTO;;;;;11/5/2026;10/4/2026;;10147343
00365 RIO TINTO;2;02-MENOR A PUNTO DE PEDIDO;1002101;ZSTO;CORREA ALTERNADOR STRAL;U365;0365;;V1;4;HB;6;2;0;0;0;0;C03;EQUIPOS;115319,82;CNH // CNH;5801361410 // 500341810;CORREAS;AUTOMOTOR;8-VARIOS;0,365;0;KG;3307,5;0;115319,82;;1;;;;;;;;SIN PEDIDO;;;;;;;;;;
00365 RIO TINTO;2;02-MENOR A PUNTO DE PEDIDO;1002198;ZSTO;CORREA DE MOTOR;U365;0365;;V1;2;HB;3;1;0;0;0;0;C29;FILTROS/RESPUESTOS;297084,93;CATERPILLA;3572637;CORREAS;CAT;8-VARIOS;0,415;0;KG;2754;0;297084,93;;1;;;;;;;;ZPAN;1000085401;ADJUDICADO;4500123745;;;;27/4/2026;25/3/2026;C29;10146171
00365 RIO TINTO;2;02-MENOR A PUNTO DE PEDIDO;1002204;ZSTO;CORREA ALTERNADOR;U365;0365;;V1;4;HB;6;3;0;0;0;0;C03;EQUIPOS;26886,24;;3032915 // AV 13X890;CORREAS;HIMOINSA LTA 8 V LED;8-VARIOS;0,115;0;KG;357;0;26886,24;;1;;;;;;;;ZPAN;1000085401;DESPACHADO;4500124031;8/4/2026;8/4/2026;9/4/2026;27/4/2026;25/3/2026;C03;10146171
00365 RIO TINTO;2;02-MENOR A PUNTO DE PEDIDO;1002207;ZSTO;CORREA ALTERNADOR;U365;0365;;V1;4;HB;6;2;0;0;0;0;C29;FILTROS/RESPUESTOS;647608;HAULOTTE G // No aplica // CONTINENTA;4000053460 // 2614B543 // AVX 13X1188;CORREAS;HAULOTTE 4014 /4017;8-VARIOS;0,286;0;KG;583;0;647608;;1;;;;;;;;ZPAN;1000085401;ADJUDICADO;4500123505;;;;27/4/2026;25/3/2026;C29;10146171
00365 RIO TINTO;2;02-MENOR A PUNTO DE PEDIDO;1002276;ZSTO;PROTECTOR LATERAL BALDE;U365;0365;;V1;3;HB;4;2;0;0;0;0;C29;FILTROS/RESPUESTOS;0;VOLVO CONS // VOLVO CONS;VOE14537759 // 22E158;DESGASTE;VOLVO EC 480D;3-DESGASTE;0;0;KG;0;0;1056784,13;;1;;;;;;;;SIN PEDIDO;;;;;;;;;;
00365 RIO TINTO;2;02-MENOR A PUNTO DE PEDIDO;1002302;ZSTO;BRAZO ESCARIFICADOR CAT;U365;0365;;V1;6;HB;9;3;0;0;0;0;C29;FILTROS/RESPUESTOS;126000;CATERPILLA // No aplica // CATERPILLA;9F5124 // 19572189 // 1957218;DESGASTE;DIENTES/UÑAS/CUCHILLAS;3-DESGASTE;5,25;0;KG;1050;0;126000;;1;;;;;;;;ZPAN;1000085401;ADJUDICADO;4500124046;;;;27/4/2026;25/3/2026;C29;10146171
00365 RIO TINTO;2;02-MENOR A PUNTO DE PEDIDO;1002444;ZSTO;CUCHILLA;U365;0365;;V1;3;HB;4;2;0;0;0;0;C29;FILTROS/RESPUESTOS;308305,96;CATERPILLA;7D1576;DESGASTE;CAT 140K;4-CUCHILLAS;50;0;KG;7482,5;0;308305,95;;1;;;;;;;;ZPAN;1000085401;ADJUDICADO;4500124046;;;;27/4/2026;25/3/2026;C29;10146171
00365 RIO TINTO;2;02-MENOR A PUNTO DE PEDIDO;1002480;ZSTO;FILTRO ACEITE;U365;0365;;V1;9;HB;16;7;0;0;0;0;C29;FILTROS/RESPUESTOS;0;BOMAG GMBH // DONALDSON;5710640 // P553771;FILTROS;BOMAG 213/219;7-PESADO;0,76;0;KG;1985,5;0;120582;;1;;;;;;;;ZPAN;1000085808;ADJUDICADO;4500124017;;;;30/4/2026;31/3/2026;C29;10146663
00365 RIO TINTO;2;02-MENOR A PUNTO DE PEDIDO;1002491;ZSTO;FILTRO ACEITE MOTOR;U365;0365;;V1;2;HB;2;1;0;0;0;0;C29;FILTROS/RESPUESTOS;45731,4;CATERPILLA // No aplica;2698325 // 4621171;FILTROS;CAT 938H;7-PESADO;0,61;0;KG;1271,7;0;45731,4;;1;;;;;;;;ZPAN;1000085401;EMBALADO;4500123967;10/4/2026;10/4/2026;;27/4/2026;25/3/2026;C29;10146171
00365 RIO TINTO;2;02-MENOR A PUNTO DE PEDIDO;1002515;ZSTO;FILTRO ACEITE XUN;U365;0365;;V1;2;HB;3;1;0;0;0;0;C29;FILTROS/RESPUESTOS;35869,03;JOHN DEERE // JOHN DEERE //;RE521420 // DZ101884 // DZ118283;FILTROS;JD 850J;7-PESADO;1,13;0;KG;3724;0;35869,03;;1;;;;;;;;ZPAN;1000085401;DESPACHADO;4500123616;9/4/2026;10/4/2026;10/4/2026;27/4/2026;25/3/2026;C29;10146171
00365 RIO TINTO;2;02-MENOR A PUNTO DE PEDIDO;1002541;ZSTO;FILTRO DE LINEA XUN;U365;0365;;V1;5;HB;8;4;0;0;0;0;C29;FILTROS/RESPUESTOS;49527,2;JOHN DEERE;AT101565;FILTROS;JOHN DEERE;9-FRAGIL;0,09;0;KG;490;0;49527,2;;1;;;;;;;;ZPAN;1000085401;DESPACHADO;4500123616;9/4/2026;10/4/2026;10/4/2026;27/4/2026;25/3/2026;C29;10146171
00365 RIO TINTO;2;02-MENOR A PUNTO DE PEDIDO;1002543;ZSTO;FILTRO AIRE X UN;U365;0365;;V1;4;HB;6;3;0;0;0;0;C29;FILTROS/RESPUESTOS;40436,56;JOHN DEERE;AT191102;FILTROS;CABINA J.D. 544K;9-FRAGIL;0,321;0;KG;3536;0;145576,56;;1;;;;;;;;ZPAN;1000085401;DESPACHADO;4500123616;9/4/2026;10/4/2026;10/4/2026;27/4/2026;25/3/2026;C29;10146171
00365 RIO TINTO;2;02-MENOR A PUNTO DE PEDIDO;1002547;ZSTO;FILTRO HIDRAULICO X UN;U365;0365;;V1;3;HB;5;2;0;0;0;0;C29;FILTROS/RESPUESTOS;393576,38;CATERPILLA // CATERPILLA;1262081 // 1799806;FILTROS;CAT 336 DLME, 390;7-PESADO;1,98;0;KG;12032;0;393576,38;;1;;;;;;;;ZPAN;1000085401;EMBALADO;4500123967;10/4/2026;10/4/2026;;27/4/2026;25/3/2026;C29;10146171
00365 RIO TINTO;2;02-MENOR A PUNTO DE PEDIDO;1002566;ZSTO;FILTRO LINEA COMBUSTIBLE;U365;0365;;V1;9;HB;16;8;0;0;0;0;C29;FILTROS/RESPUESTOS;0;FLEETGUARD // FLEETGUARD // FLEETGUARD // FLEETGUARD // DONALDSON //;FF5079 // 4080720 // FF5006 // FS5288 // P550090 // P550974;FILTROS;FILTROS;9-FRAGIL;0,118;0;KG;432;0;78773,05;;1;;;;;;;;ZPAN;1000085808;ADJUDICADO;4500124017;;;;30/4/2026;31/3/2026;C29;10146663
00365 RIO TINTO;2;02-MENOR A PUNTO DE PEDIDO;1002611;ZSTO;FILTRO CABINA;U365;0365;;V1;5;HB;8;4;0;0;0;0;C29;FILTROS/RESPUESTOS;484762,52;CATERPILLA;7T7358;FILTROS;CAT 140K;9-FRAGIL;1,26;0;KG;9800;0;484762,52;;1;;;;;;;;ZPAN;1000085726;ADJUDICADO;4500124587;;;;30/4/2026;30/3/2026;C29;10146568
00365 RIO TINTO;2;02-MENOR A PUNTO DE PEDIDO;1002705;ZSTO;FILTRO AIRE XUN;U365;0365;;V1;3;HB;5;2;0;0;0;0;C29;FILTROS/RESPUESTOS;253784,84;CATERPILLA;6I2502;FILTROS;FILTROS;9-FRAGIL;0,76;0;KG;9248;0;253784,84;;1;;;;;;;;ZPAN;1000085401;EMBALADO;4500123967;10/4/2026;10/4/2026;;27/4/2026;25/3/2026;C29;10146171
00365 RIO TINTO;2;02-MENOR A PUNTO DE PEDIDO;1002733;ZSTO;FILTRO AIRE CABINA XUN;U365;0365;;V1;7;HB;11;5;0;0;0;0;C29;FILTROS/RESPUESTOS;410960,2;CATERPILLA // CATERPILLA;2321732 // 2314487;FILTROS;CAT;9-FRAGIL;0,85;0;KG;6360;0;410960,22;;1;;;;;;;;ZPAN;1000085401;EMBALADO;4500123967;10/4/2026;10/4/2026;;27/4/2026;25/3/2026;C29;10146171
00365 RIO TINTO;2;02-MENOR A PUNTO DE PEDIDO;1002735;ZSTO;FILTRO AIRE PRIMARIO XUN;U365;0365;;V1;5;HB;8;2;0;0;0;0;C29;FILTROS/RESPUESTOS;400929,38;CATERPILLA // DONALDSON;2456375 // P782105;FILTROS;CAT;9-FRAGIL;2,9;0;KG;32805;0;400929,38;;1;;;;;;;;ZPAN;1000085401;EMBALADO;4500123967;10/4/2026;10/4/2026;;27/4/2026;25/3/2026;C29;10146171
00365 RIO TINTO;2;02-MENOR A PUNTO DE PEDIDO;1002738;ZSTO;Filtro Aceite Motor;U365;0365;;V1;6;HB;9;2;0;0;0;0;C29;FILTROS/RESPUESTOS;0;FLEETGUARD // DONALDSON;LF3345 // P558616;FILTROS;ONAN 40DGCA;7-PESADO;0,46;0;KG;956,424;0;19737,04;;1;;;;;;;;ZPAN;1000084894;ADJUDICADO;4500122845;;;;16/4/2026;16/3/2026;C29;10145484
00365 RIO TINTO;2;02-MENOR A PUNTO DE PEDIDO;1002819;ZSTO;FILTRO CABINA FIAT STRALIS 420;U365;0365;;V1;5;HB;8;3;0;0;0;0;C29;FILTROS/RESPUESTOS;249782,4;CNH //;2995964 // CU4594;FILTROS;STRALIS;9-FRAGIL;0,21;0;KG;4800;0;249782,41;;1;;;;;;;;ZPAN;1000086035;EMBALADO;4500124549;11/4/2026;11/4/2026;;6/5/2026;6/4/2026;C29;10146937
00365 RIO TINTO;2;02-MENOR A PUNTO DE PEDIDO;1002832;ZSTO;FILTRO COMBUSTIBLE;U365;0365;;V1;7;HB;11;4;0;0;0;0;C29;FILTROS/RESPUESTOS;0;FLEETGUARD // FLEETGUARD // // DONALDSON // MANN;2RK127177A // FF5052 // DB0519 // P553004 // WK723;FILTROS;VW 26260 - ONAN;7-PESADO;0,393;0;KG;704;0;57505,6;;1;;;;;;;;ZPAN;1000085808;ADJUDICADO;4500124017;;;;30/4/2026;31/3/2026;C29;10146663
00365 RIO TINTO;2;02-MENOR A PUNTO DE PEDIDO;1002889;ZSTO;FILTRO COMBUSTIBLE;U365;0365;;V1;4;HB;6;2;0;0;0;0;C29;FILTROS/RESPUESTOS;388388,52;BOMAG GMBH // HIFI FILTE;5717961 // SN909110;FILTROS;BOMAG;7-PESADO;1,005;0;KG;2057;0;388388,52;;1;;;;;;;;ZPAN;1000085401;ADJUDICADO;4500123707;;;;27/4/2026;25/3/2026;C29;10146171
00365 RIO TINTO;2;02-MENOR A PUNTO DE PEDIDO;1002922;ZSTO;FILTRO ACEITE TRANSMISIÓN DIFERENCIAL;U365;0365;;V1;5;HB;8;4;0;0;0;0;C29;FILTROS/RESPUESTOS;727063,8;JOHN DEERE;AT335492;FILTROS;JD 644K, 544K;7-PESADO;2,59;0;KG;5915;0;727063,8;;1;;;;;;;;SIN PEDIDO;;;;;;;;;;
00365 RIO TINTO;2;02-MENOR A PUNTO DE PEDIDO;1002925;ZSTO;FILTRO AIRE PRIMARIO;U365;0365;;V1;4;HB;6;2;0;0;0;0;C29;FILTROS/RESPUESTOS;0;BOMAG GMBH // // DONALDSON // BALDWIN // DONALDSON;5821147 // C20500 // P779894 // RS3992 // P778994;FILTROS;BW24RH;9-FRAGIL;1,17;0;KG;18081;0;95777,1;;1;;;;;;;;ZPAS;1000085725;SIN TRATAMIENTO;;;;;13/4/2026;30/3/2026;;
00365 RIO TINTO;2;02-MENOR A PUNTO DE PEDIDO;1002926;ZSTO;FILTRO AIRE SECUNDARIO;U365;0365;;V1;4;HB;6;3;0;0;0;0;C29;FILTROS/RESPUESTOS;81801,93;BOMAG GMBH // // DONALDSON // BALDWIN;5821148 // CF5001 // P780036 // RS3993;FILTROS;BOMAG BW24 RH;9-FRAGIL;0,37;0;KG;4840;0;168245,13;;1;;;;;;;;ZPAN;1000085401;DESPACHADO;4500123707;7/4/2026;7/4/2026;9/4/2026;27/4/2026;25/3/2026;C29;10146171
00365 RIO TINTO;2;02-MENOR A PUNTO DE PEDIDO;1002931;ZSTO;FILTRO ACEITE;U365;0365;;V1;27;HB;47;21;0;0;0;0;C29;FILTROS/RESPUESTOS;694527,33;VOLVO CONS // VOLVO CONS // FLEETGUARD // VOLVO CONS // VOLVO MAQU;P21707133 // 23658092 // LF667 // VOE478736 // 17533660;FILTROS;VOLVO 330 // VOLVO L260H;7-PESADO;1,215;0;KG;2469,61;0;694527,33;;1;;;;;;;;ZPAN;1000086390;SIN TRATAMIENTO;;;;;24/4/2026;10/4/2026;;10147389
00365 RIO TINTO;2;02-MENOR A PUNTO DE PEDIDO;1002932;ZSTO;FILTRO ACEITE;U365;0365;;V1;16;HB;27;12;0;0;0;0;C29;FILTROS/RESPUESTOS;525589,44;VOLVO CONS // VOLVO CONS;P21707132 // VOE477556;FILTROS;VOLVO L260H;7-PESADO;1,152;0;KG;2699,223;0;525589,45;;1;;;;;;;;ZPAN;1000086353;SIN TRATAMIENTO;;;;;11/5/2026;10/4/2026;;10147343
00365 RIO TINTO;2;02-MENOR A PUNTO DE PEDIDO;1002971;ZSTO;FILTRO DE TRANSMISION CAT;U365;0365;;V1;5;HB;8;4;0;0;0;0;C29;FILTROS/RESPUESTOS;800249,48;CATERPILLA //;3375270 // 5715253;FILTROS;CAT D8,D9,336,775,390,988;8-VARIOS;0,68;0;KG;5070;0;800249,46;;1;;;;;;;;ZPAN;1000085401;EMBALADO;4500123967;10/4/2026;10/4/2026;;27/4/2026;25/3/2026;C29;10146171
00365 RIO TINTO;2;02-MENOR A PUNTO DE PEDIDO;1003031;ZSTO;FILTRO DE COMBUSTIBLE;U365;0365;;V1;6;HB;9;5;0;0;0;0;C29;FILTROS/RESPUESTOS;145532,58;CATERPILLA;1R1804;FILTROS;CAT;7-PESADO;0,24;0;KG;1080,945;0;253867,65;;1;;;;;;;;ZPAN;1000086187;ADJUDICADO;4500124587;;;;8/5/2026;8/4/2026;C29;10147132
00365 RIO TINTO;2;02-MENOR A PUNTO DE PEDIDO;1003032;ZSTO;FILTRO TRAMPA DE AGUA;U365;0365;;V1;4;HB;6;3;0;0;0;0;C29;FILTROS/RESPUESTOS;461159,25;CATERPILLA;4385386;FILTROS;CAT;7-PESADO;2,12;0;KG;7875;0;461159,26;;1;;;;;;;;ZPAN;1000085401;EMBALADO;4500123967;10/4/2026;10/4/2026;;27/4/2026;25/3/2026;C29;10146171
00365 RIO TINTO;2;02-MENOR A PUNTO DE PEDIDO;1003033;ZSTO;FILTRO DE ACEITE MOTOR;U365;0365;;V1;4;HB;6;3;0;0;0;0;C29;FILTROS/RESPUESTOS;154058,4;CATERPILLA;3223155;FILTROS;CAT 323;7-PESADO;0,37;0;KG;2904;0;154058,4;;1;;;;;;;;ZPAN;1000085401;EMBALADO;4500123967;10/4/2026;10/4/2026;;27/4/2026;25/3/2026;C29;10146171
00365 RIO TINTO;2;02-MENOR A PUNTO DE PEDIDO;1003057;ZSTO;ELEMENTO FILTRO DE AIRE PRIMARIO;U365;0365;;V1;6;HB;9;5;0;0;0;0;C29;FILTROS/RESPUESTOS;710012,2;JOHN DEERE;AT175223;FILTROS;MOTONIVELADORA JD 770 G;9-FRAGIL;3,337;0;KG;41552;0;710012,22;;1;;;;;;;;ZPAN;1000086187;ADJUDICADO;4500124676;;;;8/5/2026;8/4/2026;C29;10147132
00365 RIO TINTO;2;02-MENOR A PUNTO DE PEDIDO;1003058;ZSTO;KIT FILTRO COMBUSTIBLE COMPLETO;U365;0365;;V1;6;HB;9;4;0;0;0;0;C29;FILTROS/RESPUESTOS;528972,32;JOHN DEERE // JOHN DEERE;RE525523 // RE52090652323;FILTROS;MOTONIVELADORA JD 770 G;7-PESADO;1,09;0;KG;4968;0;528972,33;;1;;;;;;;;ZPAN;1000085401;DESPACHADO;4500123616;9/4/2026;10/4/2026;10/4/2026;27/4/2026;25/3/2026;C29;10146171
00365 RIO TINTO;2;02-MENOR A PUNTO DE PEDIDO;1003069;ZSTO;SECANTE CSA 2018;U365;0365;;V1;5;HB;8;3;0;0;0;0;C29;FILTROS/RESPUESTOS;1602384,48;CATERPILLA //;2032389 // 5879321;FILTROS;CAT 140 K;8-VARIOS;2,75;0;KG;4913;0;1602384,48;;1;;;;;;;;ZPAN;1000085401;EMBALADO;4500123967;10/4/2026;10/4/2026;;27/4/2026;25/3/2026;C29;10146171
00365 RIO TINTO;2;02-MENOR A PUNTO DE PEDIDO;1003093;ZSTO;FILTRO DE COMBUSTIBLE;U365;0365;;V1;15;HB;25;13;0;0;0;0;C29;FILTROS/RESPUESTOS;475581,86;VOLVO CONS // VOLVO CONS;P22480372 // VOE15126069;FILTROS;VOLVO FM460;7-PESADO;1,15;0;KG;2469,61;0;475581,88;;1;;;;;;;;SIN PEDIDO;;;;;;;;;;
00365 RIO TINTO;2;02-MENOR A PUNTO DE PEDIDO;1003095;ZSTO;FILTRO TRAMPA DE AGUA COMBUSTIBLE;U365;0365;;V1;15;HB;25;11;0;0;0;0;C29;FILTROS/RESPUESTOS;469135,15;PARKER RAC //;21925732 // 23662435;FILTROS;VOLVO FM460;7-PESADO;0,72;0;KG;1329,79;0;469135,18;;1;;;;;;;;ZPAN;1000086353;SIN TRATAMIENTO;;;;;11/5/2026;10/4/2026;;10147343
00365 RIO TINTO;2;02-MENOR A PUNTO DE PEDIDO;1003096;ZSTO;FILTRO DE AIRE TANQUE DE COMBUSTIBLE;U365;0365;;V1;22;HB;38;3;0;0;0;0;C29;FILTROS/RESPUESTOS;91302,42;VOLVO CONS // DONALDSON;21743197 // P954869;FILTROS;VOLVO 330 // VOLVO FM460;9-FRAGIL;0,09;0;KG;480,42;0;91302,41;;1;;;;;;;;ZPAN;1000085328;DESPACHADO;4500123735;7/4/2026;7/4/2026;9/4/2026;23/4/2026;23/3/2026;C29;10146061
00365 RIO TINTO;2;02-MENOR A PUNTO DE PEDIDO;1003097;ZSTO;FILTRO DE AIRE PRIMARIO;U365;0365;;V1;16;HB;28;14;0;0;0;0;C29;FILTROS/RESPUESTOS;2439828,72;VOLVO CONS;21337557;FILTROS;VOLVO FM460;9-FRAGIL;3,39;0;KG;49940,125;0;2439828,65;;1;;;;;;;;ZPAN;1000086353;SIN TRATAMIENTO;;;;;11/5/2026;10/4/2026;;10147343
00365 RIO TINTO;2;02-MENOR A PUNTO DE PEDIDO;1003121;ZSTO;FILTRO DE UREA;U365;0365;;V1;9;HB;16;4;0;0;0;0;C29;FILTROS/RESPUESTOS;239895,16;VOLVO CONS;82269261;FILTROS;VOLVO 330;9-FRAGIL;0,07;0;KG;238,64;0;239895,15;;1;;;;;;;;ZPAN;1000085401;DESPACHADO;4500123735;7/4/2026;7/4/2026;9/4/2026;27/4/2026;25/3/2026;C29;10146171
00365 RIO TINTO;2;02-MENOR A PUNTO DE PEDIDO;1003162;ZSTO;FILTRO EN LINEA DE PRESION;U365;0365;;V1;2;HB;3;1;0;0;0;0;C29;FILTROS/RESPUESTOS;136174,5;PALFINGER;EA4923;FILTROS;PALFINGER PK23500B (S406-SKA);8-VARIOS;0,3;0;KG;864;0;136174,5;;1;;;;;;;;ZPAN;1000085401;ADJUDICADO;4500124336;;;;27/4/2026;25/3/2026;C29;10146171
00365 RIO TINTO;2;02-MENOR A PUNTO DE PEDIDO;1003167;ZSTO;FILTRO TRAMPA DE AGUA;U365;0365;;V1;2;HB;2;1;0;0;0;0;C29;FILTROS/RESPUESTOS;126662,25;CATERPILLA;4395037;FILTROS;CHIEFTAIN 2100 X;7-PESADO;1,08;0;KG;3600;0;126662,25;;1;;;;;;;;ZPAN;1000085401;EMBALADO;4500123967;10/4/2026;10/4/2026;;27/4/2026;25/3/2026;C29;10146171
00365 RIO TINTO;2;02-MENOR A PUNTO DE PEDIDO;1003202;ZSTO;FILTRO DE COMBUSTIBLE;U365;0365;;V1;8;HB;13;6;0;0;0;0;C29;FILTROS/RESPUESTOS;86986,62;LEVAS BOSC //;986450694 // P556287;FILTROS;IS VENTEC 6TK/2TB/AY/TECEL/11,;9-FRAGIL;0,24;0;KG;972;0;86986,62;;1;;;;;;;;ZPAN;1000085401;ADJUDICADO;4500123713;;;;27/4/2026;25/3/2026;C29;10146171
00365 RIO TINTO;2;02-MENOR A PUNTO DE PEDIDO;1003215;ZSTO;FILTRO DE AIRE PRIMARIO;U365;0365;;V1;2;HB;2;1;0;0;0;0;C29;FILTROS/RESPUESTOS;358179,25;CATERPILLA //;3862099 // 5771435;FILTROS;CAT 815 K;9-FRAGIL;3,3;0;KG;45600;0;358179,25;;1;;;;;;;;ZPAN;1000085401;EMBALADO;4500123967;10/4/2026;10/4/2026;;27/4/2026;25/3/2026;C29;10146171
00365 RIO TINTO;2;02-MENOR A PUNTO DE PEDIDO;1003216;ZSTO;FILTRO DE AIRE SECUNDARIO;U365;0365;;V1;2;HB;2;1;0;0;0;0;C29;FILTROS/RESPUESTOS;136629,35;CATERPILLA;3318108;FILTROS;CAT 815 K;9-FRAGIL;0,92;0;KG;14739;0;136629,35;;1;;;;;;;;ZPAN;1000085401;EMBALADO;4500123967;10/4/2026;10/4/2026;;27/4/2026;25/3/2026;C29;10146171
00365 RIO TINTO;2;02-MENOR A PUNTO DE PEDIDO;1003237;ZSTO;FILTRO DE COMBUSTIBLE;U365;0365;;V1;6;HB;9;1;0;0;0;0;C29;FILTROS/RESPUESTOS;58939,7;CATERPILLA;5000480;FILTROS;CAT 140K;7-PESADO;0,46;0;KG;2904;0;58939,7;;1;;;;;;;;ZPAN;1000085401;EMBALADO;4500123967;10/4/2026;10/4/2026;;27/4/2026;25/3/2026;C29;10146171
00365 RIO TINTO;2;02-MENOR A PUNTO DE PEDIDO;1003241;ZSTO;MANN CF1651;U365;0365;;V1;4;HB;6;3;0;0;0;0;C29;FILTROS/RESPUESTOS;133937,61;MANN //;CF1651 // P750003;FILTROS;VOLVO 330;9-FRAGIL;0,81;0;KG;15606;0;133937,61;;1;;;;;;;;ZPAN;1000085401;ADJUDICADO;4500123713;;;;27/4/2026;25/3/2026;C29;10146171
00365 RIO TINTO;2;02-MENOR A PUNTO DE PEDIDO;1003246;ZSTO;FILTRO DE TANQUE HIDRAULICO;U365;0365;;V1;6;HB;9;5;0;0;0;0;C29;FILTROS/RESPUESTOS;2317497,5;REMOLQUES // HIFI FILTE;14896990 // SH 93214;FILTROS;VOLCADORA OMBU;8-VARIOS;0,199;0;KG;807,765;0;2317497,5;;1;;;;;;;;ZPAN;1000084473;CUMPLIDO PARCIAL;4500122551;30/3/2026;30/3/2026;31/3/2026;7/4/2026;10/3/2026;C29;10144973
00365 RIO TINTO;2;02-MENOR A PUNTO DE PEDIDO;1003301;ZSTO;FILTRO DE TANQUE;U365;0365;;V1;12;HB;20;8;0;0;0;0;C29;FILTROS/RESPUESTOS;500344,72;VOLVO CONS // VOLVO CONS;21516229 // 23381562;FILTROS;VOLVO 460 FMX;9-FRAGIL;0,1;0;KG;735;0;500344,75;;1;;;;;;;;ZPAN;1000085401;DESPACHADO;4500123735;7/4/2026;7/4/2026;9/4/2026;27/4/2026;25/3/2026;C29;10146171
00365 RIO TINTO;2;02-MENOR A PUNTO DE PEDIDO;1003302;ZSTO;FILTRO ACEITE CAJA DE CAMBIO;U365;0365;;V1;11;HB;19;6;0;0;0;0;C29;FILTROS/RESPUESTOS;180738,6;VOLVO CONS // VOLVO CONS;20779040 // 24283117;FILTROS;VOLVO 460 FMX;8-VARIOS;0,09;0;KG;784;0;180738,62;;1;;;;;;;;ZPAN;1000085401;DESPACHADO;4500123735;7/4/2026;7/4/2026;9/4/2026;27/4/2026;25/3/2026;C29;10146171
00365 RIO TINTO;2;02-MENOR A PUNTO DE PEDIDO;1003373;ZSTO;FILTROAIREACONDCABINAEXTERIORINTERIOR;U365;0365;;V1;9;HB;16;7;0;0;0;0;C29;FILTROS/RESPUESTOS;245949,62;VOLVO CONS;21758906;FILTROS;VOLVO FM460;9-FRAGIL;0,22;0;KG;2420;0;245949,64;;1;;;;;;;;ZPAN;1000086353;SIN TRATAMIENTO;;;;;11/5/2026;10/4/2026;;10147343
00365 RIO TINTO;2;02-MENOR A PUNTO DE PEDIDO;1003904;ZSTO;SUPLEMENTO GUIA;U365;0365;;V1;5;HB;8;3;0;0;0;0;C29;FILTROS/RESPUESTOS;162029,1;CATERPILLA // CATERPILLA //;5T8366 // 4461524 // 4461524;REPUESTOS;CAT 140H;7-PESADO;0,89;0;KG;300;0;162029,11;;1;;;;;;;;ZPAN;1000085401;ADJUDICADO;4500124046;;;;27/4/2026;25/3/2026;C29;10146171
00365 RIO TINTO;2;02-MENOR A PUNTO DE PEDIDO;1004015;ZSTO;LAMPARA 12V-H3 55W X UN;U365;0365;;V1;9;HB;16;5;0;0;0;0;C03;EQUIPOS;6573,1;;PK22S;REPUESTOS;ELECTRICIDAD AUTOMOTOR;9-FRAGIL;0,01;0;KG;40,625;0;6573,1;;1;;;;;;;;ZPAN;1000085808;ADJUDICADO;4500124061;;;;30/4/2026;31/3/2026;C03;10146663
00365 RIO TINTO;2;02-MENOR A PUNTO DE PEDIDO;1004020;ZSTO;LAMPARA 12V-H4 P43T X UN;U365;0365;;V1;5;HB;8;4;0;0;0;0;C29;FILTROS/RESPUESTOS;1810,88;;P43T38;REPUESTOS;ELECTRICIDAD AUTOMOTOR;9-FRAGIL;0,03;0;KG;154,63;0;1810,87;;1;;;;;;;;ZPAN;1000086035;ADJUDICADO;4500124458;;;;6/5/2026;6/4/2026;C29;10146937
00365 RIO TINTO;2;02-MENOR A PUNTO DE PEDIDO;1004033;ZSTO;LAMPARA 24V-5W C CULOTE X UN;U365;0365;;V1;5;HB;8;1;0;0;0;0;C29;FILTROS/RESPUESTOS;306,23;;BA15S;REPUESTOS;ELECTRICIDAD AUTOMOTOR;9-FRAGIL;0,004;0;KG;12;0;306,23;;1;;;;;;;;SIN PEDIDO;;;;;;;;;;
00365 RIO TINTO;2;02-MENOR A PUNTO DE PEDIDO;1004046;ZSTO;BATERIA 12V 200 AMP;U365;0365;;RE;8;HB;13;3;0;0;0;0;C29;FILTROS/RESPUESTOS;1227515,31;LEVAS BOSC // VOLVO CONS // LEVAS BOSC // LEVAS BOSC;4180E12VOL180AH1390 // 22813727 // BAT BOSCH S4200E // S5X 220E BOSCH;REPUESTOS;VOLVO FMX HID VOLCADORA;7-PESADO;58,5;0;KG;26574;0;1227515,31;;1;;;;;;;;ZPAN;1000084322;DESPACHADO;4500122250;9/4/2026;9/4/2026;10/4/2026;8/4/2026;7/3/2026;C29;10144822
00365 RIO TINTO;2;02-MENOR A PUNTO DE PEDIDO;1004265;ZSTO;KIT DE 6 MUESTRAS DE ACEITE CON MANGUERA;U365;0365;;V1;8;HB;13;3;0;0;0;0;C29;FILTROS/RESPUESTOS;854426,25;CATERPILLA;9Z0009100;REPUESTOS;KIT MUESTRA;9-FRAGIL;0,904;0;KG;13852,875;0;854426,25;;1;;;;;;;;ZPAN;1000084894;EMBALADO;4500124328;11/4/2026;11/4/2026;;16/4/2026;16/3/2026;C29;10145484
00365 RIO TINTO;2;02-MENOR A PUNTO DE PEDIDO;1015782;ZSSD;CINTA REFLECTIVA BLANCA X MTS;U365;0365;;V1;356;HB;627;117;0;0;0;0;C27;FERRETERIA MR01;0;;;SEGURIDAD;SEÑALIZACION;?;0;0;KG;0;0;167536,98;;1;;;;;;;;ZPAN;1000086268;SIN TRATAMIENTO;;;;;11/5/2026;9/4/2026;;10147237
00365 RIO TINTO;2;02-MENOR A PUNTO DE PEDIDO;1015783;ZSSD;CINTA REFLECTIVA ROJA X MTS;U365;0365;;V1;356;HB;627;222;0;0;0;0;C27;FERRETERIA MR01;0;;;SEGURIDAD;SEÑALIZACION;?;0;0;KG;0;0;453907,86;;1;;;;;;;;ZPAN;1000086268;SIN TRATAMIENTO;;;;;11/5/2026;9/4/2026;;10147237
00365 RIO TINTO;2;02-MENOR A PUNTO DE PEDIDO;1015789;ZSSD;DETERGENTE X 5 LTS;U365;0365;;V1;5;HB;8;3;0;0;0;0;C17;INSUMOS A;0;;;LIMPIEZA;LIMPIEZA /SEGURIDAD;?;0;0;KG;0;0;14958,68;;1;;;;;;;;SIN PEDIDO;;;;;;;;;;
00365 RIO TINTO;2;02-MENOR A PUNTO DE PEDIDO;1015800;ZSSD;GUANTE VAQUETA MEDIO PASEO FORRADO X PAR;U365;0365;;V1;196;HB;345;166;0;0;0;0;C28;SEGURIDAD/ROPA/EPP;0;;MÚLT. 12U;SEGURIDAD;GUANTE;?;0;0;KG;0;0;504979,81;;1;;;;;;;;SIN PEDIDO;;;;;;;;;;
00365 RIO TINTO;2;02-MENOR A PUNTO DE PEDIDO;1015809;ZSSD;LIMPIA VIDRIOS X 5 LTS;U365;0365;;V1;6;HB;9;2;0;0;0;0;C17;INSUMOS A;0;;;LIMPIEZA;INSUMOS;?;0;0;KG;0;0;16520,66;;1;;;;;;;;SIN PEDIDO;;;;;;;;;;
00365 RIO TINTO;2;02-MENOR A PUNTO DE PEDIDO;1015925;ZSCD;KRIOX 3 - REFRIGERANTE ANTICONG. X20 LT;U365;0365;;V1;23;HB;39;2;0;0;0;0;C29;FILTROS/RESPUESTOS;0;;;INSUMOS;?;?;0;0;KG;0;0;214818,18;;1;;;;;;;;SIN PEDIDO;;;;;;;;;;
00365 RIO TINTO;2;02-MENOR A PUNTO DE PEDIDO;1015933;ZSCD;ACEITE ISO 46 HIDRAULICO BP46 x 205L;U365;0365;;V1;2;HB;3;1;0;0;0;0;C29;FILTROS/RESPUESTOS;30986,07;;;LUBRICANTES;ACEITES;?;0;0;KG;0;0;30986,07;;1;;;;;;;;ZPAS;1000084374;SIN TRATAMIENTO;;;;;20/4/2026;9/3/2026;;
00365 RIO TINTO;2;02-MENOR A PUNTO DE PEDIDO;1015982;ZSCD;CAMISA JEAN T.42;U365;0365;;V1;32;HB;55;31;0;0;0;0;C28;SEGURIDAD/ROPA/EPP;0;;;ROPA;INDUMENTARIA;?;0;0;KG;0;0;534500;;1;;;;;;;;SIN PEDIDO;;;;;;;;;;
00365 RIO TINTO;2;02-MENOR A PUNTO DE PEDIDO;1016195;ZSTO;CUBIERTA DELANTERO 13 R 22.5 I;U365;0365;;V1;4;HB;6;2;0;0;0;0;C03;EQUIPOS;973553,7;PIRELLI NE //;FG:01 // S811;CUBIERTAS;CAMION;5-CUBIERTAS;75;0;KG;77715;0;973553,7;;1;;;;;;;;ZPAN;1000085726;ADJUDICADO;4500124176;;;;30/4/2026;30/3/2026;C03;10146568
00365 RIO TINTO;2;02-MENOR A PUNTO DE PEDIDO;1016479;ZSCD;PROTECTOR SOLAR (CREMA) FACT 60 X 120ML;U365;0365;;V1;178;HB;313;7;0;0;0;0;C28;SEGURIDAD/ROPA/EPP;0;;;SEGURIDAD;INSUMO;?;0;0;KG;2185;0;153305,74;;1;;;;;;;;ZPAN;1000085401;ADJUDICADO;4500124320;;;;27/4/2026;25/3/2026;C28;10146171
00365 RIO TINTO;2;02-MENOR A PUNTO DE PEDIDO;1016480;ZSCD;PROTECTOR SOLAR DE LABIO x UN;U365;0365;;V1;143;HB;251;56;0;0;0;0;C28;SEGURIDAD/ROPA/EPP;0;;;SEGURIDAD;INSUMO;?;0;0;KG;2,185;0;258710,48;;1;;;;;;;;ZPAN;1000086443;SIN TRATAMIENTO;;;;;21/4/2026;13/4/2026;;10147459
00365 RIO TINTO;2;02-MENOR A PUNTO DE PEDIDO;1016655;ZSSD;CMASTRA CORREA ALTERNADOR;U365;0365;;V1;4;HB;6;3;0;0;0;0;AGV;COMPRAS AGV;0;REPUESTOS;12PK1815;REPUESTOS;CORREAS;?;0;0;KG;0;0;409695,04;;1;;;;;;;;ZPAN;1000080831;ADJUDICADO;4500119588;;;;2/2/2026;12/1/2026;AGV;10140109
00365 RIO TINTO;2;02-MENOR A PUNTO DE PEDIDO;1016694;ZSSD;HC119FILTRO DE COMBUSTIBLE;U365;0365;;V1;3;HB;5;2;0;0;0;0;AGV;COMPRAS AGV;0;DONALDSON;P550105;FILTROS;?;?;0;0;KG;0;0;72011;;1;;;;;;;;ZPAN;1000086187;SIN TRATAMIENTO;;;;;8/5/2026;8/4/2026;;10147132
00365 RIO TINTO;2;02-MENOR A PUNTO DE PEDIDO;1016708;ZSTO;Filtro A/A Cabina Interior;U365;0365;;V1;5;HB;8;3;0;0;0;0;C29;FILTROS/RESPUESTOS;74678,19;SANY HEAVY;RPSAN141502000077;FILTROS;CAMION FUERA DE RUTA SANY SKT 90S;9-FRAGIL;0,051;0;KG;118,5;0;74678,18;;1;;;;;;;;ZPAN;1000082288;CUMPLIDO PARCIAL;4500119710;21/2/2026;21/2/2026;24/2/2026;17/2/2026;3/2/2026;C29;10142059
00365 RIO TINTO;2;02-MENOR A PUNTO DE PEDIDO;1016712;ZSTO;Filtro Combustible c/ Sensor;U365;0365;;V1;9;HB;16;8;0;0;0;0;C29;FILTROS/RESPUESTOS;406841,76;SANY HEAVY //;RPSAN160604020017 // P 550778;FILTROS;CAMION FUERA DE RUTA SANY SKT 90S;8-VARIOS;1,157;0;KG;2843,5;0;406841,76;;1;;;;;;;;ZPAN;1000086187;SIN TRATAMIENTO;;;;;8/5/2026;8/4/2026;;10147132
00365 RIO TINTO;2;02-MENOR A PUNTO DE PEDIDO;1016714;ZSTO;Filtro de Transmision;U365;0365;;V1;3;HB;4;2;0;0;0;0;C29;FILTROS/RESPUESTOS;230412;SANY HEAVY;RPSAN130202000093A023;FILTROS;CAMION FUERA DE RUTA SANY SKT 90S;8-VARIOS;0,381;0;KG;1912,848;0;230412;;1;;;;;;;;ZPAN;1000086187;SIN TRATAMIENTO;;;;;8/5/2026;8/4/2026;;10147132
00365 RIO TINTO;2;02-MENOR A PUNTO DE PEDIDO;1016919;ZSSD;LUBRICANTE MULTIUSO WD-40 440CC;U365;0365;;V1;18;HB;31;9;0;0;0;0;C27;FERRETERIA MR01;0;;;FERRETERIA;ADHESIVOS/SELLADORES/LUBRICANT;?;0;0;KG;0;0;77560,65;;1;;;;;;;;ZPAN;1000085401;ADJUDICADO;4500124389;;;;27/4/2026;25/3/2026;C27;10146171
00365 RIO TINTO;2;02-MENOR A PUNTO DE PEDIDO;1016977;ZSSD;MARCADOR P PIZARRA AZUL;U365;0365;;V1;11;HB;19;7;0;0;0;0;C17;INSUMOS A;0;;MÚLT. 10U;LIBRERIA;ESCRITURA;?;0;0;KG;0;0;4613,56;;1;;;;;;;;ZPAN;1000086035;ADJUDICADO;4500124405;;;;6/5/2026;6/4/2026;C17;10146937
00365 RIO TINTO;2;02-MENOR A PUNTO DE PEDIDO;1016982;ZSSD;FOLIO A4 ST X100;U365;0365;;V1;6;HB;9;4;0;0;0;0;C17;INSUMOS A;0;;;LIBRERIA;PAPEL;?;0;0;KG;0;0;15848,48;;1;;;;;;;;ZPAN;1000086035;SIN TRATAMIENTO;;;;;6/5/2026;6/4/2026;;10146937
00365 RIO TINTO;2;02-MENOR A PUNTO DE PEDIDO;1016999;ZSSD;BOLIGRAFO TRAZO GRUESO AZUL;U365;0365;;V1;72;HB;125;62;0;0;0;0;C17;INSUMOS A;0;;MÚLT. 50U;LIBRERIA;LIBRERIA;?;0;0;KG;0;0;28933,54;;1;;;;;;;;ZPAN;1000086035;ADJUDICADO;4500124405;;;;6/5/2026;6/4/2026;C17;10146937
00365 RIO TINTO;2;02-MENOR A PUNTO DE PEDIDO;1017016;ZSSD;MARCADOR PERMANENTE NEGRO;U365;0365;;V1;5;HB;8;4;0;0;0;0;C17;INSUMOS A;0;;MÚLT. 10U;LIBRERIA;ESCRITURA;?;0;0;KG;0;0;5572,36;;1;;;;;;;;ZPAN;1000085726;ADJUDICADO;4500124131;;;;30/4/2026;30/3/2026;C17;10146568
00365 RIO TINTO;2;02-MENOR A PUNTO DE PEDIDO;1017037;ZSSD;MARCADOR P PIZARRA VERDE;U365;0365;;V1;11;HB;19;8;0;0;0;0;C17;INSUMOS A;0;;MÚLT. 10U;LIBRERIA;ESCRITURA;?;0;0;KG;0;0;5096,24;;1;;;;;;;;ZPAN;1000085726;ADJUDICADO;4500124131;;;;30/4/2026;30/3/2026;C17;10146568
00365 RIO TINTO;2;02-MENOR A PUNTO DE PEDIDO;1017047;ZSSD;TRAPO REJILLA;U365;0365;;V1;14;HB;24;12;0;0;0;0;C17;INSUMOS A;0;;;LIMPIEZA;LIMPIEZA /SEGURIDAD;?;0;0;KG;0;0;14783,49;;1;;;;;;;;SIN PEDIDO;;;;;;;;;;
00365 RIO TINTO;2;02-MENOR A PUNTO DE PEDIDO;1018267;ZSSD;FILTRO DE COMBUSTIBLE;U365;0365;;V1;5;HB;8;4;0;0;0;0;AGV;COMPRAS AGV;0;DONALDSON;P763995;REPUESTOS;FILTROS;?;0;0;KG;0;0;233847,6;;1;;;;;;;;SIN PEDIDO;;;;;;;;;;
00365 RIO TINTO;2;02-MENOR A PUNTO DE PEDIDO;1018268;ZSSD;CORREA DE COMPRESOR A/A;U365;0365;;V1;5;HB;8;2;0;0;0;0;AGV;COMPRAS AGV;0;LEVAS BOSC;4PK1157;REPUESTOS;CORREAS;?;0;0;KG;0;0;28099,18;;1;;;;;;;;ZPAN;1000080831;ADJUDICADO;4500119588;;;;2/2/2026;12/1/2026;AGV;10140109
00365 RIO TINTO;2;02-MENOR A PUNTO DE PEDIDO;1018496;ZSSD;FILTRO DE ACEITE;U365;0365;;V1;6;HB;9;3;0;0;0;0;AGV;COMPRAS AGV;0;FLEETGUARD;LF3349;REPUESTOS;FILTROS;?;0;0;KG;0;0;36745,5;;1;;;;;;;;ZPAN;1000081592;SIN TRATAMIENTO;;;;;20/3/2026;23/1/2026;;10141185
00365 RIO TINTO;2;02-MENOR A PUNTO DE PEDIDO;1018498;ZSSD;FILTRO TRAMPA DE AGUA;U365;0365;;V1;8;HB;13;7;0;0;0;0;AGV;COMPRAS AGV;0;FLEETGUARD;FS1280;REPUESTOS;FILTROS;?;0;0;KG;0;0;118413,27;;1;;;;;;;;SIN PEDIDO;;;;;;;;;;
00365 RIO TINTO;2;02-MENOR A PUNTO DE PEDIDO;1018580;ZSSD;BULONES;U365;0365;;V1;17;HB;30;16;0;0;0;0;C29;FILTROS/RESPUESTOS;86650,72;IGARRETA M;02090-11270;DESGASTE;?;?;0;0;KG;0;0;86650,77;;1;;;;;;;;ZPAN;1000085401;DESPACHADO;4500123868;7/4/2026;7/4/2026;9/4/2026;27/4/2026;25/3/2026;C29;10146171
00365 RIO TINTO;2;02-MENOR A PUNTO DE PEDIDO;1018589;ZSSD;FILTRO ADMISION SECUNDARIO;U365;0365;;V1;3;HB;5;2;0;0;0;0;C29;FILTROS/RESPUESTOS;0;FLEETGUARD;AF25963;FILTROS;CUMMINS C150D5;8-VARIOS;0;0;KG;0;0;136136;;1;;;;;;;;ZPAN;1000086187;SIN TRATAMIENTO;;;;;8/5/2026;8/4/2026;;10147132
00365 RIO TINTO;2;02-MENOR A PUNTO DE PEDIDO;1018592;ZSSD;FILTRO DE CABINA (A/A);U365;0365;;V1;2;HB;3;1;0;0;0;0;C29;FILTROS/RESPUESTOS;238168,25;IGARRETA M;12Y-979-1181;REPUESTOS;FILTROS;?;0;0;KG;0;0;238168,25;;1;;;;;;;;SIN PEDIDO;;;;;;;;;;
00365 RIO TINTO;2;02-MENOR A PUNTO DE PEDIDO;1018597;ZSSD;CORREA DE COMPRESOR;U365;0365;;V1;2;HB;3;1;0;0;0;0;C29;FILTROS/RESPUESTOS;0;IGARRETA M;6732-82-3430;REPUESTOS;CORREAS;?;0;0;KG;0;0;295149,24;;1;;;;;;;;ZPAN;1000086035;ADJUDICADO;4500124782;;;;6/5/2026;6/4/2026;C29;10146937
00365 RIO TINTO;2;02-MENOR A PUNTO DE PEDIDO;1018847;ZSSD;FILTRO DE COMBUSTIBLE;U365;0365;;V1;8;HB;13;1;0;0;0;0;AGV;COMPRAS AGV;0;FLEETGUARD;FF5688;REPUESTOS;FILTROS;?;0;0;KG;56320;0;92944,5;;1;;;;;;;;ZPAN;1000084658;ADJUDICADO;4500123976;;;;9/4/2026;12/3/2026;AGV;10145221
00365 RIO TINTO;2;02-MENOR A PUNTO DE PEDIDO;1018855;ZSSD;FILTRO COLADOR TANQUE DE COMBUSTIBLE;U365;0365;;V1;5;HB;8;4;0;0;0;0;AGV;COMPRAS AGV;0;KOBELCO CO;YN50V00029P1;REPUESTOS;FILTROS;?;0;0;KG;56320;0;493000;;1;;;;;;;;SIN PEDIDO;;;;;;;;;;
00365 RIO TINTO;2;02-MENOR A PUNTO DE PEDIDO;1018864;ZSSD;CORREA ALTERNADOR;U365;0365;;V1;6;HB;9;3;0;0;0;0;AGV;COMPRAS AGV;0;KOBELCO CO;VHSZ91049258;REPUESTOS;AUTOMOTOR;?;0;0;KG;0;0;431417;;1;;;;;;;;SIN PEDIDO;;;;;;;;;;
00365 RIO TINTO;2;02-MENOR A PUNTO DE PEDIDO;1018901;ZSSD;FILTRO HIDRAULICO (STRAINER);U365;0365;;V1;3;HB;5;1;0;0;0;0;AGV;COMPRAS AGV;0;KOBELCO CO;LC50V00006S001;REPUESTOS;FILTROS;?;0;0;KG;0;0;806460,2;;1;;;;;;;;SIN PEDIDO;;;;;;;;;;
00365 RIO TINTO;2;02-MENOR A PUNTO DE PEDIDO;1018903;ZSSD;FILTRO COLADOR TANQUE DE COMBUSTIBLE;U365;0365;;V1;8;HB;13;3;0;0;0;0;AGV;COMPRAS AGV;0;KOBELCO CO;YN50V00029P1;REPUESTOS;FILTROS;?;0;0;KG;0;0;360868,2;;1;;;;;;;;ZPAN;1000081179;SIN TRATAMIENTO;;;;;6/2/2026;16/1/2026;;10140561
00365 RIO TINTO;2;02-MENOR A PUNTO DE PEDIDO;1018905;ZSSD;FILTRO DE COMBUSTIBLE;U365;0365;;V1;2;HB;2;1;0;0;0;0;AGV;COMPRAS AGV;0;SANY HEAVY;60282117;;;;0;0;KG;0;0;51916,48;;1;;;;;;;;ZPAN;1000086035;ADJUDICADO;4500124454;;;;6/5/2026;6/4/2026;AGV;10146937
00365 RIO TINTO;2;02-MENOR A PUNTO DE PEDIDO;1018906;ZSSD;FILTRO DE COMBUSTIBLE;U365;0365;;V1;2;HB;2;1;0;0;0;0;AGV;COMPRAS AGV;0;SANY HEAVY;60250800;;;;0;0;KG;0;0;101583,9;;1;;;;;;;;ZPAN;1000086035;ADJUDICADO;4500124454;;;;6/5/2026;6/4/2026;AGV;10146937
00365 RIO TINTO;2;02-MENOR A PUNTO DE PEDIDO;1018908;ZSSD;FILTRO TRAMPA DE AGUA;U365;0365;;V1;2;HB;2;1;0;0;0;0;AGV;COMPRAS AGV;0;SANY HEAVY;60249072;;;;0;0;KG;0;0;21441,15;;1;;;;;;;;ZPAN;1000086035;ADJUDICADO;4500124454;;;;6/5/2026;6/4/2026;AGV;10146937
00365 RIO TINTO;2;02-MENOR A PUNTO DE PEDIDO;1021954;ZSTO;TONER HP 105A;U365;0365;;V1;6;HB;9;4;0;0;0;0;C05;INFORMÁT.-HARDWARE;0;;105A;INSUMOS;?;8-VARIOS;0;0;KG;612;0;37700;;1;;;;;;;;ZPAN;1000085726;SIN TRATAMIENTO;;;;;30/4/2026;30/3/2026;;10146568
00365 RIO TINTO;2;02-MENOR A PUNTO DE PEDIDO;1022808;ZSTO;CORREA ALTERNADOR;U365;0365;;V1;4;HB;6;2;0;0;0;0;C03;EQUIPOS;330525,12;;185-5872;CORREAS;CORREAS;?;0;0;KG;0;0;330525,12;;1;;;;;;;;ZPAN;1000085401;ADJUDICADO;4500123501;;;;27/4/2026;25/3/2026;C03;10146171
00365 RIO TINTO;2;02-MENOR A PUNTO DE PEDIDO;1022893;ZSTO;DESGARRADOR;U365;0365;;V1;7;HB;11;6;0;0;0;0;C03;EQUIPOS;102384;;T6Y5230;REPUESTOS;EQUIPOS;?;0;0;KG;0;0;102384;;1;;;;;;;;ZPAN;1000085401;EMBALADO;4500123514;10/4/2026;10/4/2026;;27/4/2026;25/3/2026;C03;10146171
00365 RIO TINTO;2;02-MENOR A PUNTO DE PEDIDO;1022897;ZSTO;DIENTE;U365;0365;;V1;8;HB;13;5;0;0;0;0;C03;EQUIPOS;300747;;T6Y0309;REPUESTOS;EQUIPOS;?;0;0;KG;0;0;300747;;1;;;;;;;;ZPAN;1000085401;EMBALADO;4500123514;10/4/2026;10/4/2026;;27/4/2026;25/3/2026;C03;10146171
00365 RIO TINTO;2;02-MENOR A PUNTO DE PEDIDO;1026601;ZSTO;CUBIERTA 23.1-26;U365;0365;;V1;4;HB;6;3;0;0;0;0;C03;EQUIPOS;3607438,02;;23.1-26 TR-387 ROMBOIDAL;CUBIERTAS;?;?;0;0;KG;0;0;3607438,02;;1;;;;;;;;ZPAN;1000085401;EMBALADO;4500123680;11/4/2026;11/4/2026;;27/4/2026;25/3/2026;C03;10146171
00365 RIO TINTO;2;02-MENOR A PUNTO DE PEDIDO;1027642;ZSSD;BULON;U365;0365;;V1;11;HB;19;9;0;0;0;0;C29;FILTROS/RESPUESTOS;63489,87;KOMATSU HO;02090-11685;FERRETERIA;BULONERIA;?;0;0;KG;0;0;63489,89;;1;;;;;;;;ZPAN;1000085401;DESPACHADO;4500123868;7/4/2026;7/4/2026;9/4/2026;27/4/2026;25/3/2026;C29;10146171
00365 RIO TINTO;2;02-MENOR A PUNTO DE PEDIDO;1027659;ZSSD;TUERCA;U365;0365;;V1;11;HB;19;9;0;0;0;0;C29;FILTROS/RESPUESTOS;28438,74;KOMATSU HO;02290-11625;FERRETERIA;BULONERIA;?;0;0;KG;0;0;28438,75;;1;;;;;;;;ZPAN;1000085401;DESPACHADO;4500123868;7/4/2026;7/4/2026;9/4/2026;27/4/2026;25/3/2026;C29;10146171
00365 RIO TINTO;2;02-MENOR A PUNTO DE PEDIDO;1028166;ZSSD;"TUERCA  (ø 5/8"")";U365;0365;;V1;15;HB;25;12;0;0;0;0;AGV;COMPRAS AGV;0;TEREX;E620N;;;;0;0;KG;0;0;7318,59;;1;;;;;;;;ZPAN;1000085401;SIN TRATAMIENTO;;;;;27/4/2026;25/3/2026;;10146171
00365 RIO TINTO;2;02-MENOR A PUNTO DE PEDIDO;1028194;ZSSD;FILTRO PRIMARIO ADMISION;U365;0365;;V1;2;HB;2;1;0;0;0;0;C29;FILTROS/RESPUESTOS;0;DONALDSON;P145702;;;;0;0;KG;1144;0;175071,8;;1;;;;;;;;ZPAN;1000085328;ADJUDICADO;4500123713;;;;23/4/2026;23/3/2026;C29;10146061
00365 RIO TINTO;2;02-MENOR A PUNTO DE PEDIDO;1033306;ZSSD;FILTRO TRAMPA DE AGUA;U365;0365;;V1;2;HB;3;1;0;0;0;0;AGV;COMPRAS AGV;0;SANY INTER;60208879;;;;0;0;KG;0;0;77369,23;;1;;;;;;;;ZPAN;1000082616;ADJUDICADO;4500120578;;;;2/3/2026;9/2/2026;AGV;10142540
00365 RIO TINTO;2;02-MENOR A PUNTO DE PEDIDO;1033787;ZSSD;UÑA;U365;0365;;V1;7;HB;11;3;0;0;0;0;C29;FILTROS/RESPUESTOS;412395,4;KOMATSU HO;207-70-14151;;;;0;0;KG;0;0;123718,62;;1;;;;;;;;SIN PEDIDO;;;;;;;;;;
00365 RIO TINTO;2;02-MENOR A PUNTO DE PEDIDO;1033788;ZSSD;PASADOR;U365;0365;;V1;7;HB;11;4;0;0;0;0;C29;FILTROS/RESPUESTOS;39838,36;KOMATSU HO;175-78-21810;;;;0;0;KG;0;0;39838,36;;1;;;;;;;;ZPAN;1000085401;DESPACHADO;4500123872;7/4/2026;7/4/2026;9/4/2026;27/4/2026;25/3/2026;C29;10146171
00365 RIO TINTO;2;02-MENOR A PUNTO DE PEDIDO;1036794;ZSCD;GUANTE ANTICORTE GRADO 3 C/CERTIFICADO;U365;0365;;V1;223;HB;392;177;0;0;0;0;C28;SEGURIDAD/ROPA/EPP;0;;MÚLT. 12U;SEGURIDAD;EPP;?;0;0;KG;650;0;766847,15;;1;;;;;;;;SIN PEDIDO;;;;;;;;;;
00365 RIO TINTO;2;02-MENOR A PUNTO DE PEDIDO;1042132;ZSCD;CAMISA JEAN T.46;U365;0365;;V1;32;HB;55;15;0;0;0;0;C28;SEGURIDAD/ROPA/EPP;0;;;INDUMENTARIA;INDUMENTARIA;?;0;0;KG;0;0;270000;;1;;;;;;;;ZPAN;1000085726;ADJUDICADO;4500124367;;;;30/4/2026;30/3/2026;C28;10146568
00365 RIO TINTO;2;02-MENOR A PUNTO DE PEDIDO;1048886;ZSTO;FILTRO AIRE PRIMARIO ADMISION;U365;0365;;V1;5;HB;8;4;0;0;0;0;C29;FILTROS/RESPUESTOS;0;SANY HEAVY;400-038-9991;;;;0;0;KG;1,728;0;363220;;1;;;;;;;;ZPAN;1000086187;SIN TRATAMIENTO;;;;;8/5/2026;8/4/2026;;10147132
00365 RIO TINTO;2;02-MENOR A PUNTO DE PEDIDO;1048887;ZSTO;CORREA VENTILADOR;U365;0365;;V1;4;HB;6;2;0;0;0;0;C29;FILTROS/RESPUESTOS;36595,2;SANY HEAVY;CUMMINS 3288790 (8PK1444);;;;0;0;KG;1,728;0;36595,2;;1;;;;;;;;ZPAN;1000085401;PICKEADO;4500124103;13/4/2026;13/4/2026;;27/4/2026;25/3/2026;C29;10146171
00372 UTE 372 GEO POSCO II;2;02-MENOR A PUNTO DE PEDIDO;1000043;ZSTO;BOTIQUIN 1ROS. AUXILIOS N 2;U003;0372;CBA5CJ;V1;2;HB;4;1;0;0;0;0;C28;SEGURIDAD/ROPA/EPP;7048,25;;;SEGURIDAD;BOTIQUIN;8-VARIOS;0,267;0;KG;972;0;7048,25;;1;;;;;1;;;SIN PEDIDO;;;;;;;;;;
00372 UTE 372 GEO POSCO II;2;02-MENOR A PUNTO DE PEDIDO;1001678;ZSTO;FICHA T.STECK HEMBRA 220V 16A 2P T X UN;U003;0372;CBA4CJ;V1;3;HB;6;2;0;0;0;0;C11;ELECTRICIDAD;0;;;ELECTRICIDAD;FICHAS;8-VARIOS;0,12;0;KG;308,701;0;17833;;1;;;;;1;;;SIN PEDIDO;;;;;;;;;;
00372 UTE 372 GEO POSCO II;2;02-MENOR A PUNTO DE PEDIDO;1001682;ZSTO;MAMEL. 1°CAL. DESC. LAMIN.BLANCO 60GR.XL;U003;0372;CBC2CJ;V1;80;HB;150;71;0;0;0;0;C28;SEGURIDAD/ROPA/EPP;0;;FABRICANTE:DUPONT | MODELO:TYVEK 500;SEGURIDAD;INDUMENTARIA;8-VARIOS;0,195;0;KG;2232;0;504477,04;;1;;;;;1;;;SIN PEDIDO;;;;;;;;;;
00372 UTE 372 GEO POSCO II;2;02-MENOR A PUNTO DE PEDIDO;1001727;ZSTO;PROTECTOR AUDITIVO COPA PARA CASCO;U003;0372;CBD1CJ;V1;10;HB;15;3;0;0;0;0;C28;SEGURIDAD/ROPA/EPP;82695,18;LIBUS;L300;SEGURIDAD;ACCESORIO SEGURIDAD;9-FRAGIL;0,244;0;KG;2185;0;82695,19;;1;;;;;1;;;ZPAN;1000085877;ADJUDICADO;4500124360;;;;1/5/2026;1/4/2026;C28;10146751
00372 UTE 372 GEO POSCO II;2;02-MENOR A PUNTO DE PEDIDO;1001812;ZSTO;REFRIGERANTE ANTICONG. X20 LT;U003;0372;;V1;3;HB;5;2;0;0;0;0;L02;FLUIDOS;178050,5;YPF S.A. // YPF S.A.;KRIOX 3 INORGANICO // 185280;LUBRICANTES;ADITIVOS;6-PESADO Y FRAGIL;23,75;0;KG;37246,7;0;178050,5;;1;;;;;1;;;ZPAN;1000086037;ADJUDICADO;4500124327;;;;27/4/2026;6/4/2026;L02;10146940
00372 UTE 372 GEO POSCO II;2;02-MENOR A PUNTO DE PEDIDO;1001821;ZSTO;ACEITE 75W 90  X 20 LT;U003;0372;;V1;2;HB;3;1;0;0;0;0;L01;ACEITES;0;YPF S.A.;75W 90 ;LUBRICANTES;ACEITES;6-PESADO Y FRAGIL;20;0;KG;27727,77;0;511319,01;;1;;;;;1;;;SIN PEDIDO;;;;;;;;;;
00372 UTE 372 GEO POSCO II;2;02-MENOR A PUNTO DE PEDIDO;1001823;ZSTO;ACEITE F50 5W40 X 20 L;U003;0372;;V1;2;HB;3;1;0;0;0;0;L01;ACEITES;229693,42;ELAION // YPF S.A. // ELAION;F50 5W40 // 151792 // FS540;LUBRICANTES;AMAROK-HILUX;6-PESADO Y FRAGIL;18;0;KG;27727,77;0;229693,42;;1;;;;;1;;;ZPAN;1000086037;ADJUDICADO;4500124284;;;;27/4/2026;6/4/2026;L01;10146940
00372 UTE 372 GEO POSCO II;2;02-MENOR A PUNTO DE PEDIDO;1001828;ZSTO;CUBIERTA 12.00 R20 TG85 (TRACCION);U003;0372;;V1;2;HB;4;1;0;0;0;0;C48;CUBIERTAS CAMIONES;652431;PIRELLI NE // GOOD YEAR // MICHELIN A // GOOD YEAR // GOOD YEAR // GOOD YEAR;TG85 // G677OTR // XDY // G-677 MSD // G677 // G677MSD.;CUBIERTAS;CUBIERTAS;5-CUBIERTAS;80;0;KG;275717,12;0;652431;;1;;;;;1;;;ZPAN;1000085877;ADJUDICADO;4500124285;;;;1/5/2026;1/4/2026;C48;10146751
00372 UTE 372 GEO POSCO II;2;02-MENOR A PUNTO DE PEDIDO;1001866;ZSTO;MARCADOR INDUSTRIAL-NEGROXUN;U003;0372;CBB3CJ;V1;25;HB;36;12;0;0;0;0;C17;INSUMOS A;15044,4;UNIPAINT;MÚLT. 10U;LIBRERIA;ESCRITURA;8-VARIOS;0,023;0;KG;10,99;0;36164,4;;1;;;;;1;;;ZPAN;1000085368;ADJUDICADO;4500124137;;;;27/4/2026;24/3/2026;C17;10146138
00372 UTE 372 GEO POSCO II;2;02-MENOR A PUNTO DE PEDIDO;1001871;ZSTO;RESMA DE HOJA A4 70GR. X UN;U003;0372;CBB6;V1;6;HB;14;3;0;0;0;0;C17;INSUMOS A;0;;;LIBRERIA;PAPEL;7-PESADO;2,27;0;KG;3150;0;14008,86;;1;;;;;1;;;ZPAN;1000086037;SIN TRATAMIENTO;;;;;27/4/2026;6/4/2026;;10146940
00372 UTE 372 GEO POSCO II;2;02-MENOR A PUNTO DE PEDIDO;1001881;ZSTO;MARCADOR INDUSTRIAL - ROJO UNIPAINT X UN;U003;0372;CBA4CJ;V1;13;HB;24;7;0;0;0;0;C17;INSUMOS A;17551,8;UNIPAINT;MÚLT. 10U;LIBRERIA;ESCRITURA;8-VARIOS;0,023;0;KG;10,99;0;17551,8;;1;;;;;1;;;ZPAN;1000085368;ADJUDICADO;4500124137;;;;27/4/2026;24/3/2026;C17;10146138
00372 UTE 372 GEO POSCO II;2;02-MENOR A PUNTO DE PEDIDO;1001885;ZSTO;BOLSAS RESIDUOS XUN 102X130 VERDE;U003;0372;;V1;120;HB;250;100;0;0;0;0;C17;INSUMOS A;0;;;LIMPIEZA;LIMPIEZA /SEGURIDAD;8-VARIOS;0,195;0;KG;1534;0;57769;;1;;;;;1;;;SIN PEDIDO;;;;;;;;;;
00372 UTE 372 GEO POSCO II;2;02-MENOR A PUNTO DE PEDIDO;1001888;ZSTO;BOLSAS RESIDUOS XUN 102X130 NEGRA;U003;0372;;V1;100;HB;150;75;0;0;0;0;C17;INSUMOS A;0;;;LIMPIEZA;LIMPIEZA /SEGURIDAD;8-VARIOS;0,195;0;KG;1534;0;43326,75;;1;;;;;1;;;SIN PEDIDO;;;;;;;;;;
00372 UTE 372 GEO POSCO II;2;02-MENOR A PUNTO DE PEDIDO;1001892;ZSTO;BOLSAS RESIDUOS XUN 102X130ROJA100MICXUN;U003;0372;;V1;80;HB;150;50;0;0;0;0;C17;INSUMOS A;0;;;LIMPIEZA;LIMPIEZA /SEGURIDAD;8-VARIOS;0,195;0;KG;1534;0;28884;;1;;;;;1;;;SIN PEDIDO;;;;;;;;;;
00372 UTE 372 GEO POSCO II;2;02-MENOR A PUNTO DE PEDIDO;1001943;ZSTO;ADHESIVO CIANO 20 G XUN;U003;0372;;V1;4;HB;6;1;0;0;0;0;C27;FERRETERIA MR01;0;CIANO;;FERRETERIA;ADHESIVOS;9-FRAGIL;0,03;0;KG;75;0;10119,55;;1;;;;;1;;;ZPAN;1000085877;ADJUDICADO;4500124678;;;;1/5/2026;1/4/2026;C27;10146751
00372 UTE 372 GEO POSCO II;2;02-MENOR A PUNTO DE PEDIDO;1001952;ZSTO;TRAPO LIMPIO (BOLSAX10KG) XUN;U003;0372;;V1;7;HB;12;3;0;0;0;0;C27;FERRETERIA MR01;0;;MÚLT. 10 KG;FERRETERIA;ACCESORIOS;7-PESADO;10;0;KG;71456;0;120600;;1;;;;;1;;;ZPAN;1000085568;ADJUDICADO;4500123839;;;;20/4/2026;27/3/2026;C27;10146419
00372 UTE 372 GEO POSCO II;2;02-MENOR A PUNTO DE PEDIDO;1002050;ZSTO;CAMPERA 2 PIEL T. M;U003;0372;CBC5CJ;V1;6;HB;8;3;0;0;0;0;C28;SEGURIDAD/ROPA/EPP;58121,4;;;SEGURIDAD;INDUMENTARIA;8-VARIOS;0,432;0;KG;4750;0;58121,4;;1;;;;;1;;;SIN PEDIDO;;;;;;;;;;
00372 UTE 372 GEO POSCO II;2;02-MENOR A PUNTO DE PEDIDO;1002051;ZSTO;CAMPERA 2 PIEL T. L;U003;0372;CBC5CJ;V1;8;HB;13;3;0;0;0;0;C28;SEGURIDAD/ROPA/EPP;58121,4;;;SEGURIDAD;INDUMENTARIA;8-VARIOS;0,497;0;KG;7280;0;58121,4;;1;;;;;1;;;SIN PEDIDO;;;;;;;;;;
00372 UTE 372 GEO POSCO II;2;02-MENOR A PUNTO DE PEDIDO;1002052;ZSTO;CAMPERA 2 PIEL T. XL;U003;0372;CBB1CJ;V1;8;HB;13;6;0;0;0;0;C28;SEGURIDAD/ROPA/EPP;77495,2;;;SEGURIDAD;INDUMENTARIA;8-VARIOS;0,508;0;KG;7560;0;120824,8;;1;;;;;1;;;ZPAN;1000085713;RECEPCIONADO PARCIAL;4500124348;11/4/2026;;;30/4/2026;30/3/2026;C28;10146555
00372 UTE 372 GEO POSCO II;2;02-MENOR A PUNTO DE PEDIDO;1002229;ZSTO;TUERCA CUCHILLA CORTE LATERAL;U003;0372;;RE;11;HB;13;10;0;0;0;0;G05;AJUSTE;14677,6;CATERPILLA // CATERPILLA;2J3507 // 8J2933;DESGASTE;938HG,D9T, 324DL, 330,336,988;7-PESADO;0,11;0;KG;25,12;0;14677,6;;1;;;;;1;;;ZPAN;1000085368;EMBALADO;4500124387;11/4/2026;11/4/2026;;27/4/2026;24/3/2026;G05;10146138
00372 UTE 372 GEO POSCO II;2;02-MENOR A PUNTO DE PEDIDO;1002349;ZSTO;TRABA P UNA XUN;U003;0372;;V1;4;HB;12;2;0;0;0;0;G05;AJUSTE;15726;CATERPILLA;2209090;DESGASTE;CAT324DL, 980H;7-PESADO;0,117;0;KG;36;0;15726;;1;;;;;1;;;ZPAN;1000085368;EMBALADO;4500124387;11/4/2026;11/4/2026;;27/4/2026;24/3/2026;G05;10146138
00372 UTE 372 GEO POSCO II;2;02-MENOR A PUNTO DE PEDIDO;1002750;ZSTO;FILTRO COMBUSTIBLE;U003;0372;;V1;2;HB;2;1;0;0;0;0;F06;FILTRO COMBUSTIBLE;36274,62;KOMATSU HO // KOMATSU HO // FLEETGUARD //;6003193610 // 6003113620 // FS1242 // P551864;FILTROS;PC350LC8;7-PESADO;0,68;0;KG;1204,386;0;36274,62;;1;;;;;1;;;ZPAN;1000085728;EMBALADO;4500124015;10/4/2026;10/4/2026;;30/4/2026;30/3/2026;F03;10146571
00372 UTE 372 GEO POSCO II;2;02-MENOR A PUNTO DE PEDIDO;1002776;ZSTO;FILTRO AIRE PRIMARIO XUN;U003;0372;;V1;2;HB;2;1;0;0;0;0;F04;FILTRO AIRE;39362,58;DARMET;V750;FILTROS;ONAN / MULLER;9-FRAGIL;1,4;0;KG;13284;0;39362,58;;1;;;;;1;;;ZPAN;1000085728;ADJUDICADO;4500124239;;;;30/4/2026;30/3/2026;F04;10146571
00372 UTE 372 GEO POSCO II;2;02-MENOR A PUNTO DE PEDIDO;1002838;ZSTO;FILTRO ACEITE;U003;0372;;V1;5;HB;8;2;0;0;0;0;F03;FILTRO ACEITE;29931,36;TOYOTA ARG // TOYOTA ARG;909152000300 // 90915YZZD2;FILTROS;PARA HILUX;8-VARIOS;0,27;0;KG;576;0;29931,35;;1;;;;;1;;;ZPAN;1000085728;EMBALADO;4500124023;7/4/2026;8/4/2026;;30/4/2026;30/3/2026;F06;10146571
00372 UTE 372 GEO POSCO II;2;02-MENOR A PUNTO DE PEDIDO;1002931;ZSTO;FILTRO ACEITE;U003;0372;;V1;2;HB;3;1;0;0;0;0;F03;FILTRO ACEITE;39258,52;VOLVO CONS // VOLVO CONS // FLEETGUARD // VOLVO CONS // VOLVO MAQU;P21707133 // 23658092 // LF667 // VOE478736 // 17533660;FILTROS;VOLVO 330 // VOLVO L260H;7-PESADO;1,215;0;KG;2469,61;0;39258,52;;1;;;;;1;;;ZPAN;1000085368;EMBALADO;4500123733;1/4/2026;1/4/2026;;27/4/2026;24/3/2026;F03;10146138
00372 UTE 372 GEO POSCO II;2;02-MENOR A PUNTO DE PEDIDO;1002997;ZSTO;FILTRO CABINA INTERIOR;U003;0372;;V1;2;HB;3;1;0;0;0;0;F05;FILTRO AIRE CABINA;84458,33;HAULOTTE G // DIECI // HIFI FILTE;2820301610 // 2I094123 // SC 70087;FILTROS;HAULOTTE HTL 4014/4017/4010;9-FRAGIL;0,27;0;KG;1680;0;84458,33;;1;;;;;1;;;ZPAN;1000085728;ADJUDICADO;4500124370;;;;30/4/2026;30/3/2026;F05;10146571
00372 UTE 372 GEO POSCO II;2;02-MENOR A PUNTO DE PEDIDO;1003000;ZSTO;FILTRO HIDRAULICO DE RETORNO;U003;0372;;V1;2;HB;3;1;0;0;0;0;F07;FILTRO FLUIDO HIDR;387800;HAULOTTE G //;2505001940 // 16782 ELEVAMUNDO;FILTROS;HAULOTTE HTL 4014/4017;8-VARIOS;0,66;0;KG;2000;0;387800;;1;;;;;1;;;ZPAN;1000085405;ADJUDICADO;4500123727;;;;24/4/2026;25/3/2026;F07;10146173
00372 UTE 372 GEO POSCO II;2;02-MENOR A PUNTO DE PEDIDO;1003020;ZSTO;FILTRO AIRE MOTOR;U003;0372;;V1;3;HB;5;1;0;0;0;0;F04;FILTRO AIRE;62495,01;JOHN DEERE;AT332908;FILTROS;JD 310K;9-FRAGIL;1,06;0;KG;19844;0;62495,01;;1;;;;;1;;;ZPAN;1000085368;EMBALADO;4500124067;9/4/2026;9/4/2026;;27/4/2026;24/3/2026;F13;10146138
00372 UTE 372 GEO POSCO II;2;02-MENOR A PUNTO DE PEDIDO;1003021;ZSTO;FILTRO AIRE SEGURIDAD;U003;0372;;V1;3;HB;5;1;0;0;0;0;F04;FILTRO AIRE;41577,85;JOHN DEERE;AT332909;FILTROS;JD 310K;9-FRAGIL;0,41;0;KG;10496;0;41577,85;;1;;;;;1;;;ZPAN;1000085368;EMBALADO;4500124067;9/4/2026;9/4/2026;;27/4/2026;24/3/2026;F13;10146138
00372 UTE 372 GEO POSCO II;2;02-MENOR A PUNTO DE PEDIDO;1003026;ZSTO;FILTRO SEPARADOR DE AGUA;U003;0372;;V1;9;HB;16;8;0;0;0;0;F13;FILTRO TRAMPA DE A;205642,74;FLEETGUARD // FLEETGUARD // DONALDSON;FS19652 // FS1280 // P551329;FILTROS;ONAN C66D5;7-PESADO;0,65;0;KG;1256;0;240819,61;;1;;;;;1;;;ZPAN;1000086037;ADJUDICADO;4500124688;;;;27/4/2026;6/4/2026;F03;10146940
00372 UTE 372 GEO POSCO II;2;02-MENOR A PUNTO DE PEDIDO;1003027;ZSTO;ELEMENTO FILTRO DE ACEITE;U003;0372;;V1;4;HB;7;2;0;0;0;0;F03;FILTRO ACEITE;24485,84;FLEETGUARD // // No aplica // BALDWIN //;LF16061 // DBL7349 // P556615 // B7362 // LF3806;FILTROS;ONAN C66D5;8-VARIOS;0,75;0;KG;1800;0;24485,84;;1;;;;;1;;;ZPAN;1000085728;ADJUDICADO;4500124015;;;;30/4/2026;30/3/2026;F03;10146571
00372 UTE 372 GEO POSCO II;2;02-MENOR A PUNTO DE PEDIDO;1003065;ZSTO;FILTRO SECADOR DE AIRE DE FRENOS;U003;0372;;V1;2;HB;3;1;0;0;0;0;F11;FILTRO SECADOR DE;172683,28;MERCEDES B // // //;A0004291797 // AL24 // T250W // A0004295695;FILTROS;MB ATEGO;8-VARIOS;2,45;0;KG;4014,5;0;172683,28;;1;;;;;1;;;ZPAN;1000086037;EMBALADO;4500124304;7/4/2026;7/4/2026;;27/4/2026;6/4/2026;F07;10146940
00372 UTE 372 GEO POSCO II;2;02-MENOR A PUNTO DE PEDIDO;1003067;ZSTO;FILTRO DE AIRE;U003;0372;;V1;4;HB;6;2;0;0;0;0;F04;FILTRO AIRE;203996,28;MERCEDES B;A9585280206;FILTROS;MB ATEGO;8-VARIOS;3,28;0;KG;31207,5;0;203996,27;;1;;;;;1;;;ZPAN;1000085728;EMBALADO;4500124157;7/4/2026;7/4/2026;;30/4/2026;30/3/2026;F06;10146571
00372 UTE 372 GEO POSCO II;2;02-MENOR A PUNTO DE PEDIDO;1003068;ZSTO;FILTRO DE DIRECCION;U003;0372;;V1;2;HB;3;1;0;0;0;0;F07;FILTRO FLUIDO HIDR;4762,72;MERCEDES B;A0004660604;FILTROS;MB ATEGO;8-VARIOS;0,15;0;KG;588;0;4762,72;;1;;;;;1;;;ZPAN;1000086037;EMBALADO;4500124304;7/4/2026;7/4/2026;;27/4/2026;6/4/2026;F07;10146940
00372 UTE 372 GEO POSCO II;2;02-MENOR A PUNTO DE PEDIDO;1003088;ZSTO;FILTRO AIRE;U003;0372;;V1;5;HB;8;2;0;0;0;0;F04;FILTRO AIRE;121774,22;TOYOTA ARG // TOYOTA ARG;178010L04000 // 178010E030;FILTROS;HILUX 2017;9-FRAGIL;0,57;0;KG;5443,75;0;121774,21;;1;;;;;1;;;ZPAN;1000085728;EMBALADO;4500124023;7/4/2026;8/4/2026;;30/4/2026;30/3/2026;F06;10146571
00372 UTE 372 GEO POSCO II;2;02-MENOR A PUNTO DE PEDIDO;1003089;ZSTO;FILTRO DE CABINA;U003;0372;;V1;5;HB;8;1;0;0;0;0;F05;FILTRO AIRE CABINA;26479,72;TOYOTA ARG;871390K080;FILTROS;HILUX 2017;9-FRAGIL;0,08;0;KG;1383,75;0;26479,72;;1;;;;;1;;;ZPAN;1000085728;EMBALADO;4500124023;7/4/2026;8/4/2026;;30/4/2026;30/3/2026;F06;10146571
00372 UTE 372 GEO POSCO II;2;02-MENOR A PUNTO DE PEDIDO;1003138;ZSTO;FILTRO DE COMBUSTIBLE;U003;0372;;V1;2;HB;2;1;0;0;0;0;F06;FILTRO COMBUSTIBLE;149770,75;KOMATSU HO // KOMATSU HO;6003193750 // 6003113750;FILTROS;KOMATSU PC 200-8;7-PESADO;0,81;0;KG;1239,809;0;149770,75;;1;;;;;1;;;ZPAN;1000085728;ADJUDICADO;4500124497;;;;30/4/2026;30/3/2026;F06;10146571
00372 UTE 372 GEO POSCO II;2;02-MENOR A PUNTO DE PEDIDO;1003176;ZSTO;FILTRO A A CABINA INTERIOR;U003;0372;;V1;2;HB;3;1;0;0;0;0;F10;FILTRO HVAC;118121,12;CATERPILLA //;2902288 // 5019255;FILTROS;CAT 950;9-FRAGIL;0,326;0;KG;5754,375;0;118121,12;;1;;;;;1;;;ZPAN;1000086037;ADJUDICADO;4500124490;;;;27/4/2026;6/4/2026;F10;10146940
00372 UTE 372 GEO POSCO II;2;02-MENOR A PUNTO DE PEDIDO;1003213;ZSTO;ELEMENTO FILTRO DE ACEITE;U003;0372;;V1;2;HB;2;1;0;0;0;0;F03;FILTRO ACEITE;12238,53;FLEETGUARD // DONALDSON //;LF9028 // DBL7349 // P558615;FILTROS;ONAN C 150 D5 4;7-PESADO;0,54;0;KG;1144,53;0;12238,53;;1;;;;;1;;;ZPAN;1000086037;ADJUDICADO;4500124688;;;;27/4/2026;6/4/2026;F03;10146940
00372 UTE 372 GEO POSCO II;2;02-MENOR A PUNTO DE PEDIDO;1003219;ZSTO;FILTRO VENTILACION DE CARTER;U003;0372;;V1;2;HB;3;1;0;0;0;0;F04;FILTRO AIRE;43041,24;CATERPILLA;2735711;FILTROS;CAT 815 K;7-PESADO;0,74;0;KG;1980;0;43041,24;;1;;;;;1;;;ZPAN;1000086037;ADJUDICADO;4500124490;;;;27/4/2026;6/4/2026;F10;10146940
00372 UTE 372 GEO POSCO II;2;02-MENOR A PUNTO DE PEDIDO;1003360;ZSTO;FILTRO A A CABINA EXTERIOR;U003;0372;;V1;2;HB;3;1;0;0;0;0;F10;FILTRO HVAC;151519,4;CATERPILLA //;2902287 // 5019254;FILTROS;CAT 950;9-FRAGIL;1,14;0;KG;12300;0;151519,4;;1;;;;;1;;;ZPAN;1000086037;ADJUDICADO;4500124490;;;;27/4/2026;6/4/2026;F10;10146940
00372 UTE 372 GEO POSCO II;2;02-MENOR A PUNTO DE PEDIDO;1003364;ZSTO;FILTRO AIRE SECUNDARIO;U003;0372;;V1;2;HB;2;1;0;0;0;0;F04;FILTRO AIRE;47957,7;FLEETGUARD // KOMATSU HO // DONALDSON // // DARMET;AF26114 // 6001854120 // P533781 // TR9988 // VP-2741;FILTROS;FLEETGUARD;9-FRAGIL;0,769;0;KG;11564,046;0;47957,7;;1;;;;;1;;;ZPAN;1000085728;ADJUDICADO;4500124239;;;;30/4/2026;30/3/2026;F04;10146571
00372 UTE 372 GEO POSCO II;2;02-MENOR A PUNTO DE PEDIDO;1003365;ZSTO;FILTRO AIRE PRIMARIO;U003;0372;;V1;2;HB;2;1;0;0;0;0;F04;FILTRO AIRE;60545,9;FLEETGUARD // KOMATSU HO // DONALDSON //;AF25667 // 6001854110 // P532966 // VP2740;FILTROS;FLEETGUARD;9-FRAGIL;2,68;0;KG;47824;0;60545,9;;1;;;;;1;;;ZPAN;1000085728;ADJUDICADO;4500124239;;;;30/4/2026;30/3/2026;F04;10146571
00372 UTE 372 GEO POSCO II;2;02-MENOR A PUNTO DE PEDIDO;1009471;ZSTO;ANTEOJO ARGON TRANSPARENTE H/C;U003;0372;;V1;40;HB;80;27;0;0;0;0;C28;SEGURIDAD/ROPA/EPP;0;LIBUS;ARGON HC;SEGURIDAD;ACCESORIO SEGURIDAD;9-FRAGIL;0;0;KG;0;0;31725;;1;;;;;1;;;ZPAN;1000085709;ADJUDICADO;4500124351;;;;30/4/2026;30/3/2026;C28;10146552
00372 UTE 372 GEO POSCO II;2;02-MENOR A PUNTO DE PEDIDO;1009481;ZSTO;ANTEOJO ARGON  GRIS H/C;U003;0372;;V1;51;HB;110;31;0;0;0;0;C28;SEGURIDAD/ROPA/EPP;0;LIBUS;ARGON HC;SEGURIDAD;INDUMENTARIA;9-FRAGIL;0;0;KG;0;0;48180;;1;;;;;1;;;ZPAN;1000085709;ADJUDICADO;4500124351;;;;30/4/2026;30/3/2026;C28;10146552
00372 UTE 372 GEO POSCO II;2;02-MENOR A PUNTO DE PEDIDO;1015789;ZSSD;DETERGENTE X 5 LTS;U003;0372;;V1;2;HB;4;1;0;0;0;0;C17;INSUMOS A;0;;;LIMPIEZA;LIMPIEZA /SEGURIDAD;?;0;0;KG;0;0;6610,74;;1;;;;;1;;;SIN PEDIDO;;;;;;;;;;
00372 UTE 372 GEO POSCO II;2;02-MENOR A PUNTO DE PEDIDO;1015810;ZSSD;LIMPIACONTACTO EN AEROSOL X UN;U003;0372;;V1;5;HB;8;2;0;0;0;0;C27;FERRETERIA MR01;0;;;LIMPIEZA;LIMPIEZA /SEGURIDAD;?;0;0;KG;0;0;26069,96;;1;;;;;1;;;ZPAN;1000086037;SIN TRATAMIENTO;;;;;27/4/2026;6/4/2026;;10146940
00372 UTE 372 GEO POSCO II;2;02-MENOR A PUNTO DE PEDIDO;1015844;ZSSD;PILA ALCALINA AA –ENERGIZER X UN;U003;0372;;V1;9;HB;16;8;0;0;0;0;C27;FERRETERIA MR01;0;;;FERRETERIA;INSUMOS;?;0;0;KG;0;0;10624;;1;;;;;1;;;SIN PEDIDO;;;;;;;;;;
00372 UTE 372 GEO POSCO II;2;02-MENOR A PUNTO DE PEDIDO;1015977;ZSCD;RODILLERA SOLDADOR;U003;0372;CBD2CJ;V1;18;HB;30;5;0;0;0;0;C28;SEGURIDAD/ROPA/EPP;0;;;SEGURIDAD;EPP;?;0;0;KG;0;0;47841,6;;1;;;;;1;;;ZPAN;1000086270;SIN TRATAMIENTO;;;;;30/4/2026;9/4/2026;;10147238
00372 UTE 372 GEO POSCO II;2;02-MENOR A PUNTO DE PEDIDO;1016466;ZSCD;JARDINERO/PANTALON TERMICO T.M;U003;0372;;V1;4;HB;6;1;0;0;0;0;C28;SEGURIDAD/ROPA/EPP;0;;;ROPA;INDUMENTARIA;?;0;0;KG;0;0;24000;;1;;;;;1;;;SIN PEDIDO;;;;;;;;;;
00372 UTE 372 GEO POSCO II;2;02-MENOR A PUNTO DE PEDIDO;1016468;ZSCD;JARDINERO/PANTALON TERMICO T.XL;U003;0372;;V1;6;HB;8;5;0;0;0;0;C28;SEGURIDAD/ROPA/EPP;0;;;;;;0;0;KG;0;0;120000;;1;;;;;1;;;ZPAN;1000085715;RECEPCIONADO PARCIAL;4500124360;11/4/2026;;;30/4/2026;30/3/2026;C28;10146559
00372 UTE 372 GEO POSCO II;2;02-MENOR A PUNTO DE PEDIDO;1016919;ZSSD;LUBRICANTE MULTIUSO WD-40 440CC;U003;0372;;V1;9;HB;16;8;0;0;0;0;C27;FERRETERIA MR01;0;;;FERRETERIA;ADHESIVOS/SELLADORES/LUBRICANT;?;0;0;KG;0;0;68934,4;;1;;;;;1;;;SIN PEDIDO;;;;;;;;;;
00372 UTE 372 GEO POSCO II;2;02-MENOR A PUNTO DE PEDIDO;1026186;ZSSD;MANGA ANTICORTE GRADO 5 C/CERTIFICADO;U003;0372;CBD3CJ;V1;12;HB;20;8;0;0;0;0;C28;SEGURIDAD/ROPA/EPP;148654;;;SEGURIDAD;EPP;?;0;0;KG;650;0;148654;;1;;;;;1;;;SIN PEDIDO;;;;;;;;;;
00372 UTE 372 GEO POSCO II;2;02-MENOR A PUNTO DE PEDIDO;1027621;ZSTO;HOJA DE GANCHO REGULAR STANLEY xUN;U003;0372;;V1;100;HB;250;15;0;0;0;0;C17;INSUMOS A;25265,85;;11-961 (MÚLT. 100U) // 11-961A;FERRETERIA;INSUMOS;?;0;0;KG;0;0;25265,85;;1;;;;;1;;;ZPAS;1000086360;SIN TRATAMIENTO;;;;;24/4/2026;10/4/2026;;
00372 UTE 372 GEO POSCO II;2;02-MENOR A PUNTO DE PEDIDO;1033986;ZSCD;DISCO LIJA GRANO 60 DE 4 1/2 - DOBLE A;U003;0372;;V1;43;HB;78;40;0;0;0;0;C27;FERRETERIA MR01;0;;"C&#24;176GRADO36";FERRETERIA;INSUMOS;?;0,05;0;KG;2,543;0;64303,95;;1;;;;;1;;;ZPAN;1000085877;ADJUDICADO;4500124678;;;;1/5/2026;1/4/2026;C27;10146751
00372 UTE 372 GEO POSCO II;2;02-MENOR A PUNTO DE PEDIDO;1042016;ZSCD;CAMPERA ABRIGO ROJA T.S;U003;0372;CBC5CJ;V1;4;HB;6;3;0;0;0;0;C28;SEGURIDAD/ROPA/EPP;167840,58;;;ROPA;INDUMENTARIA;?;0;0;KG;0;0;167840,59;;1;;;;;1;;;SIN PEDIDO;;;;;;;;;;
00372 UTE 372 GEO POSCO II;2;02-MENOR A PUNTO DE PEDIDO;1042019;ZSCD;CAMPERA ABRIGO ROJA T.XL;U003;0372;CBA1CJ;V1;8;HB;10;2;0;0;0;0;C28;SEGURIDAD/ROPA/EPP;0;;;ROPA;INDUMENTARIA;?;0,926;0;KG;12000;0;134348,22;;1;;;;;1;;;SIN PEDIDO;;;;;;;;;;
00372 UTE 372 GEO POSCO II;2;02-MENOR A PUNTO DE PEDIDO;1042020;ZSCD;CAMPERA ABRIGO ROJA T.XXL;U003;0372;CBD3CJ;V1;4;HB;8;1;0;0;0;0;C28;SEGURIDAD/ROPA/EPP;0;;;ROPA;INDUMENTARIA;?;0,926;0;KG;12000;0;65500;;1;;;;;1;;;SIN PEDIDO;;;;;;;;;;
00374 TERMINAL PUNTA COLORADA;2;02-MENOR A PUNTO DE PEDIDO;1000042;ZSTO;BOTIQUIN 1ROS. AUXILIOS N 6;MR01;0374;MJ05;V1;5;HB;10;3;0;0;0;0;C28;SEGURIDAD/ROPA/EPP;58002,36;;;SEGURIDAD;BOTIQUIN;8-VARIOS;0,803;0;KG;3300;21;58002,36;;1;;;;;1;;;SIN PEDIDO;;;;;;;;;;
00374 TERMINAL PUNTA COLORADA;2;02-MENOR A PUNTO DE PEDIDO;1001672;ZSTO;ALAMBRE 4.06MM NEGRO RECOCIDO XKG;MR01;0374;EA01;V1;150;HB;300;81;0;0;0;0;C08;ACERO;242844;;MÚLT. 45/50 KG;ACEROS;ALAMBRES;1-ALAMBRE;1;0;KG;747,477;15;246976,53;;1;;;;;1;;;ZPAN;1000080944;ADJUDICADO;4500124009;;;;13/4/2026;13/1/2026;C08;10140229
00374 TERMINAL PUNTA COLORADA;2;02-MENOR A PUNTO DE PEDIDO;1001673;ZSTO;ALAMBRE 1.42MM NEGRO RECOCIDO P ATAR XKG;MR01;0374;EA01;V1;500;HB;1000;200;0;0;0;0;C08;ACERO;693308;;MÚLT. 45/50 KG;ACEROS;ALAMBRES;1-ALAMBRE;1;0;KG;747,477;20;693308,16;;1;;;;;1;;;ZPAN;1000083268;SIN TRATAMIENTO;;;;;30/4/2026;19/2/2026;;10143324
00374 TERMINAL PUNTA COLORADA;2;02-MENOR A PUNTO DE PEDIDO;1001676;ZSTO;CLAVOS P.PARIS 2 1 2 XKG;MR01;0374;EB01PALLET;V1;200;HB;250;70;0;0;0;0;C08;ACERO;193275,6;;MÚLT. 30 KG;ACEROS;CLAVOS;7-PESADO;1;0;KG;1080;15;193275,67;;1;;;;;1;;;SIN PEDIDO;;;;;;;;;;
00374 TERMINAL PUNTA COLORADA;2;02-MENOR A PUNTO DE PEDIDO;1001679;ZSTO;FICHA T.STECK MACHO 220V 16A 2P T XUN;MR01;0374;MB02;V1;15;HB;30;9;0;0;0;0;C11;ELECTRICIDAD;45614,34;;;ELECTRICIDAD;FICHAS;8-VARIOS;0,09;0;KG;206,651;21;45614,38;;1;;;;;1;;;ZPAS;1000086362;PICKEADO;;;13/4/2026;;30/4/2026;10/4/2026;;
00374 TERMINAL PUNTA COLORADA;2;02-MENOR A PUNTO DE PEDIDO;1001681;ZSTO;FICHA T.STECK MACHO 380V 32A T N XUN;MR01;0374;MB02;V1;6;HB;10;5;0;0;0;0;C11;ELECTRICIDAD;35387,95;;;ELECTRICIDAD;FICHAS;8-VARIOS;0,22;0;KG;423,9;15;35387,93;;1;;;;;1;;;SIN PEDIDO;;;;;;;;;;
00374 TERMINAL PUNTA COLORADA;2;02-MENOR A PUNTO DE PEDIDO;1001683;ZSTO;RESPIRADOR PARA POLVOSTIPON95CAJAX20UN;MR01;0374;MA03;V1;4;HB;8;2;0;0;0;0;C28;SEGURIDAD/ROPA/EPP;11134,76;;;SEGURIDAD;ACCESORIO SEGURIDAD;9-FRAGIL;0,076;0;KG;1270,75;15;11134,76;;1;;;;;1;;;SIN PEDIDO;;;;;;;;;;
00374 TERMINAL PUNTA COLORADA;2;02-MENOR A PUNTO DE PEDIDO;1001684;ZSTO;DELANTALDESCARNE0.60X1.20CONREFUERZO;MR01;0374;MA02;V1;6;HB;12;3;0;0;0;0;C28;SEGURIDAD/ROPA/EPP;66921,48;;;SEGURIDAD;INDUMENTARIA;8-VARIOS;1,079;0;KG;3744;21;66921,48;;1;;;;;1;;;SIN PEDIDO;;;;;;;;;;
00374 TERMINAL PUNTA COLORADA;2;02-MENOR A PUNTO DE PEDIDO;1001686;ZSTO;ANTEOJO GRIS ECOLINEHC;MR01;0374;MA03;V1;700;HB;1000;75;0;0;0;0;C28;SEGURIDAD/ROPA/EPP;87191,25;LIBUS;ECOLINEHC (MÚLT. 10U);SEGURIDAD;ACCESORIO SEGURIDAD;9-FRAGIL;0,024;0;KG;252;21;87191,42;;1;;;;;1;;;ZPAS;1000086362;SIN TRATAMIENTO;;;;;30/4/2026;10/4/2026;;
00374 TERMINAL PUNTA COLORADA;2;02-MENOR A PUNTO DE PEDIDO;1001687;ZSTO;ANTEOJO INCOLORO ECOLINEHC;MR01;0374;MA03;V1;500;HB;800;196;0;0;0;0;C28;SEGURIDAD/ROPA/EPP;235051,04;LIBUS;ECOLINEHC (MÚLT. 10U);SEGURIDAD;ACCESORIO SEGURIDAD;9-FRAGIL;0,023;0;KG;252;21;235051,57;;1;;;;;1;;;SIN PEDIDO;;;;;;;;;;
00374 TERMINAL PUNTA COLORADA;2;02-MENOR A PUNTO DE PEDIDO;1001696;ZSTO;POLAINA DESCARNE;MR01;0374;MA02;V1;6;HB;12;4;0;0;0;0;C28;SEGURIDAD/ROPA/EPP;26650,04;;;SEGURIDAD;INDUMENTARIA;8-VARIOS;0,302;0;KG;2962,5;21;26650,06;;1;;;;;1;;;SIN PEDIDO;;;;;;;;;;
00374 TERMINAL PUNTA COLORADA;2;02-MENOR A PUNTO DE PEDIDO;1001697;ZSTO;GUANTE VAQUETA MEDIO PASEO T.10;MR01;0374;DC02CAJON;V1;700;HB;1000;71;0;0;0;0;C28;SEGURIDAD/ROPA/EPP;156135,39;;MÚLT. 12U;SEGURIDAD;GUANTE;8-VARIOS;0,122;0;KG;650;21;156135,16;;1;;;;;1;;;ZPAS;1000084479;DESPACHADO;;;11/3/2026;13/3/2026;31/3/2026;10/3/2026;;
00374 TERMINAL PUNTA COLORADA;2;02-MENOR A PUNTO DE PEDIDO;1001699;ZSTO;CASCO CARCAZA BLANCO (LIBUS);MR01;0374;CA03;V1;15;HB;30;5;0;0;0;0;C28;SEGURIDAD/ROPA/EPP;16648,15;LIBUS;MILENIUM;SEGURIDAD;ACCESORIO SEGURIDAD;8-VARIOS;0,285;0;KG;8700;21;16648,14;;1;;;;;1;;;ZPAS;1000084901;CUMPLIDO PARCIAL;;;18/3/2026;10/4/2026;8/4/2026;16/3/2026;;
00374 TERMINAL PUNTA COLORADA;2;02-MENOR A PUNTO DE PEDIDO;1001700;ZSTO;CASCO CARCAZA AMARILLO;MR01;0374;CA03;V1;40;HB;70;4;0;0;0;0;C28;SEGURIDAD/ROPA/EPP;12089,04;LIBUS;MILENIUM;SEGURIDAD;ACCESORIO SEGURIDAD;8-VARIOS;0,285;0;KG;9900;21;12089,06;;1;;;;;1;;;ZPAS;1000086362;PICKEADO PARCIAL;;;13/4/2026;;30/4/2026;10/4/2026;;
00374 TERMINAL PUNTA COLORADA;2;02-MENOR A PUNTO DE PEDIDO;1001702;ZSTO;GUANTE SOLDADOR COSTURA KEVLAR;MR01;0374;MB03;V1;4;HB;8;1;0;0;0;0;C28;SEGURIDAD/ROPA/EPP;4804,43;;;SEGURIDAD;GUANTE;8-VARIOS;0,265;0;KG;527;21;4804,43;;1;;;;;1;;;ZPAS;1000086362;PICKEADO;;;13/4/2026;;30/4/2026;10/4/2026;;
00374 TERMINAL PUNTA COLORADA;2;02-MENOR A PUNTO DE PEDIDO;1001707;ZSTO;CHALECOGRAFANARANJACONREFLETIVOT.XLC2;MR01;0374;AD01;V1;30;HB;60;5;0;0;0;0;C28;SEGURIDAD/ROPA/EPP;79291;;MÚLT. 12U;SEGURIDAD;INDUMENTARIA;8-VARIOS;0,302;0;KG;608;30;79291,01;;1;;;;;1;;;ZPAS;1000086362;PICKEADO PARCIAL;;;13/4/2026;;30/4/2026;10/4/2026;;
00374 TERMINAL PUNTA COLORADA;2;02-MENOR A PUNTO DE PEDIDO;1001708;ZSTO;GUANTE POLIAMIDA LAMINADO PALMAPU-TALLE9;MR01;0374;MA03;V1;700;HB;1000;38;0;0;0;0;C28;SEGURIDAD/ROPA/EPP;24303,28;;MÚLT. 12U;SEGURIDAD;GUANTE;8-VARIOS;0,028;0;KG;500;21;24303,34;;1;;;;;1;;;ZPAS;1000086362;SIN TRATAMIENTO;;;;;30/4/2026;10/4/2026;;
00374 TERMINAL PUNTA COLORADA;2;02-MENOR A PUNTO DE PEDIDO;1001709;ZSTO;CINTA PELIGRO 200 MT ROJA BLANCA NYLON;MR01;0374;MI06;V1;15;HB;20;4;0;0;0;0;C28;SEGURIDAD/ROPA/EPP;4227,16;;;SEGURIDAD;SEÑALIZACION;8-VARIOS;0,31;0;KG;807,373;30;4227,18;;1;;;;;1;;;SIN PEDIDO;;;;;;;;;;
00374 TERMINAL PUNTA COLORADA;2;02-MENOR A PUNTO DE PEDIDO;1001717;ZSTO;PROTECTOR FACIAL BURBUJA INCOLORO;MR01;0374;MB04;V1;75;HB;100;7;0;0;0;0;C28;SEGURIDAD/ROPA/EPP;108932,18;LIBUS;901386;SEGURIDAD;ACCESORIO SEGURIDAD;9-FRAGIL;0,176;0;KG;6721;21;108932,21;;1;;;;;1;;;SIN PEDIDO;;;;;;;;;;
00374 TERMINAL PUNTA COLORADA;2;02-MENOR A PUNTO DE PEDIDO;1001720;ZSTO;SEMIMASCARA;MR01;0374;MH04;V1;5;HB;10;2;0;0;0;0;C28;SEGURIDAD/ROPA/EPP;77498,32;3M;6200;SEGURIDAD;ACCESORIO SEGURIDAD;9-FRAGIL;0,131;0;KG;2475;15;77498,31;;1;;;;;1;;;SIN PEDIDO;;;;;;;;;;
00374 TERMINAL PUNTA COLORADA;2;02-MENOR A PUNTO DE PEDIDO;1001726;ZSTO;SUSPENSION CREMALLERA;MR01;0374;CA03;V1;70;HB;150;38;0;0;0;0;C28;SEGURIDAD/ROPA/EPP;136962,64;LIBUS;MILENIUM;SEGURIDAD;ACCESORIO SEGURIDAD;8-VARIOS;0,09;0;KG;8694;21;136962,69;;1;;;;;1;;;SIN PEDIDO;;;;;;;;;;
00374 TERMINAL PUNTA COLORADA;2;02-MENOR A PUNTO DE PEDIDO;1001748;ZSTO;BOTA GOMA P.ACERO N 44;MR01;0374;CC03;V1;6;HB;12;4;0;0;0;0;C28;SEGURIDAD/ROPA/EPP;42807,44;;;SEGURIDAD;CALZADO;8-VARIOS;2,4;0;KG;19488;20;42807,44;;1;;;;;1;;;SIN PEDIDO;;;;;;;;;;
00374 TERMINAL PUNTA COLORADA;2;02-MENOR A PUNTO DE PEDIDO;1001772;ZSTO;BANDERIN ROJO Y BLANCO 500MM X 700MM XUN;MR01;0374;ARMARIO;V1;2;HB;4;1;0;0;0;0;C28;SEGURIDAD/ROPA/EPP;2928,49;;;SEGURIDAD;SEÑALIZACION;8-VARIOS;0,03;0;KG;93,6;21;2928,49;;1;;;;;1;;;SIN PEDIDO;;;;;;;;;;
00374 TERMINAL PUNTA COLORADA;2;02-MENOR A PUNTO DE PEDIDO;1001824;ZSTO;CUBIERTA 295 80 R22.5;MR01;0374;HC01;V1;4;HB;7;3;0;0;0;0;C48;CUBIERTAS CAMIONES;1603842,33;PIRELLI NE // GOOD YEAR // BRIDGESTON // // MICHELIN A // GOOD YEAR // GOOD YEAR // FATE SAICI // PIRELLI NE;TG01/TG02 // G677MSD // M 745 // T831 // XDY+ // ARMOR MAX MSA GEN2 // ARMOR MAX MSD // FATECARGO DO-820 // G02;CUBIERTAS;VW 31320 (3 JUEGOS;5-CUBIERTAS;69;0;KG;250984,125;15;1603842,33;;1;;;;;1;;;ZPAS;1000086362;PICKEADO;;;13/4/2026;;30/4/2026;10/4/2026;;
00374 TERMINAL PUNTA COLORADA;2;02-MENOR A PUNTO DE PEDIDO;1001865;ZSTO;MARCADORINDUSTRIAL-VERDEXUN;MR01;0374;ARMARIO;V1;48;HB;96;46;0;0;0;0;C17;INSUMOS A;124060,16;UNIPAINT;MÚLT. 10U;LIBRERIA;ESCRITURA;8-VARIOS;0,02;0;KG;10,99;15;124060,04;;1;;;;;1;;;SIN PEDIDO;;;;;;;;;;
00374 TERMINAL PUNTA COLORADA;2;02-MENOR A PUNTO DE PEDIDO;1001866;ZSTO;MARCADOR INDUSTRIAL-NEGROXUN;MR01;0374;ARMARIO;V1;120;HB;240;7;0;0;0;0;C17;INSUMOS A;19981,99;UNIPAINT;MÚLT. 10U;LIBRERIA;ESCRITURA;8-VARIOS;0,023;0;KG;10,99;15;19982,03;;1;;;;;1;;;ZPAS;1000086362;PICKEADO PARCIAL;;;13/4/2026;;30/4/2026;10/4/2026;;
00374 TERMINAL PUNTA COLORADA;2;02-MENOR A PUNTO DE PEDIDO;1001867;ZSTO;MARCADOR INDUSTRIAL-BLANCOXUN;MR01;0374;ARMARIO;V1;120;HB;240;9;0;0;0;0;C17;INSUMOS A;25541,19;UNIPAINT;MÚLT. 10U;LIBRERIA;ESCRITURA;8-VARIOS;0,023;0;KG;10,99;15;25541,15;;1;;;;;1;;;ZPAS;1000086362;SIN TRATAMIENTO;;;;;30/4/2026;10/4/2026;;
00374 TERMINAL PUNTA COLORADA;2;02-MENOR A PUNTO DE PEDIDO;1001868;ZSTO;FILMSTRECHMANUALXBOBINAx2,70KG;MR01;0374;MB03;V1;5;HB;10;3;0;0;0;0;C17;INSUMOS A;20162,82;;MEDIDAS 0,50X200METROSX2;LIBRERIA;CINTAS ADHESIVAS;8-VARIOS;2,5;0;KG;4817,545;15;20162,83;;1;;;;;1;;;SIN PEDIDO;;;;;;;;;;
00374 TERMINAL PUNTA COLORADA;2;02-MENOR A PUNTO DE PEDIDO;1001869;ZSTO;MARCADORINDUSTRIAL-AMARILLOXUN;MR01;0374;ARMARIO;V1;120;HB;240;18;0;0;0;0;C17;INSUMOS A;50205,78;UNIPAINT;MÚLT. 10U;LIBRERIA;ESCRITURA;8-VARIOS;0,023;0;KG;10,99;15;50205,74;;1;;;;;1;;;ZPAS;1000086039;DESPACHADO PARCIAL;;;8/4/2026;10/4/2026;24/4/2026;6/4/2026;;
00374 TERMINAL PUNTA COLORADA;2;02-MENOR A PUNTO DE PEDIDO;1001871;ZSTO;RESMA DE HOJA A4 70GR. X UN;MR01;0374;MB02;V1;30;HB;60;7;0;0;0;0;C17;INSUMOS A;28865,69;;;LIBRERIA;PAPEL;7-PESADO;2,27;0;KG;3150;15;28865,67;;1;;;;;1;;;ZPAS;1000080945;DESPACHADO;;;14/1/2026;23/1/2026;2/2/2026;13/1/2026;;
00374 TERMINAL PUNTA COLORADA;2;02-MENOR A PUNTO DE PEDIDO;1001876;ZSTO;CINTA EMBALAR TRANSPARENTE 48MM X 100 MT;MR01;0374;MA02;V1;60;HB;80;32;0;0;0;0;C17;INSUMOS A;33666,24;SCOTCH;;LIBRERIA;CINTAS ADHESIVAS;8-VARIOS;0,197;0;KG;474,925;15;33666,39;;1;;;;;1;;;SIN PEDIDO;;;;;;;;;;
00374 TERMINAL PUNTA COLORADA;2;02-MENOR A PUNTO DE PEDIDO;1001877;ZSTO;CINTA EMBALAR MARRON 48MM X 100 MT;MR01;0374;MA02;V1;15;HB;30;13;0;0;0;0;C17;INSUMOS A;19213,87;;;LIBRERIA;CINTAS ADHESIVAS;8-VARIOS;0,215;0;KG;474,925;15;19213,87;;1;;;;;1;;;SIN PEDIDO;;;;;;;;;;
00374 TERMINAL PUNTA COLORADA;2;02-MENOR A PUNTO DE PEDIDO;1001878;ZSTO;CINTA DE ENMASCARAR 48MM X ROLLO;MR01;0374;MA02;V1;100;HB;200;67;0;0;0;0;C17;INSUMOS A;199625,83;SCOTCH;;LIBRERIA;CINTAS ADHESIVAS;8-VARIOS;0,177;0;KG;474,925;15;199625,83;;1;;;;;1;;;ZPAS;1000085414;CUMPLIDO PARCIAL;;;26/3/2026;30/3/2026;16/4/2026;25/3/2026;;
00374 TERMINAL PUNTA COLORADA;2;02-MENOR A PUNTO DE PEDIDO;1001879;ZSTO;CINTA DE ENMASCARAR 24 MM XROLLO;MR01;0374;MA02;V1;10;HB;20;5;0;0;0;0;C17;INSUMOS A;7927,7;;;LIBRERIA;CINTAS ADHESIVAS;8-VARIOS;0,088;0;KG;237,463;15;7927,7;;1;;;;;1;;;SIN PEDIDO;;;;;;;;;;
00374 TERMINAL PUNTA COLORADA;2;02-MENOR A PUNTO DE PEDIDO;1001880;ZSTO;MARCADOR INDUSTRIAL - AZUL UNIPAINT X UN;MR01;0374;ARMARIO;V1;120;HB;240;46;0;0;0;0;C17;INSUMOS A;130386,54;UNIPAINT;MÚLT. 10U;LIBRERIA;ESCRITURA;8-VARIOS;0,023;0;KG;10,99;15;130386,58;;1;;;;;1;;;ZPAS;1000084901;CUMPLIDO PARCIAL;;;18/3/2026;10/4/2026;8/4/2026;16/3/2026;;
00374 TERMINAL PUNTA COLORADA;2;02-MENOR A PUNTO DE PEDIDO;1001885;ZSTO;BOLSAS RESIDUOS XUN 102X130 VERDE;MR01;0374;MA04;V1;400;HB;800;40;0;0;0;0;C17;INSUMOS A;39327,2;;;LIMPIEZA;LIMPIEZA /SEGURIDAD;8-VARIOS;0,195;0;KG;1534;45;39327,29;;1;;;;;1;;;SIN PEDIDO;;;;;;;;;;
00374 TERMINAL PUNTA COLORADA;2;02-MENOR A PUNTO DE PEDIDO;1001887;ZSTO;BOLSAS RESIDUOS XUN 102X130 AMARILLA;MR01;0374;MA04;V1;500;HB;1000;100;0;0;0;0;C17;INSUMOS A;99174;;;LIMPIEZA;LIMPIEZA /SEGURIDAD;8-VARIOS;0,195;0;KG;1534;45;99173,97;;1;;;;;1;;;SIN PEDIDO;;;;;;;;;;
00374 TERMINAL PUNTA COLORADA;2;02-MENOR A PUNTO DE PEDIDO;1001891;ZSTO;PANOABSORVENTE PARAHIDROCARBUROXPAQ100;MR01;0374;AD01;V1;4;HB;8;3;0;0;0;0;C17;INSUMOS A;287443,44;;;LIMPIEZA;MANTENIMIENTO TALLER;7-PESADO;3,488;0;KG;57792;45;287443,43;;1;;;;;1;;;SIN PEDIDO;;;;;;;;;;
00374 TERMINAL PUNTA COLORADA;2;02-MENOR A PUNTO DE PEDIDO;1001892;ZSTO;BOLSAS RESIDUOS XUN 102X130ROJA100MICXUN;MR01;0374;MA04;V1;300;HB;600;200;0;0;0;0;C17;INSUMOS A;200056;;;LIMPIEZA;LIMPIEZA /SEGURIDAD;8-VARIOS;0,195;0;KG;1534;20;200056,32;;1;;;;;1;;;SIN PEDIDO;;;;;;;;;;
00374 TERMINAL PUNTA COLORADA;2;02-MENOR A PUNTO DE PEDIDO;1001893;ZSTO;BOLSARESIDUPLASTICA60X90NEGRAXROLLOX10UN;MR01;0374;MJ02;V1;60;HB;100;13;0;0;0;0;C17;INSUMOS A;9222,33;;;LIMPIEZA;BOLSAS;8-VARIOS;0,296;0;KG;550;15;9222,38;;1;;;;;1;;;SIN PEDIDO;;;;;;;;;;
00374 TERMINAL PUNTA COLORADA;2;02-MENOR A PUNTO DE PEDIDO;1001894;ZSTO;ALCOHOL EN GEL X LITRO;MR01;0374;AB01;V1;10;HB;20;5;0;0;0;0;C17;INSUMOS A;2050,25;;;LIMPIEZA;ALCOHOL EN GEL;6-PESADO Y FRAGIL;4,65;0;KG;7056;15;2050,24;;1;;;;;1;;;SIN PEDIDO;;;;;;;;;;
00374 TERMINAL PUNTA COLORADA;2;02-MENOR A PUNTO DE PEDIDO;1001896;ZSTO;PULVERIZADOR P ALCOHOL LIQUIDO 500 ML;MR01;0374;MJ04;V1;5;HB;10;4;0;0;0;0;C17;INSUMOS A;3804,96;;;LIMPIEZA;DIFUSOR;9-FRAGIL;0,05;0;KG;826,998;15;3804,97;;1;;;;;1;;;SIN PEDIDO;;;;;;;;;;
00374 TERMINAL PUNTA COLORADA;2;02-MENOR A PUNTO DE PEDIDO;1001927;ZSTO;DISCO CORTE 178X1.6X22 SECUR EXTRA  x UN;MR01;0374;MI05;V1;350;HB;700;158;0;0;0;0;C27;FERRETERIA MR01;494908,14;TYROLIT;178X16X222;FERRETERIA;ABRASIVOS/DISCOS;6-PESADO Y FRAGIL;0,095;0;KG;50,868;15;494908,76;;1;;;;;1;;;SIN PEDIDO;;;;;;;;;;
00374 TERMINAL PUNTA COLORADA;2;02-MENOR A PUNTO DE PEDIDO;1001929;ZSTO;DISCO 178X4,8X22,23TYROLIT OASECUR XUN;MR01;0374;MI05;V1;15;HB;30;14;0;0;0;0;C27;FERRETERIA MR01;52863,3;TYROLIT;178X48X222;FERRETERIA;ABRASIVOS/DISCOS;6-PESADO Y FRAGIL;3,69;0;KG;127,17;15;52863,33;;1;;;;;1;;;SIN PEDIDO;;;;;;;;;;
00374 TERMINAL PUNTA COLORADA;2;02-MENOR A PUNTO DE PEDIDO;1001933;ZSTO;DISCO 114x1,6x222 REFORZADO x UN;MR01;0374;MI05;V1;350;HB;700;125;0;0;0;0;C27;FERRETERIA MR01;242572,5;TYROLIT;114X16X222;FERRETERIA;ABRASIVOS/DISCOS;6-PESADO Y FRAGIL;0,043;0;KG;20,763;15;242572,3;;1;;;;;1;;;ZPAS;1000086362;SIN TRATAMIENTO;;;;;30/4/2026;10/4/2026;;
00374 TERMINAL PUNTA COLORADA;2;02-MENOR A PUNTO DE PEDIDO;1001949;ZSTO;CANDADO 30MM XUN;MR01;0374;MB03;V1;5;HB;10;2;0;0;0;0;C27;FERRETERIA MR01;10764,86;;;FERRETERIA;ACCESORIOS;8-VARIOS;0,103;0;KG;174;15;10764,87;;1;;;;;1;;;SIN PEDIDO;;;;;;;;;;
00374 TERMINAL PUNTA COLORADA;2;02-MENOR A PUNTO DE PEDIDO;1001950;ZSTO;CANDADO 38-40MM XUN;MR01;0374;MB03;V1;7;HB;15;2;0;0;0;0;C27;FERRETERIA MR01;13797,22;;;FERRETERIA;ACCESORIOS;8-VARIOS;0,148;0;KG;465;15;13797,21;;1;;;;;1;;;SIN PEDIDO;;;;;;;;;;
00374 TERMINAL PUNTA COLORADA;2;02-MENOR A PUNTO DE PEDIDO;1001951;ZSTO;CANDADO 50MM XUN;MR01;0374;MB03;V1;7;HB;15;4;0;0;0;0;C27;FERRETERIA MR01;32832,92;;;FERRETERIA;ACCESORIOS;8-VARIOS;0,259;0;KG;100;15;32832,91;;1;;;;;1;;;SIN PEDIDO;;;;;;;;;;
00374 TERMINAL PUNTA COLORADA;2;02-MENOR A PUNTO DE PEDIDO;1001952;ZSTO;TRAPO LIMPIO (BOLSAX10KG) XUN;MR01;0374;EB02;V1;10;HB;15;2;0;0;0;0;C27;FERRETERIA MR01;35828,92;;MÚLT. 10 KG;FERRETERIA;ACCESORIOS;7-PESADO;10;0;KG;71456;30;35828,92;;1;;;;;1;;;SIN PEDIDO;;;;;;;;;;
00374 TERMINAL PUNTA COLORADA;2;02-MENOR A PUNTO DE PEDIDO;1001959;ZSTO;CINTA TEFLON 3/4 X 20MT;MR01;0374;ARMARIO;V1;10;HB;15;1;0;0;0;0;C27;FERRETERIA MR01;1097,43;;;FERRETERIA;INSUMOS;8-VARIOS;0,01;0;KG;70,65;15;1097,43;;1;;;;;1;;;ZPAS;1000084037;CUMPLIDO PARCIAL;;;11/3/2026;13/3/2026;23/3/2026;3/3/2026;;
00374 TERMINAL PUNTA COLORADA;2;02-MENOR A PUNTO DE PEDIDO;1001970;ZSTO;ESMALTE SINT. AEROSOL NEGRO X440CC;MR01;0374;AA01;V1;24;HB;48;10;0;0;0;0;C22;INSUMOS C;38906,5;;KUWAIT-SINTEPLAST;PINTURAS;PINTURA AEROSOL;6-PESADO Y FRAGIL;0,385;0;KG;663,325;15;38906,5;;1;;;;;1;;;SIN PEDIDO;;;;;;;;;;
00374 TERMINAL PUNTA COLORADA;2;02-MENOR A PUNTO DE PEDIDO;1001972;ZSTO;ESMALTE SINT. AEROSOL VERDE X440CC;MR01;0374;AA01;V1;12;HB;24;3;0;0;0;0;C22;INSUMOS C;10821,57;;KUWAIT-SINTEPLAST;PINTURAS;PINTURA AEROSOL;6-PESADO Y FRAGIL;0,39;0;KG;663,325;15;10821,57;;1;;;;;1;;;SIN PEDIDO;;;;;;;;;;
00374 TERMINAL PUNTA COLORADA;2;02-MENOR A PUNTO DE PEDIDO;1001997;ZSTO;ELECTRODO 6013 X 2 MM X KG;MR01;0374;BB01;V1;45;HB;90;9;0;0;0;0;C27;FERRETERIA MR01;68348,79;CONARCO;AWSE6013;SOLDADURA;ELECTRODOS;7-PESADO;1;0;KG;288,487;15;68348,78;;1;;;;;1;;;SIN PEDIDO;;;;;;;;;;
00374 TERMINAL PUNTA COLORADA;2;02-MENOR A PUNTO DE PEDIDO;1002002;ZSTO;CAMISA JEAN T.42 C LOGO;MR01;0374;MG02;V1;20;HB;35;18;0;0;0;0;C28;SEGURIDAD/ROPA/EPP;334728,9;;;ROPA;INDUMENTARIA;8-VARIOS;0,492;0;KG;560;30;334728,89;;1;;;;;1;;;SIN PEDIDO;;;;;;;;;;
00374 TERMINAL PUNTA COLORADA;2;02-MENOR A PUNTO DE PEDIDO;1002004;ZSTO;CAMISA JEAN T.46 C LOGO;MR01;0374;MH02;V1;15;HB;30;9;0;0;0;0;C28;SEGURIDAD/ROPA/EPP;164479,23;;;ROPA;INDUMENTARIA;8-VARIOS;0,49;0;KG;640;30;164479,24;;1;;;;;1;;;SIN PEDIDO;;;;;;;;;;
00374 TERMINAL PUNTA COLORADA;2;02-MENOR A PUNTO DE PEDIDO;1002005;ZSTO;CAMISA JEAN T.48 C LOGO;MR01;0374;MH02;V1;15;HB;30;11;0;0;0;0;C28;SEGURIDAD/ROPA/EPP;204884,57;;;ROPA;INDUMENTARIA;8-VARIOS;0,495;0;KG;2378;30;204884,57;;1;;;;;1;;;ZPAS;1000085214;CUMPLIDO PARCIAL;;;23/3/2026;27/3/2026;14/4/2026;20/3/2026;;
00374 TERMINAL PUNTA COLORADA;2;02-MENOR A PUNTO DE PEDIDO;1002007;ZSTO;CAMISA JEAN T.52 C LOGO;MR01;0374;MI02;V1;5;HB;10;4;0;0;0;0;C28;SEGURIDAD/ROPA/EPP;47490,36;;;ROPA;INDUMENTARIA;8-VARIOS;0,525;0;KG;635,5;30;47490,37;;1;;;;;1;;;SIN PEDIDO;;;;;;;;;;
00374 TERMINAL PUNTA COLORADA;2;02-MENOR A PUNTO DE PEDIDO;1002016;ZSTO;PANTALON JEAN T.48;MR01;0374;MI03;V1;15;HB;25;7;0;0;0;0;C28;SEGURIDAD/ROPA/EPP;118940,43;;;ROPA;INDUMENTARIA;8-VARIOS;0,725;0;KG;2970;15;118940,43;;1;;;;;1;;;SIN PEDIDO;;;;;;;;;;
00374 TERMINAL PUNTA COLORADA;2;02-MENOR A PUNTO DE PEDIDO;1002017;ZSTO;PANTALON JEAN T.50;MR01;0374;MI03;V1;8;HB;16;4;0;0;0;0;C28;SEGURIDAD/ROPA/EPP;71028,52;;;ROPA;INDUMENTARIA;8-VARIOS;0,751;0;KG;4107,5;21;71028,5;;1;;;;;1;;;SIN PEDIDO;;;;;;;;;;
00374 TERMINAL PUNTA COLORADA;2;02-MENOR A PUNTO DE PEDIDO;1002018;ZSTO;PANTALON JEAN T.52;MR01;0374;MI03;V1;5;HB;10;1;0;0;0;0;C28;SEGURIDAD/ROPA/EPP;16681,89;;;ROPA;INDUMENTARIA;8-VARIOS;0,761;0;KG;3850;21;16681,89;;1;;;;;1;;;SIN PEDIDO;;;;;;;;;;
00374 TERMINAL PUNTA COLORADA;2;02-MENOR A PUNTO DE PEDIDO;1002019;ZSTO;PANTALON JEAN T.54;MR01;0374;MI03;V1;5;HB;10;2;0;0;0;0;C28;SEGURIDAD/ROPA/EPP;24463,08;;;ROPA;INDUMENTARIA;8-VARIOS;0,788;0;KG;6264;21;24463,09;;1;;;;;1;;;ZPAS;1000086362;PICKEADO PARCIAL;;;13/4/2026;;30/4/2026;10/4/2026;;
00374 TERMINAL PUNTA COLORADA;2;02-MENOR A PUNTO DE PEDIDO;1002021;ZSTO;PANTALON JEAN T.58;MR01;0374;MI03;V1;2;HB;4;1;0;0;0;0;C28;SEGURIDAD/ROPA/EPP;6810,65;;;ROPA;INDUMENTARIA;8-VARIOS;0,814;0;KG;4292;21;6810,65;;1;;;;;1;;;ZPAS;1000086362;PICKEADO;;;13/4/2026;;30/4/2026;10/4/2026;;
00374 TERMINAL PUNTA COLORADA;2;02-MENOR A PUNTO DE PEDIDO;1002045;ZSTO;CAMISETA PRIMERA PIEL T.L;MR01;0374;MF05;V1;10;HB;20;4;0;0;0;0;C28;SEGURIDAD/ROPA/EPP;55017,76;;;SEGURIDAD;INDUMENTARIA;8-VARIOS;0,158;0;KG;1344;20;55017,78;;1;;;;;1;;;ZPAS;1000086362;PICKEADO PARCIAL;;;13/4/2026;;30/4/2026;10/4/2026;;
00374 TERMINAL PUNTA COLORADA;2;02-MENOR A PUNTO DE PEDIDO;1002046;ZSTO;CAMISETA PRIMERA PIEL T.XL;MR01;0374;MG05;V1;15;HB;30;13;0;0;0;0;C28;SEGURIDAD/ROPA/EPP;156871;;;SEGURIDAD;INDUMENTARIA;8-VARIOS;0,181;0;KG;1056;20;156871,06;;1;;;;;1;;;ZPAS;1000085214;CUMPLIDO PARCIAL;;;23/3/2026;10/4/2026;14/4/2026;20/3/2026;;
00374 TERMINAL PUNTA COLORADA;2;02-MENOR A PUNTO DE PEDIDO;1002047;ZSTO;CAMISETA PRIMERA PIEL T.XXL;MR01;0374;MG05;V1;15;HB;30;14;0;0;0;0;C28;SEGURIDAD/ROPA/EPP;129654,84;;;SEGURIDAD;INDUMENTARIA;8-VARIOS;0,17;0;KG;536,5;20;129654,9;;1;;;;;1;;;ZPAS;1000086362;PICKEADO PARCIAL;;;13/4/2026;;30/4/2026;10/4/2026;;
00374 TERMINAL PUNTA COLORADA;2;02-MENOR A PUNTO DE PEDIDO;1002052;ZSTO;CAMPERA 2 PIEL T. XL;MR01;0374;CC02;V1;15;HB;30;8;0;0;0;0;C28;SEGURIDAD/ROPA/EPP;151055,44;;;SEGURIDAD;INDUMENTARIA;8-VARIOS;0,508;0;KG;7560;30;151055,42;;1;;;;;1;;;ZPAS;1000086271;EMBALADO PARCIAL;;;10/4/2026;;29/4/2026;9/4/2026;;
00374 TERMINAL PUNTA COLORADA;2;02-MENOR A PUNTO DE PEDIDO;1002055;ZSTO;MEDIAS TERMICAS T. UNICO PARA -10 GRADOS;MR01;0374;MI06;V1;25;HB;50;15;0;0;0;0;C28;SEGURIDAD/ROPA/EPP;61602,6;;;ROPA;INDUMENTARIA;8-VARIOS;0,105;0;KG;712,5;15;61602,57;;1;;;;;1;;;ZPAS;1000086362;SIN TRATAMIENTO;;;;;30/4/2026;10/4/2026;;
00374 TERMINAL PUNTA COLORADA;2;02-MENOR A PUNTO DE PEDIDO;1002059;ZSTO;CAMPERA ABRIGO T. XL ROJA CON LOGO;MR01;0374;CA02;V1;15;HB;30;5;0;0;0;0;C28;SEGURIDAD/ROPA/EPP;231994,6;No aplica;CON REFLECTIVO T. XL;ROPA;INDUMENTARIA;8-VARIOS;0,985;0;KG;8960;30;231994,58;;1;;;;;1;;;ZPAS;1000086362;SIN TRATAMIENTO;;;;;30/4/2026;10/4/2026;;
00374 TERMINAL PUNTA COLORADA;2;02-MENOR A PUNTO DE PEDIDO;1002071;ZSTO;CAMPERA DESCARNE T.XXXL;MR01;0374;MA02;V1;3;HB;6;2;0;0;0;0;C28;SEGURIDAD/ROPA/EPP;73005,34;;;SEGURIDAD;INDUMENTARIA;8-VARIOS;0;0;KG;0;21;73005,34;;1;;;;;1;;;SIN PEDIDO;;;;;;;;;;
00374 TERMINAL PUNTA COLORADA;2;02-MENOR A PUNTO DE PEDIDO;1002211;ZSTO;CORREA VENTILADOR;MR01;0374;TABLERO 1;V1;2;HB;5;1;0;0;0;0;C03;EQUIPOS;62210,77;;10PK1448-20712530 // 10PK1448-24635977;CORREAS;PLATAFORMA DE MANTENIMIENTO VE;8-VARIOS;0,282;0;KG;1350;15;62210,76;;1;;;;;1;;;ZPAS;1000086362;SIN TRATAMIENTO;;;;;30/4/2026;10/4/2026;;
00374 TERMINAL PUNTA COLORADA;2;02-MENOR A PUNTO DE PEDIDO;1002378;ZSTO;TRABA BALDE TRAS;MR01;0374;BA02BIS;V1;20;HB;40;17;0;0;0;0;G05;AJUSTE;10524,19;JOHN DEERE;TK3LSER;DESGASTE;310L;7-PESADO;0,005;0;KG;1,766;70;10524,23;;1;;;;;1;;;ZPAS;1000086362;PICKEADO PARCIAL;;;13/4/2026;;30/4/2026;10/4/2026;;
00374 TERMINAL PUNTA COLORADA;2;02-MENOR A PUNTO DE PEDIDO;1002385;ZSTO;UNA;MR01;0374;GC01CAJON3;V1;15;HB;30;14;0;0;0;0;G04;UÑAS;228907,14;HENSLEY // KOMATSU HO // KOMATSU HO //;KH20S // KH20EX // KH20HS // KH20SDX // IKA20LN;DESGASTE;PC130-8 OM;3-DESGASTE;4,87;0;KG;2370,375;20;228907,09;;1;;;;;1;;;ZPAS;1000086362;PICKEADO;;;13/4/2026;;30/4/2026;10/4/2026;;
00374 TERMINAL PUNTA COLORADA;2;02-MENOR A PUNTO DE PEDIDO;1002386;ZSTO;TRABA UNAS;MR01;0374;BB02BIS;V1;15;HB;30;14;0;0;0;0;G05;AJUSTE;216104,84;;KH20P // K20;DESGASTE;PC130-8 OM;7-PESADO;0,35;0;KG;52,5;20;216104,85;;1;;;;;1;;;ZPAS;1000086362;PICKEADO PARCIAL;;;13/4/2026;;30/4/2026;10/4/2026;;
00374 TERMINAL PUNTA COLORADA;2;02-MENOR A PUNTO DE PEDIDO;1002675;ZSTO;FILTRO COMBUSTIBLE;MR01;0374;AB04;V1;2;HB;5;1;0;0;0;0;F06;FILTRO COMBUSTIBLE;32092,68;PERKINS // MANITOU // HAULOTTE G // PERKINS // PERKINS // PARKER // // //;26560201 // 605013 // 2427003070 // 26560201 // 4816636 // REC-154 // SN40645 // TCE1804I // FS20009;FILTROS;MANITOU/HAULOTTE;9-FRAGIL;0,236;0;KG;1336,5;15;32092,68;;1;;;;;1;;;ZPAS;1000086362;PICKEADO PARCIAL;;;13/4/2026;;30/4/2026;10/4/2026;;
00374 TERMINAL PUNTA COLORADA;2;02-MENOR A PUNTO DE PEDIDO;1002838;ZSTO;FILTRO ACEITE;MR01;0374;AD03;V1;18;HB;37;17;0;0;0;0;F03;FILTRO ACEITE;224339,14;TOYOTA ARG // TOYOTA ARG;909152000300 // 90915YZZD2;FILTROS;PARA HILUX;8-VARIOS;0,27;0;KG;576;15;224339,11;;1;;;;;1;;;ZPAS;1000086362;PICKEADO PARCIAL;;;13/4/2026;;30/4/2026;10/4/2026;;
00374 TERMINAL PUNTA COLORADA;2;02-MENOR A PUNTO DE PEDIDO;1003002;ZSTO;FILTRO DE AIRE SECUNDARIO;MR01;0374;AA03;V1;2;HB;5;1;0;0;0;0;F04;FILTRO AIRE;19269,21;HAULOTTE G // DONALDSON;2326001910 // P829333;FILTROS;HAULOTTE HTL 4014/4017/4010;9-FRAGIL;0,38;0;KG;5328;15;19269,21;;1;;;;;1;;;ZPAS;1000086362;PICKEADO;;;13/4/2026;;30/4/2026;10/4/2026;;
00374 TERMINAL PUNTA COLORADA;2;02-MENOR A PUNTO DE PEDIDO;1003087;ZSTO;FILTRO COMBUSTIBLE;MR01;0374;AE02;V1;18;HB;37;17;0;0;0;0;F06;FILTRO COMBUSTIBLE;1367934,41;TOYOTA ARG //;233900L07000 // 233900L100;FILTROS;HILUX 2017;8-VARIOS;0,184;0;KG;1150;15;1367934,38;;1;;;;;1;;;ZPAS;1000086362;PICKEADO PARCIAL;;;13/4/2026;;30/4/2026;10/4/2026;;
00374 TERMINAL PUNTA COLORADA;2;02-MENOR A PUNTO DE PEDIDO;1003088;ZSTO;FILTRO AIRE;MR01;0374;AE02;V1;18;HB;37;17;0;0;0;0;F04;FILTRO AIRE;922458,08;TOYOTA ARG // TOYOTA ARG;178010L04000 // 178010E030;FILTROS;HILUX 2017;9-FRAGIL;0,57;0;KG;5443,75;15;922458,15;;1;;;;;1;;;ZPAS;1000086362;SIN TRATAMIENTO;;;;;30/4/2026;10/4/2026;;
00374 TERMINAL PUNTA COLORADA;2;02-MENOR A PUNTO DE PEDIDO;1003151;ZSTO;UTILIZAR 1022039;MR01;0374;AB02;V1;2;HB;3;1;0;0;0;0;F10;FILTRO HVAC;19006,72;BOMAG GMBH;05990092;FILTROS;BW161 AD-5;9-FRAGIL;0,06;0;KG;2520;30;19006,72;;1;;;;;1;;;SIN PEDIDO;;;;;;;;;;
00374 TERMINAL PUNTA COLORADA;2;02-MENOR A PUNTO DE PEDIDO;1003953;ZSTO;BATERIA 12V 75AMP;MR01;0374;DC01;V1;2;HB;4;1;0;0;0;0;C03;EQUIPOS;140598,83;MOURA;M30LD;REPUESTOS;hilux 2017 en adelante;7-PESADO;16,5;0;KG;9044;15;140598,83;;1;;;;;1;;;SIN PEDIDO;;;;;;;;;;
00374 TERMINAL PUNTA COLORADA;2;02-MENOR A PUNTO DE PEDIDO;1004046;ZSTO;BATERIA 12V 200 AMP;MR01;0374;DC01;V1;4;HB;7;3;0;0;0;0;C29;FILTROS/RESPUESTOS;1242582,15;LEVAS BOSC // VOLVO CONS // LEVAS BOSC // LEVAS BOSC;4180E12VOL180AH1390 // 22813727 // BAT BOSCH S4200E // S5X 220E BOSCH;REPUESTOS;VOLVO FMX HID VOLCADORA;7-PESADO;58,5;0;KG;26574;15;1242582,16;;1;;;;;1;;;ZPAS;1000086362;PICKEADO PARCIAL;;;13/4/2026;;30/4/2026;10/4/2026;;
00374 TERMINAL PUNTA COLORADA;2;02-MENOR A PUNTO DE PEDIDO;1015761;ZSSD;BOLSAS DE RESIDUOS 45X60 x ROLLO;MR01;0374;MJ03;V1;80;HB;150;12;0;0;0;0;C17;INSUMOS A;12991,8;;;LIMPIEZA;LIMPIEZA /SEGURIDAD;?;0;0;KG;0;15;12991,83;;1;;;;;1;;;ZPAN;1000086369;SIN TRATAMIENTO;;;;;30/4/2026;10/4/2026;;10147353
00374 TERMINAL PUNTA COLORADA;2;02-MENOR A PUNTO DE PEDIDO;1015783;ZSSD;CINTA REFLECTIVA ROJA X MTS;MR01;0374;;V1;25;HB;50;23;0;0;0;0;C27;FERRETERIA MR01;134006,74;;;SEGURIDAD;SEÑALIZACION;?;0;0;KG;0;15;134006,74;;1;;;;;1;;;ZPAN;1000086369;SIN TRATAMIENTO;;;;;30/4/2026;10/4/2026;;10147353
00374 TERMINAL PUNTA COLORADA;2;02-MENOR A PUNTO DE PEDIDO;1015785;ZSSD;CORRECTOR EN CINTA;MR01;0374;ARMARIO;V1;5;HB;10;2;0;0;0;0;C17;INSUMOS A;2610,72;;;LIBRERIA;LIBRERIA;?;0;0;KG;0;15;2610,72;;1;;;;;1;;;SIN PEDIDO;;;;;;;;;;
00374 TERMINAL PUNTA COLORADA;2;02-MENOR A PUNTO DE PEDIDO;1015788;ZSSD;DESODORANTE LÍQUIDO PARA PISO X 5 LTS;MR01;0374;AB01;V1;40;HB;80;1;0;0;0;0;C17;INSUMOS A;6751,48;;;LIMPIEZA;LIMPIEZA /SEGURIDAD;?;0;0;KG;0;15;6751,48;;1;;;;;1;;;ZPAN;1000086369;SIN TRATAMIENTO;;;;;30/4/2026;10/4/2026;;10147353
00374 TERMINAL PUNTA COLORADA;2;02-MENOR A PUNTO DE PEDIDO;1015789;ZSSD;DETERGENTE X 5 LTS;MR01;0374;AB01;CL;10;HB;20;8;0;0;0;0;C17;INSUMOS A;57914,4;;;LIMPIEZA;LIMPIEZA /SEGURIDAD;?;0;0;KG;0;15;57914,38;;1;;;;;1;;;SIN PEDIDO;;;;;;;;;;
00374 TERMINAL PUNTA COLORADA;2;02-MENOR A PUNTO DE PEDIDO;1015807;ZSSD;LAVANDINA X 5 LTS;MR01;0374;AB01;CL;25;HB;60;2;0;0;0;0;C17;INSUMOS A;5775,9;;;LIMPIEZA;LIMPIEZA /SEGURIDAD;?;0;0;KG;0;15;5775,9;;1;;;;;1;;;ZPAN;1000086369;SIN TRATAMIENTO;;;;;30/4/2026;10/4/2026;;10147353
00374 TERMINAL PUNTA COLORADA;2;02-MENOR A PUNTO DE PEDIDO;1015813;ZSSD;LÍQUIDO PARA LAMPAZO X 5 LTS;MR01;0374;AB01;V1;12;HB;24;4;0;0;0;0;C17;INSUMOS A;83075,48;;;LIMPIEZA;LIMPIEZA /SEGURIDAD;?;0;0;KG;0;15;83075,5;;1;;;;;1;;;ZPAN;1000086369;SIN TRATAMIENTO;;;;;30/4/2026;10/4/2026;;10147353
00374 TERMINAL PUNTA COLORADA;2;02-MENOR A PUNTO DE PEDIDO;1015853;ZSSD;PRECINTO PLASTICO AL-3 X 175MM;MR01;0374;;V1;5;HB;10;1;0;0;0;0;C27;FERRETERIA MR01;4633,23;;MÚLT. 100U;FERRETERIA;INSUMOS;?;0;0;KG;0;15;4633,23;;1;;;;;1;;;ZPAN;1000086369;SIN TRATAMIENTO;;;;;30/4/2026;10/4/2026;;10147353
00374 TERMINAL PUNTA COLORADA;2;02-MENOR A PUNTO DE PEDIDO;1015854;ZSSD;PRECINTO PLASTICO AL-4 X 200MM;MR01;0374;;V1;5;HB;10;4;0;0;0;0;C27;FERRETERIA MR01;10857,64;;MÚLT. 100U;FERRETERIA;INSUMOS;?;0;0;KG;0;15;10857,64;;1;;;;;1;;;SIN PEDIDO;;;;;;;;;;
00374 TERMINAL PUNTA COLORADA;2;02-MENOR A PUNTO DE PEDIDO;1015858;ZSSD;RAID COMÚN  X UN;MR01;0374;MJ01;CL;24;HB;48;10;0;0;0;0;C17;INSUMOS A;63809,1;;;LIMPIEZA;LIMPIEZA /SEGURIDAD;?;0;0;KG;0;15;63809,1;;1;;;;;1;;;SIN PEDIDO;;;;;;;;;;
00374 TERMINAL PUNTA COLORADA;2;02-MENOR A PUNTO DE PEDIDO;1016480;ZSCD;PROTECTOR SOLAR DE LABIO x UN;MR01;0374;ME02;V1;300;HB;600;214;0;0;0;0;C28;SEGURIDAD/ROPA/EPP;1578376,26;;;SEGURIDAD;INSUMO;?;0;0;KG;2,185;0;1578376,64;;1;;;;;1;;;SIN PEDIDO;;;;;;;;;;
00374 TERMINAL PUNTA COLORADA;2;02-MENOR A PUNTO DE PEDIDO;1016894;ZSTO;MAMEL. 1°CAL. DESC. LAMIN.BLANCO 60GRXXL;MR01;0374;DB03PALLET;V1;400;HB;600;225;0;0;0;0;C28;SEGURIDAD/ROPA/EPP;1838259;;FABRICANTE DUPONT/MODELO TIVEK 500;SEGURIDAD;INDUMENTARIA;8-VARIOS;0,205;0;KG;2418;21;1838258,5;;1;;;;;1;;;ZPAS;1000086362;PICKEADO PARCIAL;;;13/4/2026;;30/4/2026;10/4/2026;;
00374 TERMINAL PUNTA COLORADA;2;02-MENOR A PUNTO DE PEDIDO;1016919;ZSSD;LUBRICANTE MULTIUSO WD-40 440CC;MR01;0374;ARMARIO;V1;50;HB;70;27;0;0;0;0;C27;FERRETERIA MR01;257428,53;;;FERRETERIA;ADHESIVOS/SELLADORES/LUBRICANT;?;0;0;KG;0;0;257428,51;;1;;;;;1;;;SIN PEDIDO;;;;;;;;;;
00374 TERMINAL PUNTA COLORADA;2;02-MENOR A PUNTO DE PEDIDO;1016921;ZSSD;SOGA NAUTICA 8MM;MR01;0374;;V1;200;HB;400;190;0;0;0;0;C27;FERRETERIA MR01;64164,9;;MÚLT. 100 MTS;FERRETERIA;FERRETERIA;?;0;0;KG;0;0;64165,11;;1;;;;;1;;;SIN PEDIDO;;;;;;;;;;
00374 TERMINAL PUNTA COLORADA;2;02-MENOR A PUNTO DE PEDIDO;1016932;ZSSD;RUEDA NEUMATICA P CARRETILLA 70LT;MR01;0374;EB03 CAJON;V1;10;HB;20;2;0;0;0;0;C27;FERRETERIA MR01;48952,86;;;FERRETERIA;INSUMOS;?;0;0;KG;0;0;48952,85;;1;;;;;1;;;ZPAN;1000086369;SIN TRATAMIENTO;;;;;30/4/2026;10/4/2026;;10147353
00374 TERMINAL PUNTA COLORADA;2;02-MENOR A PUNTO DE PEDIDO;1016937;ZSSD;NIVEL DE BURBUJA 30CM;MR01;0374;FB02PALLET;V1;2;HB;4;1;0;0;0;0;C27;FERRETERIA MR01;8800;;;FERRETERIA;HERRAMIENTAS;?;0;0;KG;0;0;8800;;1;;;;;1;;;ZPAN;1000086369;SIN TRATAMIENTO;;;;;30/4/2026;10/4/2026;;10147353
00374 TERMINAL PUNTA COLORADA;2;02-MENOR A PUNTO DE PEDIDO;1016938;ZSSD;SILICONA LIQUIDA BRILLO SILICONADO X5LT;MR01;0374;AB01;CL;10;HB;20;5;0;0;0;0;C17;INSUMOS A;182937,8;;;LIMPIEZA;LIMPIEZA /SEGURIDAD;?;0;0;KG;0;0;182937,78;;1;;;;;1;;;SIN PEDIDO;;;;;;;;;;
00374 TERMINAL PUNTA COLORADA;2;02-MENOR A PUNTO DE PEDIDO;1016940;ZSSD;DESODORANTE EN AEROSOL;MR01;0374;MJ03;CL;96;HB;144;15;0;0;0;0;C17;INSUMOS A;47326,5;;;LIMPIEZA;LIMPIEZA /SEGURIDAD;?;0;0;KG;0;0;47326,57;;1;;;;;1;;;ZPAN;1000086369;SIN TRATAMIENTO;;;;;30/4/2026;10/4/2026;;10147353
00374 TERMINAL PUNTA COLORADA;2;02-MENOR A PUNTO DE PEDIDO;1016942;ZSSD;BIBLIORATO PVC A4 LOMO ANCHO;MR01;0374;ARMARIO;CL;20;HB;50;9;0;0;0;0;C17;INSUMOS A;34318,89;;;LIBRERIA;LIBRERIA;?;0;0;KG;0;0;34318,92;;1;;;;;1;;;ZPAN;1000083302;CUMPLIDO PARCIAL;4500120671;30/3/2026;30/3/2026;30/3/2026;14/4/2026;20/2/2026;374;10143356
00374 TERMINAL PUNTA COLORADA;2;02-MENOR A PUNTO DE PEDIDO;1016957;ZSSD;SEPARADOR A4 PLASTICO C LENGUETAS;MR01;0374;ARMARIO;CL;12;HB;24;3;0;0;0;0;C17;INSUMOS A;2803,44;;MÚLT. 12U;LIBRERIA;PAPEL;?;0;0;KG;0;0;2803,45;;1;;;;;1;;;SIN PEDIDO;;;;;;;;;;
00374 TERMINAL PUNTA COLORADA;2;02-MENOR A PUNTO DE PEDIDO;1016964;ZSSD;RESALTADOR AMARILLO PUNTA CHANFLEADA;MR01;0374;ARMARIO;CL;10;HB;20;6;0;0;0;0;C17;INSUMOS A;1834,26;;MÚLT. 10U;LIBRERIA;ESCRITURA;?;0;0;KG;0;0;1834,28;;1;;;;;1;;;SIN PEDIDO;;;;;;;;;;
00374 TERMINAL PUNTA COLORADA;2;02-MENOR A PUNTO DE PEDIDO;1016965;ZSSD;PORTABLOCK ACRILICO C CLIP SUPERIOR;MR01;0374;ARMARIO;CL;15;HB;25;14;0;0;0;0;C17;INSUMOS A;64725,36;;;LIBRERIA;ACCESORIOS;?;0;0;KG;0;0;64725,38;;1;;;;;1;;;SIN PEDIDO;;;;;;;;;;
00374 TERMINAL PUNTA COLORADA;2;02-MENOR A PUNTO DE PEDIDO;1016995;ZSSD;BROCHES FLEX CON FILO N50 X1000;MR01;0374;ARMARIO;CL;20;HB;40;4;0;0;0;0;C17;INSUMOS A;3776,92;;;LIBRERIA;LIBRERIA;?;0;0;KG;0;0;3776,9;;1;;;;;1;;;SIN PEDIDO;;;;;;;;;;
00374 TERMINAL PUNTA COLORADA;2;02-MENOR A PUNTO DE PEDIDO;1016998;ZSSD;BOLIGRAFO TRAZO GRUESO NEGRO;MR01;0374;ARMARIO;CL;75;HB;100;16;0;0;0;0;C17;INSUMOS A;4145,6;;MÚLT. 50U;LIBRERIA;ESCRITURA;?;0;0;KG;0;0;4145,67;;1;;;;;1;;;ZPAN;1000086369;ADJUDICADO;4500124763;;;;30/4/2026;10/4/2026;374;10147353
00374 TERMINAL PUNTA COLORADA;2;02-MENOR A PUNTO DE PEDIDO;1017003;ZSSD;BATERIA 9V;MR01;0374;ARMARIO;CL;4;HB;6;2;0;0;0;0;C27;FERRETERIA MR01;13231,4;;;FERRETERIA;BATERIAS;?;0;0;KG;0;0;13231,39;;1;;;;;1;;;SIN PEDIDO;;;;;;;;;;
00374 TERMINAL PUNTA COLORADA;2;02-MENOR A PUNTO DE PEDIDO;1017005;ZSSD;CADENA PLASTICA ROJA Y BLANCA X ML;MR01;0374;EA02PALLET;V1;500;HB;1000;200;0;0;0;0;C28;SEGURIDAD/ROPA/EPP;277804;;MÚLT. 50/100 MTS;SEGURIDAD;SEGURIDAD;?;0;0;KG;0;0;277803,87;;1;;;;;1;;;SIN PEDIDO;;;;;;;;;;
00374 TERMINAL PUNTA COLORADA;2;02-MENOR A PUNTO DE PEDIDO;1017006;ZSSD;APRIETAPAPEL 32MM;MR01;0374;ARMARIO;CL;20;HB;40;18;0;0;0;0;C17;INSUMOS A;2719,98;;MÚLT. 12U;LIBRERIA;ACCESORIOS;?;0;0;KG;0;0;2719,98;;1;;;;;1;;;SIN PEDIDO;;;;;;;;;;
00374 TERMINAL PUNTA COLORADA;2;02-MENOR A PUNTO DE PEDIDO;1017007;ZSSD;APRIETAPAPEL 51MM;MR01;0374;ARMARIO;CL;20;HB;40;18;0;0;0;0;C17;INSUMOS A;5098,14;;MÚLT. 12U;LIBRERIA;ACCESORIOS;?;0;0;KG;0;0;5098,13;;1;;;;;1;;;SIN PEDIDO;;;;;;;;;;
00374 TERMINAL PUNTA COLORADA;2;02-MENOR A PUNTO DE PEDIDO;1017013;ZSSD;CORRECTOR LAPIZ 7MM;MR01;0374;ARMARIO;CL;12;HB;24;8;0;0;0;0;C17;INSUMOS A;3085,12;;;LIBRERIA;ACCESORIOS;?;0;0;KG;0;0;3085,09;;1;;;;;1;;;SIN PEDIDO;;;;;;;;;;
00374 TERMINAL PUNTA COLORADA;2;02-MENOR A PUNTO DE PEDIDO;1017018;ZSSD;MINAS 0.5MM 2B X12;MR01;0374;ARMARIO;CL;5;HB;10;1;0;0;0;0;C17;INSUMOS A;251,06;;;LIBRERIA;INSUMOS;?;0;0;KG;0;0;251,06;;1;;;;;1;;;ZPAN;1000086369;ADJUDICADO;4500124763;;;;30/4/2026;10/4/2026;374;10147353
00374 TERMINAL PUNTA COLORADA;2;02-MENOR A PUNTO DE PEDIDO;1017019;ZSSD;ABROCHADORA PINZA N10;MR01;0374;ARMARIO;CL;2;HB;4;1;0;0;0;0;C17;INSUMOS A;6910,27;;;LIBRERIA;ACCESORIOS;?;0;0;KG;0;0;6910,27;;1;;;;;1;;;SIN PEDIDO;;;;;;;;;;
00374 TERMINAL PUNTA COLORADA;2;02-MENOR A PUNTO DE PEDIDO;1017043;ZSSD;CABO MADERA PARA BARREDOR;MR01;0374;;CL;10;HB;15;4;0;0;0;0;C17;INSUMOS A;11546,64;;;LIMPIEZA;LIMPIEZA /SEGURIDAD;?;0;0;KG;0;0;11546,63;;1;;;;;1;;;SIN PEDIDO;;;;;;;;;;
00374 TERMINAL PUNTA COLORADA;2;02-MENOR A PUNTO DE PEDIDO;1017046;ZSSD;CEPILLO VIOLIN P LAVAR COCHES;MR01;0374;MJ03;CL;10;HB;20;2;0;0;0;0;C17;INSUMOS A;6032,42;;;LIMPIEZA;?;?;0;0;KG;0;0;6032,41;;1;;;;;1;;;SIN PEDIDO;;;;;;;;;;
00374 TERMINAL PUNTA COLORADA;2;02-MENOR A PUNTO DE PEDIDO;1017047;ZSSD;TRAPO REJILLA;MR01;0374;MJ03;CL;60;HB;80;13;0;0;0;0;C17;INSUMOS A;12851,02;;;LIMPIEZA;LIMPIEZA /SEGURIDAD;?;0;0;KG;0;0;12851,08;;1;;;;;1;;;SIN PEDIDO;;;;;;;;;;
00374 TERMINAL PUNTA COLORADA;2;02-MENOR A PUNTO DE PEDIDO;1017048;ZSSD;FRANELA;MR01;0374;MJ03;CL;60;HB;80;37;0;0;0;0;C17;INSUMOS A;60890,9;;;LIMPIEZA;LIMPIEZA /SEGURIDAD;?;0;0;KG;0;0;60890,71;;1;;;;;1;;;SIN PEDIDO;;;;;;;;;;
00374 TERMINAL PUNTA COLORADA;2;02-MENOR A PUNTO DE PEDIDO;1017050;ZSSD;BOBINA PAPEL 25CM 400MT;MR01;0374;FC02PALLET;CL;15;HB;40;13;0;0;0;0;C17;INSUMOS A;219317,93;;;LIMPIEZA;LIMPIEZA /SEGURIDAD;?;0;0;KG;0;0;219317,99;;1;;;;;1;;;SIN PEDIDO;;;;;;;;;;
00374 TERMINAL PUNTA COLORADA;2;02-MENOR A PUNTO DE PEDIDO;1017213;ZSSD;DISCO COPA DESBASTE HORMIGON AMOLAD 7PG;MR01;0374;;V1;20;HB;50;18;0;0;0;0;C27;FERRETERIA MR01;716461,2;;;DESGASTE;INSUMOS;?;0;0;KG;0;0;716461,2;;1;;;;;1;;;SIN PEDIDO;;;;;;;;;;
00374 TERMINAL PUNTA COLORADA;2;02-MENOR A PUNTO DE PEDIDO;1017214;ZSSD;DISCO DIAMANTADO P AMOLADORA 7PG;MR01;0374;;V1;25;HB;50;10;0;0;0;0;C27;FERRETERIA MR01;92692,9;;;FERRETERIA;ABRASIVOS/DISCOS;?;0;0;KG;0;0;92692,87;;1;;;;;1;;;SIN PEDIDO;;;;;;;;;;
00374 TERMINAL PUNTA COLORADA;2;02-MENOR A PUNTO DE PEDIDO;1022224;ZSTO;"ESCOBILLA HILUX 22"" L/2016+";MR01;0374;TABLERO 3;V1;2;HB;4;1;0;0;0;0;C03;EQUIPOS;34142,55;TOYOTA ARG;85222-71010;REPUESTOS;AUTOMOTOR;?;0;0;KG;0;0;34142,55;;1;;;;;1;;;ZPAS;1000086362;SIN TRATAMIENTO;;;;;30/4/2026;10/4/2026;;
00374 TERMINAL PUNTA COLORADA;2;02-MENOR A PUNTO DE PEDIDO;1025947;ZSSD;ESCOBA DE PLASTICO;MR01;0374;MJ03;CL;10;HB;15;5;0;0;0;0;C17;INSUMOS A;11544,55;;;LIMPIEZA;LIMPIEZA /SEGURIDAD;?;0;0;KG;0;15;11544,57;;1;;;;;1;;;ZPAN;1000086369;SIN TRATAMIENTO;;;;;30/4/2026;10/4/2026;;10147353
00374 TERMINAL PUNTA COLORADA;2;02-MENOR A PUNTO DE PEDIDO;1026272;ZSCD;DELANTAL KEVLAR C TRIPLE PROT ABDOMINAL;MR01;0374;MB05;V1;10;HB;20;5;0;0;0;0;C28;SEGURIDAD/ROPA/EPP;438770;;;INDUMENTARIA;INSUMOS;?;0;0;KG;0;0;438770,02;;1;;;;;1;;;SIN PEDIDO;;;;;;;;;;
00374 TERMINAL PUNTA COLORADA;2;02-MENOR A PUNTO DE PEDIDO;1026342;ZSTO;FILTRO BOMBA DE COMBUSTIBLE;MR01;0374;BB02;V1;3;HB;6;2;0;0;0;0;F06;FILTRO COMBUSTIBLE;272800,84;TOYOTA ARG;23390-0E011;FILTROS;?;?;0;0;KG;2541;20;272800,84;;1;;;;;1;;;ZPAS;1000086362;SIN TRATAMIENTO;;;;;30/4/2026;10/4/2026;;
00374 TERMINAL PUNTA COLORADA;2;02-MENOR A PUNTO DE PEDIDO;1027834;ZSSD;MAMELUCO DE CLAMINADOL 60GRBLANCO XXXL;MR01;0374;AE01;V1;400;HB;600;99;0;0;0;0;C28;SEGURIDAD/ROPA/EPP;561389,4;;;SEGURIDAD;INDUMENTARIA;?;0;0;KG;0;15;561389,88;;1;;;;;1;;;SIN PEDIDO;;;;;;;;;;
00374 TERMINAL PUNTA COLORADA;2;02-MENOR A PUNTO DE PEDIDO;1036100;ZSTO;CONO FLEX. C/REFLECT. Y BASE CAUCHO 70CM;MR01;0374;EA02 PALLE;V1;50;HB;75;5;0;0;0;0;C28;SEGURIDAD/ROPA/EPP;63937,35;;NARANJA DE PVC FLEXIBLE CON MEMORIA-70CM;SEGURIDAD;SEÑALIZACION;?;1;0;KG;88078,5;15;63937,33;;1;;;;;1;;;ZPAS;1000086362;SIN TRATAMIENTO;;;;;30/4/2026;10/4/2026;;
00374 TERMINAL PUNTA COLORADA;2;02-MENOR A PUNTO DE PEDIDO;1042512;ZSCD;BOTIN CONW 53 BAF MARRON P.ACER N37;MR01;0374;EA02PALLET;CL;3;HB;6;2;0;0;0;0;C28;SEGURIDAD/ROPA/EPP;82312,44;;;SEGURIDAD;CALZADO;?;0;0;KG;0;15;82312,43;;1;;;;;1;;;SIN PEDIDO;;;;;;;;;;
00374 TERMINAL PUNTA COLORADA;2;02-MENOR A PUNTO DE PEDIDO;1042516;ZSCD;BOTIN CONW 53 BAF MARRON P.ACER N42;MR01;0374;EC02PALLET;CL;20;HB;40;7;0;0;0;0;C28;SEGURIDAD/ROPA/EPP;283347,89;;;SEGURIDAD;CALZADO;?;0;0;KG;0;15;283347,92;;1;;;;;1;;;ZPAN;1000086272;SIN TRATAMIENTO;;;;;29/4/2026;9/4/2026;;10147239
00374 TERMINAL PUNTA COLORADA;2;02-MENOR A PUNTO DE PEDIDO;1042517;ZSCD;BOTIN CONW 53 BAF MARRON P.ACER N43;MR01;0374;EC02PALLET;CL;20;HB;40;6;0;0;0;0;C28;SEGURIDAD/ROPA/EPP;239903,28;;;SEGURIDAD;CALZADO;?;0;0;KG;0;15;239903,25;;1;;;;;1;;;ZPAN;1000086043;ADJUDICADO;4500124222;;;;24/4/2026;6/4/2026;374;10146945
00374 TERMINAL PUNTA COLORADA;2;02-MENOR A PUNTO DE PEDIDO;1042519;ZSCD;BOTIN CONW 53 BAF MARRON P.ACER N45;MR01;0374;EC02PALLET;CL;4;HB;8;1;0;0;0;0;C28;SEGURIDAD/ROPA/EPP;47952,24;;;SEGURIDAD;CALZADO;?;0;0;KG;0;15;47952,24;;1;;;;;1;;;ZPAN;1000086369;SIN TRATAMIENTO;;;;;30/4/2026;10/4/2026;;10147353
00374 TERMINAL PUNTA COLORADA;2;02-MENOR A PUNTO DE PEDIDO;1042520;ZSCD;BOTIN CONW 53 BAF MARRON P.ACER N46;MR01;0374;EC02PALLET;CL;2;HB;4;1;0;0;0;0;C28;SEGURIDAD/ROPA/EPP;45127,75;;;SEGURIDAD;CALZADO;?;0;0;KG;0;15;45127,75;;1;;;;;1;;;SIN PEDIDO;;;;;;;;;;
00374 TERMINAL PUNTA COLORADA;2;02-MENOR A PUNTO DE PEDIDO;1042677;ZSCD;MAMELUCO GRAFA AZUL C/LOGO Y REFL. T.3XL;MR01;0374;MG04;CL;5;HB;10;1;0;0;0;0;C28;SEGURIDAD/ROPA/EPP;43523,64;;;INDUMENTARIA;EPP;?;0;0;KG;0;15;43523,64;;1;;;;;1;;;ZPAN;1000086369;ADJUDICADO;4500124741;;;;30/4/2026;10/4/2026;374;10147353
00374 TERMINAL PUNTA COLORADA;2;02-MENOR A PUNTO DE PEDIDO;1042798;ZSCD;GUANTE LÁTEX NEGRO INDUSTRIAL T10;MR01;0374;;V1;200;HB;400;1;0;0;0;0;C28;SEGURIDAD/ROPA/EPP;1694,57;;;INDUMENTARIA;EPP;?;0;0;KG;0;0;1694,57;;1;;;;;1;;;ZPAN;1000086369;SIN TRATAMIENTO;;;;;30/4/2026;10/4/2026;;10147353
00374 TERMINAL PUNTA COLORADA;2;02-MENOR A PUNTO DE PEDIDO;1042816;ZSSD;VIRUTA DE ACERO MEDIANA X 250GR.;MR01;0374;FB03PALLET;V1;5;HB;20;1;0;0;0;0;C27;FERRETERIA MR01;3919,1;;;FERRETERIA;ABRASIVOS/DISCOS;?;0;0;KG;0;15;3919,1;;1;;;;;1;;;SIN PEDIDO;;;;;;;;;;
00374 TERMINAL PUNTA COLORADA;2;02-MENOR A PUNTO DE PEDIDO;1043077;ZSCD;CAPUCHON PARA HIERRO P. 8/25 MM.;MR01;0374;FC05CAJON;V1;500;HB;2000;400;0;0;0;0;C27;FERRETERIA MR01;306252;;;FERRETERIA;INSUMOS;?;0;0;KG;0;0;306253,48;;1;;;;;1;;;SIN PEDIDO;;;;;;;;;;
00374 TERMINAL PUNTA COLORADA;2;02-MENOR A PUNTO DE PEDIDO;1046936;ZSCD;GUANTE LATEX NEGRO INDUSTRIAL T8 XPAR;MR01;0374;;V1;5;HB;10;4;0;0;0;0;C28;SEGURIDAD/ROPA/EPP;6855,64;;;INDUMENTARIA;EPP;?;0;0;KG;0;0;6855,65;;1;;;;;1;;;SIN PEDIDO;;;;;;;;;;
00374 TERMINAL PUNTA COLORADA;2;02-MENOR A PUNTO DE PEDIDO;1047505;ZSCD;"DISCO WIDIA DIAMANTADO P/AMOLADORA 9""";MR01;0374;;V1;25;HB;50;15;0;0;0;0;C27;FERRETERIA MR01;225684,15;;;REPUESTOS;HERRAMIENTAS ELECTRICAS;?;0;0;KG;0;15;225684,15;;1;;;;;1;;;SIN PEDIDO;;;;;;;;;;
00374 TERMINAL PUNTA COLORADA;2;02-MENOR A PUNTO DE PEDIDO;1047510;ZSCD;"CEPILLO DE ACERO RIZADO P/AMOLADORA 7""";MR01;0374;FB03PALLET;V1;20;HB;40;9;0;0;0;0;C27;FERRETERIA MR01;145880,19;;;REPUESTOS;HERRAMIENTAS ELECTRICAS;?;0;0;KG;0;15;145880,19;;1;;;;;1;;;SIN PEDIDO;;;;;;;;;;
00374 TERMINAL PUNTA COLORADA;2;02-MENOR A PUNTO DE PEDIDO;1047511;ZSCD;"CEPILLO DE ACERO RIZADO P/AMOLADORA 9""";MR01;0374;FC03PALLET;V1;10;HB;20;3;0;0;0;0;C27;FERRETERIA MR01;64776;;;REPUESTOS;HERRAMIENTAS ELECTRICAS;?;0;0;KG;0;15;64776;;1;;;;;1;;;SIN PEDIDO;;;;;;;;;;
00374 TERMINAL PUNTA COLORADA;2;02-MENOR A PUNTO DE PEDIDO;1047512;ZSCD;"CEPILLO DE ACERO TRENZADO P/AMOLADORA 4""";MR01;0374;FB03PALLET;V1;5;HB;10;3;0;0;0;0;C27;FERRETERIA MR01;20844,96;;;REPUESTOS;HERRAMIENTAS ELECTRICAS;?;0;0;KG;0;15;20844,97;;1;;;;;1;;;SIN PEDIDO;;;;;;;;;;
00374 TERMINAL PUNTA COLORADA;2;02-MENOR A PUNTO DE PEDIDO;1047518;ZSCD;PUNTA P/ATORNILLADOR PHILLIPS 10;MR01;0374;;V1;4;HB;8;2;0;0;0;0;C27;FERRETERIA MR01;1818,18;;;FERRETERIA;HERRAMIENTAS ELECTRICAS;?;0;0;KG;0;0;1818,18;;1;;;;;1;;;SIN PEDIDO;;;;;;;;;;
00374 TERMINAL PUNTA COLORADA;2;02-MENOR A PUNTO DE PEDIDO;1048843;ZSCD;CARTUCHO TONER RICOH IM460F;MR01;0374;OFICINA;V1;2;HB;3;1;0;0;0;0;C05;INFORMÁT.-HARDWARE;89202,5;;133;;;;0;0;KG;0;15;89202,5;;1;;;;;1;;;ZPAN;1000086369;SIN TRATAMIENTO;;;;;30/4/2026;10/4/2026;;10147353
00374 TERMINAL PUNTA COLORADA;2;02-MENOR A PUNTO DE PEDIDO;1049670;ZSTO;DIENTE CORTE IZQUIERDO;MR01;0374;BB01BIS;V1;34;HB;68;31;0;0;0;0;C03;EQUIPOS;319322,94;;KV17002 / BOBCAT 06634415;?;?;?;0;0;KG;0;0;319323,09;;1;;;;;1;;;ZPAN;1000081472;CUMPLIDO PARCIAL;4500118169;30/1/2026;30/1/2026;4/2/2026;4/2/2026;21/1/2026;C03;10141016
00374 TERMINAL PUNTA COLORADA;2;02-MENOR A PUNTO DE PEDIDO;1049671;ZSTO;DIENTE CORTE DERECHO;MR01;0374;BB01BIS;V1;34;HB;68;30;0;0;0;0;C03;EQUIPOS;340051,5;;KV17003 / BOBCAT 06634414;?;?;?;0,5;0;KG;9900;0;340051,43;;1;;;;;1;;;ZPAN;1000081472;CUMPLIDO PARCIAL;4500118169;30/1/2026;30/1/2026;4/2/2026;4/2/2026;21/1/2026;C03;10141016
00374 TERMINAL PUNTA COLORADA;2;02-MENOR A PUNTO DE PEDIDO;1054337;ZSCD;HOJA CALADORA;MR01;0374;;V1;10;HB;20;5;0;0;0;0;C27;FERRETERIA MR01;7000;LEVAS BOSC;T144DP;;;;0;0;KG;0;15;7000;;1;;;;;1;;;ZPAN;1000086369;SIN TRATAMIENTO;;;;;30/4/2026;10/4/2026;;10147353
00375 YPF OLEODUCTO PR-LP;2;02-MENOR A PUNTO DE PEDIDO;1001701;ZSTO;GUANTE NITRILO AZUL PUÑO ELASTIZADO;MR01;0375;P1-B3;V1;15;HB;30;11;0;0;0;0;C28;SEGURIDAD/ROPA/EPP;41422,48;;;SEGURIDAD;GUANTE;8-VARIOS;0,113;0;KG;156,25;21;41422,48;;1;;;;;1;;;SIN PEDIDO;;;;;;;;;;
00375 YPF OLEODUCTO PR-LP;2;02-MENOR A PUNTO DE PEDIDO;1001885;ZSTO;BOLSAS RESIDUOS XUN 102X130 VERDE;MR01;0375;P1-A5;V1;80;HB;134;40;0;0;0;0;C17;INSUMOS A;39327,2;;;LIMPIEZA;LIMPIEZA /SEGURIDAD;8-VARIOS;0,195;0;KG;1534;45;39327,29;;1;;;;;1;;;SIN PEDIDO;;;;;;;;;;
00375 YPF OLEODUCTO PR-LP;2;02-MENOR A PUNTO DE PEDIDO;1002747;ZSTO;FILTRO AIRE PRIMARIO XUN;MR01;0375;CA-D1;V1;2;HB;4;1;0;0;0;0;F04;FILTRO AIRE;84378,41;KOMATSU HO // // DONALDSON;6001856110 // AF25627 // P608885;FILTROS;KMS155AX6,PC350LC8,375D,WA600;9-FRAGIL;3,87;0;KG;60984;15;84378,41;;1;;;;;1;;;SIN PEDIDO;;;;;;;;;;
00375 YPF OLEODUCTO PR-LP;2;02-MENOR A PUNTO DE PEDIDO;1002748;ZSTO;FILTRO AIRE SECUNDARIO XUN;MR01;0375;CA-C1;V1;2;HB;4;1;0;0;0;0;F04;FILTRO AIRE;13621,95;DONALDSON // KOMATSU HO // // DARMET;P777869 // 6001856120 // AF25468 // VP-2776;FILTROS;KMS 155AX6, PC350LC8, WA600;9-FRAGIL;1,45;0;KG;19855;15;13621,95;;1;;;;;1;;;SIN PEDIDO;;;;;;;;;;
00375 YPF OLEODUCTO PR-LP;2;02-MENOR A PUNTO DE PEDIDO;1002838;ZSTO;FILTRO ACEITE;MR01;0375;CA-C3;V1;3;HB;8;1;0;0;0;0;F03;FILTRO ACEITE;13196,42;TOYOTA ARG // TOYOTA ARG;909152000300 // 90915YZZD2;FILTROS;PARA HILUX;8-VARIOS;0,27;0;KG;576;15;13196,42;;1;;;;;1;;;ZPAS;1000086407;SIN TRATAMIENTO;;;;;30/4/2026;10/4/2026;;
00375 YPF OLEODUCTO PR-LP;2;02-MENOR A PUNTO DE PEDIDO;1003082;ZSTO;FILTRO AIRE MB SPRINTER;MR01;0375;CA-C2;V1;2;HB;4;1;0;0;0;0;F04;FILTRO AIRE;24478,61;MERCEDES B // MERCEDES B // MANN;a0000903751 // A0000903751 // C4312/1;FILTROS;MB SPRINTER;9-FRAGIL;0,73;0;KG;6048;15;24478,61;;1;;;;;1;;;ZPAS;1000086122;CUMPLIDO PARCIAL;;;8/4/2026;10/4/2026;27/4/2026;7/4/2026;;
00375 YPF OLEODUCTO PR-LP;2;02-MENOR A PUNTO DE PEDIDO;1003083;ZSTO;FILTRO DE COMBUSTIBLE;MR01;0375;CA-C2;V1;2;HB;4;1;0;0;0;0;F06;FILTRO COMBUSTIBLE;84006,71;MERCEDES B // MERCEDES B // MERCEDES B // MANN // MERCEDES B //;A6510903052 // A0000903052 // A6510902952 // WK82018 // AG6510903600 // KL912;FILTROS;MB SPRINTER;8-VARIOS;0,5;0;KG;1300;15;84006,71;;1;;;;;1;;;SIN PEDIDO;;;;;;;;;;
00375 YPF OLEODUCTO PR-LP;2;02-MENOR A PUNTO DE PEDIDO;1003084;ZSTO;FILTRO HABITACULO MB SPRINTER;MR01;0375;CA-C2;V1;2;HB;4;1;0;0;0;0;F05;FILTRO AIRE CABINA;29559,86;MERCEDES B // MERCEDES B // MANN //;a9068300318 // A9068300318 // CU3569 // LA307;FILTROS;MB SPRINTER;9-FRAGIL;0,54;0;KG;3456;15;29559,86;;1;;;;;1;;;SIN PEDIDO;;;;;;;;;;
00375 YPF OLEODUCTO PR-LP;2;02-MENOR A PUNTO DE PEDIDO;1003085;ZSTO;FILTRO ACEITE MOTOR;MR01;0375;CA-C2;V1;2;HB;4;1;0;0;0;0;F03;FILTRO ACEITE;31905,36;MERCEDES B // MERCEDES B // MANN //;6511800309 // A6511800109 // HU7010Z // OX153/7D2;FILTROS;MB SPRINTER;9-FRAGIL;0,09;0;KG;588;15;31905,36;;1;;;;;1;;;SIN PEDIDO;;;;;;;;;;
00375 YPF OLEODUCTO PR-LP;2;02-MENOR A PUNTO DE PEDIDO;1003087;ZSTO;FILTRO COMBUSTIBLE;MR01;0375;CA-C2;V1;2;HB;7;1;0;0;0;0;F06;FILTRO COMBUSTIBLE;80466,73;TOYOTA ARG //;233900L07000 // 233900L100;FILTROS;HILUX 2017;8-VARIOS;0,184;0;KG;1150;15;80466,73;;1;;;;;1;;;ZPAS;1000086407;SIN TRATAMIENTO;;;;;30/4/2026;10/4/2026;;
00375 YPF OLEODUCTO PR-LP;2;02-MENOR A PUNTO DE PEDIDO;1017974;ZSTO;LIMPIACONTACTOS EN AEROSOL;MR01;0375;ARMARIO;V1;2;HB;3;1;0;0;0;0;C27;FERRETERIA MR01;21583,64;;440CC 350G DELTA;INSUMOS;INFORMATICA;8-VARIOS;227;0;KG;157;15;21583,64;;1;;;;;1;;;SIN PEDIDO;;;;;;;;;;
00375 YPF OLEODUCTO PR-LP;2;02-MENOR A PUNTO DE PEDIDO;1029772;ZSTO;CORREA 6PK1125;MR01;0375;CA-D3;V1;2;HB;4;1;0;0;0;0;C03;EQUIPOS;16624,93;;6PK1125;EQUIPOS;AUTOMOTOR;?;0;0;KG;0;0;16624,92;;1;;;;;1;;;ZPAS;1000086122;SIN TRATAMIENTO;;;;;27/4/2026;7/4/2026;;
0376 VELADERO FASE 8B /SAN JUAN;2;02-MENOR A PUNTO DE PEDIDO;1001778;ZSTO;YERBA MATE X 500GRS X UN;MM01;0376;C4-OFICINA;V1;70;HB;150;62;0;0;0;0;C17;INSUMOS A;114742,16;;;ALIMENTOS;?;8-VARIOS;0;0;KG;0;15;114742,47;;1;;;;;1;;;ZPAS;1000086425;SIN TRATAMIENTO;;;;;4/5/2026;11/4/2026;;
0376 VELADERO FASE 8B /SAN JUAN;2;02-MENOR A PUNTO DE PEDIDO;1001788;ZSTO;ACEITE SAE  10W X 205L;MM01;0376;PLAYAOBRAD;V1;3;HB;5;2;0;0;0;0;L01;ACEITES;1597553,68;YPF S.A. // YPF S.A.;10W // 151592;LUBRICANTES;ACEITES;2-TACHO;192,5;0;KG;235025,86;15;1597553,69;;1;;;;;1;;;ZPAS;1000085733;EMBALADO PARCIAL;;;1/4/2026;;21/4/2026;30/3/2026;;
0376 VELADERO FASE 8B /SAN JUAN;2;02-MENOR A PUNTO DE PEDIDO;1001790;ZSTO;ACEITE 15W40  X 205L;MM01;0376;PLAYAOBRAD;V1;10;HB;20;6;0;0;0;0;L01;ACEITES;4040880;YPF S.A. // YPF S.A. // EXXON MOBI // CATERPILLA // SHELL PLC. // VOLVO MAQU;EXTRAVIDA XV300 // 189292 // DELVAC MX 15W40 APICI4 // DEO 15W40 // R4 15W40 APICI4 ACEAE5E7 // VDS3;LUBRICANTES;ACEITES;2-TACHO;193;0;KG;232385,12;15;4040880,01;;1;;;;;1;;;ZPAS;1000086047;EMBALADO PARCIAL;;;10/4/2026;;24/4/2026;6/4/2026;;
0376 VELADERO FASE 8B /SAN JUAN;2;02-MENOR A PUNTO DE PEDIDO;1001804;ZSTO;GRASA LITIO LIMIT MO-2 (NEGRA) X 180 KG;MM01;0376;PLAYAOBRAD;V1;2;HB;3;1;0;0;0;0;L03;GRASAS;1533330,82;YPF S.A. // YPF S.A. //;LIMIT MO-2 // 628793 // GADUS S2 V220;LUBRICANTES;GRASA;2-TACHO;180;0;KG;299396;15;1533330,82;;1;;;;;1;;;ZPAS;1000086047;EMBALADO;;;10/4/2026;;24/4/2026;6/4/2026;;
0376 VELADERO FASE 8B /SAN JUAN;2;02-MENOR A PUNTO DE PEDIDO;1001834;ZSTO;CUBIERTA 265 65 17 DUELER A T 693;MM01;0376;PASILLO A;V1;8;HB;16;4;0;0;0;0;C47;CUBIERTAS AUTOMOTR;823587;BRIDGESTON // PIRELLI NE // BRIDGESTON // PIRELLI NE // GOOD YEAR;DUELER A T 693 // SCORPION ATR // AT REVO 2 // S MTR // WRANGLER WORKHORSE;CUBIERTAS;hilux hasta 2016;5-CUBIERTAS;17;0;KG;114806,25;15;823587,01;;1;;;;;1;;;ZPAS;1000085477;CUMPLIDO PARCIAL;;;1/4/2026;1/4/2026;17/4/2026;26/3/2026;;
0376 VELADERO FASE 8B /SAN JUAN;2;02-MENOR A PUNTO DE PEDIDO;1001836;ZSTO;ORING FINO P NEUMATICO 17.5-25;MM01;0376;C1-C6;V1;4;HB;8;3;0;0;0;0;C47;CUBIERTAS AUTOMOTR;33782,58;;;CUBIERTAS;938H 938G 544J 544K;8-VARIOS;0,119;0;KG;465,5;25;33782,58;;1;;;;;1;;;ZPAS;1000085317;SIN TRATAMIENTO;;;;;25/4/2026;23/3/2026;;
0376 VELADERO FASE 8B /SAN JUAN;2;02-MENOR A PUNTO DE PEDIDO;1001841;ZSTO;CAMARA 12.00 R20;MM01;0376;C1;V1;16;HB;30;5;0;0;0;0;C52;CAMARAS;222489,95;;MARCA DONGAH // MARCA PIRELLI;CUBIERTAS;CUBIERTAS;7-PESADO;3,053;0;KG;6200;15;222489,96;;1;;;;;1;;;ZPAS;1000085317;CUMPLIDO PARCIAL;;;1/4/2026;1/4/2026;25/4/2026;23/3/2026;;
0376 VELADERO FASE 8B /SAN JUAN;2;02-MENOR A PUNTO DE PEDIDO;1001842;ZSTO;PROTECTOR P CAMARA 12.00;MM01;0376;C1;V1;10;HB;20;6;0;0;0;0;C52;CAMARAS;110744,64;;;CUBIERTAS;CUBIERTAS;7-PESADO;1,94;0;KG;912;25;110744,64;;1;;;;;1;;;ZPAS;1000085317;SIN TRATAMIENTO;;;;;25/4/2026;23/3/2026;;
0376 VELADERO FASE 8B /SAN JUAN;2;02-MENOR A PUNTO DE PEDIDO;1001898;ZSTO;BOBINA DE PAPEL 25 X 400MTS X UN;MM01;0376;B4;V1;10;HB;30;5;0;0;0;0;C17;INSUMOS A;71275,4;ELEGANTE // ELITE;1003 (MÚLT. 2U) // 6264;LIMPIEZA;INSUMOS;8-VARIOS;3,25;0;KG;15844,44;15;71275,39;;1;;;;;1;;;ZPAN;1000086125;ADJUDICADO;4500124755;;;;27/4/2026;7/4/2026;C17;10147039
0376 VELADERO FASE 8B /SAN JUAN;2;02-MENOR A PUNTO DE PEDIDO;1001943;ZSTO;ADHESIVO CIANO 20 G XUN;MM01;0376;E2;V1;15;HB;30;7;0;0;0;0;C13;FERRETERÍA MM01;60169,62;CIANO;;FERRETERIA;ADHESIVOS;9-FRAGIL;0,03;0;KG;75;15;60169,65;;1;;;;;1;;;ZPAS;1000086274;EMBALADO;;;10/4/2026;;29/4/2026;9/4/2026;;
0376 VELADERO FASE 8B /SAN JUAN;2;02-MENOR A PUNTO DE PEDIDO;1001962;ZSTO;CINTA AISLADORA ROJA X10MT;MM01;0376;E2;V1;10;HB;20;9;0;0;0;0;C13;FERRETERÍA MM01;10817,1;;;FERRETERIA;INSUMOS;8-VARIOS;0,04;0;KG;56,52;15;10817,06;;1;;;;;1;;;SIN PEDIDO;;;;;;;;;;
0376 VELADERO FASE 8B /SAN JUAN;2;02-MENOR A PUNTO DE PEDIDO;1002002;ZSTO;CAMISA JEAN T.42 C LOGO;MM01;0376;C4-C4;V1;10;HB;20;6;0;0;0;0;C28;SEGURIDAD/ROPA/EPP;95029,74;;;ROPA;INDUMENTARIA;8-VARIOS;0,492;0;KG;560;30;95029,74;;1;;;;;1;;;ZPAS;1000086274;EMBALADO;;;10/4/2026;;29/4/2026;9/4/2026;;
0376 VELADERO FASE 8B /SAN JUAN;2;02-MENOR A PUNTO DE PEDIDO;1002005;ZSTO;CAMISA JEAN T.48 C LOGO;MM01;0376;C4-D4;V1;10;HB;20;6;0;0;0;0;C28;SEGURIDAD/ROPA/EPP;98271,6;;;ROPA;INDUMENTARIA;8-VARIOS;0,495;0;KG;2378;30;98271,58;;1;;;;;1;;;SIN PEDIDO;;;;;;;;;;
0376 VELADERO FASE 8B /SAN JUAN;2;02-MENOR A PUNTO DE PEDIDO;1002016;ZSTO;PANTALON JEAN T.48;MM01;0376;C4-D3;V1;10;HB;20;9;0;0;0;0;C28;SEGURIDAD/ROPA/EPP;190114,65;;;ROPA;INDUMENTARIA;8-VARIOS;0,725;0;KG;2970;21;190114,65;;1;;;;;1;;;SIN PEDIDO;;;;;;;;;;
0376 VELADERO FASE 8B /SAN JUAN;2;02-MENOR A PUNTO DE PEDIDO;1002050;ZSTO;CAMPERA 2 PIEL T. M;MM01;0376;C4-C5;V1;10;HB;25;4;0;0;0;0;C28;SEGURIDAD/ROPA/EPP;67337,48;;;SEGURIDAD;INDUMENTARIA;8-VARIOS;0,432;0;KG;4750;30;67337,47;;1;;;;;1;;;SIN PEDIDO;;;;;;;;;;
0376 VELADERO FASE 8B /SAN JUAN;2;02-MENOR A PUNTO DE PEDIDO;1002057;ZSTO;CAMPERA ABRIGO T. M ROJA CON LOGO;MM01;0376;C4-B5;V1;10;HB;25;4;0;0;0;0;C28;SEGURIDAD/ROPA/EPP;240091,68;No aplica;CON REFLECTIVO T. M;ROPA;INDUMENTARIA;8-VARIOS;0,841;0;KG;17640;30;240091,69;;1;;;;;1;;;ZPAS;1000085411;CUMPLIDO PARCIAL;;;27/3/2026;27/3/2026;16/4/2026;25/3/2026;;
0376 VELADERO FASE 8B /SAN JUAN;2;02-MENOR A PUNTO DE PEDIDO;1002059;ZSTO;CAMPERA ABRIGO T. XL ROJA CON LOGO;MM01;0376;C4-B3;V1;15;HB;35;9;0;0;0;0;C28;SEGURIDAD/ROPA/EPP;531344,88;No aplica;CON REFLECTIVO T. XL;ROPA;INDUMENTARIA;8-VARIOS;0,985;0;KG;8960;30;531344,88;;1;;;;;1;;;ZPAS;1000086274;EMBALADO;;;10/4/2026;;29/4/2026;9/4/2026;;
0376 VELADERO FASE 8B /SAN JUAN;2;02-MENOR A PUNTO DE PEDIDO;1002077;ZSTO;BOTIN ALTA MONT MAR/NEG P METAL N42;MM01;0376;C4-OFICINA;V1;10;HB;25;7;0;0;0;0;C28;SEGURIDAD/ROPA/EPP;924462,28;MARASCO;845;SEGURIDAD;CALZADO;8-VARIOS;0;0;KG;0;21;924462,3;;1;;;;;1;;;SIN PEDIDO;;;;;;;;;;
0376 VELADERO FASE 8B /SAN JUAN;2;02-MENOR A PUNTO DE PEDIDO;1002204;ZSTO;CORREA ALTERNADOR;MM01;0376;C1-D1;V1;2;HB;4;1;0;0;0;0;C03;EQUIPOS;11100,72;;3032915 // AV 13X890;CORREAS;HIMOINSA LTA 8 V LED;8-VARIOS;0,115;0;KG;357;30;11100,72;;1;;;;;1;;;SIN PEDIDO;;;;;;;;;;
0376 VELADERO FASE 8B /SAN JUAN;2;02-MENOR A PUNTO DE PEDIDO;1002206;ZSTO;CORREA B-54 X UN;MM01;0376;C1-D1;V1;12;HB;18;9;0;0;0;0;C29;FILTROS/RESPUESTOS;109776,24;;;CORREAS;CORREAS;8-VARIOS;0;0;KG;0;20;109776,28;;1;;;;;1;;;SIN PEDIDO;;;;;;;;;;
0376 VELADERO FASE 8B /SAN JUAN;2;02-MENOR A PUNTO DE PEDIDO;1002236;ZSTO;BULON PARA CUCHILLA XUN;MM01;0376;C2.GAV1.M3;V1;58;HB;164;42;0;0;0;0;G05;AJUSTE;72197,16;CATERPILLA;5J4773;DESGASTE;CAT 140K // CAT 988H // CAT D6T;7-PESADO;0,15;0;KG;49,455;25;72197,28;;1;;;;;1;;;SIN PEDIDO;;;;;;;;;;
0376 VELADERO FASE 8B /SAN JUAN;2;02-MENOR A PUNTO DE PEDIDO;1002255;ZSTO;SEGMENTO DE CUCHILLA XUN;MM01;0376;PLAYA D11;V1;8;HB;14;7;0;0;0;0;G04;UÑAS;127551,27;JOHN DEERE // JOHN DEERE;T226229 // T167850;DESGASTE;JD 644K - 46776;3-DESGASTE;20,42;0;KG;2925;25;127551,24;;1;;;;;1;;;SIN PEDIDO;;;;;;;;;;
0376 VELADERO FASE 8B /SAN JUAN;2;02-MENOR A PUNTO DE PEDIDO;1002256;ZSTO;BULON SEGMENTO 25.4X50X6MXUN;MM01;0376;C2.GAV1.M1;V1;29;HB;44;16;0;0;0;0;G05;AJUSTE;120293,28;JOHN DEERE;T146933;DESGASTE;JD 644K - 46776;7-PESADO;0,33;0;KG;100,48;25;120293,33;;1;;;;;1;;;SIN PEDIDO;;;;;;;;;;
0376 VELADERO FASE 8B /SAN JUAN;2;02-MENOR A PUNTO DE PEDIDO;1002543;ZSTO;FILTRO AIRE X UN;MM01;0376;C3-A2;V1;6;HB;16;2;0;0;0;0;F04;FILTRO AIRE;81867,16;JOHN DEERE;AT191102;FILTROS;CABINA J.D. 544K;9-FRAGIL;0,321;0;KG;3536;15;81867,16;;1;;;;;1;;;ZPAS;1000084916;CUMPLIDO PARCIAL;;;20/3/2026;23/3/2026;25/4/2026;16/3/2026;;
0376 VELADERO FASE 8B /SAN JUAN;2;02-MENOR A PUNTO DE PEDIDO;1002569;ZSTO;FILTRO RESPIRADERO TANQUE HIDRAULICO XUN;MM01;0376;C3-C4;V1;2;HB;4;1;0;0;0;0;F04;FILTRO AIRE;8904,48;JOHN DEERE;AM39653;FILTROS;JD 544K;7-PESADO;0,39;0;KG;1100;15;8904,48;;1;;;;;1;;;ZPAS;1000085317;CUMPLIDO PARCIAL;;;27/3/2026;27/3/2026;25/4/2026;23/3/2026;;
0376 VELADERO FASE 8B /SAN JUAN;2;02-MENOR A PUNTO DE PEDIDO;1002592;ZSTO;FILTRO ACEITE MOTOR XUN;MM01;0376;C3-A3;V1;6;HB;16;5;0;0;0;0;F03;FILTRO ACEITE;149636,95;KOMATSU HO // KOMATSU HO // DONALDSON;6736515142 // DBL7349 // P550909;FILTROS;FILTROS;7-PESADO;0,61;0;KG;1239,809;15;149636,94;;1;;;;;1;;;ZPAS;1000086195;EMBALADO;;;10/4/2026;;28/4/2026;8/4/2026;;
0376 VELADERO FASE 8B /SAN JUAN;2;02-MENOR A PUNTO DE PEDIDO;1002722;ZSTO;FILTRO COMBUSTIBLE;MM01;0376;C1-D4;V1;28;HB;58;26;0;0;0;0;F06;FILTRO COMBUSTIBLE;1511146,26;CATERPILLA //;1R0749 // P551311;FILTROS;CAT;7-PESADO;0,91;0;KG;1842,003;20;1511146,27;;1;;;;;1;;;SIN PEDIDO;;;;;;;;;;
0376 VELADERO FASE 8B /SAN JUAN;2;02-MENOR A PUNTO DE PEDIDO;1002755;ZSTO;FILTRO COMBUSTIBLE XUN;MM01;0376;C1-B3;V1;4;HB;8;3;0;0;0;0;F06;FILTRO COMBUSTIBLE;172925,58;CATERPILLA // CATERPILLA // CATERPILLA;3261644 // 1R0770 // 4238525;FILTROS;CAT;7-PESADO;0,789;0;KG;1852,208;15;172925,59;;1;;;;;1;;;SIN PEDIDO;;;;;;;;;;
0376 VELADERO FASE 8B /SAN JUAN;2;02-MENOR A PUNTO DE PEDIDO;1002776;ZSTO;FILTRO AIRE PRIMARIO XUN;MM01;0376;C1-A2;V1;2;HB;4;1;0;0;0;0;F04;FILTRO AIRE;23468,89;DARMET;V750;FILTROS;ONAN / MULLER;9-FRAGIL;1,4;0;KG;13284;30;23468,88;;1;;;;;1;;;SIN PEDIDO;;;;;;;;;;
0376 VELADERO FASE 8B /SAN JUAN;2;02-MENOR A PUNTO DE PEDIDO;1002853;ZSTO;FILTRO HIDRAULICO;MM01;0376;C1-A4;V1;3;HB;5;2;0;0;0;0;F07;FILTRO FLUIDO HIDR;113095,56;CATERPILLA // DONALDSON;1R0777 // P550523;FILTROS;CAT D6T;7-PESADO;0,47;0;KG;3724;15;113095,55;;1;;;;;1;;;ZPAS;1000086274;EMBALADO PARCIAL;;;10/4/2026;;29/4/2026;9/4/2026;;
0376 VELADERO FASE 8B /SAN JUAN;2;02-MENOR A PUNTO DE PEDIDO;1002859;ZSTO;FILTRO ACEITE DIRECCION;MM01;0376;C1-A3;V1;3;HB;5;2;0;0;0;0;F03;FILTRO ACEITE;19992,84;CATERPILLA // CATERPILLA //;1560214 // 3321871 // P164378;FILTROS;CAT D6;7-PESADO;1,2;0;KG;2600;15;19992,85;;1;;;;;1;;;ZPAS;1000086274;EMBALADO;;;10/4/2026;;29/4/2026;9/4/2026;;
0376 VELADERO FASE 8B /SAN JUAN;2;02-MENOR A PUNTO DE PEDIDO;1002998;ZSTO;FILTRO COMBUSTIBLE;MM01;0376;C1-C5;V1;2;HB;4;1;0;0;0;0;F06;FILTRO COMBUSTIBLE;9557,52;PERKINS // FLEETGUARD // // DONALDSON // MANN;4415122 // FF5788 // P556245 // P502420 // P917X;FILTROS;HAULOTTE;9-FRAGIL;0,12;0;KG;900;15;9557,51;;1;;;;;1;;;ZPAS;1000086274;EMBALADO;;;10/4/2026;;29/4/2026;9/4/2026;;
0376 VELADERO FASE 8B /SAN JUAN;2;02-MENOR A PUNTO DE PEDIDO;1003026;ZSTO;FILTRO SEPARADOR DE AGUA;MM01;0376;C3-C1;V1;8;HB;22;4;0;0;0;0;F13;FILTRO TRAMPA DE A;89928,76;FLEETGUARD // FLEETGUARD // DONALDSON;FS19652 // FS1280 // P551329;FILTROS;ONAN C66D5;7-PESADO;0,65;0;KG;1256;15;89928,78;;1;;;;;1;;;ZPAS;1000084043;CUMPLIDO PARCIAL;;;17/3/2026;18/3/2026;23/4/2026;3/3/2026;;
0376 VELADERO FASE 8B /SAN JUAN;2;02-MENOR A PUNTO DE PEDIDO;1003138;ZSTO;FILTRO DE COMBUSTIBLE;MM01;0376;C1-D2;V1;7;HB;10;1;0;0;0;0;F06;FILTRO COMBUSTIBLE;141335,28;KOMATSU HO // KOMATSU HO;6003193750 // 6003113750;FILTROS;KOMATSU PC 200-8;7-PESADO;0,81;0;KG;1239,809;20;141335,28;;1;;;;;1;;;ZPAS;1000085733;SIN TRATAMIENTO;;;;;21/4/2026;30/3/2026;;
0376 VELADERO FASE 8B /SAN JUAN;2;02-MENOR A PUNTO DE PEDIDO;1003180;ZSTO;FILTRO DE AIRE;MM01;0376;C3-F2;V1;12;HB;24;7;0;0;0;0;F04;FILTRO AIRE;124834,08;DBT S.A. // DONALDSON // DARMET;3025127 // P822686 // VP-2735;FILTROS;HIMOINSA LTA 8 V LED;9-FRAGIL;0,27;0;KG;2662;15;124834,11;;1;;;;;1;;;SIN PEDIDO;;;;;;;;;;
0376 VELADERO FASE 8B /SAN JUAN;2;02-MENOR A PUNTO DE PEDIDO;1003183;ZSTO;FILTRO DE ACEITE MOTOR;MM01;0376;C3-F3;V1;12;HB;24;7;0;0;0;0;F03;FILTRO ACEITE;74281,69;DBT S.A. // // DONALDSON // // // // FLEETGUARD;3035098 // LF3925 // P502067 // T 600 // W67/1 // W671 // LF3925;FILTROS;HIMOINSA LTA 8 V LED;7-PESADO;0,23;0;KG;343;15;74281,68;;1;;;;;1;;;ZPAS;1000085733;CUMPLIDO PARCIAL;;;1/4/2026;1/4/2026;21/4/2026;30/3/2026;;
0376 VELADERO FASE 8B /SAN JUAN;2;02-MENOR A PUNTO DE PEDIDO;1003210;ZSTO;FILTRO DE AIRE PRIMARIO;MM01;0376;C1-C1;V1;4;HB;8;3;0;0;0;0;F04;FILTRO AIRE;142238,88;DONALDSON // BALDWIN;P613335 // RS5329;FILTROS;ONAN C 150 D5 4;6-PESADO Y FRAGIL;0,9;0;KG;24768;15;142238,88;;1;;;;;1;;;ZPAS;1000086274;EMBALADO;;;10/4/2026;;29/4/2026;9/4/2026;;
0376 VELADERO FASE 8B /SAN JUAN;2;02-MENOR A PUNTO DE PEDIDO;1003211;ZSTO;FILTRO DE AIRE SECUNDARIO;MM01;0376;C3-C5;V1;2;HB;4;1;0;0;0;0;F04;FILTRO AIRE;60392,38;DONALDSON;P613334;FILTROS;ONAN C 150 D5 4;8-VARIOS;2,25;0;KG;23276;15;60392,38;;1;;;;;1;;;ZPAS;1000086274;EMBALADO;;;10/4/2026;;29/4/2026;9/4/2026;;
0376 VELADERO FASE 8B /SAN JUAN;2;02-MENOR A PUNTO DE PEDIDO;1003213;ZSTO;ELEMENTO FILTRO DE ACEITE;MM01;0376;C1-C3;V1;2;HB;4;1;0;0;0;0;F03;FILTRO ACEITE;19781,06;FLEETGUARD // DONALDSON //;LF9028 // DBL7349 // P558615;FILTROS;ONAN C 150 D5 4;7-PESADO;0,54;0;KG;1144,53;35;19781,06;;1;;;;;1;;;ZPAS;1000086274;SIN TRATAMIENTO;;;;;29/4/2026;9/4/2026;;
0376 VELADERO FASE 8B /SAN JUAN;2;02-MENOR A PUNTO DE PEDIDO;1003217;ZSTO;FILTRO DE COMBUSTIBLE;MM01;0376;C1-B3;V1;6;HB;16;4;0;0;0;0;F06;FILTRO COMBUSTIBLE;884980,36;CATERPILLA;3608958;FILTROS;CAT 815 K;7-PESADO;0,52;0;KG;1300;15;884980,37;;1;;;;;1;;;SIN PEDIDO;;;;;;;;;;
0376 VELADERO FASE 8B /SAN JUAN;2;02-MENOR A PUNTO DE PEDIDO;1003227;ZSTO;FILTRO DE DE LOS EJES;MM01;0376;C3-A3;V1;2;HB;4;1;0;0;0;0;C29;FILTROS/RESPUESTOS;48016,32;JOHN DEERE;AH128449;FILTROS;JD 624 K;8-VARIOS;1,23;0;KG;2500;15;48016,32;;1;;;;;1;;;ZPAS;1000086047;SIN TRATAMIENTO;;;;;24/4/2026;6/4/2026;;
0376 VELADERO FASE 8B /SAN JUAN;2;02-MENOR A PUNTO DE PEDIDO;1003373;ZSTO;FILTROAIREACONDCABINAEXTERIORINTERIOR;MM01;0376;C1-D3;V1;6;HB;14;1;0;0;0;0;F10;FILTRO HVAC;32181,46;VOLVO CONS;21758906;FILTROS;VOLVO FM460;9-FRAGIL;0,22;0;KG;2420;15;32181,46;;1;;;;;1;;;ZPAS;1000084916;CUMPLIDO PARCIAL;;;20/3/2026;23/3/2026;25/4/2026;16/3/2026;;
0376 VELADERO FASE 8B /SAN JUAN;2;02-MENOR A PUNTO DE PEDIDO;1013522;ZSCD;ACEITE DIFERENCIALES VOLVO97312 x 205LTS;MM01;0376;PLAYAOBRAD;V1;2;HB;3;1;0;0;0;0;C29;FILTROS/RESPUESTOS;2514659,96;SHELL PLC.;SPIRAX S6 GXME 75W90;LUBRICANTES;LUBRICANTES;?;0;0;KG;0;15;2514659,96;;1;;;;;1;;;ZPAN;1000086050;ADJUDICADO;4500124444;;;;24/4/2026;6/4/2026;C29;10146950
0376 VELADERO FASE 8B /SAN JUAN;2;02-MENOR A PUNTO DE PEDIDO;1015785;ZSSD;CORRECTOR EN CINTA;MM01;0376;C2-A2;V1;10;HB;20;6;0;0;0;0;C17;INSUMOS A;10526,7;;;LIBRERIA;LIBRERIA;?;0;0;KG;0;15;10526,67;;1;;;;;1;;;ZPAN;1000085734;ADJUDICADO;4500124623;;;;21/4/2026;30/3/2026;C17;10146574
0376 VELADERO FASE 8B /SAN JUAN;2;02-MENOR A PUNTO DE PEDIDO;1015810;ZSSD;LIMPIACONTACTO EN AEROSOL X UN;MM01;0376;GAV.LUBR.;V1;12;HB;30;8;0;0;0;0;C13;FERRETERÍA MM01;60602,16;;;LIMPIEZA;LIMPIEZA /SEGURIDAD;?;0;0;KG;0;15;60602,17;;1;;;;;1;;;ZPAN;1000085734;DESPACHADO;4500124215;9/4/2026;9/4/2026;11/4/2026;21/4/2026;30/3/2026;C13;10146574
0376 VELADERO FASE 8B /SAN JUAN;2;02-MENOR A PUNTO DE PEDIDO;1015853;ZSSD;PRECINTO PLASTICO AL-3 X 175MM;MM01;0376;E2;V1;2;HB;5;1;0;0;0;0;C13;FERRETERÍA MM01;2589,85;;MÚLT. 100U;FERRETERIA;INSUMOS;?;0;0;KG;0;15;2589,85;;1;;;;;1;;;ZPAN;1000086050;ADJUDICADO;4500124644;;;;24/4/2026;6/4/2026;C13;10146950
0376 VELADERO FASE 8B /SAN JUAN;2;02-MENOR A PUNTO DE PEDIDO;1016027;ZSCD;"TALONARIO REMITO ""R"" CUADRUPLICADO X 25H";MM01;0376;C3-E3;V1;3;HB;5;2;0;0;0;0;C17;INSUMOS A;42060,72;;;LIBRERIA;TALONARIOS;?;0;0;KG;0;15;42060,71;;1;;;;;1;;;SIN PEDIDO;;;;;;;;;;
0376 VELADERO FASE 8B /SAN JUAN;2;02-MENOR A PUNTO DE PEDIDO;1016077;ZSTO;ARANDELA;MM01;0376;C2.GAV1.J6;V1;29;HB;50;22;0;0;0;0;G05;AJUSTE;54249,8;JOHN DEERE;24M7243;DESGASTE;VOLVO EC 480D;8-VARIOS;0,061;0;KG;9,812;25;54249,91;;1;;;;;1;;;SIN PEDIDO;;;;;;;;;;
0376 VELADERO FASE 8B /SAN JUAN;2;02-MENOR A PUNTO DE PEDIDO;1016298;ZSTO;UÑAS;MM01;0376;PLAYA D7;V1;24;HB;48;16;0;0;0;0;G04;UÑAS;1642378,24;CATERPILLA // CATERPILLA //;5053982 // 505-4083 // CA982HD-INSUA;DESGASTE;CAT 950L;3-DESGASTE;7,5;0;KG;2592;15;1642378,19;;1;;;;;1;;;SIN PEDIDO;;;;;;;;;;
0376 VELADERO FASE 8B /SAN JUAN;2;02-MENOR A PUNTO DE PEDIDO;1016443;ZSTO;Uña;MM01;0376;PLAYA D8;V1;9;HB;16;6;0;0;0;0;G04;UÑAS;368984,16;KOMATSU HO // KOMATSU HO;KH20S // 20Y-70-B1960;DESGASTE;PC210;3-DESGASTE;4,5;0;KG;2315,25;15;368984,16;;1;;;;;1;;;ZPAS;1000086195;EMBALADO PARCIAL;;;10/4/2026;;28/4/2026;8/4/2026;;
0376 VELADERO FASE 8B /SAN JUAN;2;02-MENOR A PUNTO DE PEDIDO;1016444;ZSTO;Traba de Uña;MM01;0376;C2.GAV1.I2;V1;4;HB;6;1;0;0;0;0;G05;AJUSTE;6967,18;KOMATSU HO //;20Y70B1970 // KH20P;DESGASTE;PC210;7-PESADO;0,349;0;KG;66,5;15;6967,18;;1;;;;;1;;;ZPAS;1000086195;EMBALADO;;;10/4/2026;;28/4/2026;8/4/2026;;
0376 VELADERO FASE 8B /SAN JUAN;2;02-MENOR A PUNTO DE PEDIDO;1016942;ZSSD;BIBLIORATO PVC A4 LOMO ANCHO;MM01;0376;C2-B1 PISO;V1;10;HB;30;6;0;0;0;0;C17;INSUMOS A;19475,1;;;LIBRERIA;LIBRERIA;?;0;0;KG;0;0;19475,11;;1;;;;;1;;;ZPAN;1000086050;ADJUDICADO;4500124622;;;;24/4/2026;6/4/2026;C17;10146950
0376 VELADERO FASE 8B /SAN JUAN;2;02-MENOR A PUNTO DE PEDIDO;1016982;ZSSD;FOLIO A4 ST X100;MM01;0376;C3-E3;V1;10;HB;20;7;0;0;0;0;C17;INSUMOS A;33600;;;LIBRERIA;PAPEL;?;0;0;KG;0;0;33600,03;;1;;;;;1;;;ZPAN;1000085882;ADJUDICADO;4500124623;;;;23/4/2026;1/4/2026;C17;10146753
0376 VELADERO FASE 8B /SAN JUAN;2;02-MENOR A PUNTO DE PEDIDO;1016988;ZSSD;CINTA METRICA 3MT;MM01;0376;F2;V1;5;HB;10;3;0;0;0;0;C13;FERRETERÍA MM01;12309,99;;;FERRETERIA;INSUMOS;?;0;0;KG;0;0;12310;;1;;;;;1;;;ZPAN;1000086050;ADJUDICADO;4500124648;;;;24/4/2026;6/4/2026;C13;10146950
0376 VELADERO FASE 8B /SAN JUAN;2;02-MENOR A PUNTO DE PEDIDO;1023164;ZSTO;INSERTO CORREDERA CUCHILLA;MM01;0376;C3-G4;V1;6;HB;12;4;0;0;0;0;C03;EQUIPOS;915433,48;;T299164;REPUESTOS;DESGASTE;?;0;0;KG;0;0;915433,46;;1;;;;;1;;;ZPAN;1000086050;ADJUDICADO;4500124733;;;;24/4/2026;6/4/2026;C03;10146950
0376 VELADERO FASE 8B /SAN JUAN;2;02-MENOR A PUNTO DE PEDIDO;1026411;ZSCD;DEKASOL KAISER XLT;MM01;0376;C2;V1;5;HB;10;1;0;0;0;0;C17;INSUMOS A;7990;;;LIMPIEZA;LIMPIEZA /SEGURIDAD;?;0;0;KG;0;15;7990;;1;;;;;1;;;ZPAN;1000086125;SIN TRATAMIENTO;;;;;27/4/2026;7/4/2026;;10147039
0376 VELADERO FASE 8B /SAN JUAN;2;02-MENOR A PUNTO DE PEDIDO;1041396;ZSTO;FARO LED 9V 36 LUXLED XUN;MM01;0376;C3-G1;V1;16;HB;32;1;0;0;0;0;C11;ELECTRICIDAD;55550,83;;8010ES CONCETRA/SPOT;REPUESTOS;ACCESORIOS;?;0;0;KG;0;15;55550,83;;1;;;;;1;;;SIN PEDIDO;;;;;;;;;;
0376 VELADERO FASE 8B /SAN JUAN;2;02-MENOR A PUNTO DE PEDIDO;1046906;ZSTO;AMPOLLETA LUZ PERTIGA 12/24V;MM01;0376;C1-GAV2-C8;V1;10;HB;15;4;0;0;0;0;C03;EQUIPOS;158677,72;;LED FLASHER ROJA 12/24 TIPO AMERICANA;REPUESTO;ELECTRICIDAD AUTOMOTOR;?;0;0;KG;0;0;158677,72;;1;;;;;1;;;ZPAN;1000080040;CUMPLIDO PARCIAL;4500116556;13/1/2026;15/1/2026;16/1/2026;14/1/2026;23/12/2025;C03;10138901
;;;;;;;;;;;;;;;;;;;;;;;;;;;;;;;;;1;;;;;1;;;ZPAS;1000086372;SIN TRATAMIENTO;;;;;30/4/2026;10/4/2026;;
;;;;;;;;;;;;;;;;;;;;;;;;;;;;;;;;;1;;;;;1;;;ZPAS;1000086372;PICKEADO PARCIAL;;;;;30/4/2026;10/4/2026;;
;;;;;;;;;;;;;;;;;;;;;;;;;;;;;;;;;1;;;;;1;;;ZPAS;1000086372;PICKEADO PARCIAL;;;;;30/4/2026;10/4/2026;;
;;;;;;;;;;;;;;;;;;;;;;;;;;;;;;;;;1;;;;;1;;;ZPAS;1000086372;PICKEADO PARCIAL;;;;;30/4/2026;10/4/2026;;
;;;;;;;;;;;;;;;;;;;;;;;;;;;;;;;;;1;;;;;1;;;ZPAS;1000086372;PICKEADO PARCIAL;;;;;30/4/2026;10/4/2026;;
;;;;;;;;;;;;;;;;;;;;;;;;;;;;;;;;;1;;;;;1;;;ZPAS;1000086372;SIN TRATAMIENTO;;;;;30/4/2026;10/4/2026;;
;;;;;;;;;;;;;;;;;;;;;;;;;;;;;;;;;1;;;;;1;;;ZPAS;1000086372;PICKEADO PARCIAL;;;;;30/4/2026;10/4/2026;;
;;;;;;;;;;;;;;;;;;;;;;;;;;;;;;;;;1;;;;;1;;;ZPAS;1000086372;SIN TRATAMIENTO;;;;;30/4/2026;10/4/2026;;
;;;;;;;;;;;;;;;;;;;;;;;;;;;;;;;;;1;;;;;1;;;SIN PEDIDO;;;;;;;;;;
;;;;;;;;;;;;;;;;;;;;;;;;;;;;;;;;;1;;;;;1;;;ZPAS;1000086372;SIN TRATAMIENTO;;;;;30/4/2026;10/4/2026;;
;;;;;;;;;;;;;;;;;;;;;;;;;;;;;;;;;1;;;;;1;;;SIN PEDIDO;;;;;;;;;;
;;;;;;;;;;;;;;;;;;;;;;;;;;;;;;;;;1;;;;;1;;;ZPAS;1000086372;PICKEADO PARCIAL;;;;;30/4/2026;10/4/2026;;
;;;;;;;;;;;;;;;;;;;;;;;;;;;;;;;;;1;;;;;1;;;ZPAS;1000086372;PICKEADO PARCIAL;;;;;30/4/2026;10/4/2026;;
;;;;;;;;;;;;;;;;;;;;;;;;;;;;;;;;;1;;;;;1;;;ZPAS;1000085315;CUMPLIDO PARCIAL;;;26/3/2026;9/4/2026;15/4/2026;23/3/2026;;
;;;;;;;;;;;;;;;;;;;;;;;;;;;;;;;;;1;;;;;1;;;ZPAS;1000086372;PICKEADO PARCIAL;;;;;30/4/2026;10/4/2026;;
;;;;;;;;;;;;;;;;;;;;;;;;;;;;;;;;;1;;;;;1;;;ZPAS;1000086372;SIN TRATAMIENTO;;;;;30/4/2026;10/4/2026;;
;;;;;;;;;;;;;;;;;;;;;;;;;;;;;;;;;1;;;;;1;;;ZPAS;1000086372;SIN TRATAMIENTO;;;;;30/4/2026;10/4/2026;;
;;;;;;;;;;;;;;;;;;;;;;;;;;;;;;;;;1;;;;;1;;;ZPAS;1000086372;PICKEADO PARCIAL;;;;;30/4/2026;10/4/2026;;
;;;;;;;;;;;;;;;;;;;;;;;;;;;;;;;;;1;;;;;1;;;ZPAS;1000086372;PICKEADO PARCIAL;;;;;30/4/2026;10/4/2026;;
;;;;;;;;;;;;;;;;;;;;;;;;;;;;;;;;;1;;;;;1;;;ZPAS;1000086372;PICKEADO PARCIAL;;;;;30/4/2026;10/4/2026;;
;;;;;;;;;;;;;;;;;;;;;;;;;;;;;;;;;1;;;;;1;;;ZPAS;1000086372;PICKEADO PARCIAL;;;;;30/4/2026;10/4/2026;;
;;;;;;;;;;;;;;;;;;;;;;;;;;;;;;;;;1;;;;;1;;;ZPAS;1000079637;CUMPLIDO PARCIAL;;;16/12/2025;16/1/2026;6/1/2026;15/12/2025;;
;;;;;;;;;;;;;;;;;;;;;;;;;;;;;;;;;1;;;;;1;;;ZPAN;1000086381;SIN TRATAMIENTO;;;;;30/4/2026;10/4/2026;;10147364
;;;;;;;;;;;;;;;;;;;;;;;;;;;;;;;;;1;;;;;1;;;ZPAS;1000086372;PICKEADO PARCIAL;;;;;30/4/2026;10/4/2026;;
;;;;;;;;;;;;;;;;;;;;;;;;;;;;;;;;;1;;;;;1;;;ZPAS;1000086372;PICKEADO PARCIAL;;;;;30/4/2026;10/4/2026;;
;;;;;;;;;;;;;;;;;;;;;;;;;;;;;;;;;1;;;;;1;;;ZPAS;1000086372;PICKEADO PARCIAL;;;;;30/4/2026;10/4/2026;;
;;;;;;;;;;;;;;;;;;;;;;;;;;;;;;;;;1;;;;;1;;;ZPAS;1000086372;PICKEADO PARCIAL;;;;;30/4/2026;10/4/2026;;
;;;;;;;;;;;;;;;;;;;;;;;;;;;;;;;;;1;;;;;1;;;ZPAS;1000086372;SIN TRATAMIENTO;;;;;30/4/2026;10/4/2026;;
;;;;;;;;;;;;;;;;;;;;;;;;;;;;;;;;;1;;;;;1;;;ZPAS;1000086372;PICKEADO PARCIAL;;;;;30/4/2026;10/4/2026;;
;;;;;;;;;;;;;;;;;;;;;;;;;;;;;;;;;1;;;;;1;;;ZPAS;1000086372;PICKEADO PARCIAL;;;;;30/4/2026;10/4/2026;;
;;;;;;;;;;;;;;;;;;;;;;;;;;;;;;;;;1;;;;;1;;;ZPAS;1000086372;PICKEADO PARCIAL;;;;;30/4/2026;10/4/2026;;
;;;;;;;;;;;;;;;;;;;;;;;;;;;;;;;;;1;;;;;1;;;ZPAS;1000086372;PICKEADO PARCIAL;;;;;30/4/2026;10/4/2026;;
;;;;;;;;;;;;;;;;;;;;;;;;;;;;;;;;;1;;;;;1;;;ZPAS;1000086372;PICKEADO PARCIAL;;;;;30/4/2026;10/4/2026;;
;;;;;;;;;;;;;;;;;;;;;;;;;;;;;;;;;1;;;;;1;;;ZPAS;1000086372;SIN TRATAMIENTO;;;;;30/4/2026;10/4/2026;;
;;;;;;;;;;;;;;;;;;;;;;;;;;;;;;;;;1;;;;;1;;;ZPAS;1000086372;PICKEADO PARCIAL;;;;;30/4/2026;10/4/2026;;
;;;;;;;;;;;;;;;;;;;;;;;;;;;;;;;;;1;;;;;1;;;ZPAS;1000086372;PICKEADO PARCIAL;;;;;30/4/2026;10/4/2026;;
;;;;;;;;;;;;;;;;;;;;;;;;;;;;;;;;;1;;;;;1;;;ZPAS;1000086372;PICKEADO PARCIAL;;;;;30/4/2026;10/4/2026;;
;;;;;;;;;;;;;;;;;;;;;;;;;;;;;;;;;1;;;;;1;;;ZPAS;1000086372;PICKEADO PARCIAL;;;;;30/4/2026;10/4/2026;;
;;;;;;;;;;;;;;;;;;;;;;;;;;;;;;;;;1;;;;;1;;;ZPAS;1000086372;PICKEADO PARCIAL;;;;;30/4/2026;10/4/2026;;
;;;;;;;;;;;;;;;;;;;;;;;;;;;;;;;;;1;;;;;1;;;ZPAS;1000086372;PICKEADO PARCIAL;;;;;30/4/2026;10/4/2026;;
;;;;;;;;;;;;;;;;;;;;;;;;;;;;;;;;;1;;;;;1;;;ZPAS;1000086372;PICKEADO PARCIAL;;;;;30/4/2026;10/4/2026;;
;;;;;;;;;;;;;;;;;;;;;;;;;;;;;;;;;1;;;;;1;;;ZPAS;1000086372;PICKEADO PARCIAL;;;;;30/4/2026;10/4/2026;;
;;;;;;;;;;;;;;;;;;;;;;;;;;;;;;;;;1;;;;;1;;;ZPAS;1000086372;PICKEADO PARCIAL;;;;;30/4/2026;10/4/2026;;
;;;;;;;;;;;;;;;;;;;;;;;;;;;;;;;;;1;;;;;1;;;ZPAS;1000086372;SIN TRATAMIENTO;;;;;30/4/2026;10/4/2026;;
;;;;;;;;;;;;;;;;;;;;;;;;;;;;;;;;;1;;;;;1;;;ZPAS;1000086372;PICKEADO PARCIAL;;;;;30/4/2026;10/4/2026;;
;;;;;;;;;;;;;;;;;;;;;;;;;;;;;;;;;1;;;;;1;;;ZPAS;1000086372;PICKEADO PARCIAL;;;;;30/4/2026;10/4/2026;;
;;;;;;;;;;;;;;;;;;;;;;;;;;;;;;;;;1;;;;;1;;;ZPAS;1000086372;PICKEADO PARCIAL;;;;;30/4/2026;10/4/2026;;
;;;;;;;;;;;;;;;;;;;;;;;;;;;;;;;;;1;;;;;1;;;ZPAS;1000086372;PICKEADO PARCIAL;;;;;30/4/2026;10/4/2026;;
;;;;;;;;;;;;;;;;;;;;;;;;;;;;;;;;;1;;;;;1;;;ZPAS;1000086372;PICKEADO PARCIAL;;;;;30/4/2026;10/4/2026;;
;;;;;;;;;;;;;;;;;;;;;;;;;;;;;;;;;1;;;;;1;;;ZPAS;1000086372;PICKEADO PARCIAL;;;;;30/4/2026;10/4/2026;;
;;;;;;;;;;;;;;;;;;;;;;;;;;;;;;;;;1;;;;;1;;;ZPAS;1000086372;PICKEADO PARCIAL;;;;;30/4/2026;10/4/2026;;
;;;;;;;;;;;;;;;;;;;;;;;;;;;;;;;;;1;;;;;1;;;ZPAS;1000086372;PICKEADO PARCIAL;;;;;30/4/2026;10/4/2026;;
;;;;;;;;;;;;;;;;;;;;;;;;;;;;;;;;;1;;;;;1;;;ZPAS;1000086372;PICKEADO PARCIAL;;;;;30/4/2026;10/4/2026;;
;;;;;;;;;;;;;;;;;;;;;;;;;;;;;;;;;1;;;;;1;;;ZPAS;1000086372;PICKEADO PARCIAL;;;;;30/4/2026;10/4/2026;;
;;;;;;;;;;;;;;;;;;;;;;;;;;;;;;;;;1;;;;;1;;;ZPAS;1000086372;PICKEADO PARCIAL;;;;;30/4/2026;10/4/2026;;
;;;;;;;;;;;;;;;;;;;;;;;;;;;;;;;;;1;;;;;1;;;ZPAS;1000086372;PICKEADO PARCIAL;;;;;30/4/2026;10/4/2026;;
;;;;;;;;;;;;;;;;;;;;;;;;;;;;;;;;;1;;;;;1;;;ZPAS;1000086372;PICKEADO PARCIAL;;;;;30/4/2026;10/4/2026;;
;;;;;;;;;;;;;;;;;;;;;;;;;;;;;;;;;1;;;;;1;;;ZPAS;1000086372;PICKEADO PARCIAL;;;;;30/4/2026;10/4/2026;;
;;;;;;;;;;;;;;;;;;;;;;;;;;;;;;;;;1;;;;;1;;;ZPAS;1000086372;PICKEADO PARCIAL;;;;;30/4/2026;10/4/2026;;
;;;;;;;;;;;;;;;;;;;;;;;;;;;;;;;;;1;;;;;1;;;ZPAS;1000086372;PICKEADO PARCIAL;;;;;30/4/2026;10/4/2026;;
;;;;;;;;;;;;;;;;;;;;;;;;;;;;;;;;;1;;;;;1;;;ZPAS;1000086372;PICKEADO PARCIAL;;;;;30/4/2026;10/4/2026;;
;;;;;;;;;;;;;;;;;;;;;;;;;;;;;;;;;1;;;;;1;;;ZPAS;1000086372;SIN TRATAMIENTO;;;;;30/4/2026;10/4/2026;;
;;;;;;;;;;;;;;;;;;;;;;;;;;;;;;;;;1;;;;;1;;;ZPAS;1000086372;PICKEADO PARCIAL;;;;;30/4/2026;10/4/2026;;
;;;;;;;;;;;;;;;;;;;;;;;;;;;;;;;;;1;;;;;1;;;ZPAS;1000086372;PICKEADO PARCIAL;;;;;30/4/2026;10/4/2026;;
;;;;;;;;;;;;;;;;;;;;;;;;;;;;;;;;;1;;;;;1;;;ZPAS;1000086372;PICKEADO PARCIAL;;;;;30/4/2026;10/4/2026;;
;;;;;;;;;;;;;;;;;;;;;;;;;;;;;;;;;1;;;;;1;;;ZPAS;1000086372;PICKEADO PARCIAL;;;;;30/4/2026;10/4/2026;;
;;;;;;;;;;;;;;;;;;;;;;;;;;;;;;;;;1;;;;;1;;;ZPAS;1000086372;PICKEADO PARCIAL;;;;;30/4/2026;10/4/2026;;
;;;;;;;;;;;;;;;;;;;;;;;;;;;;;;;;;1;;;;;1;;;ZPAS;1000086372;PICKEADO PARCIAL;;;;;30/4/2026;10/4/2026;;
;;;;;;;;;;;;;;;;;;;;;;;;;;;;;;;;;1;;;;;1;;;ZPAS;1000086372;PICKEADO PARCIAL;;;;;30/4/2026;10/4/2026;;
;;;;;;;;;;;;;;;;;;;;;;;;;;;;;;;;;1;;;;;1;;;ZPAN;1000086381;SIN TRATAMIENTO;;;;;30/4/2026;10/4/2026;;10147364
;;;;;;;;;;;;;;;;;;;;;;;;;;;;;;;;;1;;;;;1;;;ZPAN;1000086381;SIN TRATAMIENTO;;;;;30/4/2026;10/4/2026;;10147364
;;;;;;;;;;;;;;;;;;;;;;;;;;;;;;;;;1;;;;;1;;;ZPAN;1000086381;SIN TRATAMIENTO;;;;;30/4/2026;10/4/2026;;10147364
;;;;;;;;;;;;;;;;;;;;;;;;;;;;;;;;;1;;;;;1;;;ZPAN;1000086381;SIN TRATAMIENTO;;;;;30/4/2026;10/4/2026;;10147364
;;;;;;;;;;;;;;;;;;;;;;;;;;;;;;;;;1;;;;;1;;;ZPAN;1000086381;SIN TRATAMIENTO;;;;;30/4/2026;10/4/2026;;10147364
;;;;;;;;;;;;;;;;;;;;;;;;;;;;;;;;;1;;;;;1;;;ZPAN;1000086381;SIN TRATAMIENTO;;;;;30/4/2026;10/4/2026;;10147364
;;;;;;;;;;;;;;;;;;;;;;;;;;;;;;;;;1;;;;;1;;;ZPAN;1000086381;SIN TRATAMIENTO;;;;;30/4/2026;10/4/2026;;10147364
;;;;;;;;;;;;;;;;;;;;;;;;;;;;;;;;;1;;;;;1;;;SIN PEDIDO;;;;;;;;;;
;;;;;;;;;;;;;;;;;;;;;;;;;;;;;;;;;1;;;;;1;;;ZPAN;1000086381;SIN TRATAMIENTO;;;;;30/4/2026;10/4/2026;;10147364
;;;;;;;;;;;;;;;;;;;;;;;;;;;;;;;;;1;;;;;1;;;ZPAN;1000086381;SIN TRATAMIENTO;;;;;30/4/2026;10/4/2026;;10147364
;;;;;;;;;;;;;;;;;;;;;;;;;;;;;;;;;1;;;;;1;;;ZPAN;1000086381;SIN TRATAMIENTO;;;;;30/4/2026;10/4/2026;;10147364
;;;;;;;;;;;;;;;;;;;;;;;;;;;;;;;;;1;;;;;1;;;ZPAS;1000086372;SIN TRATAMIENTO;;;;;30/4/2026;10/4/2026;;
