CLIENTE;NRO. VA01/VA21;POS VA01/VA21;CLASE DE DOC;REF.CLIENTE;DOC. REF;PRIORIDAD;MOT. RECHAZO;INDICADOR DE BLOQUEO;FECHA DE BLOQUEO;OPERADOR DE VA;CODIGO ITEM;DESCRIPCION ITEM;CANTIDAD SOLICITADA;CANTIDAD TOTAL RECEPCIONADA;ADJUDICADO EN OC;CANTIDAD PENDIENTE DE ADJUDICAR;CANTIDAD TOTAL PENDIENTE RECEP.;NRO. RECEPCION;FECHA RECEPCION;TIPO DE ITEM;ESTADO ITEM;PROVEEDOR;CENTRO;FECHA ENTREGA ESPERADA;FECHA DE EMISION NECESIDAD;NRO. SOLPED;POS. SOLPED;REPARTOS;FECHA EMISION SOLPED;FECHA APROBACION SOLPED;GRUPO DE COMPRA;NRO. OC;POS. OC;ALMACEN OC;Q CANT. OC;OPERADOR OC;FECHA EMISION OC;FECHA ENTREGA OC;GRUPO DE COMPRA OC;Q RECEP. DE OC;FECHA SELLO;LIBERACION SOLPED;LIBERACIÓN OC;PLAZO ENTREGA EXCEDIDO;ENTREGA DEL PROVEEDOR;REGISTRO DE RECEPCION;PICKING;EXPEDICIÓN;TRASLADO;NUMERO DE RESERVA;Período de certificación;Estado Servicio;Estado Certificación;Grupo de Compra Definitivo
00223 Comp Amb Santa Fe;1000061281;10;ZPAN;03-SERV. AGUA Y DISP;;0;;;;PBASILIO;1013138;SERVICIO BOTELLON DE 20 LTS XUN;1080;801;1080;0;279;5000179300;3/7/2026;Servicios;CUMPLIDO PARCIAL;PAVONI FRANCO;MR01;31/10/2026;31/1/2025;10114648;10;1;31/1/2025;31/1/2025;C25;4500093191;10;0223;1;MPITTIA;10/2/2025;31/10/2026;C25;13;3/7/2026;;;;;;;;;;03 Cert Mensual;En curso;Verde;C25
00223 Comp Amb Santa Fe;1000074123;10;ZPAN;03-SERV. LIMPIEZA;;0;;;;PBASILIO;1013143;SERVICIO DE LIMPIEZA HS NORMALES XHS;288;193;288;0;95;5000179078;2/7/2026;Servicios;CUMPLIDO PARCIAL;CLEANSED S.A.S.;MR01;31/10/2026;16/9/2025;10131134;10;1;16/9/2025;19/9/2025;C25;4500109150;10;0223;1;MPITTIA;23/9/2025;31/10/2026;C25;9;2/7/2026;;;;;;;;;;03 Cert Mensual;En curso;Verde;C25
00223 Comp Amb Santa Fe;1000075696;10;ZPAN;P.1.186.718_END.3;;0;;;;SANSALDI;1022028;P.EJEC.1.186.718_END.3_ASEG.CAUCIONES;1;1;1;0;0;5000149775;22/10/2025;Servicios;CUMPLIDO;ASEGURADORES DE CAUCIONES S.A.;MR01;31/10/2026;13/10/2025;10133218;10;1;13/10/2025;13/10/2025;C16;4500111428;10;0223;1;JESPARZA;22/10/2025;31/10/2026;C16;1;22/10/2025;;;;;;;;;;Sin aclaración;En curso - Total recepcionado;;C16
00223 Comp Amb Santa Fe;1000077718;10;ZPAN;POLIZA DE RESPONSABI;;0;;;;NLAFORNARO;1012957;POLIZA DE RC 108038 OBRA 223;1;1;1;0;0;5000153817;28/11/2025;Servicios;CUMPLIDO;SMG CIA. ARGENTINA DE SEG. SA;MR01;14/11/2026;13/11/2025;10135919;10;1;13/11/2025;14/11/2025;C16;4500113698;10;0223;1;JESPARZA;21/11/2025;14/11/2026;C16;1;28/11/2025;;;;;;;;;;Sin aclaración;En curso - Total recepcionado;;C16
00223 Comp Amb Santa Fe;1000079175;10;ZPAN;03-SERV. INTERNET;;0;;;;PBASILIO;1013141;SERVICIO DE INTERNET XDIA;360;150;360;0;210;5000179079;2/7/2026;Servicios;CUMPLIDO PARCIAL;HI-LINK S.A.S.;MR01;31/1/2027;9/12/2025;10137709;10;1;9/12/2025;9/12/2025;C25;4500115879;10;0223;1;MPITTIA;22/12/2025;31/1/2027;C25;5;2/7/2026;;;;;;;;;;03 Cert Mensual;En curso;Verde;C25
00223 Comp Amb Santa Fe;1000079176;10;ZPAN;03-SERV. INTERNET;;0;;;;PBASILIO;1013141;SERVICIO DE INTERNET XDIA;360;150;12;0;210;5000179087;2/7/2026;Servicios;CUMPLIDO PARCIAL;JAWIT S.A.;MR01;31/1/2027;9/12/2025;10137710;10;1;9/12/2025;9/12/2025;C25;4500115877;10;0223;1;MPITTIA;22/12/2025;31/1/2027;C25;5;2/7/2026;;;;;;;;;;03 Cert Mensual;En curso;Verde;C25
00223 Comp Amb Santa Fe;1000079178;10;ZPAN;03-SERV. MEDICO;;0;;;;PBASILIO;1029252;CONTROL DE AUSENTISMO X UN;12;5;12;0;7;5000179097;2/7/2026;Servicios;CUMPLIDO PARCIAL;OIME SANTA FE S.R.L.;MR01;31/1/2027;9/12/2025;10137711;10;1;9/12/2025;9/12/2025;C25;4500115893;10;0223;1;MPITTIA;22/12/2025;31/1/2027;C25;5;2/7/2026;;;;;;;;;;03 Cert Mensual;En curso;Verde;C25
00223 Comp Amb Santa Fe;1000079178;20;ZPAN;03-SERV. MEDICO;;0;;;;PBASILIO;1035274;MODULO AMBULATORIO Y/O TRAUMATOLOGICO;12;0;12;0;12;;;Servicios;ADJUDICADO;OIME SANTA FE S.R.L.;MR01;31/1/2027;9/12/2025;10137711;20;1;9/12/2025;9/12/2025;C25;4500115893;20;0223;1;MPITTIA;22/12/2025;31/1/2027;C25;0;;;;;;;;;;;03 Cert Mensual;En curso;;C25
00223 Comp Amb Santa Fe;1000079178;30;ZPAN;03-SERV. MEDICO;;0;;;;PBASILIO;1035274;MODULO DERMATOLOGICO;12;0;12;0;12;;;Servicios;ADJUDICADO;OIME SANTA FE S.R.L.;MR01;31/1/2027;9/12/2025;10137711;30;1;9/12/2025;9/12/2025;C25;4500115893;30;0223;1;MPITTIA;22/12/2025;31/1/2027;C25;0;;;;;;;;;;;03 Cert Mensual;En curso;;C25
00223 Comp Amb Santa Fe;1000079178;40;ZPAN;03-SERV. MEDICO;;0;;;;PBASILIO;1035274;MODULO OFTALMOLOGICO;12;0;12;0;12;;;Servicios;ADJUDICADO;OIME SANTA FE S.R.L.;MR01;31/1/2027;9/12/2025;10137711;40;1;9/12/2025;9/12/2025;C25;4500115893;40;0223;1;MPITTIA;22/12/2025;31/1/2027;C25;0;;;;;;;;;;;03 Cert Mensual;En curso;;C25
00223 Comp Amb Santa Fe;1000079178;50;ZPAN;03-SERV. MEDICO;;0;;;;PBASILIO;1035274;MODULO FISIOKINESIOTERAPIA / ESTUD COMP;12;0;12;0;12;;;Servicios;ADJUDICADO;OIME SANTA FE S.R.L.;MR01;31/1/2027;9/12/2025;10137711;50;1;9/12/2025;9/12/2025;C25;4500115893;50;0223;1;MPITTIA;22/12/2025;31/1/2027;C25;0;;;;;;;;;;;03 Cert Mensual;En curso;;C25
00223 Comp Amb Santa Fe;1000079185;10;ZPAN;03-SUBC. TOPOGRAFIA;;2;;;;PBASILIO;1027430;SERVICIO DE TOPOGRAFIA x MES;12;6;12;0;6;5000179096;2/7/2026;Servicios;CUMPLIDO PARCIAL;INGEAP S.A.S.;MR01;30/12/2026;9/12/2025;10137717;10;1;9/12/2025;9/12/2025;C26;4500115797;10;0223;1;AGONZALEZ;19/12/2025;30/12/2026;C26;6;2/7/2026;;;;;;;;;;03 Cert Mensual;En curso;Verde;C26
00223 Comp Amb Santa Fe;1000083447;10;ZPAN;03-SERV. VIGILANCIA;;2;;;;PBASILIO;1013146;SERVICIO DE VIGILANCIA DIURNA XHS;17520;5856;17520;0;11664;5000179081;2/7/2026;Servicios;CUMPLIDO PARCIAL;SEGURIDAD Y RESGUARDO SRL;MR01;28/2/2027;23/2/2026;10143586;10;1;23/2/2026;24/2/2026;C25;4500121657;10;0223;1;MPITTIA;5/3/2026;28/2/2027;C25;4;2/7/2026;;;;;;;;;;03 Cert Mensual;En curso;Verde;C25
00223 Comp Amb Santa Fe;1000083718;10;ZPAN;03-SERV. VIGILANCIA;;2;;;;PBASILIO;1013146;SERVICIO DE VIGILANCIA DIURNA XHS;4392;2184;4392;0;2208;5000179082;2/7/2026;Servicios;CUMPLIDO PARCIAL;LACHER CRISTIAN JOSE RAMON;MR01;1/10/2026;26/2/2026;10144010;10;1;26/2/2026;27/2/2026;C25;4500122022;10;0223;1;MPITTIA;10/3/2026;1/10/2026;C25;3;2/7/2026;;;;;;;;;;03 Cert Mensual;En curso;Verde;C25
00223 Comp Amb Santa Fe;1000083725;10;ZPAI;04-SUBC. MEMBRANA;4000006522;9;;;;PBASILIO;1011268;GEOMEMBRANA ALTA DENSIDAD 1500MIC;16800;0;16800;0;16800;;;Materiales usuales;ADJUDICADO;SISTEMA DE IMPERMEABILIZACION DE GR;MR01;17/7/2026;26/2/2026;10144011;10;1;26/2/2026;27/2/2026;C26;4500128226;10;0223;2;AGONZALEZ;20/5/2026;17/7/2026;C26;0;;;;;;;;;;;04 Cert a Demanda;Vencido con cant pendiente a recep;;C26
00223 Comp Amb Santa Fe;1000083729;30;ZPAN;04-SUBC. INST MEMBRA;;8;;;;PBASILIO;1042362;SUMINISTRO VARILLA HDPE;40;0;40;0;40;;;Servicios;ADJUDICADO;SISTEMA DE IMPERMEABILIZACION DE GR;MR01;31/8/2026;26/2/2026;10144015;30;1;26/2/2026;11/3/2026;C26;4500128226;40;0223;2;AGONZALEZ;20/5/2026;31/8/2026;C26;0;;;;;;;;;;;04 Cert a Demanda;En curso - Próximo a vencer;;C26
00223 Comp Amb Santa Fe;1000084250;30;ZPAN;04-SERV. FLETE;;2;;;;PBASILIO;1012969;FLETE CARGA A GRANEL S/ DETALLE X TN;400;127,54;400;0;272,46;5000180052;10/7/2026;Servicios;CUMPLIDO PARCIAL;TRANSPORCAM;MR01;30/6/2026;6/3/2026;10144713;30;1;6/3/2026;6/3/2026;C15;4500122235;30;0223;1;GDIAZ;11/3/2026;31/8/2026;C15;7;10/7/2026;;;;;;;;;;04 Cert a Demanda;Vencido con cant pendiente a recep;;C15
00223 Comp Amb Santa Fe;1000084255;10;ZPAN;03-SERV. AGUA Y DISP;;0;;;;PBASILIO;1013137;ALQUILER DISPENSER FRIO CALOR XDIA;2520;772;2520;0;1748;5000179301;3/7/2026;Servicios;CUMPLIDO PARCIAL;PAVONI FRANCO;MR01;31/12/2026;6/3/2026;10144718;10;1;6/3/2026;10/3/2026;C25;4500123669;10;0223;1;MPITTIA;30/3/2026;31/12/2026;C25;4;3/7/2026;;;;;;;;;;03 Cert Mensual;En curso;Verde;C25
00223 Comp Amb Santa Fe;1000084822;10;ZPAN;02-SERV. VIANDAS;;2;;;;PBASILIO;1013116;VIANDA ALMUERZO PUESTA EN OBRA XUN;5200;1236;5200;0;3964;5000179192;3/7/2026;Servicios;CUMPLIDO PARCIAL;PERES CARLOS DANIEL;MR01;31/1/2027;13/3/2026;10145410;10;1;13/3/2026;13/3/2026;C25;4500123945;10;0223;1;MPITTIA;1/4/2026;31/1/2027;C25;5;3/7/2026;;;;;;;;;;02 Cert Quincenal;En curso;Rojo;C25
00223 Comp Amb Santa Fe;1000084823;10;ZPAN;03-SUBC. TOPOGRAFIA;;2;;;;PBASILIO;1027430;SERVICIO DE TOPOGRAFIA x MES;6;3;6;0;3;5000179094;2/7/2026;Servicios;CUMPLIDO PARCIAL;ENGLER WALTER;MR01;6/10/2026;13/3/2026;10145411;10;1;13/3/2026;13/3/2026;C26;4500122879;10;0223;1;YCOLMAN;18/3/2026;6/10/2026;C26;3;2/7/2026;;;;;;;;;;03 Cert Mensual;En curso;Verde;C26
00223 Comp Amb Santa Fe;1000085000;10;ZPAN;03-SERV. HIGIENE Y S;;2;;;;PBASILIO;1025973;SS HIG. SEG. Y MEDIO AMB. XMES;12;4;12;0;8;5000179083;2/7/2026;Servicios;CUMPLIDO PARCIAL;VIDELA HECTOR GUILLERMO;MR01;28/2/2027;17/3/2026;10145594;10;1;17/3/2026;17/3/2026;C25;4500123316;10;0223;1;MPITTIA;25/3/2026;28/2/2027;C25;4;2/7/2026;;;;;;;;;;03 Cert Mensual;En curso;Verde;C25
00223 Comp Amb Santa Fe;1000086982;10;ZPAN;03-SERV. RECOLECCION;;2;;;;PBASILIO;1022297;SERV. LIMPIEZA MAT. VOLADO, JARDINERIA;500;282,41;500;0;217,59;5000179084;2/7/2026;Servicios;CUMPLIDO PARCIAL;ASOCIACION DIGNIDAD Y VIDA SANA;MR01;8/8/2026;21/4/2026;10148190;10;1;21/4/2026;22/4/2026;C25;4500127022;10;0223;1;MPITTIA;7/5/2026;8/8/2026;C25;3;2/7/2026;;;;;;;;;;03 Cert Mensual;En curso - Próximo a vencer;Verde;C25
00223 Comp Amb Santa Fe;1000088500;10;ZPAN;03-SERV. MEDICO;;2;;;;PBASILIO;1027345;SERVICIO MEDICO X MES;12;2;12;0;10;5000179099;2/7/2026;Servicios;CUMPLIDO PARCIAL;UNIDEM S.A.;MR01;5/6/2027;15/5/2026;10150313;10;1;15/5/2026;18/5/2026;C25;4500128322;10;0223;1;MPITTIA;21/5/2026;5/6/2027;C25;2;2/7/2026;;;;;;;;;;03 Cert Mensual;En curso;Verde;C25
00223 Comp Amb Santa Fe;1000090227;10;ZPAN;03-SERV. BAÑO QUIMIC;;0;;;;PBASILIO;1026246;ALQUILER BANO QUIMICO SIN LAVAMANOS XMES;3;0;3;0;3;;;Servicios;ADJUDICADO;BAXPA S.A.;MR01;3/10/2026;12/6/2026;10152369;10;1;12/6/2026;12/6/2026;C25;4500130845;10;0223;1;MPITTIA;22/6/2026;3/10/2026;C25;0;;;;;;;;;;;03 Cert Mensual;En curso;;C25
00223 Comp Amb Santa Fe;1000091045;10;ZPAN;04-SERV. GOMERIA;;0;;;;PBASILIO;1034203;SERVICIO DE GOMERIA;1;1;1;0;0;5000179420;6/7/2026;Servicios;CUMPLIDO;FELIX IGNACIO JUAREZ;MR01;21/7/2026;30/6/2026;10153561;10;1;30/6/2026;2/7/2026;EFO;4500132040;10;0223;1;GROSES;6/7/2026;21/7/2026;EFO;1;6/7/2026;;;;;;;;;;04 Cert a Demanda;En curso - Próximo a vencer;;EFO
00223 Comp Amb Santa Fe;1000091045;20;ZPAN;04-SERV. GOMERIA;;0;;;;PBASILIO;1034203;SERVICIO DE GOMERIA;1;1;1;0;0;5000179420;6/7/2026;Servicios;CUMPLIDO;FELIX IGNACIO JUAREZ;MR01;21/7/2026;30/6/2026;10153561;20;1;30/6/2026;2/7/2026;EFO;4500132040;20;0223;1;GROSES;6/7/2026;21/7/2026;EFO;1;6/7/2026;;;;;;;;;;04 Cert a Demanda;En curso - Próximo a vencer;;EFO
00223 Comp Amb Santa Fe;1000091045;30;ZPAN;04-SERV. GOMERIA;;0;;;;PBASILIO;1034203;SERVICIO DE GOMERIA;1;1;1;0;0;5000179420;6/7/2026;Servicios;CUMPLIDO;FELIX IGNACIO JUAREZ;MR01;21/7/2026;30/6/2026;10153561;30;1;30/6/2026;2/7/2026;EFO;4500132040;30;0223;1;GROSES;6/7/2026;21/7/2026;EFO;1;6/7/2026;;;;;;;;;;04 Cert a Demanda;En curso - Próximo a vencer;;EFO
00223 Comp Amb Santa Fe;1000091045;40;ZPAN;04-SERV. GOMERIA;;0;;;;PBASILIO;1034203;SERVICIO DE GOMERIA;1;1;1;0;0;5000179420;6/7/2026;Servicios;CUMPLIDO;FELIX IGNACIO JUAREZ;MR01;21/7/2026;30/6/2026;10153561;40;1;30/6/2026;2/7/2026;EFO;4500132040;40;0223;1;GROSES;6/7/2026;21/7/2026;EFO;1;6/7/2026;;;;;;;;;;04 Cert a Demanda;En curso - Próximo a vencer;;EFO
00223 Comp Amb Santa Fe;1000091045;50;ZPAN;04-SERV. GOMERIA;;0;;;;PBASILIO;1034203;SERVICIO DE GOMERIA;1;1;1;0;0;5000179420;6/7/2026;Servicios;CUMPLIDO;FELIX IGNACIO JUAREZ;MR01;21/7/2026;30/6/2026;10153561;50;1;30/6/2026;2/7/2026;EFO;4500132040;50;0223;1;GROSES;6/7/2026;21/7/2026;EFO;1;6/7/2026;;;;;;;;;;04 Cert a Demanda;En curso - Próximo a vencer;;EFO
00223 Comp Amb Santa Fe;1000091045;60;ZPAN;04-SERV. GOMERIA;;0;;;;PBASILIO;1034203;SERVICIO DE GOMERIA;1;1;1;0;0;5000179420;6/7/2026;Servicios;CUMPLIDO;FELIX IGNACIO JUAREZ;MR01;21/7/2026;30/6/2026;10153561;60;1;30/6/2026;2/7/2026;EFO;4500132040;60;0223;1;GROSES;6/7/2026;21/7/2026;EFO;1;6/7/2026;;;;;;;;;;04 Cert a Demanda;En curso - Próximo a vencer;;EFO
00223 Comp Amb Santa Fe;1000091045;70;ZPAN;04-SERV. GOMERIA;;0;;;;PBASILIO;1034203;SERVICIO DE GOMERIA;1;1;1;0;0;5000179420;6/7/2026;Servicios;CUMPLIDO;FELIX IGNACIO JUAREZ;MR01;21/7/2026;30/6/2026;10153561;70;1;30/6/2026;2/7/2026;EFO;4500132040;70;0223;1;GROSES;6/7/2026;21/7/2026;EFO;1;6/7/2026;;;;;;;;;;04 Cert a Demanda;En curso - Próximo a vencer;;EFO
00223 Comp Amb Santa Fe;1000091045;80;ZPAN;04-SERV. GOMERIA;;0;;;;PBASILIO;1034203;SERVICIO DE GOMERIA;1;1;1;0;0;5000179420;6/7/2026;Servicios;CUMPLIDO;FELIX IGNACIO JUAREZ;MR01;21/7/2026;30/6/2026;10153561;80;1;30/6/2026;2/7/2026;EFO;4500132040;80;0223;1;GROSES;6/7/2026;21/7/2026;EFO;1;6/7/2026;;;;;;;;;;04 Cert a Demanda;En curso - Próximo a vencer;;EFO
00223 Comp Amb Santa Fe;1000091045;90;ZPAN;04-SERV. GOMERIA;;0;;;;PBASILIO;1034203;SERVICIO DE GOMERIA;1;1;1;0;0;5000179420;6/7/2026;Servicios;CUMPLIDO;FELIX IGNACIO JUAREZ;MR01;21/7/2026;30/6/2026;10153561;90;1;30/6/2026;2/7/2026;EFO;4500132040;90;0223;1;GROSES;6/7/2026;21/7/2026;EFO;1;6/7/2026;;;;;;;;;;04 Cert a Demanda;En curso - Próximo a vencer;;EFO
00223 Comp Amb Santa Fe;1000091045;100;ZPAN;04-SERV. GOMERIA;;0;;;;PBASILIO;1034203;SERVICIO DE GOMERIA;1;1;1;0;0;5000179420;6/7/2026;Servicios;CUMPLIDO;FELIX IGNACIO JUAREZ;MR01;21/7/2026;30/6/2026;10153561;100;1;30/6/2026;2/7/2026;EFO;4500132040;100;0223;1;GROSES;6/7/2026;21/7/2026;EFO;1;6/7/2026;;;;;;;;;;04 Cert a Demanda;En curso - Próximo a vencer;;EFO
00223 Comp Amb Santa Fe;1000091047;10;ZPAN;04-SUBC. INST SIST P;;2;;;;PBASILIO;1013045;SUBCONTRATO INSTALACION SISTEMAS;1;1;1;0;0;5000179452;6/7/2026;Servicios;CUMPLIDO;TURTURICCI FABIO RUBEN;MR01;21/7/2026;30/6/2026;10153571;10;1;30/6/2026;2/7/2026;C26;4500132053;10;0223;1;YCOLMAN;6/7/2026;21/7/2026;C26;1;6/7/2026;;;;;;;;;;04 Cert a Demanda;En curso - Próximo a vencer;;C26
00223 Comp Amb Santa Fe;1000091151;10;ZPAN;04-SERV. FLETE;;2;;;;PBASILIO;1012974;FLETE SEMIRREMOLQUE 14,5MT XVIAJE;1;0;1;0;1;;;Servicios;ADJUDICADO;CM TRANS SOL. LOGISTICAS SRL;MR01;17/7/2026;1/7/2026;10153727;10;1;1/7/2026;2/7/2026;C15;4500132482;10;0223;1;GDIAZ;13/7/2026;17/7/2026;C15;0;;;;;;;;;;;04 Cert a Demanda;Vencido con cant pendiente a recep;;C15
00223 Comp Amb Santa Fe;1000091399;10;ZPAN;Flete material labor;;0;;;;PBASILIO;1012981;FLETE PAQUETERIA S DETALLE XUN;1;0;0;1;0;;;Servicios;SIN TRATAMIENTO;;MR01;27/7/2026;6/7/2026;10154003;10;1;6/7/2026;6/7/2026;C15;;0;;0;;;;;0;;;;;;;;;;;Sin aclaración;En curso - Próximo a vencer;;C15
00223 Comp Amb Santa Fe;1000091466;10;ZPAN;Flete bentonita Sant;;2;;;;PBASILIO;1012974;FLETE SEMIRREMOLQUE 14,5MT XVIAJE;3;0;0;3;0;;;Servicios;SIN TRATAMIENTO;;MR01;28/7/2026;7/7/2026;10154127;10;1;7/7/2026;7/7/2026;C15;;0;;0;;;;;0;;;;;;;;;;;Sin aclaración;En curso - Próximo a vencer;;C15
00223 Comp Amb Santa Fe;1000091512;10;ZPAN;Flete bentonita;;1;;;;PBASILIO;1012974;FLETE SEMIRREMOLQUE 14,5MT XVIAJE;2;0;0;2;0;;;Servicios;SIN TRATAMIENTO;;MR01;20/7/2026;8/7/2026;10154185;10;1;8/7/2026;8/7/2026;C15;;0;;0;;;;;0;;;;;;;;;;;Sin aclaración;En curso - Próximo a vencer;;C15
00314 CASA Olavarría;1000054663;10;ZPAN;02 - TRANSPORTE PERS;;0;;;;BDEGENHART;1013113;TRANSPORTE DE PERSONAL COMBI OLA-OBRA;4610;3894;4610;0;716;5000179634;7/7/2026;Servicios;CUMPLIDO PARCIAL;GANGAS REYES MARCELO DAVID;MM01;31/10/2026;24/9/2024;10106373;10;1;24/9/2024;24/9/2024;C25;4500085234;10;0026;1;MPITTIA;4/10/2024;31/10/2026;C25;40;7/7/2026;;;;;;;;;;02 Cert Quincenal;En curso;Verde;C25
00314 CASA Olavarría;1000054663;20;ZPAN;02 - TRANSPORTE PERS;;0;;;;BDEGENHART;1013113;TRANSPORTE DE PERSONAL COMBI CENTRAL;1160;821;1160;0;339;5000179634;7/7/2026;Servicios;CUMPLIDO PARCIAL;GANGAS REYES MARCELO DAVID;MM01;31/10/2026;24/9/2024;10106373;20;1;24/9/2024;24/9/2024;C25;4500085234;20;0026;1;MPITTIA;4/10/2024;31/10/2026;C25;40;7/7/2026;;;;;;;;;;02 Cert Quincenal;En curso;Verde;C25
00314 CASA Olavarría;1000054663;30;ZPAN;02 - TRANSPORTE PERS;;0;;;;BDEGENHART;1013113;TRANSPORTE DE PERSONAL COMBI Z. SERRANA;2310;1934;2310;0;376;5000179634;7/7/2026;Servicios;CUMPLIDO PARCIAL;GANGAS REYES MARCELO DAVID;MM01;31/10/2026;24/9/2024;10106373;30;1;24/9/2024;24/9/2024;C25;4500085234;30;0026;1;MPITTIA;4/10/2024;31/10/2026;C25;40;7/7/2026;;;;;;;;;;02 Cert Quincenal;En curso;Verde;C25
00314 CASA Olavarría;1000054663;40;ZPAN;02 - TRANSPORTE PERS;;0;;;;BDEGENHART;1013113;TRANSPORTE DE PERSONAL COMBI LOMA N-OBRA;1160;1160;1160;0;0;5000166056;19/3/2026;Servicios;CUMPLIDO;GANGAS REYES MARCELO DAVID;MM01;31/10/2026;24/9/2024;10106373;40;1;24/9/2024;24/9/2024;C25;4500085234;40;0026;1;MPITTIA;4/10/2024;31/10/2026;C25;33;19/3/2026;;;;;;;;;;02 Cert Quincenal;En curso - Total recepcionado;;C25
00314 CASA Olavarría;1000054663;50;ZPAN;02 - TRANSPORTE PERS;;0;;;;BDEGENHART;1013113;TRANSPORTE DE PERSONAL REMIS LOMA N-OBRA;2310;1265;2310;0;1045;5000179629;7/7/2026;Servicios;CUMPLIDO PARCIAL;GANGAS REYES MARCELO DAVID;MM01;31/10/2026;24/9/2024;10106373;50;1;24/9/2024;24/9/2024;C25;4500085665;10;0026;2;MPITTIA;14/10/2024;31/10/2026;C25;44;7/7/2026;;;;;;;;;;02 Cert Quincenal;En curso;Verde;C25
00314 CASA Olavarría;1000060707;20;ZPAN;03 - DISPENSER DE AG;;0;10;4;9/6/2026;BDEGENHART;1013138;SERVICIO BOTELLON DE 20 LTS XUN;2300;1908;1908;392;392;5000171071;29/4/2026;Servicios;CUMPLIDO;CRIMALDI BRUNO;MM01;31/1/2026;22/1/2025;10113983;20;1;22/1/2025;22/1/2025;C25;4500093045;20;0026;1;MPITTIA;7/2/2025;31/1/2026;C25;20;29/4/2026;;;;;;;;;;03 Cert Mensual;Vencido con cant pendiente a recep;;C25
00314 CASA Olavarría;1000067300;10;ZPAN;ZPI 4-5469 Control d;;0;;;;BDEGENHART;1013139;SS CONTROL DE PLAGAS XUN;12;9;12;0;3;5000179639;7/7/2026;Servicios;CUMPLIDO PARCIAL;CARDOSO JOSE DANIEL;MM01;30/10/2026;22/5/2025;10122035;10;1;22/5/2025;23/5/2025;C25;4500101570;10;0026;1;MPITTIA;17/6/2025;30/10/2026;C25;9;7/7/2026;;;;;;;;;;Sin aclaración;En curso;;C25
00314 CASA Olavarría;1000067660;10;ZPAN;AFILADO DE BROCAS;;0;;;;ANAVARRO;1033687;AFILADO DE BROCA;1300;1271;1300;0;29;5000156570;23/12/2025;Servicios;CUMPLIDO PARCIAL;MARINA SOLEDAD SAENZ;MM01;31/12/2025;28/5/2025;10122527;10;1;28/5/2025;4/6/2025;C03;4500100810;10;0026;1;GROSES;5/6/2025;27/8/2026;C03;12;23/12/2025;;;;;;;;;;Sin aclaración;Vencido con cant pendiente a recep;;C03
00314 CASA Olavarría;1000067800;10;ZPAN;03 - TOPOGRAFIA;;0;;;;BDEGENHART;1027430;SERVICIO DE TOPOGRAFIA - VUELO CABAÑITA;12;12;12;0;0;5000179637;7/7/2026;Servicios;CUMPLIDO;DOMINGUEZ ELIAS IVAN;MM01;31/7/2026;29/5/2025;10122730;10;1;29/5/2025;31/5/2025;C26;4500100606;10;0026;1;AGONZALEZ;3/6/2025;31/7/2026;C26;12;7/7/2026;;;;;;;;;;03 Cert Mensual;En curso - Próximo a vencer;Verde;C26
00314 CASA Olavarría;1000067800;20;ZPAN;03 - TOPOGRAFIA;;0;;;;BDEGENHART;1027430;SERVICIO DE TOPOGRAFIA - VUELO PROVIDENC;12;12;12;0;0;5000179637;7/7/2026;Servicios;CUMPLIDO;DOMINGUEZ ELIAS IVAN;MM01;31/7/2026;29/5/2025;10122730;20;1;29/5/2025;31/5/2025;C26;4500100606;20;0026;1;AGONZALEZ;3/6/2025;31/7/2026;C26;12;7/7/2026;;;;;;;;;;03 Cert Mensual;En curso - Próximo a vencer;Verde;C26
00314 CASA Olavarría;1000067800;30;ZPAN;03 - TOPOGRAFIA;;0;;;;BDEGENHART;1027430;SERVICIO DE TOPOGRAFIA - VUELO GRANITO;12;12;12;0;0;5000179637;7/7/2026;Servicios;CUMPLIDO;DOMINGUEZ ELIAS IVAN;MM01;31/7/2026;29/5/2025;10122730;30;1;29/5/2025;31/5/2025;C26;4500100606;30;0026;1;AGONZALEZ;3/6/2025;31/7/2026;C26;12;7/7/2026;;;;;;;;;;03 Cert Mensual;En curso - Próximo a vencer;Verde;C26
00314 CASA Olavarría;1000069905;10;ZPAN;extencion OC 4500091;;0;;;;ANAVARRO;1034203;SERVICIO DE GOMERIA;10000000;9263500;10000000;0;736500;5000158323;14/1/2026;Servicios;CUMPLIDO PARCIAL;ROJAS DIEGO HECTOR;MM01;31/12/2025;8/7/2025;10125614;10;1;8/7/2025;8/7/2025;C04;4500103438;10;0026;1;GROSES;11/7/2025;21/7/2026;C04;10;14/1/2026;;;;;;;;;;Sin aclaración;Vencido con cant pendiente a recep;;C04
00314 CASA Olavarría;1000071563;10;ZPAN;03 - INTERNET;;0;;;;ANAVARRO;1025931;SERVICIO DE INTERNET X MES;12;11;12;0;1;5000179638;7/7/2026;Servicios;CUMPLIDO PARCIAL;IPERACTIVE S.A.;MM01;15/8/2026;5/8/2025;10127735;10;1;5/8/2025;7/8/2025;C25;4500105699;10;0026;1;MPITTIA;11/8/2025;15/8/2026;C25;11;7/7/2026;;;;;;;;;;03 Cert Mensual;En curso - Próximo a vencer;Verde;C25
00314 CASA Olavarría;1000077602;10;ZPAN;VIANDA - MERIENDA Y;;0;;;;DBENITEZ;1013116;VIANDA ALMUERZO PUESTA EN OBRA XUN;8000;2465;8000;0;5535;5000179636;7/7/2026;Servicios;CUMPLIDO PARCIAL;HOJMAN JORGE ALFREDO;MM01;30/6/2026;12/11/2025;10135745;10;1;12/11/2025;18/11/2025;C25;4500114017;10;0026;1;MPITTIA;27/11/2025;2/12/2026;C25;11;7/7/2026;;;;;;;;;;Sin aclaración;Vencido con cant pendiente a recep;;C25
00314 CASA Olavarría;1000077602;20;ZPAN;VIANDA - MERIENDA Y;;0;;;;DBENITEZ;1013120;VIANDA DESAYUNO XUN;18000;9372;18000;0;8628;5000179636;7/7/2026;Servicios;CUMPLIDO PARCIAL;HOJMAN JORGE ALFREDO;MM01;30/6/2026;12/11/2025;10135745;20;1;12/11/2025;18/11/2025;C25;4500114017;20;0026;1;MPITTIA;27/11/2025;2/12/2026;C25;15;7/7/2026;;;;;;;;;;Sin aclaración;Vencido con cant pendiente a recep;;C25
00314 CASA Olavarría;1000077602;30;ZPAN;VIANDA - MERIENDA Y;;0;;;;DBENITEZ;1013122;VIANDA MERIENDA XUN;18000;7322;18000;0;10678;5000179636;7/7/2026;Servicios;CUMPLIDO PARCIAL;HOJMAN JORGE ALFREDO;MM01;30/6/2026;12/11/2025;10135745;30;1;12/11/2025;18/11/2025;C25;4500114017;30;0026;1;MPITTIA;27/11/2025;2/12/2026;C25;15;7/7/2026;;;;;;;;;;Sin aclaración;Vencido con cant pendiente a recep;;C25
00314 CASA Olavarría;1000077711;10;ZPAN;Extencion OC tt Buen;;0;;;;DBENITEZ;1012981;SERVICIO FLETE BS AS - OLAVARRIA;5000000;4158813,41;5000000;0;841186,59;5000174579;28/5/2026;Servicios;CUMPLIDO PARCIAL;LOGISTICA VW S.A;MM01;1/5/2026;13/11/2025;10135911;10;1;13/11/2025;18/11/2025;C15;4500114063;10;0026;1;GDIAZ;27/11/2025;1/8/2026;C15;27;28/5/2026;;;;;;;;;;Sin aclaración;Vencido con cant pendiente a recep;;C15
00314 CASA Olavarría;1000079042;10;ZPAN;03 - INTERNET;;0;;;;ANAVARRO;1034212;SERVICIO DE INTERNET STARLINK X MES;12;8;12;0;4;5000179644;7/7/2026;Servicios;CUMPLIDO PARCIAL;JAWIT S.A.;MM01;30/11/2026;4/12/2025;10137549;10;1;4/12/2025;5/12/2025;C25;4500115862;10;0026;1;MPITTIA;20/12/2025;30/11/2026;C25;8;7/7/2026;;;;;;;;;;03 Cert Mensual;En curso;Verde;C25
00314 CASA Olavarría;1000080073;10;ZPAN;AFILADO DE BROCAS;;0;;;;ANAVARRO;1033687;AFILADO DE BROCA;2000;1952;2000;0;48;5000178830;1/7/2026;Servicios;CUMPLIDO PARCIAL;MARINA SOLEDAD SAENZ;MM01;30/6/2026;23/12/2025;10138947;10;1;23/12/2025;7/1/2026;C03;4500117198;10;0026;1;GROSES;12/1/2026;28/7/2026;C03;14;1/7/2026;;;;;;;;;;Sin aclaración;Vencido con cant pendiente a recep;;C03
00314 CASA Olavarría;1000080960;10;ZPAN;Extencion OC 4500114;;0;;;;ANAVARRO;1012981;FLETE PAQUETERIA S DETALLE XUN;24000000;22701034;24000000;0;1298966;5000177033;16/6/2026;Servicios;CUMPLIDO PARCIAL;MP TRANSPORTES S.R.L.;MR01;15/4/2026;13/1/2026;10140245;10;1;13/1/2026;14/1/2026;C15;4500117971;10;0314;1;JPUPULIN;20/1/2026;15/8/2026;C15;5;16/6/2026;;;;;;;;;;Sin aclaración;Vencido con cant pendiente a recep;;C15
00314 CASA Olavarría;1000081693;10;ZPAN;Extencion OC 4500103;;0;;;;ANAVARRO;1034203;SERVICIO DE GOMERIA;10000000;7067500;10000000;0;2932500;5000176956;16/6/2026;Servicios;CUMPLIDO PARCIAL;ROJAS DIEGO HECTOR;MM01;30/6/2026;26/1/2026;10141318;10;1;26/1/2026;26/1/2026;C04;4500118648;10;0026;1;GROSES;28/1/2026;30/9/2026;C04;5;16/6/2026;;;;;;;;;;Sin aclaración;Vencido con cant pendiente a recep;;C04
00314 CASA Olavarría;1000082647;10;ZPAN;02 - TRANSPORTE PERS;;0;;4;4/3/2026;ANAVARRO;1013113;TRANSPORTE DE PERSONAL XVIAJE;600;588;600;0;12;5000175603;4/6/2026;Servicios;RESPONDIDO;GANGAS REYES MARCELO DAVID;MM01;30/8/2026;9/2/2026;10142561;10;1;9/2/2026;9/2/2026;C25;4500121227;10;0026;1;MPITTIA;2/3/2026;30/8/2026;C25;10;4/6/2026;;;;;;;;;;02 Cert Quincenal;En curso - Próximo a vencer;Rojo;C25
00314 CASA Olavarría;1000082731;10;ZPAN;SERVICIO GPS;;0;;;;ANAVARRO;1025940;SERVICIO DE RASTREO SATELITAL VEHICUL XU;75;0;75;0;75;;;Servicios;ADJUDICADO;VIDEOLOCALIZA S.A.S.;MM01;15/5/2026;10/2/2026;10142650;10;1;10/2/2026;10/2/2026;C04;4500121473;10;0026;1;DMORAN;4/3/2026;28/7/2026;C04;0;;;;;;;;;;;Sin aclaración;Vencido con cant pendiente a recep;;C04
00314 CASA Olavarría;1000084403;10;ZPAN;SRVICIO RSV;;0;;;;ANAVARRO;1054188;CAMARA ORBCOM FM5610;19;19;19;0;0;5000173720;20/5/2026;Materiales Stock;CUMPLIDO;AC SAT S.R.L.;MM01;30/3/2028;9/3/2026;10144906;10;1;9/3/2026;9/3/2026;C04;4500126945;10;0026;2;EFUNES;6/5/2026;30/3/2028;C04;5;20/5/2026;;;;;;;;;;Sin aclaración;En curso - Total recepcionado;;C04
00314 CASA Olavarría;1000084403;20;ZPAN;SRVICIO RSV;;0;;;;ANAVARRO;1054190;MONTAJE CAMARA ORBCOM;19;19;19;0;0;5000173720;20/5/2026;Materiales Stock;CUMPLIDO;AC SAT S.R.L.;MM01;30/3/2028;9/3/2026;10144906;20;1;9/3/2026;9/3/2026;C04;4500126945;20;0026;2;EFUNES;6/5/2026;30/3/2028;C04;5;20/5/2026;;;;;;;;;;Sin aclaración;En curso - Total recepcionado;;C04
00314 CASA Olavarría;1000084403;30;ZPAN;SRVICIO RSV;;0;;;;ANAVARRO;1054191;SERVICIO SOFWARE RSV FM6510;456;38;456;0;418;5000178312;26/6/2026;Materiales Stock;RECEPCIONADO PARCIAL;AC SAT S.R.L.;MM01;30/3/2028;9/3/2026;10144906;30;1;9/3/2026;9/3/2026;C04;4500126945;30;0026;2;EFUNES;6/5/2026;30/3/2028;C04;2;26/6/2026;;;;;;;;;;Sin aclaración;En curso;;C04
00314 CASA Olavarría;1000085133;10;ZPAN;Extencion OC 4500085;;0;10;4;7/4/2026;ANAVARRO;1013113;TRANSPORTE DE PERSONAL COMBI LOMA N-OBRA;192;0;0;192;192;;;Servicios;CUMPLIDO;;MM01;13/9/2026;19/3/2026;10145794;10;1;19/3/2026;19/3/2026;C25;;0;;1;;;;;0;;;;;;;;;;;Sin aclaración;En curso;;C25
00314 CASA Olavarría;1000085419;10;ZPAN;03 - DISPENSER DE AG;;0;;;;ANAVARRO;1025992;ALQUILER DISPENSER FRIO CALOR x MES;160;68;160;0;92;5000179642;7/7/2026;Servicios;CUMPLIDO PARCIAL;CRIMALDI BRUNO;MM01;31/12/2026;25/3/2026;10146181;10;1;25/3/2026;30/3/2026;C25;4500124266;10;0026;1;MPITTIA;7/4/2026;31/12/2026;C25;5;7/7/2026;;;;;;;;;;03 Cert Mensual;En curso;Verde;C25
00314 CASA Olavarría;1000085419;20;ZPAN;03 - DISPENSER DE AG;;0;;;;ANAVARRO;1013138;SERVICIO BOTELLON DE 20 LTS XUN;1600;539;1600;0;1061;5000179642;7/7/2026;Servicios;CUMPLIDO PARCIAL;CRIMALDI BRUNO;MM01;31/12/2026;25/3/2026;10146181;20;1;25/3/2026;30/3/2026;C25;4500124266;20;0026;1;MPITTIA;7/4/2026;31/12/2026;C25;4;7/7/2026;;;;;;;;;;03 Cert Mensual;En curso;Verde;C25
00314 CASA Olavarría;1000086010;10;ZPAN;03 - CABLE;;0;;;;ANAVARRO;1022295;SERVICIO DE DIRECTV XMES;12;4;12;0;8;5000179640;7/7/2026;Servicios;CUMPLIDO PARCIAL;DIRECTV ARGENTINA S.A.;MR01;24/4/2027;6/4/2026;10146908;10;1;6/4/2026;7/4/2026;C25;4500124865;10;0314;1;MPITTIA;13/4/2026;24/4/2027;C25;4;7/7/2026;;;;;;;;;;03 Cert Mensual;En curso;Verde;C25
00314 CASA Olavarría;1000086020;10;ZPAN;EXTENCION OC 4500095;;0;;;;ANAVARRO;1022295;LICENCIAS DE USUARIO SOBEREYE;88;88;88;0;0;5000179648;7/7/2026;Servicios;CUMPLIDO;SAVE TRACK S.A.;MM01;24/8/2026;6/4/2026;10146919;10;1;6/4/2026;7/4/2026;C25;4500125134;10;0026;1;MPITTIA;16/4/2026;24/8/2026;C25;4;7/7/2026;;;;;;;;;;Sin aclaración;En curso - Próximo a vencer;;C25
00314 CASA Olavarría;1000087382;10;ZPAN;POLIZA TANQUE;;0;;;;NLAFORNARO;1012967;POLIZA 285379 ENDOSO 9;1;1;1;0;0;5000172267;8/5/2026;Servicios;CUMPLIDO;FEDERACION PATRONAL SEG. S.A.;MR01;28/4/2027;28/4/2026;10148753;10;1;28/4/2026;28/4/2026;C16;4500127131;10;0314;1;LSORRENTINO;8/5/2026;28/4/2027;C16;1;8/5/2026;;;;;;;;;;Sin aclaración;En curso - Total recepcionado;;C16
00314 CASA Olavarría;1000088646;10;ZPAN;FORMALIZACION Subc.;;0;;;;ANAVARRO;1042063;SUBC. PERFORACIÓN;1000;637;1000;0;363;5000176221;9/6/2026;Servicios;CUMPLIDO PARCIAL;PATAGONIA DRILLING S. R. L.;MM01;31/8/2026;19/5/2026;10150482;10;1;19/5/2026;20/5/2026;C26;4500128448;10;0026;1;YCOLMAN;22/5/2026;30/8/2026;C26;3;9/6/2026;;;;;;;;;;Sin aclaración;En curso - Próximo a vencer;;C26
00314 CASA Olavarría;1000088680;10;ZPAN;02 - TRANSPORTE PERS;;0;;;;ANAVARRO;1013113;TRANSPORTE DE PERSONAL XVIAJE;1200;146;1200;0;1054;5000179628;7/7/2026;Servicios;CUMPLIDO PARCIAL;GANGAS REYES MARCELO DAVID;MM01;31/12/2026;19/5/2026;10150541;10;1;19/5/2026;20/5/2026;C25;4500129709;10;0026;1;MPITTIA;9/6/2026;31/12/2026;C25;3;7/7/2026;;;;;;;;;;02 Cert Quincenal;En curso;Verde;C25
00314 CASA Olavarría;1000089607;10;ZPAN;EXTENCION OC 4500121;;0;;;;ANAVARRO;1013113;TRANSPORTE DE PERSONAL X VIAJE;1200;134;1200;0;1066;5000179632;7/7/2026;Servicios;CUMPLIDO PARCIAL;GANGAS REYES MARCELO DAVID;MM01;31/12/2026;3/6/2026;10151682;10;1;3/6/2026;8/6/2026;C25;4500130316;10;0026;1;MPITTIA;16/6/2026;31/12/2026;C25;2;7/7/2026;;;;;;;;;;Sin aclaración;En curso;;C25
00314 CASA Olavarría;1000089943;10;ZPAN;03 - RETIRO RESIDUOS;;0;;;;ANAVARRO;1022295;RECOLECCION DE RESIDUOS RSU XUN;48;1;48;0;47;5000179647;7/7/2026;Servicios;CUMPLIDO PARCIAL;TRANSPORTE MALVINAS SRL;MM01;31/5/2027;10/6/2026;10152115;10;1;10/6/2026;11/6/2026;C25;4500130343;10;0026;2;MPITTIA;17/6/2026;31/5/2027;C25;1;7/7/2026;;;;;;;;;;03 Cert Mensual;En curso;Verde;C25
00314 CASA Olavarría;1000089943;20;ZPAN;03 - RETIRO RESIDUOS;;0;;;;ANAVARRO;1022295;TASAS MUNICIPALES;1200000;49449;1200000;0;1150551;5000179647;7/7/2026;Servicios;CUMPLIDO PARCIAL;TRANSPORTE MALVINAS SRL;MM01;31/5/2027;10/6/2026;10152115;20;1;10/6/2026;11/6/2026;C25;4500130343;20;0026;2;MPITTIA;17/6/2026;31/5/2027;C25;1;7/7/2026;;;;;;;;;;03 Cert Mensual;En curso;Verde;C25
00314 CASA Olavarría;1000090299;10;ZPAN;CAPACITACION EN OBRA;;0;;;;ANAVARRO;1022313;CAPACITACION CORPORATIVA x U;1;0;1;0;1;;;Servicios;ADJUDICADO;ARCANGEL PREVENCION DIGITAL SRL;MM01;30/7/2026;16/6/2026;10152491;10;1;16/6/2026;17/6/2026;C24;4500131716;10;0026;1;MPITTIA;1/7/2026;30/7/2026;C24;0;;;;;;;;;;;Sin aclaración;En curso - Próximo a vencer;;C24
00314 CASA Olavarría;1000090350;10;ZPAN;SERVICIO DE FLETE/PA;;0;;;;ANAVARRO;1012981;FLETE PAQUETERIA S DETALLE XUN;24000000;0;24000000;0;24000000;;;Servicios;ADJUDICADO;MP TRANSPORTES S.R.L.;MM01;31/12/2026;16/6/2026;10152550;10;1;16/6/2026;17/6/2026;C15;4500132438;10;0026;1;GDIAZ;10/7/2026;31/12/2026;C15;0;;;;;;;;;;;Sin aclaración;En curso;;C15
00314 CASA Olavarría;1000090888;10;ZPAN;ZPIN 4000006728 - SE;;0;;;;ANAVARRO;1034203;SERVICIO DE GOMERIA;5000000;0;5000000;0;5000000;;;Servicios;ADJUDICADO;BUSTAMANTE CARLOS ALBERTO;MM01;31/12/2026;26/6/2026;10153349;10;1;26/6/2026;29/6/2026;C25;4500132031;10;0026;1;MPITTIA;6/7/2026;31/12/2026;C25;0;;;;;;;;;;;Sin aclaración;En curso;;C25
00314 CASA Olavarría;1000091115;10;ZPAN;AFILADO DE BROCAS;;0;;;;ANAVARRO;1033687;AFILADO DE BROCA;2000;0;2000;0;2000;;;Servicios;ADJUDICADO;MARINA SOLEDAD SAENZ;MM01;31/12/2026;1/7/2026;10153642;10;1;1/7/2026;2/7/2026;C03;4500132178;10;0026;1;EFUNES;7/7/2026;31/12/2026;C03;0;;;;;;;;;;;Sin aclaración;En curso;;C03
00314 CASA Olavarría;1000091438;10;ZPAN;03 - TOPOGRAFIA;;0;;;;ANAVARRO;1027430;SERVICIO DE TOPOGRAFIA - VUELO CABAÑITAS;12;0;12;0;12;;;Servicios;ADJUDICADO;DOMINGUEZ ELIAS IVAN;MM01;28/7/2027;7/7/2026;10154048;40;1;13/7/2026;14/7/2026;C26;4500132661;30;0026;1;YCOLMAN;14/7/2026;28/7/2027;C26;0;;;;;;;;;;;03 Cert Mensual;En curso;;C26
00314 CASA Olavarría;1000091438;20;ZPAN;03 - TOPOGRAFIA;;0;;;;ANAVARRO;1027430;SERVICIO DE TOPOGRAFIA - VUELO PROVIDENC;12;0;12;0;12;;;Servicios;ADJUDICADO;DOMINGUEZ ELIAS IVAN;MM01;28/7/2027;7/7/2026;10154048;20;1;7/7/2026;7/7/2026;C26;4500132661;10;0026;1;YCOLMAN;14/7/2026;28/7/2027;C26;0;;;;;;;;;;;03 Cert Mensual;En curso;;C26
00314 CASA Olavarría;1000091438;30;ZPAN;03 - TOPOGRAFIA;;0;;;;ANAVARRO;1027430;SERVICIO DE TOPOGRAFIA - VUELO GRANITO;12;0;12;0;12;;;Servicios;ADJUDICADO;DOMINGUEZ ELIAS IVAN;MM01;28/7/2027;7/7/2026;10154048;30;1;7/7/2026;7/7/2026;C26;4500132661;20;0026;1;YCOLMAN;14/7/2026;28/7/2027;C26;0;;;;;;;;;;;03 Cert Mensual;En curso;;C26
00314 CASA Olavarría;1000091442;10;ZPAN;EXTENCION OC 4500125;;0;;;;ANAVARRO;1022295;LICENCIAS DE USUARIO SOBEREYE;90;0;90;0;90;;;Servicios;ADJUDICADO;SAVE TRACK S.A.;MM01;31/10/2026;7/7/2026;10154052;10;1;7/7/2026;8/7/2026;C25;4500132459;10;0026;1;ALOPEZ;10/7/2026;31/10/2026;C25;0;;;;;;;;;;;Sin aclaración;En curso;;C25
00035 CASA SAN LUIS-MM;1000080676;10;ZPAN;03 - SERVICIO TOPOGR;;1;;;;MALCARAZ;1027430;SERVICIO DE TOPOGRAFIA x MES;12;6;12;0;6;5000178494;29/6/2026;Servicios;CUMPLIDO PARCIAL;GRUPO SICCTOP S.R.L.;MM01;9/1/2027;9/1/2026;10139943;10;1;9/1/2026;12/1/2026;C26;4500117334;10;0035;1;AGONZALEZ;13/1/2026;1/12/2026;C26;6;29/6/2026;;;;;;;;;;03 Cert Mensual;En curso;Verde;C26
00341 Mov. Suelos San Luis;1000080764;10;ZPAN;03 - SOBEREYE;;0;;;;MALCARAZ;1022295;LICENCIAS DE USUARIO SOBEREYE;132;72;132;0;60;5000180385;14/7/2026;Servicios;CUMPLIDO PARCIAL;SAVE TRACK S.A.;MR01;30/11/2026;10/1/2026;10140049;10;1;10/1/2026;12/1/2026;C25;4500117921;10;0341;1;MPITTIA;20/1/2026;30/11/2026;C25;6;14/7/2026;;;;;;;;;;03 Cert Mensual;En curso;Verde;C25
00341 Mov. Suelos San Luis;1000080788;10;ZPAN;03 -  INTENET OBRA;;0;;;;MALCARAZ;1025931;SERVICIO DE INTERNET X MES;11;6;11;0;5;5000179088;2/7/2026;Servicios;CUMPLIDO PARCIAL;JAWIT S.A.;MR01;30/11/2026;10/1/2026;10140067;10;1;10/1/2026;12/1/2026;C25;4500117664;10;0341;1;MPITTIA;16/1/2026;30/11/2026;C25;6;2/7/2026;;;;;;;;;;03 Cert Mensual;En curso;Verde;C25
00341 Mov. Suelos San Luis;1000082444;10;ZPAN;03 - SERVICIO REMISE;;0;;;;FALBARELLOS;1018251;TRASLADO DIARIO X KM;32000;32000;32000;0;0;5000176236;9/6/2026;Servicios;CUMPLIDO;DOMINGO MARTIN FERNANDO;MR01;15/8/2026;5/2/2026;10142318;10;1;5/2/2026;5/2/2026;C25;4500120560;10;0341;1;MPITTIA;23/2/2026;31/7/2026;C25;4;9/6/2026;;;;;;;;;;03 Cert Mensual;En curso - Próximo a vencer;Rojo;C25
00341 Mov. Suelos San Luis;1000083178;10;ZPAN;03 - AGUA OBRA;;0;;;;FALBARELLOS;1025992;ALQUILER DISPENSER FRIO CALOR x MES;120;24;120;0;96;5000179880;8/7/2026;Servicios;CUMPLIDO PARCIAL;ROBLA SRL;MR01;30/1/2027;18/2/2026;10143174;10;1;18/2/2026;19/2/2026;C25;4500121638;10;0341;1;MPITTIA;5/3/2026;27/2/2027;C25;4;8/7/2026;;;;;;;;;;03 Cert Mensual;En curso;Verde;C25
00341 Mov. Suelos San Luis;1000083178;20;ZPAN;03 - AGUA OBRA;;0;;;;FALBARELLOS;1013138;SERVICIO BOTELLON DE 20 LTS XUN;1150;312;1150;0;838;5000179880;8/7/2026;Servicios;CUMPLIDO PARCIAL;ROBLA SRL;MR01;30/1/2027;18/2/2026;10143174;20;1;18/2/2026;19/2/2026;C25;4500121638;20;0341;1;MPITTIA;5/3/2026;27/2/2027;C25;4;8/7/2026;;;;;;;;;;03 Cert Mensual;En curso;Verde;C25
00341 Mov. Suelos San Luis;1000084312;10;ZPAN;03 - SERVICIO LIMPIE;;0;;;;FALBARELLOS;1048681;SERVICIO LIMPIEZA OBRA X MES;2000000;1902300;2000000;0;97700;5000180833;17/7/2026;Servicios;CUMPLIDO PARCIAL;SORIA NATALIA NAZARENA;MR01;15/9/2026;6/3/2026;10144807;10;1;6/3/2026;9/3/2026;C25;4500123670;10;0341;1;MPITTIA;30/3/2026;15/9/2026;C25;10;17/7/2026;;;;;;;;;;03 Cert Mensual;En curso;Verde;C25
00035 CASA SAN LUIS-MM;1000084409;10;ZPAN;SRVICIO RSV - 341;;0;;;;ANAVARRO;1054188;CAMARA ORBCOM FM5610;3;2;3;0;1;5000173722;20/5/2026;Materiales Stock;RECEPCIONADO PARCIAL;AC SAT S.R.L.;MM01;30/3/2028;9/3/2026;10144911;10;1;9/3/2026;9/3/2026;C04;4500126945;40;0035;2;EFUNES;6/5/2026;30/3/2028;C04;3;20/5/2026;;;;;;;;;;Sin aclaración;En curso;;C04
00035 CASA SAN LUIS-MM;1000084409;20;ZPAN;SRVICIO RSV - 341;;0;;;;ANAVARRO;1054190;MONTAJE CAMARA ORBCOM;3;2;3;0;1;5000173722;20/5/2026;Materiales Stock;RECEPCIONADO PARCIAL;AC SAT S.R.L.;MM01;30/3/2028;9/3/2026;10144911;20;1;9/3/2026;9/3/2026;C04;4500126945;50;0035;2;EFUNES;6/5/2026;30/3/2028;C04;3;20/5/2026;;;;;;;;;;Sin aclaración;En curso;;C04
00035 CASA SAN LUIS-MM;1000084409;30;ZPAN;SRVICIO RSV - 341;;0;;;;ANAVARRO;1054191;SERVICIO SOFWARE RSV FM6510;72;0;72;0;72;;;Materiales Stock;ADJUDICADO;AC SAT S.R.L.;MM01;30/3/2028;9/3/2026;10144911;30;1;9/3/2026;9/3/2026;C04;4500126945;60;0035;2;EFUNES;6/5/2026;30/3/2028;C04;0;;;;;;;;;;;Sin aclaración;En curso;;C04
00341 Mov. Suelos San Luis;1000087781;10;ZPAN;03 - VIANDAS;;20;;;;FALBARELLOS;1013121;VIANDA ALMUERZO XUN;16380;2314;16380;0;14066;5000180417;14/7/2026;Servicios;CUMPLIDO;MIRASOLES SRL;MR01;1/6/2027;5/5/2026;10149240;10;1;5/5/2026;6/5/2026;C25;4500128666;10;;2;MPITTIA;27/5/2026;1/6/2027;C25;2;14/7/2026;;;;;;;;;;03 Cert Mensual;En curso;Verde;C25
00341 Mov. Suelos San Luis;1000087781;20;ZPAN;03 - VIANDAS;;20;;;;FALBARELLOS;1013121;SERVICIO ALMUERZO ASADO X 30KG;52;4;52;0;48;5000180417;14/7/2026;Servicios;CUMPLIDO;MIRASOLES SRL;MR01;1/6/2027;5/5/2026;10149240;20;1;5/5/2026;6/5/2026;C25;4500128666;20;;2;MPITTIA;27/5/2026;1/6/2027;C25;1;14/7/2026;;;;;;;;;;03 Cert Mensual;En curso;Verde;C25
00035 CASA SAN LUIS-MM;1000088106;10;ZPAN;03 - TRANSPORTE PERS;;0;;4;7/7/2026;FALBARELLOS;1022296;TRANSP EXT. COMBI X VIAJE SL/LA CALERA;75;58;58;17;17;5000176839;12/6/2026;Servicios;RESPONDIDO;THOMAS BUS S. R. L.;MM01;1/6/2026;11/5/2026;10149744;10;1;11/5/2026;11/5/2026;C25;4500128298;10;0035;1;MPITTIA;21/5/2026;15/6/2026;C25;1;12/6/2026;;;;;;;;;;03 Cert Mensual;Vencido con cant pendiente a recep;;C25
00035 CASA SAN LUIS-MM;1000088106;20;ZPAN;03 - TRANSPORTE PERS;;0;;4;7/7/2026;FALBARELLOS;1022296;TRANSP EXT. AUTO X VIAJE SL/LA PUNTA;140;106;106;34;34;5000176839;12/6/2026;Servicios;RESPONDIDO;THOMAS BUS S. R. L.;MM01;1/6/2026;11/5/2026;10149744;20;1;11/5/2026;11/5/2026;C25;4500128298;20;0035;1;MPITTIA;21/5/2026;15/6/2026;C25;1;12/6/2026;;;;;;;;;;03 Cert Mensual;Vencido con cant pendiente a recep;;C25
00035 CASA SAN LUIS-MM;1000088106;30;ZPAN;03 - TRANSPORTE PERS;;0;;4;7/7/2026;FALBARELLOS;1022296;TRANSP EXT. AUTO X VIAJE SL/NOGOLI;35;8;8;27;27;5000176839;12/6/2026;Servicios;RESPONDIDO;THOMAS BUS S. R. L.;MM01;1/6/2026;11/5/2026;10149744;30;1;11/5/2026;11/5/2026;C25;4500128298;30;0035;1;MPITTIA;21/5/2026;15/6/2026;C25;1;12/6/2026;;;;;;;;;;03 Cert Mensual;Vencido con cant pendiente a recep;;C25
00341 Mov. Suelos San Luis;1000089014;10;ZPAN;03 - VIGILANCIA PATR;;0;;;;FALBARELLOS;1013146;SERVICIO DE VIGILANCIA DIURNA XHS;4200;0;4200;0;4200;;;Servicios;ADJUDICADO;PROSEGUR SA;MR01;1/6/2027;26/5/2026;10150944;10;1;26/5/2026;26/5/2026;C25;4500129001;10;0341;1;MPITTIA;29/5/2026;1/6/2027;C25;0;;;;;;;;;;;03 Cert Mensual;En curso;;C25
00341 Mov. Suelos San Luis;1000089035;10;ZPAN;03 - SERVICIO TRASLA;;0;;;;FALBARELLOS;1013113;TRANSPORTE COMBI SAN LUIS - LA CALERA;900;0;900;0;900;;;Servicios;ADJUDICADO;THOMAS BUS S. R. L.;MR01;1/6/2027;26/5/2026;10150966;10;1;26/5/2026;26/5/2026;C25;4500129282;10;0341;1;MPITTIA;3/6/2026;15/6/2027;C25;2;;;;;;;;;;;03 Cert Mensual;En curso;;C25
00341 Mov. Suelos San Luis;1000089035;20;ZPAN;03 - SERVICIO TRASLA;;0;;;;FALBARELLOS;1013113;TRANSPORTE SAN LUIS - LA PUNTA;1680;0;1680;0;1680;;;Servicios;ADJUDICADO;THOMAS BUS S. R. L.;MR01;1/6/2027;26/5/2026;10150966;20;1;26/5/2026;26/5/2026;C25;4500129282;20;0341;1;MPITTIA;3/6/2026;15/6/2027;C25;2;;;;;;;;;;;03 Cert Mensual;En curso;;C25
00341 Mov. Suelos San Luis;1000089035;30;ZPAN;03 - SERVICIO TRASLA;;0;;;;FALBARELLOS;1013113;TRANSPORTE SAN LUIS - NOGOLI;480;0;480;0;480;;;Servicios;ADJUDICADO;THOMAS BUS S. R. L.;MR01;1/6/2027;26/5/2026;10150966;30;1;26/5/2026;26/5/2026;C25;4500129282;30;0341;1;MPITTIA;3/6/2026;15/6/2027;C25;2;;;;;;;;;;;03 Cert Mensual;En curso;;C25
00035 CASA SAN LUIS-MM;1000089133;10;ZPAN;RECARGAS TUBOS;;0;10;4;3/6/2026;FALBARELLOS;1013043;RECARGA DE MATAFUEGO - ADICIONALES;271685,27;271685;271685;0;0,27;5000177836;23/6/2026;Servicios;CUMPLIDO;ASENSIO ERNESTO RUBEN;MM01;16/6/2026;27/5/2026;10151062;10;1;27/5/2026;27/5/2026;C25;4500129218;10;0035;1;MPITTIA;2/6/2026;16/6/2026;C25;1;23/6/2026;;;;;;;;;;Sin aclaración;Vencido con cant pendiente a recep;;C25
00341 Mov. Suelos San Luis;1000089491;10;ZPAN;03 - SERVICIO REMISE;;0;;;;FALBARELLOS;1018251;TRASLADO DIARIO X KM;9000;4500;9000;0;4500;5000179158;2/7/2026;Servicios;CUMPLIDO PARCIAL;DOMINGO MARTIN FERNANDO;MR01;23/6/2026;2/6/2026;10151506;10;1;2/6/2026;2/6/2026;C25;4500129675;10;0341;1;MPITTIA;8/6/2026;10/8/2026;C25;1;2/7/2026;;;;;;;;;;03 Cert Mensual;Vencido con cant pendiente a recep;;C25
00035 CASA SAN LUIS-MM;1000091233;10;ZPAN;PROTOCOLO PAT 2026;;0;;;;FALBARELLOS;1042105;PROTOCOLO PAT 2026;1;0;1;0;1;;;Servicios;ADJUDICADO;ROMANI NESTOR GABRIEL;MM01;23/7/2026;2/7/2026;10153797;10;1;2/7/2026;3/7/2026;C26;4500131964;10;0035;1;YCOLMAN;3/7/2026;18/7/2026;C26;0;;;;;;;;;;;Sin aclaración;En curso - Próximo a vencer;;C26
00341 Mov. Suelos San Luis;1000091453;10;ZPAN;04 - DESAGOTE POZO C;;0;;;;FALBARELLOS;1013026;DESAGOTE DE POZO CIEGO;12;0;12;0;12;;;Servicios;ADJUDICADO;CROS SERVICIOS GENERALES SRL;MR01;28/7/2026;7/7/2026;10154090;10;1;7/7/2026;7/7/2026;C25;4500132284;10;0341;1;MPITTIA;8/7/2026;28/7/2026;C25;0;;;;;;;;;;;04 Cert a Demanda;En curso - Próximo a vencer;;C25
00341 Mov. Suelos San Luis;1000091742;10;ZPAN;PROTOCOLO MAT. PARTI;;0;;;;FALBARELLOS;1022295;ANALISIS DE PART. TOTALES EN PUESTOS;4;0;0;4;0;;;Servicios;SIN TRATAMIENTO;;MR01;31/7/2026;13/7/2026;10154574;10;1;13/7/2026;13/7/2026;C25;;0;;0;;;;;0;;;;;;;;;;;Sin aclaración;En curso - Próximo a vencer;;C25
00341 Mov. Suelos San Luis;1000091760;10;ZPAN;REG. HS ESPECIALES J;;0;;;;FALBARELLOS;1013146;HORAS ESPECIALES SERVICIO VIGILANCIA;16;0;0;16;0;;;Servicios;SIN TRATAMIENTO;;MR01;3/8/2026;14/7/2026;10154603;10;1;14/7/2026;14/7/2026;C25;;0;;0;;;;;0;;;;;;;;;;;Sin aclaración;En curso - Próximo a vencer;;C25
00035 CASA SAN LUIS-MM;1000092124;10;ZPAN;REG. RECARGA TUBOS;;0;;;;FALBARELLOS;1013043;RECARGA DE MATAFUEGO - ADICIONALES;771306;0;0;771306;0;;;Servicios;SIN TRATAMIENTO;;MM01;7/8/2026;20/7/2026;10155085;10;1;20/7/2026;20/7/2026;C25;;0;;0;;;;;0;;;;;;;;;;;Sin aclaración;En curso - Próximo a vencer;;C25
00365 RIO TINTO;1000070246;10;ZPAN;OC ABIERTA CRIM VOLV;;0;;;;CSOSA;1042545;INSPECCION CRIM EQ. LIVIANO;30;9;30;0;21;5000155737;16/12/2025;Servicios;CUMPLIDO PARCIAL;CAMINOA S.A.;U365;31/12/2026;14/7/2025;10126110;10;1;14/7/2025;15/7/2025;C04;4500104118;10;4401;1;EREGALADO;21/7/2025;21/7/2026;C04;7;16/12/2025;;;;;;;;;;Sin aclaración;En curso;;C04
00365 RIO TINTO;1000070246;20;ZPAN;OC ABIERTA CRIM VOLV;;0;;;;CSOSA;1042546;INSPECCION CRIM EQ. PESADO;80;6;80;0;74;5000158309;13/1/2026;Servicios;CUMPLIDO PARCIAL;CAMINOA S.A.;U365;31/12/2026;14/7/2025;10126110;20;1;14/7/2025;15/7/2025;C04;4500104118;20;4401;1;EREGALADO;21/7/2025;21/7/2026;C04;4;13/1/2026;;;;;;;;;;Sin aclaración;En curso;;C04
00365 RIO TINTO;1000070247;10;ZPAN;OC ABIERTA CRIM SCAN;;0;;;;CSOSA;1042545;INSPECCION CRIM EQ. LIVIANO;15;11;15;0;4;5000167464;31/3/2026;Servicios;CUMPLIDO PARCIAL;SCANIA ARGENTINA S A;U365;31/12/2026;14/7/2025;10126111;10;1;14/7/2025;15/7/2025;C04;4500104116;10;4401;1;EREGALADO;21/7/2025;31/12/2026;C04;7;31/3/2026;;;;;;;;;;Sin aclaración;En curso;;C04
00365 RIO TINTO;1000070247;20;ZPAN;OC ABIERTA CRIM SCAN;;0;;;;CSOSA;1042546;INSPECCION CRIM EQ. PESADO;15;15;15;0;0;5000167411;31/3/2026;Servicios;CUMPLIDO;SCANIA ARGENTINA S A;U365;31/12/2026;14/7/2025;10126111;20;1;14/7/2025;15/7/2025;C04;4500104116;20;4401;1;EREGALADO;21/7/2025;31/12/2026;C04;2;31/3/2026;;;;;;;;;;Sin aclaración;En curso - Total recepcionado;;C04
00365 RIO TINTO;1000074762;10;ZPAN;03 - M - INTERNET 2t;;20;;;;CSOSA;1025931;SERVICIO DE INTERNET X MES;6;6;6;0;0;5000167663;2/4/2026;Servicios;CUMPLIDO;JAWIT S.A.;U365;1/10/2026;26/9/2025;10131954;10;1;26/9/2025;26/9/2025;C25;4500110644;10;4401;1;MPITTIA;14/10/2025;1/10/2026;C25;6;2/4/2026;;;;;;;;;;03 Cert Mensual;En curso - Total recepcionado;;C25
00365 RIO TINTO;1000077167;10;ZPAN;ALQUILER DISPENSER F;;0;;;;CSOSA;1025992;ALQUILER DISPENSER FRIO CALOR x MES;4;4;4;0;0;5000161391;6/2/2026;Servicios;CUMPLIDO;MELS S.R.L.;U365;30/7/2026;5/11/2025;10135173;10;1;5/11/2025;5/11/2025;C25;4500113290;10;4401;1;MPITTIA;17/11/2025;30/7/2026;C25;6;6/2/2026;;;;;;;;;;Sin aclaración;En curso - Próximo a vencer;;C25
00365 RIO TINTO;1000077482;10;ZPAN;BAÑOS QUIMICOS NUEVO;;0;;;;CSOSA;1022693;ALQUILER DE MODULO DE BANO X U;30;14;30;0;16;5000161258;6/2/2026;Servicios;CUMPLIDO PARCIAL;JUVEGUMER S. A. S.;U365;30/11/2026;11/11/2025;10135625;10;1;11/11/2025;12/11/2025;C25;4500114120;10;4401;1;MPITTIA;28/11/2025;30/11/2026;C25;3;6/2/2026;;;;;;;;;;Sin aclaración;En curso;;C25
00365 RIO TINTO;1000077482;20;ZPAN;BAÑOS QUIMICOS NUEVO;;0;;;;CSOSA;1013136;SERVICIO LIMPIEZA DESAGOTE BANO QUIMICO;36;12;36;0;24;5000161258;6/2/2026;Servicios;CUMPLIDO PARCIAL;JUVEGUMER S. A. S.;U365;30/11/2026;11/11/2025;10135625;20;1;11/11/2025;12/11/2025;C25;4500114120;20;4401;1;MPITTIA;28/11/2025;30/11/2026;C25;1;6/2/2026;;;;;;;;;;Sin aclaración;En curso;;C25
00365 RIO TINTO;1000081109;10;ZPAN;POLIZAS VAR-CC3002/6;;0;;;;SLUKOSIUS;1022030;FDO_REP_677829_E9_AFIANZADORA;1;1;1;0;0;5000160597;2/2/2026;Servicios;CUMPLIDO;AFIANZADORA LATINOAMERICANA COMPAÑI;U365;25/7/2026;15/1/2026;10140483;10;1;15/1/2026;29/1/2026;C16;4500119038;10;4401;1;JESPARZA;2/2/2026;13/2/2026;C16;1;2/2/2026;;;;;;;;;;Sin aclaración;En curso - Próximo a vencer;;C16
00365 RIO TINTO;1000081496;10;ZPAN;BAÑOS QUIMICOS SERV.;;0;;;;MGAUDELLI;1022693;ALQUILER DE MODULO DE BANO X U;21;21;21;0;0;5000167659;2/4/2026;Servicios;CUMPLIDO;AREA PABLO;U365;31/8/2026;22/1/2026;10141056;10;1;22/1/2026;2/2/2026;C25;4500118795;10;4401;1;MPITTIA;29/1/2026;31/8/2026;C25;2;2/4/2026;;;;;;;;;;Sin aclaración;En curso - Próximo a vencer;;C25
00365 RIO TINTO;1000081496;20;ZPAN;BAÑOS QUIMICOS SERV.;;0;;;;MGAUDELLI;1013136;SERVICIO LIMPIEZA DESAGOTE BANO QUIMICO;56;23;56;0;33;5000167659;2/4/2026;Servicios;CUMPLIDO PARCIAL;AREA PABLO;U365;31/8/2026;22/1/2026;10141056;20;1;22/1/2026;2/2/2026;C25;4500118795;20;4401;1;MPITTIA;29/1/2026;31/8/2026;C25;2;2/4/2026;;;;;;;;;;Sin aclaración;En curso - Próximo a vencer;;C25
00365 RIO TINTO;1000081677;10;ZPAN;STARLINK CAMIONETAS;;0;;;;MGAUDELLI;1025931;SERVICIO DE INTERNET X MES;12;6;12;0;6;5000179397;4/7/2026;Servicios;CUMPLIDO PARCIAL;JAWIT S.A.;U365;1/3/2027;24/1/2026;10141298;10;1;24/1/2026;26/1/2026;C25;4500119083;10;4401;1;MPITTIA;3/2/2026;1/3/2027;C25;5;4/7/2026;;;;;;;;;;Sin aclaración;En curso;;C25
00365 RIO TINTO;1000081677;20;ZPAN;STARLINK CAMIONETAS;;0;;;;MGAUDELLI;1025931;SERVICIO DE INTERNET X MES;12;6;12;0;6;5000179397;4/7/2026;Servicios;CUMPLIDO PARCIAL;JAWIT S.A.;U365;1/3/2027;24/1/2026;10141298;20;1;1/2/2026;2/2/2026;C25;4500119083;20;4401;1;MPITTIA;3/2/2026;1/3/2027;C25;5;4/7/2026;;;;;;;;;;Sin aclaración;En curso;;C25
00365 RIO TINTO;1000083714;10;ZPAN;ATENCION PRIMARIA;;0;;;;CSOSA;1035274;ATENCION PRIMARIA EN GUARDIA;12;0;12;0;12;;;Servicios;ADJUDICADO;LABTEC S. R. L.;U365;31/3/2027;26/2/2026;10144003;10;1;26/2/2026;27/2/2026;C25;4500121966;10;4401;1;MPITTIA;9/3/2026;31/3/2027;C25;0;;;;;;;;;;;Sin aclaración;En curso;;C25
00365 RIO TINTO;1000083748;10;ZPAN;EXAMEN PREOCUPACIONA;;0;;;;CSOSA;1013130;EXAMEN PREOCUPACIONAL BASICO XUN;100;100;100;0;0;5000169711;18/4/2026;Servicios;CUMPLIDO;MED LAB SALTA S.R.L.;U365;30/9/2026;27/2/2026;10144038;10;1;27/2/2026;27/2/2026;C25;4500121970;10;4401;1;MPITTIA;9/3/2026;30/9/2026;C25;3;18/4/2026;;;;;;;;;;Sin aclaración;En curso - Total recepcionado;;C25
00365 RIO TINTO;1000085529;10;ZPAN;03 - M - INTERNET 2.;;0;;;;CSOSA;1025931;SERVICIO DE INTERNET X MES 2.5tb;12;3;12;0;9;5000179401;4/7/2026;Servicios;CUMPLIDO PARCIAL;JAWIT S.A.;U365;5/4/2027;26/3/2026;10146380;10;1;26/3/2026;27/3/2026;C25;4500124310;10;4401;1;MPITTIA;7/4/2026;5/4/2027;C25;5;4/7/2026;;;;;;;;;;03 Cert Mensual;En curso;Verde;C25
00365 RIO TINTO;1000085532;10;ZPAN;Ampliación Servicio;;0;;;;CSOSA;1022295;SERVICIO LICENCIADO MEDIA AMBIENTE;6;3;6;0;3;5000179399;4/7/2026;Servicios;CUMPLIDO PARCIAL;DELGADO JORGE ESTEBAN;U365;5/10/2026;26/3/2026;10146383;10;1;26/3/2026;27/3/2026;C25;4500125106;10;4401;1;MPITTIA;15/4/2026;5/10/2026;C25;3;4/7/2026;;;;;;;;;;Sin aclaración;En curso;;C25
00365 RIO TINTO;1000085948;10;ZPAN;BAÑOS QUIMICOS RENOV;;0;;;;CSOSA;1022693;ALQUILER DE MODULO DE BANO X U;105;30;105;0;75;5000175831;5/6/2026;Servicios;CUMPLIDO PARCIAL;AREA PABLO;U365;1/11/2026;2/4/2026;10146852;10;1;2/4/2026;4/4/2026;C25;4500124793;10;4401;1;MPITTIA;13/4/2026;1/11/2026;C25;2;5/6/2026;;;;;;;;;;Sin aclaración;En curso;;C25
00365 RIO TINTO;1000085948;20;ZPAN;BAÑOS QUIMICOS RENOV;;0;;;;CSOSA;1013136;SERVICIO LIMPIEZA DESAGOTE BANO QUIMICO;84;26;84;0;58;5000175831;5/6/2026;Servicios;CUMPLIDO PARCIAL;AREA PABLO;U365;1/11/2026;2/4/2026;10146852;20;1;2/4/2026;4/4/2026;C25;4500124793;20;4401;1;MPITTIA;13/4/2026;1/11/2026;C25;2;5/6/2026;;;;;;;;;;Sin aclaración;En curso;;C25
00365 RIO TINTO;1000086152;10;ZPAN;EXAMEN PREOCUPACIONA;;0;;;;CSOSA;1013130;EXAMEN PREOCUPACIONAL BASICO XUN;200;82;200;0;118;5000180990;18/7/2026;Servicios;CUMPLIDO PARCIAL;MED LAB SALTA S.R.L.;U365;30/9/2026;7/4/2026;10147087;10;1;7/4/2026;7/4/2026;C25;4500124550;10;4401;1;MPITTIA;9/4/2026;30/9/2026;C25;12;19/1/2026;;;;;;;;;;Sin aclaración;En curso;;C25
00365 RIO TINTO;1000086735;10;ZPAN;ESTUDIOS DE LABORATO;;20;;;;CSOSA;1022295;Ambiente Laboral MDHS 14/4 + NIOSH 7500;4;0;4;0;4;;;Servicios;ADJUDICADO;GRUPO INDUSER SRL;U365;15/7/2026;16/4/2026;10147867;10;1;16/4/2026;16/4/2026;C26;4500125557;10;4401;1;YCOLMAN;20/4/2026;15/7/2026;C26;0;;;;;;;;;;;Sin aclaración;Vencido con cant pendiente a recep;;C26
00365 RIO TINTO;1000086735;20;ZPAN;ESTUDIOS DE LABORATO;;20;;;;CSOSA;1022295;Ambiente Laboral Formaldehído NIOSH 2016;1;0;1;0;1;;;Servicios;ADJUDICADO;GRUPO INDUSER SRL;U365;15/7/2026;16/4/2026;10147867;20;1;16/4/2026;16/4/2026;C26;4500125557;20;4401;1;YCOLMAN;20/4/2026;15/7/2026;C26;0;;;;;;;;;;;Sin aclaración;Vencido con cant pendiente a recep;;C26
00365 RIO TINTO;1000086735;30;ZPAN;ESTUDIOS DE LABORATO;;20;;;;CSOSA;1022295;Ambiente Laboral MDHS 14/4 (06/2014);1;0;1;0;1;;;Servicios;ADJUDICADO;GRUPO INDUSER SRL;U365;15/7/2026;16/4/2026;10147867;30;1;16/4/2026;16/4/2026;C26;4500125557;30;4401;1;YCOLMAN;20/4/2026;15/7/2026;C26;0;;;;;;;;;;;Sin aclaración;Vencido con cant pendiente a recep;;C26
00365 RIO TINTO;1000086735;40;ZPAN;ESTUDIOS DE LABORATO;;20;;;;CSOSA;1022295;Ambiente Laboral Soldad SMAW NIOSH 7303;2;0;2;0;2;;;Servicios;ADJUDICADO;GRUPO INDUSER SRL;U365;15/7/2026;16/4/2026;10147867;40;1;16/4/2026;16/4/2026;C26;4500125557;40;4401;1;YCOLMAN;20/4/2026;15/7/2026;C26;0;;;;;;;;;;;Sin aclaración;Vencido con cant pendiente a recep;;C26
00365 RIO TINTO;1000086735;50;ZPAN;ESTUDIOS DE LABORATO;;20;;;;CSOSA;1022295;Gastos e Informes;1;0;1;0;1;;;Servicios;ADJUDICADO;GRUPO INDUSER SRL;U365;15/7/2026;16/4/2026;10147867;50;1;16/4/2026;16/4/2026;C26;4500125557;50;4401;1;YCOLMAN;20/4/2026;15/7/2026;C26;0;;;;;;;;;;;Sin aclaración;Vencido con cant pendiente a recep;;C26
00365 RIO TINTO;1000087033;10;ZPAN;ALQUILER BAÑOS QUIMI;;20;;;;CSOSA;1022693;ALQUILER DE MODULO DE BANO X U;15;0;15;0;15;;;Servicios;ADJUDICADO;AREA PABLO;U365;2/8/2026;21/4/2026;10148281;10;1;21/4/2026;21/4/2026;C25;4500126084;10;4401;1;MPITTIA;27/4/2026;2/8/2026;C25;2;;;;;;;;;;;Sin aclaración;En curso - Próximo a vencer;;C25
00365 RIO TINTO;1000087033;20;ZPAN;ALQUILER BAÑOS QUIMI;;20;;;;CSOSA;1013136;SERVICIO LIMPIEZA DESAGOTE BANO QUIMICO;180;0;180;0;180;;;Servicios;ADJUDICADO;AREA PABLO;U365;2/8/2026;21/4/2026;10148281;20;1;21/4/2026;21/4/2026;C25;4500126084;20;4401;1;MPITTIA;27/4/2026;2/8/2026;C25;2;;;;;;;;;;;Sin aclaración;En curso - Próximo a vencer;;C25
00365 RIO TINTO;1000087657;10;ZPAN;GASES OXICORTE;;0;;;;CSOSA;1013105;ALQUILER TUBO C02;5;0;5;0;5;;;Servicios;ADJUDICADO;CROSSDOX S. A. S.;U365;1/10/2026;1/5/2026;10149064;10;1;1/5/2026;2/5/2026;C24;4500126602;10;4401;1;MPITTIA;4/5/2026;1/10/2026;C24;0;;;;;;;;;;;Sin aclaración;En curso;;C24
00365 RIO TINTO;1000087657;20;ZPAN;GASES OXICORTE;;0;;;;CSOSA;1013105;ALQUILER TUBO ACETILENO;5;0;5;0;5;;;Servicios;ADJUDICADO;CROSSDOX S. A. S.;U365;1/10/2026;1/5/2026;10149064;20;1;1/5/2026;2/5/2026;C24;4500126602;20;4401;1;MPITTIA;4/5/2026;1/10/2026;C24;0;;;;;;;;;;;Sin aclaración;En curso;;C24
00365 RIO TINTO;1000087657;30;ZPAN;GASES OXICORTE;;0;;;;CSOSA;1035528;RECARGA TUBO DE OXIGENO;25;21;25;0;4;5000176101;8/6/2026;Servicios;CUMPLIDO PARCIAL;CROSSDOX S. A. S.;U365;1/10/2026;1/5/2026;10149064;30;1;1/5/2026;2/5/2026;C24;4500126602;30;4401;1;MPITTIA;4/5/2026;1/10/2026;C24;1;8/6/2026;;;;;;;;;;Sin aclaración;En curso;;C24
00365 RIO TINTO;1000087657;40;ZPAN;GASES OXICORTE;;0;;;;CSOSA;1013106;RECARGA C02;5;0;5;0;5;;;Servicios;ADJUDICADO;CROSSDOX S. A. S.;U365;1/10/2026;1/5/2026;10149064;40;1;1/5/2026;2/5/2026;C24;4500126602;40;4401;1;MPITTIA;4/5/2026;1/10/2026;C24;0;;;;;;;;;;;Sin aclaración;En curso;;C24
00365 RIO TINTO;1000087657;50;ZPAN;GASES OXICORTE;;0;;;;CSOSA;1017956;ACETILENO;8;8;8;0;0;5000176101;8/6/2026;Servicios;CUMPLIDO;CROSSDOX S. A. S.;U365;1/10/2026;1/5/2026;10149064;50;1;1/5/2026;2/5/2026;C24;4500126602;50;4401;1;MPITTIA;4/5/2026;1/10/2026;C24;1;8/6/2026;;;;;;;;;;Sin aclaración;En curso - Total recepcionado;;C24
00365 RIO TINTO;1000087657;60;ZPAN;GASES OXICORTE;;0;;;;CSOSA;1012981;TRANSPORTE X MES;5;1;5;0;4;5000176100;8/6/2026;Servicios;CUMPLIDO PARCIAL;CROSSDOX S. A. S.;U365;1/10/2026;1/5/2026;10149064;60;1;12/5/2026;12/5/2026;C24;4500127587;10;4401;1;MPITTIA;13/5/2026;1/10/2026;C24;1;8/6/2026;;;;;;;;;;Sin aclaración;En curso;;C24
00365 RIO TINTO;1000087657;70;ZPAN;GASES OXICORTE;;0;;;;CSOSA;1022295;PH X TUBO;6;3;6;0;3;5000176100;8/6/2026;Servicios;CUMPLIDO PARCIAL;CROSSDOX S. A. S.;U365;1/10/2026;1/5/2026;10149064;70;1;12/5/2026;12/5/2026;C25;4500127587;20;4401;1;MPITTIA;13/5/2026;1/10/2026;C24;1;8/6/2026;;;;;;;;;;Sin aclaración;En curso;;C24
00365 RIO TINTO;1000087674;10;ZPAN;SUB CONTRATRO SUPERV;;20;;;;CSOSA;1012998;SUB. SUPERV. PLACAS ASENTAMIENTOS Y PIEZ;8;0;8;0;8;;;Servicios;ADJUDICADO;AOSA SA;U365;20/7/2026;3/5/2026;10149078;10;1;3/5/2026;5/5/2026;C26;4500127086;60;4401;2;YCOLMAN;7/5/2026;20/7/2026;C26;0;;;;;;;;;;;Sin aclaración;En curso - Próximo a vencer;;C26
00365 RIO TINTO;1000087674;20;ZPAN;SUB CONTRATRO SUPERV;;20;;;;CSOSA;1012998;PRESENTACION DE INFORMES POSTERIORES;1;0;1;0;1;;;Servicios;ADJUDICADO;AOSA SA;U365;20/7/2026;3/5/2026;10149078;20;1;3/5/2026;5/5/2026;C26;4500127086;20;4401;1;YCOLMAN;7/5/2026;20/7/2026;C26;0;;;;;;;;;;;Sin aclaración;En curso - Próximo a vencer;;C26
00365 RIO TINTO;1000087674;30;ZPAN;SUB CONTRATRO SUPERV;;20;;;;CSOSA;1012998;STAND BY POR CAUSAS AJENAS;1;0;1;0;1;;;Servicios;ADJUDICADO;AOSA SA;U365;20/7/2026;3/5/2026;10149078;30;1;3/5/2026;5/5/2026;C26;4500127086;30;4401;1;YCOLMAN;7/5/2026;20/7/2026;C26;0;;;;;;;;;;;Sin aclaración;En curso - Próximo a vencer;;C26
00365 RIO TINTO;1000087674;40;ZPAN;SUB CONTRATRO SUPERV;;20;;;;CSOSA;1012998;ESTADÍA DE TRABAJO ADICIONAL;1;0;1;0;1;;;Servicios;ADJUDICADO;AOSA SA;U365;20/7/2026;3/5/2026;10149078;40;1;3/5/2026;5/5/2026;C26;4500127086;40;4401;1;YCOLMAN;7/5/2026;20/7/2026;C26;0;;;;;;;;;;;Sin aclaración;En curso - Próximo a vencer;;C26
00365 RIO TINTO;1000087674;50;ZPAN;SUB CONTRATRO SUPERV;;20;;;;CSOSA;1012998;EXÁMENES MÉDICOS P/ INGRESO;1;0;1;0;1;;;Servicios;ADJUDICADO;AOSA SA;U365;20/7/2026;3/5/2026;10149078;50;1;3/5/2026;5/5/2026;C26;4500127086;50;4401;1;YCOLMAN;7/5/2026;20/7/2026;C26;0;;;;;;;;;;;Sin aclaración;En curso - Próximo a vencer;;C26
00365 RIO TINTO;1000087920;10;ZPAN;ALQ IMPRESORAS;;0;;;;AFORTUNA;1026315;ALQUILER IMPRESORA BYN XMES;12;1;12;0;11;5000175829;5/6/2026;Servicios;CUMPLIDO PARCIAL;TECNICA Y SISTEMAS SRL;U365;30/5/2027;7/5/2026;10149479;10;1;7/5/2026;7/5/2026;C25;4500127573;10;4401;1;MPITTIA;13/5/2026;30/5/2027;C25;1;5/6/2026;;;;;;;;;;Sin aclaración;En curso;;C25
00365 RIO TINTO;1000087920;20;ZPAN;ALQ IMPRESORAS;;0;;;;AFORTUNA;1026315;ALQUILER IMPRESORA COLOR A3 XMES;12;1;12;0;11;5000175829;5/6/2026;Servicios;CUMPLIDO PARCIAL;TECNICA Y SISTEMAS SRL;U365;30/5/2027;7/5/2026;10149479;20;1;7/5/2026;7/5/2026;C25;4500127573;20;4401;1;MPITTIA;13/5/2026;30/5/2027;C25;1;5/6/2026;;;;;;;;;;Sin aclaración;En curso;;C25
00365 RIO TINTO;1000087920;30;ZPAN;ALQ IMPRESORAS;;0;;;;AFORTUNA;1026315;ALQUILER IMPRESORA COLOR A3 XMES;12;1;12;0;11;5000175829;5/6/2026;Servicios;CUMPLIDO PARCIAL;TECNICA Y SISTEMAS SRL;U365;30/5/2027;7/5/2026;10149479;30;1;7/5/2026;7/5/2026;C25;4500127573;30;4401;1;MPITTIA;13/5/2026;30/5/2027;C25;1;5/6/2026;;;;;;;;;;Sin aclaración;En curso;;C25
00365 RIO TINTO;1000087920;40;ZPAN;ALQ IMPRESORAS;;0;;;;AFORTUNA;1026181;COPIAS EXCEDENTES COLOR;20000;5486;20000;0;14514;5000175829;5/6/2026;Servicios;CUMPLIDO PARCIAL;TECNICA Y SISTEMAS SRL;U365;30/5/2027;7/5/2026;10149479;40;1;12/5/2026;12/5/2026;C25;4500127573;40;4401;1;MPITTIA;13/5/2026;30/5/2027;C25;1;5/6/2026;;;;;;;;;;Sin aclaración;En curso;;C25
00365 RIO TINTO;1000087920;50;ZPAN;ALQ IMPRESORAS;;0;;;;AFORTUNA;1026181;COPIAS EXCEDENTES BYN;20000;20000;20000;0;0;5000175829;5/6/2026;Servicios;CUMPLIDO;TECNICA Y SISTEMAS SRL;U365;30/5/2027;7/5/2026;10149479;50;1;12/5/2026;12/5/2026;C25;4500127573;50;4401;1;MPITTIA;13/5/2026;30/5/2027;C25;1;5/6/2026;;;;;;;;;;Sin aclaración;En curso - Total recepcionado;;C25
00365 RIO TINTO;1000088077;10;ZPAN;ALQ DISPENSER DE AGU;;0;;;;AFORTUNA;1025992;ALQUILER DISPENSER FRIO CALOR x MES;12;3;12;0;9;5000179383;4/7/2026;Servicios;CUMPLIDO PARCIAL;MELS S.R.L.;U365;30/4/2027;9/5/2026;10149712;10;1;9/5/2026;10/5/2026;C25;4500129162;10;4401;1;MPITTIA;2/6/2026;30/4/2027;C25;5;4/7/2026;;;;;;;;;;Sin aclaración;En curso;;C25
00365 RIO TINTO;1000088098;10;ZPAN;VIANDA BASE;;20;;;;CSOSA;1013121;VIANDA ALMUERZO XUN;600;162;600;0;438;5000177838;23/6/2026;Servicios;CUMPLIDO PARCIAL;ALEJO ROCIO JAZMIN;U365;31/12/2026;10/5/2026;10149730;10;1;10/5/2026;10/5/2026;C25;4500129278;10;4401;1;MPITTIA;3/6/2026;31/12/2026;C25;2;27/5/2026;;;;;;;;;;Sin aclaración;En curso;;C25
00365 RIO TINTO;1000088099;10;ZPAN;SUBCONTRATO FUSION D;;0;;;;CSOSA;1012995;Tubería PE-Xa PN12 (DIN 16892/16893);1171;0;1171;0;1171;;;Servicios;ADJUDICADO;INGENIERIA MINERA S. A.;U365;30/11/2026;10/5/2026;10149732;10;1;10/5/2026;10/5/2026;C26;4500127757;10;4401;1;AGONZALEZ;14/5/2026;30/11/2026;C26;0;;;;;;;;;;;Sin aclaración;En curso;;C26
00365 RIO TINTO;1000088099;20;ZPAN;SUBCONTRATO FUSION D;;0;;;;CSOSA;1012995;"BRIDA A105 CL150 B16.47A FF PTFE 30""";21;0;21;0;21;;;Servicios;ADJUDICADO;INGENIERIA MINERA S. A.;U365;30/11/2026;10/5/2026;10149732;20;1;10/5/2026;10/5/2026;C26;4500127757;20;4401;1;AGONZALEZ;14/5/2026;30/11/2026;C26;0;;;;;;;;;;;Sin aclaración;En curso;;C26
00365 RIO TINTO;1000088099;30;ZPAN;SUBCONTRATO FUSION D;;0;;;;CSOSA;1012995;Adaptador Brida PE-Xa PN12 Patrón Largo;21;0;21;0;21;;;Servicios;ADJUDICADO;INGENIERIA MINERA S. A.;U365;30/11/2026;10/5/2026;10149732;30;1;10/5/2026;10/5/2026;C26;4500127757;30;4401;1;AGONZALEZ;14/5/2026;30/11/2026;C26;0;;;;;;;;;;;Sin aclaración;En curso;;C26
00365 RIO TINTO;1000088099;40;ZPAN;SUBCONTRATO FUSION D;;0;;;;CSOSA;1012995;Cople EF HDPE PE100 PN16 ISO 4427;174;0;174;0;174;;;Servicios;ADJUDICADO;INGENIERIA MINERA S. A.;U365;30/11/2026;10/5/2026;10149732;40;1;10/5/2026;10/5/2026;C26;4500127757;40;4401;1;AGONZALEZ;14/5/2026;30/11/2026;C26;0;;;;;;;;;;;Sin aclaración;En curso;;C26
00365 RIO TINTO;1000088099;50;ZPAN;SUBCONTRATO FUSION D;;0;;;;CSOSA;1012995;TEE PE100 ISO4427 PN16 ESPIGA LARGA;5;0;5;0;5;;;Servicios;ADJUDICADO;INGENIERIA MINERA S. A.;U365;30/11/2026;10/5/2026;10149732;50;1;10/5/2026;10/5/2026;C26;4500127757;50;4401;1;AGONZALEZ;14/5/2026;30/11/2026;C26;0;;;;;;;;;;;Sin aclaración;En curso;;C26
00365 RIO TINTO;1000088099;60;ZPAN;SUBCONTRATO FUSION D;;0;;;;CSOSA;1012995;Brida ciega A105 CL150 B16.47A PTFE FF;21;0;21;0;21;;;Servicios;ADJUDICADO;INGENIERIA MINERA S. A.;U365;30/11/2026;10/5/2026;10149732;60;1;10/5/2026;10/5/2026;C26;4500127757;60;4401;1;AGONZALEZ;14/5/2026;30/11/2026;C26;0;;;;;;;;;;;Sin aclaración;En curso;;C26
00365 RIO TINTO;1000088099;70;ZPAN;SUBCONTRATO FUSION D;;0;;;;CSOSA;1012995;CODO 45 LR PE-XA PN12 FAB 1.5D TANG;17;0;17;0;17;;;Servicios;ADJUDICADO;INGENIERIA MINERA S. A.;U365;30/11/2026;10/5/2026;10149732;70;1;10/5/2026;10/5/2026;C26;4500127757;70;4401;1;AGONZALEZ;14/5/2026;30/11/2026;C26;0;;;;;;;;;;;Sin aclaración;En curso;;C26
00365 RIO TINTO;1000088099;80;ZPAN;SUBCONTRATO FUSION D;;0;;;;CSOSA;1012995;CODO 90 LR PE-XA PN12 TANG 1.5D FAB;20;0;20;0;20;;;Servicios;ADJUDICADO;INGENIERIA MINERA S. A.;U365;30/11/2026;10/5/2026;10149732;80;1;10/5/2026;10/5/2026;C26;4500127757;80;4401;1;AGONZALEZ;14/5/2026;30/11/2026;C26;0;;;;;;;;;;;Sin aclaración;En curso;;C26
00365 RIO TINTO;1000088099;90;ZPAN;SUBCONTRATO FUSION D;;0;;;;CSOSA;1012995;PRUEBA HIDRAULICA;10;0;10;0;10;;;Servicios;ADJUDICADO;INGENIERIA MINERA S. A.;U365;30/11/2026;10/5/2026;10149732;90;1;10/5/2026;10/5/2026;C26;4500127757;90;4401;1;AGONZALEZ;14/5/2026;30/11/2026;C26;0;;;;;;;;;;;Sin aclaración;En curso;;C26
00365 RIO TINTO;1000088099;100;ZPAN;SUBCONTRATO FUSION D;;0;;;;CSOSA;1012995;Electrofusora MGSC EF-4000k;1;0;1;0;1;;;Servicios;ADJUDICADO;INGENIERIA MINERA S. A.;U365;30/11/2026;10/5/2026;10149732;100;1;10/5/2026;10/5/2026;C26;4500127757;100;4401;1;AGONZALEZ;14/5/2026;30/11/2026;C26;0;;;;;;;;;;;Sin aclaración;En curso;;C26
00365 RIO TINTO;1000088099;110;ZPAN;SUBCONTRATO FUSION D;;0;;;;CSOSA;1012995;Terminales de electrofusora;50;0;50;0;50;;;Servicios;ADJUDICADO;INGENIERIA MINERA S. A.;U365;30/11/2026;10/5/2026;10149732;110;1;10/5/2026;10/5/2026;C26;4500127757;110;4401;1;AGONZALEZ;14/5/2026;30/11/2026;C26;0;;;;;;;;;;;Sin aclaración;En curso;;C26
00365 RIO TINTO;1000088099;120;ZPAN;SUBCONTRATO FUSION D;;0;;;;CSOSA;1012995;Redondeador Mecánico GF d630-900;2;0;2;0;2;;;Servicios;ADJUDICADO;INGENIERIA MINERA S. A.;U365;30/11/2026;10/5/2026;10149732;120;1;10/5/2026;10/5/2026;C26;4500127757;120;4401;1;AGONZALEZ;14/5/2026;30/11/2026;C26;0;;;;;;;;;;;Sin aclaración;En curso;;C26
00365 RIO TINTO;1000088099;130;ZPAN;SUBCONTRATO FUSION D;;0;;;;CSOSA;1012995;Malacate Manual a Palanca  2 Ganchos;5;0;5;0;5;;;Servicios;ADJUDICADO;INGENIERIA MINERA S. A.;U365;30/11/2026;10/5/2026;10149732;130;1;10/5/2026;10/5/2026;C26;4500127757;130;4401;1;AGONZALEZ;14/5/2026;30/11/2026;C26;0;;;;;;;;;;;Sin aclaración;En curso;;C26
00365 RIO TINTO;1000088099;140;ZPAN;SUBCONTRATO FUSION D;;0;;;;CSOSA;1012995;Raspador giratorio GF RST 1000 d250-d100;2;0;2;0;2;;;Servicios;ADJUDICADO;INGENIERIA MINERA S. A.;U365;30/11/2026;10/5/2026;10149732;140;1;10/5/2026;10/5/2026;C26;4500127757;140;4401;1;AGONZALEZ;14/5/2026;30/11/2026;C26;0;;;;;;;;;;;Sin aclaración;En curso;;C26
00365 RIO TINTO;1000088099;150;ZPAN;SUBCONTRATO FUSION D;;0;;;;CSOSA;1012995;Raspador manual para tubo hdpe;5;0;5;0;5;;;Servicios;ADJUDICADO;INGENIERIA MINERA S. A.;U365;30/11/2026;10/5/2026;10149732;150;1;10/5/2026;10/5/2026;C26;4500127757;150;4401;1;AGONZALEZ;14/5/2026;30/11/2026;C26;0;;;;;;;;;;;Sin aclaración;En curso;;C26
00365 RIO TINTO;1000088099;160;ZPAN;SUBCONTRATO FUSION D;;0;;;;CSOSA;1012995;Biselador de tubos plásticos;5;0;5;0;5;;;Servicios;ADJUDICADO;INGENIERIA MINERA S. A.;U365;30/11/2026;10/5/2026;10149732;160;1;10/5/2026;10/5/2026;C26;4500127757;160;4401;1;AGONZALEZ;14/5/2026;30/11/2026;C26;0;;;;;;;;;;;Sin aclaración;En curso;;C26
00365 RIO TINTO;1000088099;170;ZPAN;SUBCONTRATO FUSION D;;0;;;;CSOSA;1012995;Pulverizador 2 Lts Manual;5;0;5;0;5;;;Servicios;ADJUDICADO;INGENIERIA MINERA S. A.;U365;30/11/2026;10/5/2026;10149732;170;1;10/5/2026;10/5/2026;C26;4500127757;170;4401;1;AGONZALEZ;14/5/2026;30/11/2026;C26;0;;;;;;;;;;;Sin aclaración;En curso;;C26
00365 RIO TINTO;1000088099;180;ZPAN;SUBCONTRATO FUSION D;;0;;;;CSOSA;1012995;Plan de HyS y MA;1;0;1;0;1;;;Servicios;ADJUDICADO;INGENIERIA MINERA S. A.;U365;30/11/2026;10/5/2026;10149732;180;1;10/5/2026;10/5/2026;C26;4500127757;180;4401;1;AGONZALEZ;14/5/2026;30/11/2026;C26;0;;;;;;;;;;;Sin aclaración;En curso;;C26
00365 RIO TINTO;1000088099;190;ZPAN;SUBCONTRATO FUSION D;;0;;;;CSOSA;1012995;Jefe de obra;1;0;1;0;1;;;Servicios;ADJUDICADO;INGENIERIA MINERA S. A.;U365;30/11/2026;10/5/2026;10149732;190;1;10/5/2026;10/5/2026;C26;4500127757;190;4401;1;AGONZALEZ;14/5/2026;30/11/2026;C26;0;;;;;;;;;;;Sin aclaración;En curso;;C26
00365 RIO TINTO;1000088099;200;ZPAN;SUBCONTRATO FUSION D;;0;;;;CSOSA;1012995;Supervisor de Calidad;1;0;1;0;1;;;Servicios;ADJUDICADO;INGENIERIA MINERA S. A.;U365;30/11/2026;10/5/2026;10149732;200;1;10/5/2026;10/5/2026;C26;4500127757;200;4401;1;AGONZALEZ;14/5/2026;30/11/2026;C26;0;;;;;;;;;;;Sin aclaración;En curso;;C26
00365 RIO TINTO;1000088099;210;ZPAN;SUBCONTRATO FUSION D;;0;;;;CSOSA;1012995;Capacitación y certificación de personal;10;0;10;0;10;;;Servicios;ADJUDICADO;INGENIERIA MINERA S. A.;U365;30/11/2026;10/5/2026;10149732;210;1;10/5/2026;10/5/2026;C26;4500127757;210;4401;1;AGONZALEZ;14/5/2026;30/11/2026;C26;0;;;;;;;;;;;Sin aclaración;En curso;;C26
00365 RIO TINTO;1000088258;10;ZPAN;SS INTERNET STARLINK;;0;;;;AFORTUNA;1034212;SERVICIO DE INTERNET SATELITAL X MES;12;3;12;0;9;5000179965;9/7/2026;Servicios;CUMPLIDO PARCIAL;PRAXSYS SOLUCIONES S.R.L;U365;13/5/2027;13/5/2026;10150033;10;1;13/5/2026;13/5/2026;C25;4500128555;10;4401;1;MPITTIA;26/5/2026;13/5/2027;C25;3;9/7/2026;;;;;;;;;;Sin aclaración;En curso;;C25
00365 RIO TINTO;1000088320;10;ZPAN;POLIZA RC 415988;;0;;;;MGAUDELLI;1012957;SEGURO RESPONSABILIDAD CIVIL;1;1;1;0;0;5000173475;18/5/2026;Servicios;CUMPLIDO;LA MERIDIONAL CIA ARG DE SEGUROS S;U365;15/8/2027;13/5/2026;10150102;10;1;13/5/2026;13/5/2026;C16;4500127774;10;4401;1;JESPARZA;15/5/2026;15/8/2027;C16;1;18/5/2026;;;;;;;;;;Sin aclaración;En curso - Total recepcionado;;C16
00365 RIO TINTO;1000088339;10;ZPAN;CONSTR. POZOS PIEZOM;;0;;;;MGAUDELLI;1042059;SUBC. OBRA POZO PIEZOMETRICO;15;0;15;0;15;;;Servicios;ADJUDICADO;AGV FALCON DRILLING S.R.L;U365;10/8/2026;14/5/2026;10150127;10;1;14/5/2026;14/5/2026;C26;4500128141;10;4401;1;YCOLMAN;19/5/2026;10/8/2026;C26;0;;;;;;;;;;;Sin aclaración;En curso - Próximo a vencer;;C26
00365 RIO TINTO;1000088628;340;ZPAN;PM N°61 OT;;0;;;;MGAUDELLI;1022295;CAB01416 MOD. PUNTO SXXI6900 (SEGURO);1;1;1;0;0;5000180479;14/7/2026;Servicios;CUMPLIDO;ROVI S.R.L.;U365;1/8/2026;18/5/2026;10150466;340;1;13/7/2026;14/7/2026;C11;4500128372;330;4401;1;PRODRIGUEZ;21/5/2026;1/8/2026;C11;1;14/7/2026;;;;;;;;;;Sin aclaración;En curso - Próximo a vencer;;C11
00365 RIO TINTO;1000089009;10;ZPAN;ALQ TERMOF. 800;;2;;;;MGAUDELLI;1050642;ALQUILER TERMOFUSORA 500/800MM;3;0;3;0;3;;;Servicios;ADJUDICADO;SM INDUSTRIA PLASTICA S. A. S.;U365;1/8/2026;26/5/2026;10150937;10;1;26/5/2026;26/5/2026;C23;4500128605;10;4401;1;JESPARZA;26/5/2026;1/8/2026;C23;0;;;;;;;;;;;Sin aclaración;En curso - Próximo a vencer;;C23
00365 RIO TINTO;1000089300;10;ZPAN;CRIM EQUIPOS EN PROY;;20;;;;CSOSA;1042546;INSPECCION CRIM EQ. PESADO;25;0;25;0;25;;;Servicios;ADJUDICADO;SUDAMERICANA CAMIONES SA;U365;20/7/2026;29/5/2026;10151268;10;1;29/5/2026;29/5/2026;C01;4500129009;10;4401;1;CSOSA;29/5/2026;20/7/2026;C01;0;;;;;;;;;;;Sin aclaración;En curso - Próximo a vencer;;C01
00365 RIO TINTO;1000089300;20;ZPAN;CRIM EQUIPOS EN PROY;;20;;;;CSOSA;1042545;INSPECCION CRIM EQ. LIVIANO;5;0;5;0;5;;;Servicios;ADJUDICADO;SUDAMERICANA CAMIONES SA;U365;20/7/2026;29/5/2026;10151268;20;1;29/5/2026;29/5/2026;C01;4500129009;20;4401;1;CSOSA;29/5/2026;20/7/2026;C01;0;;;;;;;;;;;Sin aclaración;En curso - Próximo a vencer;;C01
00365 RIO TINTO;1000089327;10;ZPAN;ALQUIER  BAÑOS QUIMI;;0;;;;CSOSA;1013136;SERVICIO LIMPIEZA DESAGOTE BANO QUIMICO;1800;0;1800;0;1800;;;Servicios;ADJUDICADO;AREA PABLO;U365;31/12/2026;30/5/2026;10151297;10;1;30/5/2026;31/5/2026;C25;4500131182;10;4401;1;MPITTIA;25/6/2026;31/12/2026;C25;4;;;;;;;;;;;Sin aclaración;En curso;;C25
00365 RIO TINTO;1000089327;20;ZPAN;ALQUIER  BAÑOS QUIMI;;0;;;;CSOSA;1022693;ALQUILER DE MODULO DE BANO X U;150;0;150;0;150;;;Servicios;ADJUDICADO;AREA PABLO;U365;31/12/2026;30/5/2026;10151297;20;1;30/5/2026;31/5/2026;C25;4500131182;20;4401;1;MPITTIA;25/6/2026;31/12/2026;C25;2;;;;;;;;;;;Sin aclaración;En curso;;C25
00365 RIO TINTO;1000089805;10;ZPAN;OC ABIERTA TTE CARGA;;0;;;;CSOSA;1012979;FLETE PLAYO 6MT XVIAJE;10;2;10;0;8;5000180287;13/7/2026;Servicios;CUMPLIDO PARCIAL;CROSSDOX S. A. S.;U365;20/9/2026;8/6/2026;10151900;10;1;8/6/2026;8/6/2026;C15;4500131117;10;4401;1;GDIAZ;24/6/2026;20/9/2026;C15;2;13/7/2026;;;;;;;;;;Sin aclaración;En curso;;C15
00365 RIO TINTO;1000089940;10;ZPAN;OC RETIRO DE ACEITES;;20;;;;CSOSA;1013095;RECOLECCION DE RESIDUOS PELIGROSOS Y9;1200;0;1200;0;1200;;;Servicios;ADJUDICADO;LOGISTICA Y SERVICIOS AMBIENTALES S;U365;31/7/2026;9/6/2026;10152107;10;1;9/6/2026;11/6/2026;C24;4500130193;10;4401;1;MPITTIA;16/6/2026;31/7/2026;C24;0;;;;;;;;;;;Sin aclaración;En curso - Próximo a vencer;;C24
00365 RIO TINTO;1000089940;20;ZPAN;OC RETIRO DE ACEITES;;20;;;;CSOSA;1013094;RECOLECCION DE RESIDUOS PELIGROSOS Y8;6600;0;6600;0;6600;;;Servicios;ADJUDICADO;LOGISTICA Y SERVICIOS AMBIENTALES S;U365;31/7/2026;9/6/2026;10152107;20;1;9/6/2026;11/6/2026;C24;4500130193;20;4401;1;MPITTIA;16/6/2026;31/7/2026;C24;0;;;;;;;;;;;Sin aclaración;En curso - Próximo a vencer;;C24
00365 RIO TINTO;1000089940;30;ZPAN;OC RETIRO DE ACEITES;;20;;;;CSOSA;1036089;FLETE TTE CAMION RES PELIGROSOS SEDE;1;0;1;0;1;;;Servicios;ADJUDICADO;LOGISTICA Y SERVICIOS AMBIENTALES S;U365;31/7/2026;9/6/2026;10152107;30;1;9/6/2026;11/6/2026;C24;4500130193;30;4401;1;MPITTIA;16/6/2026;31/7/2026;C24;0;;;;;;;;;;;Sin aclaración;En curso - Próximo a vencer;;C24
00365 RIO TINTO;1000090060;10;ZPAN;ALQUILER AUTOELEVADO;;20;;;;MFALERO;1033267;ALQUILER DE AUTOELEVADOR X MES;8;1;8;0;7;5000179384;4/7/2026;Servicios;CUMPLIDO PARCIAL;TSM EQUIPOS S. R. L.;U365;28/2/2027;11/6/2026;10152254;10;1;11/6/2026;11/6/2026;C04;4500130111;10;4401;1;GROSES;12/6/2026;28/2/2027;C04;1;4/7/2026;;;;;;;;;;Sin aclaración;En curso;;C04
00365 RIO TINTO;1000090581;10;ZPAN;EXT ALQ VALLADO;;0;;;;MGAUDELLI;1050061;ALQUILER VALLADO RIGIDO XMES;1;0;1;0;1;;;Servicios;ADJUDICADO;RIBRON SA;U365;31/7/2026;20/6/2026;10152927;10;1;20/6/2026;20/6/2026;C26;4500131033;10;4401;1;YCOLMAN;23/6/2026;31/7/2026;C26;0;;;;;;;;;;;Sin aclaración;En curso - Próximo a vencer;;C26
00365 RIO TINTO;1000091058;50;ZPAN;PEDIDO INICIAL;;0;;;;CSOSA;1002627;FILTRO;2;0;2;0;2;;;Materiales Stock;ADJUDICADO;SERVICIOS VIALES DE STA. FE SA;U365;14/7/2026;30/6/2026;10153588;50;1;30/6/2026;1/7/2026;C29;4500131976;50;4401;1;RPEREZ;3/7/2026;14/7/2026;C04;0;;;;;;;;;;;Sin aclaración;Vencido con cant pendiente a recep;;C04
00365 RIO TINTO;1000091101;10;ZPAN;EXT ALQ VALLADO 400;;0;;;;CSOSA;1050061;ALQUILER VALLADO RIGIDO XMES;1;0;1;0;1;;;Servicios;ADJUDICADO;RIBRON SA;U365;31/7/2026;30/6/2026;10153619;10;1;30/6/2026;1/7/2026;C26;4500131739;10;4401;1;YCOLMAN;1/7/2026;20/7/2026;C26;0;;;;;;;;;;;Sin aclaración;En curso - Próximo a vencer;;C26
00365 RIO TINTO;1000091116;220;ZPAN;REP ALM 0365;;0;;;;LBARTON;1002480;FILTRO ACEITE;9;0;9;0;9;;;Materiales Stock;ADJUDICADO;SERVICIOS VIALES DE STA. FE SA;U365;1/8/2026;1/7/2026;10153643;220;1;1/7/2026;1/7/2026;C29;4500131976;40;4401;1;RPEREZ;3/7/2026;14/7/2026;C04;0;;;;;;;;;;;Sin aclaración;En curso - Próximo a vencer;;C04
00365 RIO TINTO;1000091116;280;ZPAN;REP ALM 0365;;0;;;;LBARTON;1002773;FILTRO AIRE WA600;5;0;5;0;5;;;Materiales Stock;ADJUDICADO;SERVICIOS VIALES DE STA. FE SA;U365;1/8/2026;1/7/2026;10153643;280;1;1/7/2026;1/7/2026;C29;4500131976;60;4401;1;RPEREZ;3/7/2026;14/7/2026;C04;0;;;;;;;;;;;Sin aclaración;En curso - Próximo a vencer;;C04
00365 RIO TINTO;1000091116;290;ZPAN;REP ALM 0365;;0;;;;LBARTON;1002818;FILTRO GASOIL;2;0;2;0;2;;;Materiales Stock;ADJUDICADO;SERVICIOS VIALES DE STA. FE SA;U365;1/8/2026;1/7/2026;10153643;290;1;1/7/2026;1/7/2026;C29;4500131976;70;4401;1;RPEREZ;3/7/2026;14/7/2026;C04;0;;;;;;;;;;;Sin aclaración;En curso - Próximo a vencer;;C04
00365 RIO TINTO;1000091116;360;ZPAN;REP ALM 0365;;0;;;;LBARTON;1003147;FILTRO DE COMBUSTIBLE;8;0;8;0;8;;;Materiales Stock;ADJUDICADO;SERVICIOS VIALES DE STA. FE SA;U365;1/8/2026;1/7/2026;10153643;360;1;1/7/2026;1/7/2026;C29;4500131976;90;4401;1;RPEREZ;3/7/2026;14/7/2026;C04;0;;;;;;;;;;;Sin aclaración;En curso - Próximo a vencer;;C04
00365 RIO TINTO;1000091116;370;ZPAN;REP ALM 0365;;0;;;;LBARTON;1003148;FILTRO DE LINEA COMBUSTIBLE;3;0;3;0;3;;;Materiales Stock;ADJUDICADO;SERVICIOS VIALES DE STA. FE SA;U365;1/8/2026;1/7/2026;10153643;370;1;1/7/2026;1/7/2026;C29;4500131976;100;4401;1;RPEREZ;3/7/2026;14/7/2026;C04;0;;;;;;;;;;;Sin aclaración;En curso - Próximo a vencer;;C04
00365 RIO TINTO;1000091116;780;ZPAN;REP ALM 0365;;0;;;;LBARTON;1027763;FILTRO TRAMPA DE AGUA;1;0;1;0;1;;;Materiales Stock;ADJUDICADO;SERVICIOS VIALES DE STA. FE SA;U365;1/8/2026;1/7/2026;10153643;780;1;1/7/2026;1/7/2026;C29;4500131976;20;4401;1;RPEREZ;3/7/2026;14/7/2026;C04;0;;;;;;;;;;;Sin aclaración;En curso - Próximo a vencer;;C04
00365 RIO TINTO;1000091116;800;ZPAN;REP ALM 0365;;0;;;;LBARTON;1028183;Filtro Aceite Motor;23;0;23;0;23;;;Materiales Stock;ADJUDICADO;SERVICIOS VIALES DE STA. FE SA;U365;1/8/2026;1/7/2026;10153643;800;1;1/7/2026;1/7/2026;C29;4500131976;30;4401;1;RPEREZ;3/7/2026;14/7/2026;C04;0;;;;;;;;;;;Sin aclaración;En curso - Próximo a vencer;;C04
00365 RIO TINTO;1000091116;1180;ZPAN;REP ALM 0365;;0;;;;LBARTON;1056949;FILTRO TRAMPA DE AGUA;23;0;23;0;23;;;Materiales Stock;ADJUDICADO;SERVICIOS VIALES DE STA. FE SA;U365;1/8/2026;1/7/2026;10153643;1180;1;1/7/2026;1/7/2026;C04;4500131976;10;4401;1;RPEREZ;3/7/2026;14/7/2026;C04;0;;;;;;;;;;;Sin aclaración;En curso - Próximo a vencer;;C04
00365 RIO TINTO;1000091159;10;ZPAN;OC ABIERTA TTE CARGA;;0;;;;CSOSA;1012979;FLETE PLAYO 6MT XVIAJE;10;0;10;0;10;;;Servicios;ADJUDICADO;KAFRA MAYORISTA S. A.;U365;20/9/2026;1/7/2026;10153731;10;1;1/7/2026;1/7/2026;C15;4500132261;10;4401;1;GDIAZ;8/7/2026;20/9/2026;C15;0;;;;;;;;;;;Sin aclaración;En curso;;C15
00365 RIO TINTO;1000091172;10;ZPAN;REGULARIZAR TTE CRUZ;;20;;;;CSOSA;1012981;DESPACHO MAT. DE OBRA - Fact 0557A17395;1;0;1;0;1;;;Servicios;ADJUDICADO;V.MASSON TRAP.CRUZ DEL SUR SA;U365;16/7/2026;2/7/2026;10153745;10;1;2/7/2026;3/7/2026;C15;4500132848;10;4401;1;GDIAZ;15/7/2026;16/7/2026;C15;0;;;;;;;;;;;Sin aclaración;Vencido con cant pendiente a recep;;C15
00365 RIO TINTO;1000091289;10;ZPAN;SS CONTROL DE PLAGAS;;0;;;;CSOSA;1013139;SS CONTROL DE PLAGAS XUN;6;0;6;0;6;;;Servicios;ADJUDICADO;MORON ARANSAY OSCAR ALFREDO;U365;10/12/2026;3/7/2026;10153840;10;1;3/7/2026;3/7/2026;C25;4500132717;10;4401;1;ALOPEZ;15/7/2026;10/12/2026;C25;0;;;;;;;;;;;Sin aclaración;En curso;;C25
00365 RIO TINTO;1000091380;10;ZPAN;DEVOLUCION COMPACTAD;;0;;;;CSOSA;1012977;FLETE PLANCHADA CORTA H 4TN 6MT XVIAJE;1;0;1;0;1;;;Servicios;ADJUDICADO;VIRGILI MARCELO HECTOR;U365;20/7/2026;6/7/2026;10153984;10;1;6/7/2026;6/7/2026;C15;4500132849;10;4401;1;GDIAZ;15/7/2026;20/7/2026;C15;0;;;;;;;;;;;Sin aclaración;En curso - Próximo a vencer;;C15
00365 RIO TINTO;1000091666;10;ZPAN;Certificacion Esling;;0;;;;MFALERO;1036348;CERTIFICACION DE ESLINGAS SINTETICAS;24;24;24;0;0;5000180434;14/7/2026;Servicios;CUMPLIDO;WORKLIFT SA;U365;25/7/2026;11/7/2026;10154461;10;1;11/7/2026;11/7/2026;C35;4500132672;10;4401;1;FSOTO;14/7/2026;16/7/2026;C35;1;14/7/2026;;;;;;;;;;Sin aclaración;En curso - Próximo a vencer;;C35
00365 RIO TINTO;1000091666;20;ZPAN;Certificacion Esling;;0;;;;MFALERO;1036349;CERTIFICACION GRILLETES;7;7;7;0;0;5000180434;14/7/2026;Servicios;CUMPLIDO;WORKLIFT SA;U365;25/7/2026;11/7/2026;10154461;20;1;11/7/2026;11/7/2026;C35;4500132672;20;4401;1;FSOTO;14/7/2026;16/7/2026;C35;1;14/7/2026;;;;;;;;;;Sin aclaración;En curso - Próximo a vencer;;C35
00365 RIO TINTO;1000091695;10;ZPAN;REG PRAXSYS AF832BX;;0;;;;MFALERO;1025940;SERVICIO DE RASTREO SATELITAL VEHICUL XU;1;0;1;0;1;;;Servicios;ADJUDICADO;PRAXSYS SOLUCIONES S.R.L;U365;27/7/2026;13/7/2026;10154514;10;1;13/7/2026;13/7/2026;C25;4500132590;10;4401;1;ALOPEZ;14/7/2026;26/7/2026;C25;0;;;;;;;;;;;Sin aclaración;En curso - Próximo a vencer;;C25
00365 RIO TINTO;1000091695;20;ZPAN;REG PRAXSYS AF832BX;;0;;;;MFALERO;1022295;SERVICIO VIDEO TELEMATICA;1;0;1;0;1;;;Servicios;ADJUDICADO;PRAXSYS SOLUCIONES S.R.L;U365;27/7/2026;13/7/2026;10154514;20;1;13/7/2026;13/7/2026;C25;4500132590;20;4401;1;ALOPEZ;14/7/2026;26/7/2026;C25;0;;;;;;;;;;;Sin aclaración;En curso - Próximo a vencer;;C25
00365 RIO TINTO;1000091802;10;ZPAN;Certificaciones Auto;;0;;;;MFALERO;1022295;JORNADA DE CAPACITACION - Hasta 12 pers.;1;0;1;0;1;;;Servicios;ADJUDICADO;WORKLIFT SA;U365;28/7/2026;14/7/2026;10154712;10;1;14/7/2026;14/7/2026;C01;4500132707;10;4401;1;MFALERO;14/7/2026;28/7/2026;C01;0;;;;;;;;;;;Sin aclaración;En curso - Próximo a vencer;;C01
00365 RIO TINTO;1000091802;20;ZPAN;Certificaciones Auto;;0;;;;MFALERO;1022295;CARNET HABILITANTE DIGITAL por operario;8;0;8;0;8;;;Servicios;ADJUDICADO;WORKLIFT SA;U365;28/7/2026;14/7/2026;10154712;20;1;14/7/2026;14/7/2026;C01;4500132707;20;4401;1;MFALERO;14/7/2026;28/7/2026;C01;0;;;;;;;;;;;Sin aclaración;En curso - Próximo a vencer;;C01
00365 RIO TINTO;1000092070;10;ZPAN;EXT ALQ VALLADO;;0;;;;MGAUDELLI;1050061;ALQUILER VALLADO RIGIDO XMES;1;0;0;1;0;;;Servicios;SIN TRATAMIENTO;;U365;15/8/2026;17/7/2026;10155009;10;1;17/7/2026;17/7/2026;C25;;0;;0;;;;;0;;;;;;;;;;;Sin aclaración;En curso - Próximo a vencer;;C25
00368-YPF Acueducto TBH;1000070076;10;ZPAN;CERT 03 ALQUILER BOM;;0;;;;FALFARO;1033267;SERVICIO ALQUILER EQUIPOS;15;0,5;15;0;14,5;5000140444;1/8/2025;Servicios;CUMPLIDO;XYLEM WATER SOLUTIONS ARGENTINA S.R;MR01;31/7/2025;11/7/2025;10125904;10;1;11/7/2025;11/7/2025;C04;4500103787;10;0368;1;WVENTURINI;16/7/2025;31/10/2025;C04;1;1/8/2025;;;;;;;;;;Sin aclaración;Vencido con cant pendiente a recep;;C04
00368-YPF Acueducto TBH;1000084539;10;ZPAN;CERT 03 FLETE MDZ;;0;;;;FALFARO;1012981;FLETE PAQUETERIA EXPRESO LUJAN;2000000;1439207,31;2000000;0;560792,69;5000176489;10/6/2026;Servicios;CUMPLIDO PARCIAL;EXPRESO LUJAN DE CUYO SA;MR01;31/5/2026;10/3/2026;10145082;10;1;10/3/2026;12/3/2026;C15;4500123120;10;0368;1;GDIAZ;20/3/2026;30/7/2026;C15;9;10/6/2026;;;;;;;;;;Sin aclaración;Vencido con cant pendiente a recep;;C15
00368-YPF Acueducto TBH;1000091031;10;ZPAN;P1 TALLER FORMALIZAR;;0;;;;FALFARO;1041905;LAVADO EQUIPO PESADO COMPLETO FACT 1104;1;1;1;0;0;5000178955;1/7/2026;Servicios;CUMPLIDO;MORALES ESCUDERO GABRIELA A.;MR01;20/7/2026;29/6/2026;10153543;10;1;29/6/2026;30/6/2026;EFO;4500131773;10;0368;1;GROSES;1/7/2026;20/7/2026;EFO;1;1/7/2026;;;;;;;;;;Sin aclaración;En curso - Próximo a vencer;;EFO
00368-YPF Acueducto TBH;1000091031;20;ZPAN;P1 TALLER FORMALIZAR;;0;;;;FALFARO;1041905;LAVADO EQUIPO PESADO COMPLETO FACT 1100;1;1;1;0;0;5000178955;1/7/2026;Servicios;CUMPLIDO;MORALES ESCUDERO GABRIELA A.;MR01;20/7/2026;29/6/2026;10153543;20;1;29/6/2026;30/6/2026;EFO;4500131773;20;0368;1;GROSES;1/7/2026;20/7/2026;EFO;1;1/7/2026;;;;;;;;;;Sin aclaración;En curso - Próximo a vencer;;EFO
00368-YPF Acueducto TBH;1000091031;30;ZPAN;P1 TALLER FORMALIZAR;;0;;;;FALFARO;1041905;LAVADO EQUIPO PESADO COMPLETO FACT 1098;1;1;1;0;0;5000178955;1/7/2026;Servicios;CUMPLIDO;MORALES ESCUDERO GABRIELA A.;MR01;20/7/2026;29/6/2026;10153543;30;1;29/6/2026;30/6/2026;EFO;4500131773;30;0368;1;GROSES;1/7/2026;20/7/2026;EFO;1;1/7/2026;;;;;;;;;;Sin aclaración;En curso - Próximo a vencer;;EFO
00369-YPF OLEODUCTO PR-LP PK-451;1000055716;10;ZPAN;ZPI 4000004584 atenc;;0;;4;14/11/2025;JBURON;1012846;servicio de atencion primaria x mes;10;9,5;9,5;0;0,5;5000140745;4/8/2025;Materiales genericos;RESPONDIDO;COOP. DE TRAB. SUM LAS FLORES LTDA.;MR01;4/11/2025;14/10/2024;10107629;10;1;14/10/2024;14/10/2024;C25;4500085889;10;0369;1;MPITTIA;16/10/2024;30/9/2025;C25;14;4/8/2025;;;;;;;;;;Sin aclaración;Vencido con cant pendiente a recep;;C25
00369-YPF OLEODUCTO PR-LP PK-451;1000056901;10;ZPAN;SERV VISTA DE OBRA;;2;;3;22/9/2025;JPIEDRABUENA;1012851;VISITA DE OBRA;4;1;1;3;3;5000118080;28/11/2024;Materiales genericos;CUMPLIDO;KUHN MATIAS DANIEL;MR01;30/8/2025;5/11/2024;10109125;10;1;5/11/2024;5/11/2024;C26;4500087308;10;0369;1;AGONZALEZ;6/11/2024;30/8/2025;C26;5;27/11/2024;;;;;;;;;;Sin aclaración;Vencido con cant pendiente a recep;;C26
00369-YPF OLEODUCTO PR-LP PK-451;1000062453;10;ZPAN;PM RASTREO SATELITAL;;2;;4;7/7/2026;JPIEDRABUENA;1025940;Comodato, instalación y llaves PIN;13;0;0;13;13;;;Servicios;RESPONDIDO;;MR01;11/3/2026;19/2/2025;10116060;10;1;19/2/2025;19/2/2025;C25;;0;;1;;;;;2;;;;;;;;;;;Sin aclaración;Vencido con cant pendiente a recep;;C25
00369-YPF OLEODUCTO PR-LP PK-451;1000062453;20;ZPAN;PM RASTREO SATELITAL;;2;;4;7/7/2026;JPIEDRABUENA;1025940;SERVICIO DE RASTREO SATELITAL VEHICUL XU;13;0;0;13;13;;;Servicios;RESPONDIDO;;MR01;11/3/2026;19/2/2025;10116060;20;1;19/2/2025;19/2/2025;C25;;0;;1;;;;;2;;;;;;;;;;;Sin aclaración;Vencido con cant pendiente a recep;;C25
00369-YPF OLEODUCTO PR-LP PK-451;1000068186;10;ZPAN;ZPI 4000005405 RESID;;0;;4;12/11/2025;JBURON;1013094;RECOLECCION DE RESIDUOS PELIGROSOS Y8;1600;0;0;1600;1600;;;Servicios;RESPONDIDO;;MR01;26/6/2025;5/6/2025;10123267;10;1;5/6/2025;5/6/2025;C24;;0;;1;;;;;2;;;;;;;;;;;Sin aclaración;Vencido con cant pendiente a recep;;C24
00369-YPF OLEODUCTO PR-LP PK-451;1000073822;10;ZPAN;EXTENCION OC 4500093;;0;;4;18/2/2026;JPIEDRABUENA;1025931;SERVICIO DE INTERNET X MES;1;0;0;1;1;;;Servicios;RESPONDIDO;;MR01;1/10/2025;11/9/2025;10130841;10;1;11/9/2025;11/9/2025;C25;;0;;1;;;;;0;;;;;;;;;;;Sin aclaración;Vencido con cant pendiente a recep;;C25
00369-YPF OLEODUCTO PR-LP PK-451;1000078327;10;ZPAN;SANEAMIENTO 369;;2;;;;JPIEDRABUENA;1033855;SERVICIO ALQ EQUIPO C/CHOFER X UN;1;0;1;0;1;;;Servicios;ADJUDICADO;SUCESION DE LASCOMBES PEDRO ENRIQUE;MR01;15/12/2025;24/11/2025;10136642;10;1;24/11/2025;26/11/2025;C26;4500114058;10;0369;1;AGONZALEZ;27/11/2025;1/1/2027;C26;0;;;;;;;;;;;Sin aclaración;Vencido con cant pendiente a recep;;C26
00372 UTE 372 GEO POSCO II;1000070299;10;ZPAN;03 - SUP TOPOGRAFIA;;0;;;;MMOHR;1027430;SERVICIO DE TOPOGRAFIA x MES;3;3;3;0;0;5000151078;3/11/2025;Servicios;CUMPLIDO;ARQ&TOP S. R. L.;U003;15/11/2026;15/7/2025;10126175;10;1;15/7/2025;7/8/2025;C26;4500104167;10;4403;1;AGONZALEZ;21/7/2025;15/11/2026;C26;8;3/11/2025;;;;;;;;;;03 Cert Mensual;En curso - Total recepcionado;;C26
00372 UTE 372 GEO POSCO II;1000070398;10;ZPAN;03- SERV. INTERNET 1;;20;;;;GLUNA;1025931;SERVICIO DE INTERNET 1 TB   X MES;14;12;14;0;2;5000179179;3/7/2026;Servicios;RECEPCIONADO PARCIAL;JAWIT S.A.;U003;23/9/2026;16/7/2025;10126281;10;1;16/7/2025;17/7/2025;C25;4500104423;10;4403;1;MPITTIA;24/7/2025;23/9/2026;C25;12;3/7/2026;;;;;;;;;;03 Cert Mensual;En curso;Verde;C25
00372 UTE 372 GEO POSCO II;1000071014;20;ZPAN;03 - LICENCIADO MED;;0;;;;NGONCALVEZ;1022295;GESTION INSCRIPCION PELIGROS SALTA;1;1;1;0;0;5000144072;2/9/2025;Servicios;CUMPLIDO;DELGADO JORGE ESTEBAN;U003;11/9/2026;28/7/2025;10127049;20;1;7/8/2025;7/8/2025;C25;4500106249;20;4403;1;MPITTIA;18/8/2025;11/9/2026;C25;1;2/9/2025;;;;;;;;;;03 Cert Mensual;En curso - Total recepcionado;;C25
00372 UTE 372 GEO POSCO II;1000071014;30;ZPAN;03 - LICENCIADO MED;;0;;;;NGONCALVEZ;1022295;GESTION INSCRIPCION PELIGROS CATAMARCA;1;1;1;0;0;5000144072;2/9/2025;Servicios;CUMPLIDO;DELGADO JORGE ESTEBAN;U003;11/9/2026;28/7/2025;10127049;30;1;7/8/2025;7/8/2025;C25;4500106249;30;4403;1;MPITTIA;18/8/2025;11/9/2026;C25;1;2/9/2025;;;;;;;;;;03 Cert Mensual;En curso - Total recepcionado;;C25
00372 UTE 372 GEO POSCO II;1000071014;40;ZPAN;03 - LICENCIADO MED;;0;;;;NGONCALVEZ;1022295;PLAN GESTION AMBIENTA Y MATRIZ RIESGOS;1;1;1;0;0;5000144072;2/9/2025;Servicios;CUMPLIDO;DELGADO JORGE ESTEBAN;U003;11/9/2026;28/7/2025;10127049;40;1;7/8/2025;7/8/2025;C25;4500106249;40;4403;1;MPITTIA;18/8/2025;11/9/2026;C25;1;2/9/2025;;;;;;;;;;03 Cert Mensual;En curso - Total recepcionado;;C25
00372 UTE 372 GEO POSCO II;1000072311;10;ZPAN;01 - SERVICIO LAVADO;;0;;;;MMOHR;1041903;LAVADO VEHICULO LIVIANO COMPLETO;10;10;10;0;0;5000163975;4/3/2026;Servicios;CUMPLIDO;MORENO VARGAS LUCIANA GISEL;U003;28/9/2026;18/8/2025;10128715;10;1;18/8/2025;18/8/2025;372;4500106454;10;4403;1;MZERPA;20/8/2025;15/4/2026;372;2;4/3/2026;;;;;;;;;;01 Cert Semanal;En curso - Total recepcionado;;372
00372 UTE 372 GEO POSCO II;1000072705;10;ZPAN;01 - RETIRO SOBRANTE;;0;;;;GLUNA;1022295;RETIRO MATERIAL SOBRANTE GEO;14;14;14;0;0;5000180210;12/7/2026;Servicios;RECEPCIONADO;PETIT PLAST SOCIEDAD ANONIMA;U003;30/10/2026;25/8/2025;10129303;10;1;25/8/2025;25/8/2025;C25;4500108829;10;4403;2;MPITTIA;18/9/2025;30/10/2026;C25;1;12/7/2026;;;;;;;;;;01 Cert Semanal;En curso - Total recepcionado;;C25
00372 UTE 372 GEO POSCO II;1000073536;10;ZPAN;03 - TRANS PERS CATA;;0;;;;NGONCALVEZ;1013113;SERV TTE PERSONAL COMBI CATAMARCA;24;3;24;0;21;5000147840;3/10/2025;Servicios;RECEPCIONADO PARCIAL;PRODUCTOS SERVICIOS Y DISTRIBUCIONE;U003;30/7/2026;7/9/2025;10130407;10;1;7/9/2025;29/9/2025;C25;4500108017;10;4403;1;MPITTIA;8/9/2025;30/11/2026;C25;1;3/10/2025;;;;;;;;;;03 Cert Mensual;En curso - Próximo a vencer;Rojo;C25
00372 UTE 372 GEO POSCO II;1000073536;20;ZPAN;03 - TRANS PERS CATA;;0;;;;NGONCALVEZ;1013113;SERV DE ESCOLTA CATAMARCA;24;5;24;0;19;5000151066;3/11/2025;Servicios;RECEPCIONADO PARCIAL;PRODUCTOS SERVICIOS Y DISTRIBUCIONE;U003;30/7/2026;7/9/2025;10130407;20;1;7/9/2025;29/9/2025;C25;4500108017;20;4403;1;MPITTIA;8/9/2025;30/11/2026;C25;6;3/11/2025;;;;;;;;;;03 Cert Mensual;En curso - Próximo a vencer;Rojo;C25
00372 UTE 372 GEO POSCO II;1000073536;30;ZPAN;03 - TRANS PERS CATA;;0;;;;NGONCALVEZ;1013113;SNACK DE VIAJE;500;500;500;0;0;5000160811;3/2/2026;Servicios;CUMPLIDO;PRODUCTOS SERVICIOS Y DISTRIBUCIONE;U003;30/7/2026;7/9/2025;10130407;30;1;7/9/2025;29/9/2025;C25;4500108017;30;4403;1;MPITTIA;8/9/2025;30/11/2026;C25;7;3/2/2026;;;;;;;;;;03 Cert Mensual;En curso - Próximo a vencer;Rojo;C25
00372 UTE 372 GEO POSCO II;1000073536;40;ZPAN;03 - TRANS PERS CATA;;0;;;;NGONCALVEZ;1013113;SERV TTE PERSONAL COLECTIVO CATAMARCA;24;2;24;0;22;5000151066;3/11/2025;Servicios;RECEPCIONADO PARCIAL;PRODUCTOS SERVICIOS Y DISTRIBUCIONE;U003;30/7/2026;7/9/2025;10130407;40;1;7/9/2025;29/9/2025;C25;4500108017;40;4403;1;MPITTIA;8/9/2025;30/11/2026;C25;6;3/11/2025;;;;;;;;;;03 Cert Mensual;En curso - Próximo a vencer;Rojo;C25
00372 UTE 372 GEO POSCO II;1000073536;70;ZPAN;03 - TRANS PERS CATA;;0;;;;NGONCALVEZ;1013113;TRANSP PERSONAL BELEN-POSCO COMBI;24;4;24;0;20;5000168365;9/4/2026;Servicios;RECEPCIONADO PARCIAL;PRODUCTOS SERVICIOS Y DISTRIBUCIONE;U003;30/7/2026;7/9/2025;10130407;70;1;4/10/2025;6/10/2025;C25;4500111897;20;4403;1;MPITTIA;29/10/2025;30/7/2026;C25;6;9/4/2026;;;;;;;;;;03 Cert Mensual;En curso - Próximo a vencer;Rojo;C25
00372 UTE 372 GEO POSCO II;1000074691;10;ZPAN;01-PREOCUPACIONALES;;0;;;;NGONCALVEZ;1013130;EXAMEN PREOCUPACIONAL BASICO XUN;50;0;50;0;50;;;Servicios;ADJUDICADO;MED LAB SALTA S.R.L.;U003;30/9/2026;25/9/2025;10131864;10;1;25/9/2025;26/9/2025;C25;4500109516;10;4403;1;MPITTIA;26/9/2025;30/9/2026;C25;0;;;;;;;;;;;01 Cert Semanal;En curso;;C25
00372 UTE 372 GEO POSCO II;1000074829;10;ZPAN;03 - ATENCION PRIMAR;;0;;;;NGONCALVEZ;1022295;SERVICIO DE AUSENTISMO Y ATENCION PRIMAR;1800;1149;1800;0;651;5000179181;3/7/2026;Servicios;RECEPCIONADO PARCIAL;LABTEC S. R. L.;U003;13/10/2026;29/9/2025;10132042;10;1;29/9/2025;29/9/2025;C25;4500109709;10;4403;1;MPITTIA;30/9/2025;13/10/2026;C25;10;3/7/2026;;;;;;;;;;03 Cert Mensual;En curso;Verde;C25
00372 UTE 372 GEO POSCO II;1000077060;10;ZPAN;03 - ALQUILER BAÑOS;;0;;;;NGONCALVEZ;1022693;ALQUILER DE MODULO DE BANO X U;88;82;88;0;6;5000180011;10/7/2026;Servicios;RECEPCIONADO PARCIAL;JUVEGUMER S. A. S.;U003;30/7/2026;3/11/2025;10135042;10;1;3/11/2025;3/11/2025;C25;4500113294;10;4403;2;MPITTIA;17/11/2025;30/9/2026;C25;20;10/7/2026;;;;;;;;;;03 Cert Mensual;En curso - Próximo a vencer;Verde;C25
00372 UTE 372 GEO POSCO II;1000077060;20;ZPAN;03 - ALQUILER BAÑOS;;0;;;;NGONCALVEZ;1013136;SERVICIO LIMPIEZA DESAGOTE BANO QUIMICO;88;66;88;0;22;5000180156;10/7/2026;Servicios;RECEPCIONADO PARCIAL;JUVEGUMER S. A. S.;U003;30/7/2026;3/11/2025;10135042;20;1;3/11/2025;3/11/2025;C25;4500113294;20;4403;2;MPITTIA;17/11/2025;30/9/2026;C25;24;10/7/2026;;;;;;;;;;03 Cert Mensual;En curso - Próximo a vencer;Verde;C25
00372 UTE 372 GEO POSCO II;1000077426;10;ZPAN;04 - AGUA BIDON 20 l;;0;;;;NGONCALVEZ;1010725;BIDON DE AGUA 20 L.;200;55;200;0;145;5000174925;29/5/2026;Materiales usuales;RECEPCIONADO PARCIAL;ZAMBRANA SAMUEL;U003;31/7/2026;10/11/2025;10135540;10;1;10/11/2025;10/11/2025;C25;4500113920;10;4403;1;MPITTIA;26/11/2025;30/10/2026;C25;5;29/5/2026;;;;;;;;;;04 Cert a Demanda;En curso - Próximo a vencer;;C25
00372 UTE 372 GEO POSCO II;1000078132;10;ZPAN;01- SERV DE PAQUETER;;0;;;;GLUNA;1012981;PAQ  ANDREANI SJ-SLA;5000000;0;5000000;0;5000000;;;Servicios;ADJUDICADO;ANDREANI LOGISTICA SA;U003;30/9/2026;20/11/2025;10136408;10;1;20/11/2025;21/11/2025;C15;4500114165;10;4403;1;GDIAZ;28/11/2025;30/8/2026;C15;0;;;;;;;;;;;01 Cert Semanal;En curso;;C15
00372 UTE 372 GEO POSCO II;1000078132;20;ZPAN;01- SERV DE PAQUETER;;0;;;;GLUNA;1012981;PAQ  ANDREANI ROS-SLA;5000000;0;5000000;0;5000000;;;Servicios;ADJUDICADO;ANDREANI LOGISTICA SA;U003;30/9/2026;20/11/2025;10136408;20;1;20/11/2025;21/11/2025;C15;4500114165;20;4403;1;GDIAZ;28/11/2025;30/8/2026;C15;0;;;;;;;;;;;01 Cert Semanal;En curso;;C15
00372 UTE 372 GEO POSCO II;1000078132;30;ZPAN;01- SERV DE PAQUETER;;0;;;;GLUNA;1012981;PAQ  CRUZ DEL SUR  SJ-SLA;5000000;543139,54;5000000;0;4456860,46;5000176903;14/6/2026;Servicios;RECEPCIONADO PARCIAL;V.MASSON TRAP.CRUZ DEL SUR SA;U003;30/9/2026;20/11/2025;10136408;30;1;20/11/2025;21/11/2025;C15;4500114168;30;4403;1;GDIAZ;28/11/2025;30/8/2026;C15;4;14/6/2026;;;;;;;;;;01 Cert Semanal;En curso;Rojo;C15
00372 UTE 372 GEO POSCO II;1000078132;40;ZPAN;01- SERV DE PAQUETER;;0;;;;GLUNA;1012981;PAQ  CRUZ DEL SUR  ROS-SLA;5000000;4165880,46;5000000;0;834119,54;5000180821;17/7/2026;Servicios;RECEPCIONADO PARCIAL;V.MASSON TRAP.CRUZ DEL SUR SA;U003;30/9/2026;20/11/2025;10136408;40;1;20/11/2025;21/11/2025;C15;4500114168;40;4403;1;GDIAZ;28/11/2025;30/8/2026;C15;18;17/7/2026;;;;;;;;;;01 Cert Semanal;En curso;Verde;C15
00372 UTE 372 GEO POSCO II;1000079643;10;ZPAN;01-RETIRO DE RESIDUO;;0;;;;GLUNA;1022295;TRATAMIENTO Y48 M3;10;0;10;0;10;;;Servicios;ADJUDICADO;BARRIOS FROILAN;U003;29/9/2026;15/12/2025;10138350;10;1;15/12/2025;26/1/2026;C25;4500118600;10;4403;1;MPITTIA;28/1/2026;29/9/2026;C25;0;;;;;;;;;;;01 Cert Semanal;En curso;;C25
00372 UTE 372 GEO POSCO II;1000079643;20;ZPAN;01-RETIRO DE RESIDUO;;0;;;;GLUNA;1022295;TRATAMIENTO Y8 LTS;4000;0;4000;0;4000;;;Servicios;ADJUDICADO;BARRIOS FROILAN;U003;29/9/2026;15/12/2025;10138350;20;1;15/12/2025;26/1/2026;C25;4500118600;20;4403;1;MPITTIA;28/1/2026;29/9/2026;C25;0;;;;;;;;;;;01 Cert Semanal;En curso;;C25
00372 UTE 372 GEO POSCO II;1000079643;30;ZPAN;01-RETIRO DE RESIDUO;;0;;;;GLUNA;1022295;TRATAMIENTO Y9 LTS;1000;0;1000;0;1000;;;Servicios;ADJUDICADO;BARRIOS FROILAN;U003;29/9/2026;15/12/2025;10138350;30;1;15/12/2025;26/1/2026;C25;4500118600;30;4403;1;MPITTIA;28/1/2026;29/9/2026;C25;0;;;;;;;;;;;01 Cert Semanal;En curso;;C25
00372 UTE 372 GEO POSCO II;1000079643;60;ZPAN;01-RETIRO DE RESIDUO;;0;;;;GLUNA;1022295;FLETE;9;4;9;0;5;5000174380;26/5/2026;Servicios;RECEPCIONADO PARCIAL;BARRIOS FROILAN;U003;29/9/2026;15/12/2025;10138350;60;1;15/12/2025;26/1/2026;C25;4500117845;60;4403;1;MPITTIA;19/1/2026;29/9/2026;C25;6;26/5/2026;;;;;;;;;;01 Cert Semanal;En curso;Rojo;C25
00372 UTE 372 GEO POSCO II;1000080640;10;ZPAN;03 - ALQ IMRESORAS;;0;;;;MMOHR;1026131;ALQ IMPRESORA MULTIF COLOR A3 X MES;6;6;6;0;0;5000179189;3/7/2026;Servicios;CUMPLIDO;TECNICA Y SISTEMAS SRL;U003;30/7/2026;8/1/2026;10139912;10;1;8/1/2026;9/1/2026;C25;4500118304;10;4403;1;MPITTIA;23/1/2026;30/7/2026;C25;6;3/7/2026;;;;;;;;;;03 Cert Mensual;En curso - Próximo a vencer;Verde;C25
00372 UTE 372 GEO POSCO II;1000080640;20;ZPAN;03 - ALQ IMRESORAS;;0;;;;MMOHR;1026130;ALQ IMPRESORA MULTIF BYN A3 x MES;6;6;6;0;0;5000179189;3/7/2026;Servicios;CUMPLIDO;TECNICA Y SISTEMAS SRL;U003;30/7/2026;8/1/2026;10139912;20;1;8/1/2026;9/1/2026;C25;4500118304;20;4403;1;MPITTIA;23/1/2026;30/7/2026;C25;6;3/7/2026;;;;;;;;;;03 Cert Mensual;En curso - Próximo a vencer;Verde;C25
00372 UTE 372 GEO POSCO II;1000081668;10;ZPAN;01 - EXT TRANSP PERS;;0;;;;NGONCALVEZ;1026128;REMIS EL EJE - TERM SANTA MARIA;15;12;15;0;3;5000179326;3/7/2026;Servicios;RECEPCIONADO PARCIAL;FLORES OSCAR ARIEL;U003;30/7/2026;23/1/2026;10141286;10;1;23/1/2026;26/1/2026;C25;4500118789;10;4403;1;MPITTIA;29/1/2026;30/7/2026;C25;4;3/7/2026;;;;;;;;;;01 Cert Semanal;En curso - Próximo a vencer;Rojo;C25
00372 UTE 372 GEO POSCO II;1000081668;20;ZPAN;01 - EXT TRANSP PERS;;0;;;;NGONCALVEZ;1026128;REMIS TERM SANTA MARIA - EL EJE;15;7;15;0;8;5000174260;24/5/2026;Servicios;RECEPCIONADO PARCIAL;FLORES OSCAR ARIEL;U003;30/7/2026;23/1/2026;10141286;20;1;23/1/2026;26/1/2026;C25;4500118789;20;4403;1;MPITTIA;29/1/2026;30/7/2026;C25;3;24/5/2026;;;;;;;;;;01 Cert Semanal;En curso - Próximo a vencer;Rojo;C25
00372 UTE 372 GEO POSCO II;1000082855;10;ZPAN;01- SERV DE PAQUETER;;1;;;;GLUNA;1012981;PAQ  LA SEVILLANITA  ROS-SLA;5000000;1725272,57;5000000;0;3274727,43;5000180235;13/7/2026;Servicios;RECEPCIONADO PARCIAL;TRANSPORTES LA SEVILLANITA SRL;U003;26/10/2026;12/2/2026;10142818;10;1;12/2/2026;12/2/2026;C15;4500120184;10;4403;1;GDIAZ;18/2/2026;26/10/2026;C15;4;13/7/2026;;;;;;;;;;01 Cert Semanal;En curso;Verde;C15
00372 UTE 372 GEO POSCO II;1000083039;10;ZPAN;03SERVICIO REMIS FLO;;0;;;;MMOHR;1026128;REMIS TERM BELEN- TERM SANTA MARIA;12;10;12;0;2;5000176902;14/6/2026;Servicios;RECEPCIONADO PARCIAL;FLORES OSCAR ARIEL;U003;30/7/2026;15/2/2026;10143039;10;1;15/2/2026;18/2/2026;C24;4500120477;10;4403;1;MPITTIA;20/2/2026;15/7/2026;C24;3;14/6/2026;;;;;;;;;;03 Cert Mensual;En curso - Próximo a vencer;Rojo;C24
00372 UTE 372 GEO POSCO II;1000083039;20;ZPAN;03SERVICIO REMIS FLO;;0;;;;MMOHR;1026128;REMIS TERM SANTA MARIA- TERM EJE;12;12;12;0;0;5000180069;10/7/2026;Servicios;CUMPLIDO;FLORES OSCAR ARIEL;U003;30/7/2026;15/2/2026;10143039;20;1;15/2/2026;18/2/2026;C24;4500120477;20;4403;1;MPITTIA;20/2/2026;15/7/2026;C24;4;10/7/2026;;;;;;;;;;03 Cert Mensual;En curso - Próximo a vencer;Verde;C24
00372 UTE 372 GEO POSCO II;1000087672;10;ZPAN;03 LICENCIADO MED;;0;;;;MMOHR;1022295;SERVICIO LIC  MEDIO AMBIENTE X MES;6;2;6;0;4;5000179188;3/7/2026;Servicios;RECEPCIONADO PARCIAL;SORAIRE GUILLERMO FEDERICO;U003;3/11/2026;3/5/2026;10149075;10;1;3/5/2026;4/5/2026;C25;4500127673;10;4403;1;MPITTIA;14/5/2026;3/11/2026;C25;2;3/7/2026;;;;;;;;;;03 Cert Mensual;En curso;Verde;C25
00372 UTE 372 GEO POSCO II;1000088336;10;ZPAN;03 - TRANS PERSONAL;;0;;;;NGONCALVEZ;1013113;SNACK DE VIAJE SALTA;1000;410;1000;0;590;5000179423;6/7/2026;Servicios;RECEPCIONADO PARCIAL;TRANSPORTE TMS S. A. S.;U003;28/8/2026;14/5/2026;10150122;10;1;14/5/2026;14/5/2026;C25;4500128330;10;4403;1;MPITTIA;21/5/2026;28/8/2026;C25;3;6/7/2026;;;;;;;;;;03 Cert Mensual;En curso - Próximo a vencer;Verde;C25
00372 UTE 372 GEO POSCO II;1000088359;10;ZPAN;02 - VIANDAS DE COMI;;0;;;;AZAPANA;1013116;VIANDA ALMUERZO PUESTA EN OBRA XUN;150;11;150;0;139;5000176391;10/6/2026;Servicios;RECEPCIONADO PARCIAL;ARAMAYO MARIA JULIETA;U003;15/5/2027;14/5/2026;10150161;10;1;14/5/2026;29/6/2026;C25;4500129718;10;4403;2;MPITTIA;9/6/2026;30/11/2026;C25;1;10/6/2026;;;;;;;;;;02 Cert Quincenal;En curso;Rojo;C25
00372 UTE 372 GEO POSCO II;1000088541;10;ZPAN;03 - TRANS PERSONAL;;0;;;;NGONCALVEZ;1013113;SERV TTE PERSONAL COLECTIVO BELEN-POSCO;20;7;20;0;13;5000179315;3/7/2026;Servicios;RECEPCIONADO PARCIAL;PRODUCTOS SERVICIOS Y DISTRIBUCIONE;U003;30/7/2026;16/5/2026;10150362;10;1;16/5/2026;18/5/2026;C25;4500128533;10;4403;1;MPITTIA;26/5/2026;31/10/2026;C25;5;3/7/2026;;;;;;;;;;03 Cert Mensual;En curso - Próximo a vencer;Verde;C25
00372 UTE 372 GEO POSCO II;1000088541;20;ZPAN;03 - TRANS PERSONAL;;0;;;;NGONCALVEZ;1013113;SERV DE ESCOLTA BELEN-POSCO;20;2;20;0;18;5000179315;3/7/2026;Servicios;RECEPCIONADO PARCIAL;PRODUCTOS SERVICIOS Y DISTRIBUCIONE;U003;30/7/2026;16/5/2026;10150362;20;1;16/5/2026;18/5/2026;C25;4500128533;20;4403;1;MPITTIA;26/5/2026;31/10/2026;C25;3;3/7/2026;;;;;;;;;;03 Cert Mensual;En curso - Próximo a vencer;Verde;C25
00372 UTE 372 GEO POSCO II;1000088685;10;ZPAN;02- TRANPORTE SITIO;;0;;;;NGONCALVEZ;1048595;TRANSP PERSONAL EN SITIO;2;1;2;0;1;5000176909;16/6/2026;Servicios;RECEPCIONADO PARCIAL;TRANSPORTE TMS S. A. S.;U003;2/8/2026;19/5/2026;10150548;10;1;19/5/2026;19/5/2026;C25;4500128543;10;4403;1;MPITTIA;26/5/2026;2/8/2026;C25;1;16/6/2026;;;;;;;;;;02 Cert Quincenal;En curso - Próximo a vencer;Rojo;C25
00372 UTE 372 GEO POSCO II;1000089004;20;ZPAN;01 - Recarga oxigeno;;0;;;;NGONCALVEZ;1013106;SERVICIO DE RECARGA DE GASES;6;0;6;0;6;;;Servicios;ADJUDICADO;GASOL S.R.L.;U003;18/8/2026;25/5/2026;10150930;10;1;25/5/2026;26/5/2026;C01;4500129890;10;4403;1;AZAPANA;10/6/2026;18/8/2026;C01;0;;;;;;;;;;;01 Cert Semanal;En curso - Próximo a vencer;;C01
00372 UTE 372 GEO POSCO II;1000089401;10;ZPAN;03-SERV REMIS- RASGI;;0;;;;MMOHR;1026128;REMIS TERM BELEN - TERM ANDAGALA;12;6;12;0;6;5000179434;6/7/2026;Servicios;RECEPCIONADO PARCIAL;RASGIDO GASTON ANDRES;U003;1/9/2026;1/6/2026;10151366;10;1;1/6/2026;2/6/2026;C24;4500129984;10;4403;1;MPITTIA;11/6/2026;1/9/2026;C24;2;6/7/2026;;;;;;;;;;03 Cert Mensual;En curso - Próximo a vencer;Verde;C24
00372 UTE 372 GEO POSCO II;1000089401;20;ZPAN;03-SERV REMIS- RASGI;;0;;;;MMOHR;1026128;REMIS TERM BELEN - TERM TINOGASTA;7;5;7;0;2;5000179434;6/7/2026;Servicios;RECEPCIONADO PARCIAL;RASGIDO GASTON ANDRES;U003;1/9/2026;1/6/2026;10151366;20;1;1/6/2026;2/6/2026;C24;4500129984;20;4403;1;MPITTIA;11/6/2026;1/9/2026;C24;3;6/7/2026;;;;;;;;;;03 Cert Mensual;En curso - Próximo a vencer;Verde;C24
00372 UTE 372 GEO POSCO II;1000089401;30;ZPAN;03-SERV REMIS- RASGI;;0;;;;MMOHR;1026128;REMIS TERM ANDAGALA- TERM BELEN;12;5;12;0;7;5000180070;10/7/2026;Servicios;RECEPCIONADO PARCIAL;RASGIDO GASTON ANDRES;U003;1/9/2026;1/6/2026;10151366;30;1;1/6/2026;2/6/2026;C24;4500129984;30;4403;1;MPITTIA;11/6/2026;1/9/2026;C24;2;10/7/2026;;;;;;;;;;03 Cert Mensual;En curso - Próximo a vencer;Verde;C24
00372 UTE 372 GEO POSCO II;1000089401;40;ZPAN;03-SERV REMIS- RASGI;;0;;;;MMOHR;1026128;REMIS TERM FIAMBALA - TERM BELEN;12;0;12;0;12;;;Servicios;ADJUDICADO;RASGIDO GASTON ANDRES;U003;1/9/2026;1/6/2026;10151366;40;1;1/6/2026;2/6/2026;C24;4500129984;40;4403;1;MPITTIA;11/6/2026;1/9/2026;C24;0;;;;;;;;;;;03 Cert Mensual;En curso - Próximo a vencer;;C24
00372 UTE 372 GEO POSCO II;1000089401;50;ZPAN;03-SERV REMIS- RASGI;;0;;;;MMOHR;1026128;REMIS TERM TINOGASTA - TERM BELEN;12;3;12;0;9;5000180070;10/7/2026;Servicios;RECEPCIONADO PARCIAL;RASGIDO GASTON ANDRES;U003;1/9/2026;1/6/2026;10151366;50;1;1/6/2026;2/6/2026;C24;4500129984;50;4403;1;MPITTIA;11/6/2026;1/9/2026;C24;2;10/7/2026;;;;;;;;;;03 Cert Mensual;En curso - Próximo a vencer;Verde;C24
00372 UTE 372 GEO POSCO II;1000089401;60;ZPAN;03-SERV REMIS- RASGI;;0;;;;MMOHR;1026128;REMIS TERM BELEN - TERM FIAMBALA;12;0;12;0;12;;;Servicios;ADJUDICADO;RASGIDO GASTON ANDRES;U003;1/9/2026;1/6/2026;10151366;60;1;1/6/2026;2/6/2026;C24;4500129984;60;4403;1;MPITTIA;11/6/2026;1/9/2026;C24;0;;;;;;;;;;;03 Cert Mensual;En curso - Próximo a vencer;;C24
00372 UTE 372 GEO POSCO II;1000089583;10;ZPAN;03- TRANSP PERSONAL;;0;;;;MMOHR;1013113;SERV DE ESCOLTA SALTA-POSCO;12;0;12;0;12;;;Servicios;ADJUDICADO;TRANSPORTE TMS S. A. S.;U003;3/9/2026;3/6/2026;10151623;10;1;3/6/2026;25/6/2026;C25;4500131174;10;4403;1;MPITTIA;25/6/2026;3/9/2026;C25;0;;;;;;;;;;;03 Cert Mensual;En curso - Próximo a vencer;;C25
00372 UTE 372 GEO POSCO II;1000089583;20;ZPAN;03- TRANSP PERSONAL;;0;;;;MMOHR;1013113;SERV COLECTIVO SALTA-POSCO;12;0;12;0;12;;;Servicios;ADJUDICADO;TRANSPORTE TMS S. A. S.;U003;3/9/2026;3/6/2026;10151623;20;1;3/6/2026;25/6/2026;C25;4500131174;20;4403;1;MPITTIA;25/6/2026;3/9/2026;C25;0;;;;;;;;;;;03 Cert Mensual;En curso - Próximo a vencer;;C25
00372 UTE 372 GEO POSCO II;1000089866;10;ZPAN;01 - RETIRO SANICAT;;2;;;;MMOHR;1022295;RETIRO RSU Y MATERIALES DE OBRA;1;0;1;0;1;;;Servicios;ADJUDICADO;BRIZUELA JOSE ALBERTO;U003;29/10/2026;8/6/2026;10152029;10;1;8/6/2026;9/6/2026;C25;4500130510;10;4403;1;MPITTIA;18/6/2026;29/6/2026;C25;0;;;;;;;;;;;01 Cert Semanal;En curso;;C25
00372 UTE 372 GEO POSCO II;1000089886;10;ZPAN;01 - VTV;;0;;;;MMOHR;1022295;SERVICIO VTV CAMIONETA;8;7;8;0;1;5000178418;27/6/2026;Servicios;RECEPCIONADO PARCIAL;PLANTA REVESA SRL;U003;23/10/2026;9/6/2026;10152055;10;1;9/6/2026;9/6/2026;C01;4500129754;10;4403;1;AZAPANA;9/6/2026;30/8/2026;C01;2;27/6/2026;;;;;;;;;;01 Cert Semanal;En curso;Rojo;C01
00372 UTE 372 GEO POSCO II;1000090403;10;ZPAN;LAVADO VEHICULO;;0;;;;AZAPANA;1041903;LAVADO VEHICULO LIVIANO COMPLETO;5;5;5;0;0;5000177522;19/6/2026;Servicios;CUMPLIDO;MORENO VARGAS LUCIANA GISEL;U003;17/12/2026;17/6/2026;10152630;10;1;17/6/2026;19/6/2026;C01;4500130723;10;4403;1;AZAPANA;19/6/2026;17/12/2026;C01;1;19/6/2026;;;;;;;;;;Sin aclaración;En curso - Total recepcionado;;C01
00372 UTE 372 GEO POSCO II;1000090680;10;ZPAN;02-AJUTES SERV SERNI;;0;;;;AZAPANA;1022295;RETIRO RSU Y MATERIALES DE OBRA;1;0;1;0;1;;;Servicios;ADJUDICADO;BRIZUELA JOSE ALBERTO;U003;30/10/2026;23/6/2026;10153047;10;1;23/6/2026;23/6/2026;C25;4500130955;10;4403;1;MPITTIA;23/6/2026;30/6/2026;C25;0;;;;;;;;;;;02 Cert Quincenal;En curso;;C25
00372 UTE 372 GEO POSCO II;1000091128;10;ZPAN;RECARGA MATAFUEGOS;;0;;;;MMOHR;1013042;RECARGA DE MATAFUEGO 5KG;2;2;2;0;0;5000179157;2/7/2026;Servicios;CUMPLIDO;MEDINA DINAH MARIEL;U003;22/7/2026;1/7/2026;10153686;10;1;1/7/2026;2/7/2026;C01;4500131873;10;4403;1;AZAPANA;2/7/2026;22/7/2026;C01;1;2/7/2026;;;;;;;;;;Sin aclaración;En curso - Próximo a vencer;;C01
00372 UTE 372 GEO POSCO II;1000091128;20;ZPAN;RECARGA MATAFUEGOS;;0;;;;MMOHR;1013041;RECARGA DE MATAFUEGO 2,5KG;1;1;1;0;0;5000179157;2/7/2026;Servicios;CUMPLIDO;MEDINA DINAH MARIEL;U003;22/7/2026;1/7/2026;10153686;20;1;1/7/2026;2/7/2026;C01;4500131873;20;4403;1;AZAPANA;2/7/2026;22/7/2026;C01;1;2/7/2026;;;;;;;;;;Sin aclaración;En curso - Próximo a vencer;;C01
00372 UTE 372 GEO POSCO II;1000091616;10;ZPAN;01 - RECARGA MATAFUE;;0;;;;NGONCALVEZ;1013042;RECARGA DE MATAFUEGO 5KG;3;3;3;0;0;5000180256;13/7/2026;Servicios;CUMPLIDO;MEDINA DINAH MARIEL;U003;30/7/2026;10/7/2026;10154363;10;1;10/7/2026;13/7/2026;C01;4500132540;10;4403;1;AZAPANA;13/7/2026;30/7/2026;C01;1;13/7/2026;;;;;;;;;;01 Cert Semanal;En curso - Próximo a vencer;Verde;C01
00372 UTE 372 GEO POSCO II;1000091616;20;ZPAN;01 - RECARGA MATAFUE;;0;;;;NGONCALVEZ;1013039;RECARGA DE MATAFUEGO 10KG;1;1;1;0;0;5000180256;13/7/2026;Servicios;CUMPLIDO;MEDINA DINAH MARIEL;U003;30/7/2026;10/7/2026;10154363;20;1;10/7/2026;13/7/2026;C01;4500132540;20;4403;1;AZAPANA;13/7/2026;30/7/2026;C01;1;13/7/2026;;;;;;;;;;01 Cert Semanal;En curso - Próximo a vencer;Verde;C01
00372 UTE 372 GEO POSCO II;1000091642;10;ZPAN;03 - BAÑOS;;0;;;;NGONCALVEZ;1013136;EXEDENTE SERVICIO LIMPIEZA DESAGOTE BANO;35;0;35;0;35;;;Servicios;ADJUDICADO;JUVEGUMER S. A. S.;U003;24/10/2026;10/7/2026;10154389;10;1;10/7/2026;13/7/2026;C25;4500132831;10;4403;1;ALOPEZ;15/7/2026;24/10/2026;C25;0;;;;;;;;;;;03 Cert Mensual;En curso;;C25
00372 UTE 372 GEO POSCO II;1000091654;10;ZPAN;01-REG FLETE;;0;;;;NGONCALVEZ;1012979;FLETE PLAYO 6MT XVIAJE FC 1367;1;0;1;0;1;;;Servicios;ADJUDICADO;BARRIOS FROILAN;U003;30/7/2026;10/7/2026;10154407;10;1;10/7/2026;13/7/2026;C15;4500132850;10;4403;1;GDIAZ;15/7/2026;30/7/2026;C15;0;;;;;;;;;;;01 Cert Semanal;En curso - Próximo a vencer;;C15
00372 UTE 372 GEO POSCO II;1000091654;20;ZPAN;01-REG FLETE;;0;;;;NGONCALVEZ;1012979;FLETE PLAYO 6MT XVIAJE FC 1368;1;0;1;0;1;;;Servicios;ADJUDICADO;BARRIOS FROILAN;U003;30/7/2026;10/7/2026;10154407;20;1;10/7/2026;13/7/2026;C15;4500132850;20;4403;1;GDIAZ;15/7/2026;30/7/2026;C15;0;;;;;;;;;;;01 Cert Semanal;En curso - Próximo a vencer;;C15
00372 UTE 372 GEO POSCO II;1000091681;10;ZPAN;03 - BAÑOS;;0;;;;NGONCALVEZ;1022693;ALQUILER DE MODULO DE BANO X U;35;0;35;0;35;;;Servicios;ADJUDICADO;JUVEGUMER S. A. S.;U003;26/11/2026;12/7/2026;10154477;10;1;12/7/2026;13/7/2026;C25;4500133109;10;4403;1;MPITTIA;20/7/2026;26/11/2026;C25;0;;;;;;;;;;;03 Cert Mensual;En curso;;C25
00372 UTE 372 GEO POSCO II;1000091682;20;ZPAN;01 - AGUA EMBOTELLAD;;0;;;;NGONCALVEZ;1046753;SERVICIO CAMIONETA GUIA XVIAJE;1;0;0;1;0;;;Servicios;SIN TRATAMIENTO;;U003;20/8/2026;12/7/2026;10154478;20;1;12/7/2026;13/7/2026;C17;;0;;0;;;;;0;;;;;;;;;;;01 Cert Semanal;En curso - Próximo a vencer;;C17
00372 UTE 372 GEO POSCO II;1000091682;30;ZPAN;01 - AGUA EMBOTELLAD;;0;;;;NGONCALVEZ;1012979;FLETE PLAYO 6MT XVIAJE;1;0;0;1;0;;;Servicios;SIN TRATAMIENTO;;U003;20/8/2026;12/7/2026;10154478;30;1;12/7/2026;13/7/2026;C17;;0;;0;;;;;0;;;;;;;;;;;01 Cert Semanal;En curso - Próximo a vencer;;C17
00372 UTE 372 GEO POSCO II;1000091686;10;ZPAN;02 - TRANSP EN SITIO;;0;;;;NGONCALVEZ;1048595;TRANSPORTE DE PERSONAL XMES EN SITIO;2;0;0;2;0;;;Servicios;SIN TRATAMIENTO;;U003;27/10/2026;13/7/2026;10154497;10;1;13/7/2026;14/7/2026;C25;;0;;0;;;;;0;;;;;;;;;;;02 Cert Quincenal;En curso;;C25
00372 UTE 372 GEO POSCO II;1000091748;10;ZPAN;03 - IMPRESORAS;;0;;;;NGONCALVEZ;1026131;ALQ IMPRESORA MULTIF COLOR A3 X MES;3;0;0;3;0;;;Servicios;SIN TRATAMIENTO;;U003;27/11/2026;13/7/2026;10154579;10;1;13/7/2026;14/7/2026;C25;;0;;0;;;;;0;;;;;;;;;;;03 Cert Mensual;En curso;;C25
00372 UTE 372 GEO POSCO II;1000091748;20;ZPAN;03 - IMPRESORAS;;0;;;;NGONCALVEZ;1026130;ALQ IMPRESORA MULTIF BYN A3 x MES;3;0;0;3;0;;;Servicios;SIN TRATAMIENTO;;U003;27/11/2026;13/7/2026;10154579;20;1;13/7/2026;14/7/2026;C25;;0;;0;;;;;0;;;;;;;;;;;03 Cert Mensual;En curso;;C25
00372 UTE 372 GEO POSCO II;1000091750;10;ZPAN;01 - REG TEC Y SISTE;;0;;;;NGONCALVEZ;1022295;EXD IMPRESION COLOR FC 86948;1974;1974;1974;0;0;5000180786;17/7/2026;Servicios;CUMPLIDO;TECNICA Y SISTEMAS SRL;U003;27/7/2026;13/7/2026;10154583;10;1;13/7/2026;14/7/2026;C25;4500132906;10;4403;1;ALOPEZ;16/7/2026;27/7/2026;C25;1;17/7/2026;;;;;;;;;;01 Cert Semanal;En curso - Próximo a vencer;Verde;C25
00372 UTE 372 GEO POSCO II;1000091750;20;ZPAN;01 - REG TEC Y SISTE;;0;;;;NGONCALVEZ;1022295;EXD IMPRESION BYN FC 86948;731;731;731;0;0;5000180786;17/7/2026;Servicios;CUMPLIDO;TECNICA Y SISTEMAS SRL;U003;27/7/2026;13/7/2026;10154583;20;1;13/7/2026;14/7/2026;C25;4500132906;20;4403;1;ALOPEZ;16/7/2026;27/7/2026;C25;1;17/7/2026;;;;;;;;;;01 Cert Semanal;En curso - Próximo a vencer;Verde;C25
00372 UTE 372 GEO POSCO II;1000091750;30;ZPAN;01 - REG TEC Y SISTE;;0;;;;NGONCALVEZ;1022295;EXD IMPRESION COLOR FC 87501;1704;1704;1704;0;0;5000180786;17/7/2026;Servicios;CUMPLIDO;TECNICA Y SISTEMAS SRL;U003;27/7/2026;13/7/2026;10154583;30;1;13/7/2026;14/7/2026;C25;4500132906;30;4403;1;ALOPEZ;16/7/2026;27/7/2026;C25;1;17/7/2026;;;;;;;;;;01 Cert Semanal;En curso - Próximo a vencer;Verde;C25
00372 UTE 372 GEO POSCO II;1000091750;40;ZPAN;01 - REG TEC Y SISTE;;0;;;;NGONCALVEZ;1022295;EXD IMPRESION BYN FC 87501;1033;1033;1033;0;0;5000180786;17/7/2026;Servicios;CUMPLIDO;TECNICA Y SISTEMAS SRL;U003;27/7/2026;13/7/2026;10154583;40;1;13/7/2026;14/7/2026;C25;4500132906;40;4403;1;ALOPEZ;16/7/2026;27/7/2026;C25;1;17/7/2026;;;;;;;;;;01 Cert Semanal;En curso - Próximo a vencer;Verde;C25
00372 UTE 372 GEO POSCO II;1000091752;10;ZPAN;01 - REG LABTEC;;0;;;;NGONCALVEZ;1022295;SERV ATENCION PRIMARIA POR GUARDIA;1;1;1;0;0;5000180789;17/7/2026;Servicios;CUMPLIDO;LABTEC S. R. L.;U003;27/7/2026;13/7/2026;10154585;10;1;13/7/2026;14/7/2026;C25;4500132931;10;4403;1;ALOPEZ;16/7/2026;27/7/2026;C25;1;17/7/2026;;;;;;;;;;01 Cert Semanal;En curso - Próximo a vencer;Verde;C25
00372 UTE 372 GEO POSCO II;1000092033;10;ZPAN;REG VIANDA 02/06-30/;;2;;;;AZAPANA;1013116;VIANDA ALMUERZO PUESTA EN OBRA XUN;3;0;0;3;0;;;Servicios;SIN TRATAMIENTO;;U003;24/7/2026;17/7/2026;10154961;10;1;17/7/2026;17/7/2026;C25;;0;;0;;;;;0;;;;;;;;;;;Sin aclaración;En curso - Próximo a vencer;;C25
00372 UTE 372 GEO POSCO II;1000092033;20;ZPAN;REG VIANDA 02/06-30/;;2;;;;AZAPANA;1013116;VIANDA ALMUERZO PUESTA EN OBRA XUN;20;0;0;20;0;;;Servicios;SIN TRATAMIENTO;;U003;24/7/2026;17/7/2026;10154961;20;1;17/7/2026;17/7/2026;C25;;0;;0;;;;;0;;;;;;;;;;;Sin aclaración;En curso - Próximo a vencer;;C25
00374 TERMINAL PUNTA COLORADA;1000061511;30;ZPAN;04-EXAMEN EPO DE LEY;;0;;;;JIBANEZ;1013130;Ergometria x un;;44;50;0;6;5000178947;1/7/2026;Servicios;CUMPLIDO PARCIAL;MAINETE JAVIER ALBERTO;MR01;31/12/2026;4/2/2025;10114913;50;1;18/2/2025;18/2/2025;C25;4500093891;10;0374;1;MPITTIA;19/2/2025;30/12/2026;C25;9;1/7/2026;;;;;;;;;;04 Cert a Demanda;En curso;;C25
00374 TERMINAL PUNTA COLORADA;1000061511;40;ZPAN;04-EXAMEN EPO DE LEY;;0;;;;JIBANEZ;1013130;Fondo de ojo;;2;50;0;48;5000126465;6/3/2025;Servicios;CUMPLIDO PARCIAL;MAINETE JAVIER ALBERTO;MR01;31/12/2026;4/2/2025;10114913;60;1;18/2/2025;18/2/2025;C25;4500093891;20;0374;1;MPITTIA;19/2/2025;30/12/2026;C25;2;6/3/2025;;;;;;;;;;04 Cert a Demanda;En curso;;C25
00374 TERMINAL PUNTA COLORADA;1000061548;10;ZPAN;POLIZA CAUCIÓN TANQU;;0;;;;NLAFORNARO;1012967;POLIZA DE CAUCIÓN TANQUE DE COMBUSTIBLE;;1;1;0;0;5000124733;13/2/2025;Servicios;CUMPLIDO;FEDERACION PATRONAL SEG. S.A.;MR01;31/1/2028;5/2/2025;10114952;10;1;5/2/2025;5/2/2025;C16;4500093522;10;0374;1;JESPARZA;13/2/2025;31/1/2028;C16;1;13/2/2025;;;;;;;;;;Sin aclaración;En curso - Total recepcionado;;C16
00374 TERMINAL PUNTA COLORADA;1000064526;10;ZPAN;02-VIATICOS 374 - DI;;0;;;;DSUAREZ;1013024;VIATICOS IVA 10,5;;50000000;50000000;0;0;5000151362;5/11/2025;Servicios;CUMPLIDO;SA IMPORTADORA Y EXP. DE LA PA;MR01;31/12/2026;4/4/2025;10118650;10;1;4/4/2025;4/4/2025;C25;4500096820;10;0374;1;MPITTIA;9/4/2025;31/12/2025;C25;17;5/11/2025;;;;;;;;;;02 Cert Quincenal;En curso - Total recepcionado;;C25
00374 TERMINAL PUNTA COLORADA;1000064526;20;ZPAN;02-VIATICOS 374 - DI;;0;;;;DSUAREZ;1013024;VIATICOS IVA EXENTO;;7448173,61;50000000;0;42551826,39;5000178688;30/6/2026;Servicios;CUMPLIDO PARCIAL;SA IMPORTADORA Y EXP. DE LA PA;MR01;31/12/2026;4/4/2025;10118650;20;1;4/4/2025;4/4/2025;C25;4500096820;20;0374;1;MPITTIA;9/4/2025;30/12/2026;C25;30;30/6/2026;;;;;;;;;;02 Cert Quincenal;En curso;Rojo;C25
00374 TERMINAL PUNTA COLORADA;1000065015;10;ZPAN;04-SERVICIO RECARGA;;0;;;;JIBANEZ;1035994;RECARGA DE MATAFUEGO 1 KG;;9;9;0;0;5000171627;5/5/2026;Servicios;CUMPLIDO;ESCUDERO VIVIANA ANGELICA;MR01;31/12/2026;11/4/2025;10119229;10;1;11/4/2025;11/4/2025;C25;4500097646;10;0374;1;MPITTIA;23/4/2025;30/6/2026;C25;6;5/5/2026;;;;;;;;;;04 Cert a Demanda;En curso - Total recepcionado;;C25
00374 TERMINAL PUNTA COLORADA;1000065015;20;ZPAN;04-SERVICIO RECARGA;;0;;;;JIBANEZ;1013041;RECARGA DE MATAFUEGO 2,5KG;;10;10;0;0;5000152199;12/11/2025;Servicios;CUMPLIDO;ESCUDERO VIVIANA ANGELICA;MR01;31/12/2026;11/4/2025;10119229;20;1;11/4/2025;11/4/2025;C25;4500097646;20;0374;1;MPITTIA;23/4/2025;5/12/2025;C25;4;12/11/2025;;;;;;;;;;04 Cert a Demanda;En curso - Total recepcionado;;C25
00374 TERMINAL PUNTA COLORADA;1000065015;30;ZPAN;04-SERVICIO RECARGA;;0;;;;JIBANEZ;1013042;RECARGA DE MATAFUEGO 5KG;;45;45;0;0;5000171627;5/5/2026;Servicios;CUMPLIDO;ESCUDERO VIVIANA ANGELICA;MR01;31/12/2026;11/4/2025;10119229;30;1;11/4/2025;11/4/2025;C25;4500097646;30;0374;1;MPITTIA;23/4/2025;30/6/2026;C25;8;5/5/2026;;;;;;;;;;04 Cert a Demanda;En curso - Total recepcionado;;C25
00374 TERMINAL PUNTA COLORADA;1000065015;40;ZPAN;04-SERVICIO RECARGA;;0;;;;JIBANEZ;1013039;RECARGA DE MATAFUEGO 10KG;;24;24;0;0;5000139187;18/7/2025;Servicios;CUMPLIDO;ESCUDERO VIVIANA ANGELICA;MR01;31/12/2026;11/4/2025;10119229;40;1;11/4/2025;11/4/2025;C25;4500097646;40;0374;1;MPITTIA;23/4/2025;5/12/2025;C25;2;18/7/2025;;;;;;;;;;04 Cert a Demanda;En curso - Total recepcionado;;C25
00374 TERMINAL PUNTA COLORADA;1000070447;10;ZPAN;04-Servicios Medicos;;0;;;;DSUAREZ;1042633;NOMENCLADOR BIOQ UNIF;;0;30;0;30;;;Materiales usuales;ADJUDICADO;LABOR AUSTRAL SRL;MR01;31/12/2026;17/7/2025;10126339;10;1;17/7/2025;17/7/2025;C25;4500104914;10;0374;1;MPITTIA;30/7/2025;31/12/2026;C25;0;;;;;;;;;;;04 Cert a Demanda;En curso;;C25
00374 TERMINAL PUNTA COLORADA;1000070447;20;ZPAN;04-Servicios Medicos;;0;;;;DSUAREZ;1042634;US GASTO RADIOLÓGICO;;30;30;0;0;5000142460;18/8/2025;Servicios;CUMPLIDO;LABOR AUSTRAL SRL;MR01;31/12/2026;17/7/2025;10126339;20;1;17/7/2025;17/7/2025;C25;4500104914;20;0374;1;MPITTIA;30/7/2025;31/12/2026;C25;1;18/8/2025;;;;;;;;;;04 Cert a Demanda;En curso - Total recepcionado;;C25
00374 TERMINAL PUNTA COLORADA;1000070447;30;ZPAN;04-Servicios Medicos;;0;;;;DSUAREZ;1042635;GALENO RADIOLÓGICO;;6,75;30;0;23,25;5000142460;18/8/2025;Servicios;CUMPLIDO PARCIAL;LABOR AUSTRAL SRL;MR01;31/12/2026;17/7/2025;10126339;30;1;17/7/2025;17/7/2025;C25;4500104914;30;0374;1;MPITTIA;30/7/2025;31/12/2026;C25;1;18/8/2025;;;;;;;;;;04 Cert a Demanda;En curso;;C25
00374 TERMINAL PUNTA COLORADA;1000070447;40;ZPAN;04-Servicios Medicos;;0;;;;DSUAREZ;1042636;ESTUDIO ECOGRAFÍA;;0;10;0;10;;;Servicios;ADJUDICADO;LABOR AUSTRAL SRL;MR01;31/12/2026;17/7/2025;10126339;40;1;17/7/2025;17/7/2025;C25;4500104914;40;0374;1;MPITTIA;30/7/2025;31/12/2026;C25;0;;;;;;;;;;;04 Cert a Demanda;En curso;;C25
00374 TERMINAL PUNTA COLORADA;1000070447;50;ZPAN;04-Servicios Medicos;;0;;;;DSUAREZ;1042637;CONSULTA MÉDICA GUARDIA;;0;50;0;50;;;Servicios;ADJUDICADO;LABOR AUSTRAL SRL;MR01;31/12/2026;17/7/2025;10126339;50;1;17/7/2025;17/7/2025;C25;4500104914;50;0374;1;MPITTIA;30/7/2025;31/12/2026;C25;0;;;;;;;;;;;04 Cert a Demanda;En curso;;C25
00374 TERMINAL PUNTA COLORADA;1000070447;60;ZPAN;04-Servicios Medicos;;0;;;;DSUAREZ;1042638;CONSULTA MÉDICA CLÍNICO;;2;50;0;48;5000142460;18/8/2025;Servicios;CUMPLIDO PARCIAL;LABOR AUSTRAL SRL;MR01;31/12/2026;17/7/2025;10126339;60;1;17/7/2025;17/7/2025;C25;4500104914;60;0374;1;MPITTIA;30/7/2025;31/12/2026;C25;1;18/8/2025;;;;;;;;;;04 Cert a Demanda;En curso;;C25
00374 TERMINAL PUNTA COLORADA;1000070447;70;ZPAN;04-Servicios Medicos;;0;;;;DSUAREZ;1042639;SESIÓN TRAUMATOLOGÍA;;0;30;0;30;;;Servicios;ADJUDICADO;LABOR AUSTRAL SRL;MR01;31/12/2026;17/7/2025;10126339;70;1;17/7/2025;17/7/2025;C25;4500104914;70;0374;1;MPITTIA;30/7/2025;31/12/2026;C25;0;;;;;;;;;;;04 Cert a Demanda;En curso;;C25
00374 TERMINAL PUNTA COLORADA;1000070447;80;ZPAN;04-Servicios Medicos;;0;;;;DSUAREZ;1042640;APLICACIÓN INYECTABLES;;0;50;0;50;;;Servicios;ADJUDICADO;LABOR AUSTRAL SRL;MR01;31/12/2026;17/7/2025;10126339;80;1;17/7/2025;17/7/2025;C25;4500104914;80;0374;1;MPITTIA;30/7/2025;31/12/2026;C25;0;;;;;;;;;;;04 Cert a Demanda;En curso;;C25
00374 TERMINAL PUNTA COLORADA;1000070447;90;ZPAN;04-Servicios Medicos;;0;;;;DSUAREZ;1042641;SESIÓN CURACIÓN MEDICA;;0;50;0;50;;;Servicios;ADJUDICADO;LABOR AUSTRAL SRL;MR01;31/12/2026;17/7/2025;10126339;90;1;17/7/2025;17/7/2025;C25;4500104914;90;0374;1;MPITTIA;30/7/2025;31/12/2026;C25;0;;;;;;;;;;;04 Cert a Demanda;En curso;;C25
00374 TERMINAL PUNTA COLORADA;1000070447;100;ZPAN;04-Servicios Medicos;;0;;;;DSUAREZ;1042642;SESIÓN CURACIÓN MÉDICA QUEMADO;;0;10;0;10;;;Servicios;ADJUDICADO;LABOR AUSTRAL SRL;MR01;31/12/2026;17/7/2025;10126339;100;1;17/7/2025;17/7/2025;C25;4500104914;100;0374;1;MPITTIA;30/7/2025;31/12/2026;C25;0;;;;;;;;;;;04 Cert a Demanda;En curso;;C25
00374 TERMINAL PUNTA COLORADA;1000070447;110;ZPAN;04-Servicios Medicos;;0;;;;DSUAREZ;1042643;SESIÓN KINESIOLOGÍA;;0;30;0;30;;;Servicios;ADJUDICADO;LABOR AUSTRAL SRL;MR01;31/12/2026;17/7/2025;10126339;110;1;17/7/2025;17/7/2025;C25;4500104914;110;0374;1;MPITTIA;30/7/2025;31/12/2026;C25;0;;;;;;;;;;;04 Cert a Demanda;En curso;;C25
00374 TERMINAL PUNTA COLORADA;1000070447;120;ZPAN;04-Servicios Medicos;;0;;;;DSUAREZ;1042644;GASTO ADM MÉDICO POR SINIESTRO;;3;50;0;47;5000150412;28/10/2025;Servicios;CUMPLIDO PARCIAL;LABOR AUSTRAL SRL;MR01;31/12/2026;17/7/2025;10126339;120;1;17/7/2025;17/7/2025;C25;4500104914;120;0374;1;MPITTIA;30/7/2025;31/12/2026;C25;2;28/10/2025;;;;;;;;;;04 Cert a Demanda;En curso;;C25
00374 TERMINAL PUNTA COLORADA;1000070532;10;ZPAN;04-EXT RECARGA MATAF;;0;;;;MREYNA;1013039;RECARGA DE MATAFUEGO 10KG;;45;45;0;0;5000166685;25/3/2026;Servicios;CUMPLIDO;ESCUDERO VIVIANA ANGELICA;MR01;28/7/2026;18/7/2025;10126455;10;1;18/7/2025;18/7/2025;C25;4500105209;10;0374;1;MPITTIA;4/8/2025;28/7/2026;C25;7;25/3/2026;;;;;;;;;;04 Cert a Demanda;En curso - Próximo a vencer;;C25
00374 TERMINAL PUNTA COLORADA;1000070923;10;ZPAN;04 /4000005393-OXIGE;;0;;;;JIBANEZ;1013105;ALQUILER TUBOS DE OXIGENO;;6;6;0;0;5000142586;19/8/2025;Servicios;CUMPLIDO;ESCUDERO VIVIANA ANGELICA;MR01;31/12/2026;25/7/2025;10126920;40;1;25/7/2025;26/7/2025;C24;4500105360;20;0374;1;MPITTIA;6/8/2025;31/12/2026;C24;1;19/8/2025;;;;;;;;;;04 Cert a Demanda;En curso - Total recepcionado;;C24
00374 TERMINAL PUNTA COLORADA;1000070923;20;ZPAN;04 /4000005393-OXIGE;;0;;;;JIBANEZ;1035528;RECARGA TUBO DE OXIGENO;;2;6;0;4;5000165063;12/3/2026;Servicios;CUMPLIDO PARCIAL;ESCUDERO VIVIANA ANGELICA;MR01;31/12/2026;25/7/2025;10126920;50;1;25/7/2025;26/7/2025;C24;4500105360;30;0374;1;MPITTIA;6/8/2025;31/12/2026;C24;2;12/3/2026;;;;;;;;;;04 Cert a Demanda;En curso;;C24
00374 TERMINAL PUNTA COLORADA;1000070923;30;ZPAN;04 /4000005393-OXIGE;;0;;;;JIBANEZ;1013105;ALQUILER TUBOS DE ACETILENO;;6;6;0;0;5000142586;19/8/2025;Servicios;CUMPLIDO;ESCUDERO VIVIANA ANGELICA;MR01;31/12/2026;25/7/2025;10126920;30;1;25/7/2025;26/7/2025;C24;4500105360;10;0374;1;MPITTIA;6/8/2025;31/12/2026;C24;1;19/8/2025;;;;;;;;;;04 Cert a Demanda;En curso - Total recepcionado;;C24
00374 TERMINAL PUNTA COLORADA;1000070923;40;ZPAN;04 /4000005393-OXIGE;;0;;;;JIBANEZ;1013106;RECARGA TUBO DE ACETILENO;;13,6;41;0;27,4;5000165063;12/3/2026;Servicios;CUMPLIDO PARCIAL;ESCUDERO VIVIANA ANGELICA;MR01;31/12/2026;25/7/2025;10126920;60;1;25/7/2025;26/7/2025;C24;4500105360;40;0374;1;MPITTIA;6/8/2025;31/12/2026;C24;2;12/3/2026;;;;;;;;;;04 Cert a Demanda;En curso;;C24
00374 TERMINAL PUNTA COLORADA;1000072835;10;ZPAN;04-Subcontrato Cerco;;0;;;;DSUAREZ;1042080;SUBC. MO + MATERIALES CERCO PERIMETRAL;;1;1;0;0;5000173612;19/5/2026;Servicios;CUMPLIDO;SCHVAB JULIO CESAR;MR01;30/7/2026;27/8/2025;10129475;10;1;27/8/2025;27/8/2025;C26;4500108380;10;0374;1;AGONZALEZ;11/9/2025;30/7/2026;C26;3;19/5/2026;;;;;;;;;;04 Cert a Demanda;En curso - Próximo a vencer;;C26
00374 TERMINAL PUNTA COLORADA;1000073348;10;ZPAN;04-ZPI 4000005921 -;;0;;;;MREYNA;1046069;RECOLECCION DE RESIDUOS PELIGROSOS Y9;;0;1;0;1;;;Servicios;ADJUDICADO;SOLUCIONES AMBIENTALES PATAGONIA;MR01;31/12/2026;3/9/2025;10130205;10;1;3/9/2025;4/9/2025;C25;4500108416;10;0374;1;MPITTIA;12/9/2025;31/12/2026;C25;0;;;;;;;;;;;04 Cert a Demanda;En curso;;C25
00374 TERMINAL PUNTA COLORADA;1000073819;10;ZPAN;04-EXTENSION OC 4500;;0;;;;MREYNA;1013041;RECARGA DE MATAFUEGO 2,5KG;;6;10;0;4;5000171623;5/5/2026;Servicios;CUMPLIDO PARCIAL;ESCUDERO VIVIANA ANGELICA;MR01;31/12/2026;11/9/2025;10130836;10;1;11/9/2025;12/9/2025;C25;4500108756;10;0374;1;MPITTIA;17/9/2025;31/12/2026;C25;3;5/5/2026;;;;;;;;;;04 Cert a Demanda;En curso;;C25
00374 TERMINAL PUNTA COLORADA;1000074933;10;ZPAN;04 - ALQ ANDAMIOS LA;;0;;;;MREYNA;1042055;SUBC. ALQUILER DE ANDAMIOS XMES;;3;3;0;0;5000161491;9/2/2026;Servicios;CUMPLIDO;LAYHER SUDAMERICANA SA;MR01;30/7/2026;30/9/2025;10132151;10;1;30/9/2025;1/10/2025;C26;4500109866;10;0374;1;AGONZALEZ;2/10/2025;30/7/2026;C26;3;9/2/2026;;;;;;;;;;04 Cert a Demanda;En curso - Próximo a vencer;;C26
00374 TERMINAL PUNTA COLORADA;1000075064;10;ZPAN;01-ZPIN HIELO Y ALQ;;0;;;;MREYNA;1017912;SERVICIO HIELO POR BOLSON XUN;;3739,654;3739,654;0;0;5000161119;5/2/2026;Servicios;CUMPLIDO;CARRIZO PATRICIA DEL CARMEN;MR01;30/7/2026;1/10/2025;10132341;10;1;1/10/2025;2/10/2025;C25;4500110662;10;0374;1;MPITTIA;14/10/2025;31/3/2026;C25;9;5/2/2026;;;;;;;;;;01 Cert Semanal;En curso - Próximo a vencer;Rojo;C25
00374 TERMINAL PUNTA COLORADA;1000075064;20;ZPAN;01-ZPIN HIELO Y ALQ;;0;;;;MREYNA;1035446;SERVICIO ALQUILER DE FREEZER X MES;;3;6;0;3;5000162316;17/2/2026;Servicios;CUMPLIDO PARCIAL;CARRIZO PATRICIA DEL CARMEN;MR01;31/12/2026;1/10/2025;10132341;20;1;1/10/2025;2/10/2025;C25;4500110662;20;0374;1;MPITTIA;14/10/2025;31/12/2026;C25;3;17/2/2026;;;;;;;;;;01 Cert Semanal;En curso;Rojo;C25
00374 TERMINAL PUNTA COLORADA;1000075064;30;ZPAN;01-ZPIN HIELO Y ALQ;;0;;;;MREYNA;1035446;SERVICIO ALQUILER DE FREEZER X MES;;0;6;0;6;;;Servicios;ADJUDICADO;CARRIZO PATRICIA DEL CARMEN;MR01;31/12/2026;1/10/2025;10132341;30;1;1/10/2025;2/10/2025;C25;4500110662;30;0374;1;MPITTIA;14/10/2025;31/12/2026;C25;0;;;;;;;;;;;01 Cert Semanal;En curso;;C25
00374 TERMINAL PUNTA COLORADA;1000075595;10;ZPAN;03 - ALQUILER BAÑOS;;0;;;;JIBANEZ;1022693;ALQUILER DE MODULO DE BANO X U;;340;360;0;20;5000179015;2/7/2026;Servicios;CUMPLIDO PARCIAL;ECOPORTATILES SA;MR01;30/10/2026;9/10/2025;10133087;10;1;9/10/2025;10/10/2025;C25;4500110817;10;0374;1;MPITTIA;15/10/2025;30/10/2026;C25;9;2/7/2026;;;;;;;;;;03 Cert Mensual;En curso;Verde;C25
00374 TERMINAL PUNTA COLORADA;1000075595;20;ZPAN;03 - ALQUILER BAÑOS;;0;;;;JIBANEZ;1013136;SERVICIO LIMPIEZA DESAGOTE BANO QUIMICO;;6445;8640;0;2195;5000179015;2/7/2026;Servicios;CUMPLIDO PARCIAL;ECOPORTATILES SA;MR01;30/10/2026;9/10/2025;10133087;20;1;9/10/2025;10/10/2025;C25;4500110817;20;0374;1;MPITTIA;15/10/2025;30/10/2026;C25;9;2/7/2026;;;;;;;;;;03 Cert Mensual;En curso;Verde;C25
00374 TERMINAL PUNTA COLORADA;1000075595;30;ZPAN;03 - ALQUILER BAÑOS;;0;;;;JIBANEZ;1047100;ALQUILER DE MODULO BAÑO 6MT X MES;;24;24;0;0;5000179015;2/7/2026;Servicios;CUMPLIDO;ECOPORTATILES SA;MR01;30/10/2026;9/10/2025;10133087;30;1;9/10/2025;10/10/2025;C25;4500110817;30;0374;1;MPITTIA;15/10/2025;30/10/2026;C25;9;2/7/2026;;;;;;;;;;03 Cert Mensual;En curso - Total recepcionado;;C25
00374 TERMINAL PUNTA COLORADA;1000075595;40;ZPAN;03 - ALQUILER BAÑOS;;0;;;;JIBANEZ;1013136;SERVICIO LIMPIEZA DESAGOTE BANO QUIMICO;;538;576;0;38;5000179015;2/7/2026;Servicios;CUMPLIDO PARCIAL;ECOPORTATILES SA;MR01;30/10/2026;9/10/2025;10133087;40;1;9/10/2025;10/10/2025;C25;4500110817;40;0374;1;MPITTIA;15/10/2025;30/10/2026;C25;9;2/7/2026;;;;;;;;;;03 Cert Mensual;En curso;Verde;C25
00374 TERMINAL PUNTA COLORADA;1000075601;10;ZPAN;03-OC SERVICIO INTER;;0;;;;JIBANEZ;1025931;SERV. INTERNET X MES - 50G - MOVIL;;9;12;0;3;5000179282;3/7/2026;Servicios;CUMPLIDO PARCIAL;JAWIT S.A.;MR01;30/10/2026;9/10/2025;10133090;10;1;9/10/2025;2/5/2026;C25;4500110746;10;0374;1;MPITTIA;15/10/2025;30/10/2026;C25;9;3/7/2026;;;;;;;;;;03 Cert Mensual;En curso;Verde;C25
00374 TERMINAL PUNTA COLORADA;1000075601;20;ZPAN;03-OC SERVICIO INTER;;0;;;;JIBANEZ;1025931;SERV. INTERNET X MES - 50G - OLIVARES;;9;12;0;3;5000179282;3/7/2026;Servicios;CUMPLIDO PARCIAL;JAWIT S.A.;MR01;30/10/2026;9/10/2025;10133090;20;1;9/10/2025;13/10/2025;C25;4500110746;20;0374;1;MPITTIA;15/10/2025;30/10/2026;C25;9;3/7/2026;;;;;;;;;;03 Cert Mensual;En curso;Verde;C25
00374 TERMINAL PUNTA COLORADA;1000075601;30;ZPAN;03-OC SERVICIO INTER;;0;10;4;6/1/2026;JIBANEZ;1025931;SERV. INTERNET X MES -  1TB - BASE SG;;1;1;0;0;5000154514;4/12/2025;Servicios;CUMPLIDO;JAWIT S.A.;MR01;30/10/2026;9/10/2025;10133090;30;1;9/10/2025;9/10/2025;C25;4500110746;30;0374;1;MPITTIA;15/10/2025;30/10/2026;C25;3;4/12/2025;;;;;;;;;;03 Cert Mensual;En curso - Total recepcionado;;C25
00374 TERMINAL PUNTA COLORADA;1000075601;40;ZPAN;03-OC SERVICIO INTER;;0;;;;JIBANEZ;1025931;SERV. INTERNET X MES -  2,5TB - OBRADOR;;5;5;0;0;5000168456;9/4/2026;Servicios;CUMPLIDO;JAWIT S.A.;MR01;30/10/2026;9/10/2025;10133090;40;1;9/10/2025;13/10/2025;C25;4500110746;40;0374;1;MPITTIA;15/10/2025;30/10/2026;C25;9;9/4/2026;;;;;;;;;;03 Cert Mensual;En curso - Total recepcionado;;C25
00374 TERMINAL PUNTA COLORADA;1000075601;50;ZPAN;03-OC SERVICIO INTER;;0;;;;JIBANEZ;1025931;SERV. INTERNET X MES - 500G - JEFATURA;;0;12;0;12;;;Servicios;ADJUDICADO;JAWIT S.A.;MR01;30/10/2026;9/10/2025;10133090;50;1;9/10/2025;13/10/2025;C25;4500110746;50;0374;1;MPITTIA;15/10/2025;30/10/2026;C25;0;;;;;;;;;;;03 Cert Mensual;En curso;;C25
00374 TERMINAL PUNTA COLORADA;1000076010;10;ZPAN;04-INCOPORACION MODU;;0;;;;MREYNA;1013130;Módulo N° 1 - Tareas Livianas;;88;100;0;12;5000167753;6/4/2026;Servicios;CUMPLIDO PARCIAL;MAINETE JAVIER ALBERTO;MR01;30/12/2026;16/10/2025;10133583;10;1;16/10/2025;16/10/2025;C25;4500111090;10;0374;1;MPITTIA;17/10/2025;30/12/2026;C25;1;6/4/2026;;;;;;;;;;04 Cert a Demanda;En curso;;C25
00374 TERMINAL PUNTA COLORADA;1000076010;20;ZPAN;04-INCOPORACION MODU;;0;;;;MREYNA;1013130;Módulo N° 3 - Tareas de Altura;;96;100;0;4;5000175457;3/6/2026;Servicios;CUMPLIDO PARCIAL;MAINETE JAVIER ALBERTO;MR01;30/12/2026;16/10/2025;10133583;20;1;16/10/2025;16/10/2025;C25;4500111090;20;0374;1;MPITTIA;17/10/2025;30/12/2026;C25;4;3/6/2026;;;;;;;;;;04 Cert a Demanda;En curso;;C25
00374 TERMINAL PUNTA COLORADA;1000076010;30;ZPAN;04-INCOPORACION MODU;;0;;;;MREYNA;1013130;Módulo N° 4 - Conductores de Vehículos;;100;100;0;0;5000168655;11/4/2026;Servicios;CUMPLIDO;MAINETE JAVIER ALBERTO;MR01;30/12/2026;16/10/2025;10133583;30;1;16/10/2025;16/10/2025;C25;4500111090;30;0374;1;MPITTIA;17/10/2025;30/6/2026;C25;3;11/4/2026;;;;;;;;;;04 Cert a Demanda;En curso - Total recepcionado;;C25
00374 TERMINAL PUNTA COLORADA;1000076010;50;ZPAN;04-INCOPORACION MODU;;0;;;;MREYNA;1013130;Estudios según Modulo 2 S/ ergo;;2;100;0;98;5000175457;3/6/2026;Servicios;CUMPLIDO PARCIAL;MAINETE JAVIER ALBERTO;MR01;30/12/2026;16/10/2025;10133583;50;1;16/10/2025;16/10/2025;C25;4500111090;50;0374;1;MPITTIA;17/10/2025;30/12/2026;C25;1;3/6/2026;;;;;;;;;;04 Cert a Demanda;En curso;;C25
00374 TERMINAL PUNTA COLORADA;1000076010;60;ZPAN;04-INCOPORACION MODU;;0;;;;MREYNA;1013130;Estudios según Modulo 6 S/ ergo;;89;100;0;11;5000165360;13/3/2026;Servicios;CUMPLIDO PARCIAL;MAINETE JAVIER ALBERTO;MR01;30/12/2026;16/10/2025;10133583;60;1;16/10/2025;16/10/2025;C25;4500111090;60;0374;1;MPITTIA;17/10/2025;30/12/2026;C25;1;13/3/2026;;;;;;;;;;04 Cert a Demanda;En curso;;C25
00374 TERMINAL PUNTA COLORADA;1000076674;10;ZPAN;04-CONTROL ALCOHOL Y;;0;;;;MREYNA;1022295;CONTROL DE ALCOHOL Y DROGAS;;177;180;0;3;5000175456;3/6/2026;Servicios;CUMPLIDO PARCIAL;MAINETE JAVIER ALBERTO;MR01;30/12/2026;28/10/2025;10134557;10;1;28/10/2025;29/10/2025;C25;4500111904;10;0374;1;MPITTIA;29/10/2025;30/12/2026;C25;6;3/6/2026;;;;;;;;;;04 Cert a Demanda;En curso;;C25
00374 TERMINAL PUNTA COLORADA;1000076683;10;ZPAN;04-ADICIONALES OC 45;;0;;;;MREYNA;1013131;CONVERSION MODULO 2 AL MODULO 3/4/5;;7;100;0;93;5000156336;20/12/2025;Servicios;CUMPLIDO PARCIAL;MAINETE JAVIER ALBERTO;MR01;30/12/2026;28/10/2025;10134565;10;1;28/10/2025;29/10/2025;C25;4500111901;10;0374;1;MPITTIA;29/10/2025;31/12/2026;C25;1;20/12/2025;;;;;;;;;;04 Cert a Demanda;En curso;;C25
00374 TERMINAL PUNTA COLORADA;1000076683;20;ZPAN;04-ADICIONALES OC 45;;0;;;;MREYNA;1013131;ESPIROMETRÍA;;12;100;0;88;5000178950;1/7/2026;Servicios;CUMPLIDO PARCIAL;MAINETE JAVIER ALBERTO;MR01;30/12/2026;28/10/2025;10134565;20;1;28/10/2025;29/10/2025;C25;4500111901;20;0374;1;MPITTIA;29/10/2025;31/12/2026;C25;1;1/7/2026;;;;;;;;;;04 Cert a Demanda;En curso;;C25
00374 TERMINAL PUNTA COLORADA;1000076774;10;ZPAN;03-EXTENSION OC 4500;;0;;;;MREYNA;1035446;REPRESENTACION TECNICA;;7;13;0;6;5000177373;18/6/2026;Servicios;CUMPLIDO PARCIAL;SAN ROMAN GONZALO ARIEL;MR01;31/12/2026;29/10/2025;10134679;10;1;29/10/2025;30/10/2025;C25;4500113181;10;0374;1;MPITTIA;14/11/2025;31/12/2026;C25;7;18/6/2026;;;;;;;;;;03 Cert Mensual;En curso;Rojo;C25
00374 TERMINAL PUNTA COLORADA;1000077138;10;ZPAN;04-POLIZA RC OBRA CI;;0;;;;NLAFORNARO;1012957;poliza rc 455585 374 obra civil;;1;1;0;0;5000153821;28/11/2025;Servicios;CUMPLIDO;SANCOR COOP. DE SEG. LTDA.;MR01;22/1/2027;4/11/2025;10135141;10;1;4/11/2025;4/11/2025;C16;4500113220;10;0374;1;JESPARZA;14/11/2025;22/1/2027;C16;1;28/11/2025;;;;;;;;;;04 Cert a Demanda;En curso - Total recepcionado;;C16
00374 TERMINAL PUNTA COLORADA;1000077149;10;ZPAN;03 - Lavandería Play;;0;;;;DSUAREZ;1013077;SERV LAVANDERIA 1/2 CAJON;;500;500;0;0;5000179250;3/7/2026;Servicios;CUMPLIDO;MALDONADO ELVA;MR01;31/12/2026;4/11/2025;10135151;10;1;4/11/2025;4/11/2025;C25;4500112708;10;0374;1;MPITTIA;10/11/2025;31/12/2026;C25;7;3/7/2026;;;;;;;;;;03 Cert Mensual;En curso - Total recepcionado;;C25
00374 TERMINAL PUNTA COLORADA;1000077149;20;ZPAN;03 - Lavandería Play;;0;;;;DSUAREZ;1013077;SERV LAVANDERIA 1 CAJON COMPLETO;;500;500;0;0;5000171870;6/5/2026;Servicios;CUMPLIDO;MALDONADO ELVA;MR01;31/12/2026;4/11/2025;10135151;20;1;4/11/2025;4/11/2025;C25;4500112708;20;0374;1;MPITTIA;10/11/2025;31/12/2026;C25;8;6/5/2026;;;;;;;;;;03 Cert Mensual;En curso - Total recepcionado;;C25
00374 TERMINAL PUNTA COLORADA;1000077198;10;ZPAN;02-Regularizacion La;;0;;;;DSUAREZ;1013024;VIATICOS IVA 10,5 REGULARIZACION;;89070;89070;0;0;5000152247;12/11/2025;Servicios;CUMPLIDO;SA IMPORTADORA Y EXP. DE LA PA;MR01;25/11/2026;5/11/2025;10135203;10;1;5/11/2025;15/11/2025;C25;4500112959;10;0374;1;MPITTIA;12/11/2025;25/11/2025;C25;1;12/11/2025;;;;;;;;;;02 Cert Quincenal;En curso - Total recepcionado;;C25
00374 TERMINAL PUNTA COLORADA;1000077198;20;ZPAN;02-Regularizacion La;;0;;;;DSUAREZ;1013024;VIATICOS IVA 10,5;;50000000;50000000;0;0;5000170951;28/4/2026;Servicios;CUMPLIDO;SA IMPORTADORA Y EXP. DE LA PA;MR01;25/11/2026;5/11/2025;10135203;20;1;5/11/2025;5/11/2025;C25;4500112960;20;0374;1;MPITTIA;12/11/2025;30/6/2026;C25;7;28/4/2026;;;;;;;;;;02 Cert Quincenal;En curso - Total recepcionado;;C25
00374 TERMINAL PUNTA COLORADA;1000077673;10;ZPAN;03- Transporte VA Ci;;0;;;;DSUAREZ;1022295;COMBI 19 PAX - N° 1;;10;12;0;2;5000179241;3/7/2026;Servicios;CUMPLIDO PARCIAL;TRANSPORTES VA S.R.L.;MR01;31/12/2026;13/11/2025;10135861;10;1;13/11/2025;14/11/2025;C25;4500114466;10;0374;1;MPITTIA;2/12/2025;31/12/2026;C25;10;3/7/2026;;;;;;;;;;03 Cert Mensual;En curso;Verde;C25
00374 TERMINAL PUNTA COLORADA;1000077673;20;ZPAN;03- Transporte VA Ci;;0;;;;DSUAREZ;1022295;COMBI 19 PAX - N° 2;;10;12;0;2;5000179241;3/7/2026;Servicios;CUMPLIDO PARCIAL;TRANSPORTES VA S.R.L.;MR01;31/12/2026;13/11/2025;10135861;20;1;13/11/2025;14/11/2025;C25;4500114466;20;0374;1;MPITTIA;2/12/2025;31/12/2026;C25;10;3/7/2026;;;;;;;;;;03 Cert Mensual;En curso;Verde;C25
00374 TERMINAL PUNTA COLORADA;1000077673;30;ZPAN;03- Transporte VA Ci;;0;;;;DSUAREZ;1022295;COMBI 19 PAX - N° 3;;10;12;0;2;5000179241;3/7/2026;Servicios;CUMPLIDO PARCIAL;TRANSPORTES VA S.R.L.;MR01;31/12/2026;13/11/2025;10135861;30;1;13/11/2025;14/11/2025;C25;4500114466;30;0374;1;MPITTIA;2/12/2025;31/12/2026;C25;10;3/7/2026;;;;;;;;;;03 Cert Mensual;En curso;Verde;C25
00374 TERMINAL PUNTA COLORADA;1000077673;40;ZPAN;03- Transporte VA Ci;;0;;;;DSUAREZ;1022295;COMBI 19 PAX - N° 4;;10;12;0;2;5000179241;3/7/2026;Servicios;CUMPLIDO PARCIAL;TRANSPORTES VA S.R.L.;MR01;31/12/2026;13/11/2025;10135861;40;1;13/11/2025;14/11/2025;C25;4500114466;40;0374;1;MPITTIA;2/12/2025;31/12/2026;C25;10;3/7/2026;;;;;;;;;;03 Cert Mensual;En curso;Verde;C25
00374 TERMINAL PUNTA COLORADA;1000077677;10;ZPAN;03- Transp Las Gruta;;0;;;;DSUAREZ;1013113;COLECTIVO 44 PAX - N° 1 x VIAJE;;315;315;0;0;5000164537;7/3/2026;Servicios;CUMPLIDO;LAS GRUTAS S A;MR01;31/12/2026;13/11/2025;10135863;10;1;13/11/2025;14/11/2025;C25;4500114323;10;0374;1;MPITTIA;1/12/2025;31/12/2026;C25;3;7/3/2026;;;;;;;;;;03 Cert Mensual;En curso - Total recepcionado;;C25
00374 TERMINAL PUNTA COLORADA;1000077677;20;ZPAN;03- Transp Las Gruta;;0;;;;DSUAREZ;1013113;COLECTIVO 44 PAX - N° 2 x VIAJE;;315;315;0;0;5000175392;3/6/2026;Servicios;CUMPLIDO;LAS GRUTAS S A;MR01;31/12/2026;13/11/2025;10135863;20;1;13/11/2025;14/11/2025;C25;4500114323;20;0374;1;MPITTIA;1/12/2025;31/12/2026;C25;4;3/6/2026;;;;;;;;;;03 Cert Mensual;En curso - Total recepcionado;;C25
00374 TERMINAL PUNTA COLORADA;1000077677;30;ZPAN;03- Transp Las Gruta;;0;;;;DSUAREZ;1013113;COLECTIVO 44 PAX - N° 3 x VIAJE;;189;315;0;126;5000179246;3/7/2026;Servicios;CUMPLIDO PARCIAL;LAS GRUTAS S A;MR01;31/12/2026;13/11/2025;10135863;30;1;13/11/2025;14/11/2025;C25;4500114323;30;0374;1;MPITTIA;1/12/2025;31/12/2026;C25;2;3/7/2026;;;;;;;;;;03 Cert Mensual;En curso;Verde;C25
00374 TERMINAL PUNTA COLORADA;1000077677;40;ZPAN;03- Transp Las Gruta;;0;;;;DSUAREZ;1013113;COLECTIVO 44 PAX - N° 4 LINEA;;315;315;0;0;5000179246;3/7/2026;Servicios;CUMPLIDO;LAS GRUTAS S A;MR01;31/12/2026;13/11/2025;10135863;40;1;13/11/2025;14/11/2025;C25;4500114323;40;0374;1;MPITTIA;1/12/2025;31/12/2026;C25;5;3/7/2026;;;;;;;;;;03 Cert Mensual;En curso - Total recepcionado;;C25
00374 TERMINAL PUNTA COLORADA;1000077677;50;ZPAN;03- Transp Las Gruta;;0;;;;DSUAREZ;1013113;COLECTIVO 44 PAX - N° 5 LINEA;;9;315;0;306;5000179246;3/7/2026;Servicios;CUMPLIDO PARCIAL;LAS GRUTAS S A;MR01;31/12/2026;13/11/2025;10135863;50;1;13/11/2025;14/11/2025;C25;4500114323;50;0374;1;MPITTIA;1/12/2025;31/12/2026;C25;1;3/7/2026;;;;;;;;;;03 Cert Mensual;En curso;Verde;C25
00374 TERMINAL PUNTA COLORADA;1000077679;10;ZPAN;03 - Agua Bidon Noal;;0;;;;DSUAREZ;1025992;ALQUILER DISPENSER FRIO CALOR x MES;;48;72;0;24;5000179010;2/7/2026;Servicios;CUMPLIDO PARCIAL;NOALE CLAUDIA ELISABETH VIVIANA;MR01;31/12/2026;13/11/2025;10135865;10;1;13/11/2025;14/11/2025;C25;4500114127;10;0374;1;MPITTIA;28/11/2025;3/12/2026;C25;8;2/7/2026;;;;;;;;;;03 Cert Mensual;En curso;Verde;C25
00374 TERMINAL PUNTA COLORADA;1000077679;20;ZPAN;03 - Agua Bidon Noal;;0;;;;DSUAREZ;1022295;BIDON DE AGUA X 20LTS;;1990;3500;0;1510;5000179010;2/7/2026;Servicios;CUMPLIDO PARCIAL;NOALE CLAUDIA ELISABETH VIVIANA;MR01;31/12/2026;13/11/2025;10135865;20;1;13/11/2025;14/11/2025;C25;4500114127;20;0374;1;MPITTIA;28/11/2025;3/12/2026;C25;8;2/7/2026;;;;;;;;;;03 Cert Mensual;En curso;Verde;C25
00374 TERMINAL PUNTA COLORADA;1000077683;10;ZPAN;03 - Agua Bidon Paz;;0;;;;DSUAREZ;1025992;ALQUILER DISPENSER FRIO CALOR x MES;;84;144;0;60;5000179012;2/7/2026;Servicios;CUMPLIDO PARCIAL;PAZ PABLO FABIAN;MR01;31/12/2026;13/11/2025;10135870;10;1;13/11/2025;14/11/2025;C25;4500115290;10;0374;1;MPITTIA;12/12/2025;31/12/2026;C25;7;2/7/2026;;;;;;;;;;03 Cert Mensual;En curso;Verde;C25
00374 TERMINAL PUNTA COLORADA;1000077683;20;ZPAN;03 - Agua Bidon Paz;;0;;;;DSUAREZ;1022295;BIDON DE AGUA X 20LTS;;3834;5500;0;1666;5000179012;2/7/2026;Servicios;CUMPLIDO PARCIAL;PAZ PABLO FABIAN;MR01;31/12/2026;13/11/2025;10135870;20;1;13/11/2025;14/11/2025;C25;4500115290;20;0374;1;MPITTIA;12/12/2025;31/12/2026;C25;7;2/7/2026;;;;;;;;;;03 Cert Mensual;En curso;Verde;C25
00374 TERMINAL PUNTA COLORADA;1000077704;10;ZPAN;03-Transporte Forane;;0;;;;DSUAREZ;1022295;TRANSPORTE PASAJEROS FORANEO 19PAX x MES;;3;12;0;9;5000164540;7/3/2026;Servicios;CUMPLIDO PARCIAL;PAZ DIEGO ADRIAN;MR01;31/12/2026;13/11/2025;10135903;10;1;13/11/2025;14/11/2025;C25;4500114906;10;0374;1;MPITTIA;9/12/2025;31/12/2026;C25;5;7/3/2026;;;;;;;;;;03 Cert Mensual;En curso;Rojo;C25
00374 TERMINAL PUNTA COLORADA;1000077705;10;ZPAN;03-Control de Plagas;;0;;;;DSUAREZ;1013139;PLAN COMPLETO CONTROL DE PLAGAS X MES;;6;12;0;6;5000178901;1/7/2026;Servicios;CUMPLIDO PARCIAL;MOLINA SOTO MATIAS FABIAN;MR01;31/12/2026;13/11/2025;10135904;10;1;13/11/2025;14/11/2025;C25;4500115871;10;0374;1;MPITTIA;21/12/2025;31/12/2026;C25;6;1/7/2026;;;;;;;;;;03 Cert Mensual;En curso;Verde;C25
00374 TERMINAL PUNTA COLORADA;1000077950;10;ZPAN;03 - EXTENSION OC 45;;0;;;;MREYNA;1036581;SERVICIO ALQ. GARITA DE SEG PUNTA2 XMES;;6;6;0;0;5000177585;20/6/2026;Servicios;CUMPLIDO;ECOPORTATILES SA;MR01;5/12/2026;17/11/2025;10136111;10;1;17/11/2025;28/11/2025;C03;4500114265;10;0374;1;EFUNES;1/12/2025;30/7/2026;C03;6;20/6/2026;;;;;;;;;;03 Cert Mensual;En curso - Total recepcionado;;C03
00374 TERMINAL PUNTA COLORADA;1000077950;20;ZPAN;03 - EXTENSION OC 45;;0;;;;MREYNA;1036581;AIRE ACONDICIONADO PARA GARITA X MES;;6;6;0;0;5000177585;20/6/2026;Servicios;CUMPLIDO;ECOPORTATILES SA;MR01;5/12/2026;17/11/2025;10136111;20;1;17/11/2025;28/11/2025;C03;4500114265;20;0374;1;EFUNES;1/12/2025;30/7/2026;C03;6;20/6/2026;;;;;;;;;;03 Cert Mensual;En curso - Total recepcionado;;C03
00374 TERMINAL PUNTA COLORADA;1000077950;30;ZPAN;03 - EXTENSION OC 45;;0;;;;MREYNA;1036581;SERVICIO ALQ. GARITA DE SEG POZO X MES;;6;6;0;0;5000177585;20/6/2026;Servicios;CUMPLIDO;ECOPORTATILES SA;MR01;5/12/2026;17/11/2025;10136111;30;1;17/11/2025;28/11/2025;C03;4500114265;30;0374;1;EFUNES;1/12/2025;30/7/2026;C03;6;20/6/2026;;;;;;;;;;03 Cert Mensual;En curso - Total recepcionado;;C03
00374 TERMINAL PUNTA COLORADA;1000077950;40;ZPAN;03 - EXTENSION OC 45;;0;;;;MREYNA;1036581;SERVICIO ALQ. GARITA DE SEG SIERRA X MES;;6;6;0;0;5000177585;20/6/2026;Servicios;CUMPLIDO;ECOPORTATILES SA;MR01;5/12/2026;17/11/2025;10136111;40;1;17/11/2025;28/11/2025;C03;4500114265;40;0374;1;EFUNES;1/12/2025;30/7/2026;C03;6;20/6/2026;;;;;;;;;;03 Cert Mensual;En curso - Total recepcionado;;C03
00374 TERMINAL PUNTA COLORADA;1000077950;50;ZPAN;03 - EXTENSION OC 45;;0;;;;MREYNA;1036581;SERVICIO ALQ. GARITA DE SEG PUNTA X MES;;6;6;0;0;5000177585;20/6/2026;Servicios;CUMPLIDO;ECOPORTATILES SA;MR01;5/12/2026;17/11/2025;10136111;50;1;17/11/2025;28/11/2025;C03;4500114265;50;0374;1;EFUNES;1/12/2025;30/7/2026;C03;6;20/6/2026;;;;;;;;;;03 Cert Mensual;En curso - Total recepcionado;;C03
00374 TERMINAL PUNTA COLORADA;1000077962;10;ZPAN;03 - RSU DADAM;;0;;;;DSUAREZ;1035384;ALQ Y RETIRO DE RSU - OBRA A PMY;;29;29;0;0;5000168081;7/4/2026;Servicios;CUMPLIDO;DADAM HNOS S.R.L;MR01;30/12/2026;17/11/2025;10136131;10;1;17/11/2025;2/6/2026;C25;4500116730;10;0374;1;MPITTIA;6/1/2026;30/12/2026;C25;3;7/4/2026;;;;;;;;;;03 Cert Mensual;En curso - Total recepcionado;;C25
00374 TERMINAL PUNTA COLORADA;1000077962;20;ZPAN;03 - RSU DADAM;;0;;;;DSUAREZ;1035384;RESIDUOS RSU X TN;;13,9;13,9;0;0;5000168081;7/4/2026;Servicios;CUMPLIDO;DADAM HNOS S.R.L;MR01;30/12/2026;17/11/2025;10136131;20;1;17/11/2025;2/6/2026;C25;4500116730;20;0374;1;MPITTIA;6/1/2026;30/12/2026;C25;3;7/4/2026;;;;;;;;;;03 Cert Mensual;En curso - Total recepcionado;;C25
00374 TERMINAL PUNTA COLORADA;1000078012;10;ZPAN;03 - Trat Residuos P;;0;;;;DSUAREZ;1036090;FLETE TTE CAMION CISTERNA RES PELIG;;0;6;0;6;;;Servicios;ADJUDICADO;SOLUCIONES AMBIENTALES PATAGONIA;MR01;31/12/2026;18/11/2025;10136216;10;1;18/11/2025;19/11/2025;C25;4500114988;10;0374;1;MPITTIA;10/12/2025;31/12/2026;C25;0;;;;;;;;;;;03 Cert Mensual;En curso;;C25
00374 TERMINAL PUNTA COLORADA;1000078012;20;ZPAN;03 - Trat Residuos P;;0;;;;DSUAREZ;1036089;FLETE TTE CAMION RES PELIGROSOS SEDE;;5;6;0;1;5000175355;2/6/2026;Servicios;CUMPLIDO PARCIAL;SOLUCIONES AMBIENTALES PATAGONIA;MR01;31/12/2026;18/11/2025;10136216;20;1;18/11/2025;19/11/2025;C25;4500114988;20;0374;1;MPITTIA;10/12/2025;31/12/2026;C25;4;2/6/2026;;;;;;;;;;03 Cert Mensual;En curso;Rojo;C25
00374 TERMINAL PUNTA COLORADA;1000078012;30;ZPAN;03 - Trat Residuos P;;0;;;;DSUAREZ;1036084;TRAT RESIDUOS PELIGROSOS Y5;;12,47;25;0;12,53;5000171909;6/5/2026;Servicios;CUMPLIDO PARCIAL;SOLUCIONES AMBIENTALES PATAGONIA;MR01;31/12/2026;18/11/2025;10136216;30;1;18/11/2025;19/11/2025;C25;4500114988;30;0374;1;MPITTIA;10/12/2025;31/12/2026;C25;3;6/5/2026;;;;;;;;;;03 Cert Mensual;En curso;Rojo;C25
00374 TERMINAL PUNTA COLORADA;1000078012;40;ZPAN;03 - Trat Residuos P;;0;;;;DSUAREZ;1042559;TRAT. DE RESIDUOS PELIGROSOS Y15 (TON);;12,49;25;0;12,51;5000175355;2/6/2026;Servicios;CUMPLIDO PARCIAL;SOLUCIONES AMBIENTALES PATAGONIA;MR01;31/12/2026;18/11/2025;10136216;40;1;18/11/2025;19/11/2025;C25;4500114988;40;0374;1;MPITTIA;10/12/2025;31/12/2026;C25;4;2/6/2026;;;;;;;;;;03 Cert Mensual;En curso;Rojo;C25
00374 TERMINAL PUNTA COLORADA;1000078012;50;ZPAN;03 - Trat Residuos P;;0;;;;DSUAREZ;1036085;TRAT Y DISP FINAL RES PELIGROSOS Y44;;0;2;0;2;;;Servicios;ADJUDICADO;SOLUCIONES AMBIENTALES PATAGONIA;MR01;31/12/2026;18/11/2025;10136216;50;1;18/11/2025;19/11/2025;C25;4500114988;50;0374;1;MPITTIA;10/12/2025;31/12/2026;C25;0;;;;;;;;;;;03 Cert Mensual;En curso;;C25
00374 TERMINAL PUNTA COLORADA;1000078012;60;ZPAN;03 - Trat Residuos P;;0;;;;DSUAREZ;1036088;ALQ CONTENEDOR PARA RES PELIGROSOS;;20;48;0;28;5000171909;6/5/2026;Servicios;CUMPLIDO PARCIAL;SOLUCIONES AMBIENTALES PATAGONIA;MR01;31/12/2026;18/11/2025;10136216;60;1;18/11/2025;19/11/2025;C25;4500114988;60;0374;1;MPITTIA;10/12/2025;31/12/2026;C25;3;6/5/2026;;;;;;;;;;03 Cert Mensual;En curso;Rojo;C25
00374 TERMINAL PUNTA COLORADA;1000078020;10;ZPAN;03-Viandas Punta Nor;;0;;;;DSUAREZ;1013116;VIANDA ALMUERZO LINEA CALIENTE XUN;;63713;112000;0;48287;5000179229;3/7/2026;Servicios;CUMPLIDO PARCIAL;PUNTA NORTE S.R.L.;MR01;31/12/2026;18/11/2025;10136224;10;1;18/11/2025;19/11/2025;C25;4500115636;10;0374;1;MPITTIA;17/12/2025;31/12/2026;C25;12;3/7/2026;;;;;;;;;;03 Cert Mensual;En curso;Verde;C25
00374 TERMINAL PUNTA COLORADA;1000078822;10;ZPAN;03 - SERV DE INTERNE;;0;;;;JIBANEZ;1025931;SERV. INTERNET X MES -  1TB - BASE SG;;1;12;0;11;5000158693;16/1/2026;Servicios;CUMPLIDO PARCIAL;TELEFONICA MOVILES ARG. S.A. (MOVIS;MR01;30/12/2026;2/12/2025;10137255;10;1;2/12/2025;2/12/2025;C25;4500115860;10;0374;1;MPITTIA;20/12/2025;30/12/2026;C25;1;16/1/2026;;;;;;;;;;03 Cert Mensual;En curso;Rojo;C25
00374 TERMINAL PUNTA COLORADA;1000079292;10;ZPAN;03- 5ta Combi - Tras;;0;;;;DSUAREZ;1022295;COMBI MOVIMIENTOS INTERNOS X MES;;10;12;0;2;5000179240;3/7/2026;Servicios;CUMPLIDO PARCIAL;TRANSPORTES VA S.R.L.;MR01;31/12/2026;10/12/2025;10137888;10;1;10/12/2025;11/12/2025;C25;4500116042;10;0374;1;MPITTIA;23/12/2025;31/12/2026;C25;10;3/7/2026;;;;;;;;;;03 Cert Mensual;En curso;Verde;C25
00374 TERMINAL PUNTA COLORADA;1000079441;10;ZPAN;03 - EXT OC 45001005;;0;;;;MREYNA;1033267;Alquiler Rodillo Liso Vibratorio;;5;6;0;1;5000175743;4/6/2026;Servicios;CUMPLIDO PARCIAL;ALL SERVICE SRL;MR01;30/7/2026;12/12/2025;10138108;10;1;12/12/2025;12/12/2025;C04;4500116178;10;0374;1;WVENTURINI;26/12/2025;30/8/2026;C04;5;4/6/2026;;;;;;;;;;03 Cert Mensual;En curso - Próximo a vencer;Rojo;C04
00374 TERMINAL PUNTA COLORADA;1000079621;10;ZPAN;POLIZA DE TANQUE;;0;;;;NLAFORNARO;1012967;poliza de tanque 449421 endoso 2;;1;1;0;0;5000156814;29/12/2025;Servicios;CUMPLIDO;FEDERACION PATRONAL SEG. S.A.;MR01;31/1/2027;15/12/2025;10138320;10;1;15/12/2025;16/12/2025;C16;4500116275;10;0374;1;JESPARZA;29/12/2025;31/1/2027;C16;1;29/12/2025;;;;;;;;;;Sin aclaración;En curso - Total recepcionado;;C16
00374 TERMINAL PUNTA COLORADA;1000079638;10;ZPAN;04 - Rayos X Bisotto;;0;;;;DSUAREZ;1022295;SERVICIO RAYOS X BISOTTO;;0;30;0;30;;;Servicios;ADJUDICADO;LABORATORIO  ANA BISOTTO;MR01;30/12/2026;15/12/2025;10138347;10;1;15/12/2025;16/12/2025;C25;4500117381;10;0374;1;MPITTIA;14/1/2026;30/12/2026;C25;0;;;;;;;;;;;04 Cert a Demanda;En curso;;C25
00374 TERMINAL PUNTA COLORADA;1000079656;10;ZPAN;03 - Medio Ambiente;;0;;;;DSUAREZ;1025973;SS HIG. SEG. Y MEDIO AMB. XMES;;5;12;0;7;5000179811;8/7/2026;Servicios;CUMPLIDO PARCIAL;CAUQUEN SRL;MR01;31/12/2026;16/12/2025;10138358;10;1;16/12/2025;16/12/2025;C25;4500116734;10;0374;1;MPITTIA;6/1/2026;31/12/2026;C25;5;8/7/2026;;;;;;;;;;03 Cert Mensual;En curso;Verde;C25
00374 TERMINAL PUNTA COLORADA;1000079659;10;ZPAN;03 - EXTENSION OC 45;;0;;;;MREYNA;1035542;ALQUILER 4 RAMPAS LAYHER X MES;;6;6;0;0;5000177807;23/6/2026;Servicios;CUMPLIDO;ROXANA ZANFAGNINI S.R.L.;MR01;7/8/2026;16/12/2025;10138362;10;1;16/12/2025;16/12/2025;C26;4500115809;10;0374;1;ALOPEZ;19/12/2025;30/6/2026;C26;4;23/6/2026;;;;;;;;;;03 Cert Mensual;En curso - Próximo a vencer;Verde;C26
00374 TERMINAL PUNTA COLORADA;1000079957;10;ZPAN;04 - EXTENSION OC 45;;0;;;;MREYNA;1035489;SERVICIO RECARGA TUBO GAS 45 KG;;40;40;0;0;5000177583;20/6/2026;Servicios;CUMPLIDO;AIRALDE VICTOR NICOLAS;MR01;13/10/2026;22/12/2025;10138842;10;1;22/12/2025;22/12/2025;C25;4500117294;10;0374;1;MPITTIA;13/1/2026;30/6/2026;C25;12;20/6/2026;;;;;;;;;;04 Cert a Demanda;En curso - Total recepcionado;;C25
00374 TERMINAL PUNTA COLORADA;1000079957;20;ZPAN;04 - EXTENSION OC 45;;0;;;;MREYNA;1035491;SERVICIO RECARGA TUBO GAS 10 KG;;10;10;0;0;5000173781;20/5/2026;Servicios;CUMPLIDO;AIRALDE VICTOR NICOLAS;MR01;13/10/2026;22/12/2025;10138842;20;1;22/12/2025;22/12/2025;C25;4500117294;20;0374;1;MPITTIA;13/1/2026;30/6/2026;C25;6;20/5/2026;;;;;;;;;;04 Cert a Demanda;En curso - Total recepcionado;;C25
00374 TERMINAL PUNTA COLORADA;1000080470;10;ZPAN;CMD - Cintia Alarcon;;0;;;;DSUAREZ;1022295;CURSO MANEJO DEFENSIVO;;6;6;0;0;5000161113;5/2/2026;Servicios;CUMPLIDO;BUSTOS MARIA LORENA;MR01;10/10/2026;6/1/2026;10139655;10;1;6/1/2026;6/1/2026;374;4500116759;10;0374;1;WDILLMAN;6/1/2026;9/2/2026;374;1;5/2/2026;;;;;;;;;;Sin aclaración;En curso - Total recepcionado;;374
00374 TERMINAL PUNTA COLORADA;1000080632;10;ZPAN;03- Vigilancia Priva;;0;;;;DSUAREZ;1013147;SERV VIGIL OBRADOR SIERRA GRANDE;;2869;5760;0;2891;5000178096;25/6/2026;Servicios;CUMPLIDO PARCIAL;ARCE JAIME WALTER;MR01;31/12/2026;8/1/2026;10139903;10;1;8/1/2026;9/1/2026;C25;4500118284;10;0374;1;MPITTIA;23/1/2026;31/12/2026;C25;6;25/6/2026;;;;;;;;;;03 Cert Mensual;En curso;Verde;C25
00374 TERMINAL PUNTA COLORADA;1000080632;20;ZPAN;03- Vigilancia Priva;;0;;;;DSUAREZ;1013147;SERV VIGIL OBRADOR PUNTA COLORADA;;2560;5760;0;3200;5000178096;25/6/2026;Servicios;CUMPLIDO PARCIAL;ARCE JAIME WALTER;MR01;31/12/2026;8/1/2026;10139903;30;1;8/1/2026;9/1/2026;C25;4500118284;30;0374;1;MPITTIA;23/1/2026;31/12/2026;C25;6;25/6/2026;;;;;;;;;;03 Cert Mensual;En curso;Verde;C25
00374 TERMINAL PUNTA COLORADA;1000080632;30;ZPAN;03- Vigilancia Priva;;0;;;;DSUAREZ;1013147;SERV VIGIL POZO OLIVARES PUNTA COLORADA;;1806;1920;0;114;5000178096;25/6/2026;Servicios;CUMPLIDO PARCIAL;ARCE JAIME WALTER;MR01;31/12/2026;8/1/2026;10139903;20;1;8/1/2026;9/1/2026;C25;4500118284;20;0374;1;MPITTIA;23/1/2026;31/12/2026;C25;6;25/6/2026;;;;;;;;;;03 Cert Mensual;En curso;Verde;C25
00374 TERMINAL PUNTA COLORADA;1000080916;10;ZPAN;02-Viaticos 21% La A;;0;;;;DSUAREZ;1013024;VIATICOS 21%;;199999999,2;200000000;0;0,84;5000176123;8/6/2026;Servicios;CUMPLIDO PARCIAL;SA IMPORTADORA Y EXP. DE LA PA;MR01;31/12/2026;13/1/2026;10140200;10;1;13/1/2026;13/1/2026;C25;4500117785;10;0374;1;MPITTIA;19/1/2026;31/12/2026;C25;12;8/6/2026;;;;;;;;;;02 Cert Quincenal;En curso;Rojo;C25
00374 TERMINAL PUNTA COLORADA;1000081229;10;ZPAN;03 - SERV MEDICO MAI;;0;;;;MREYNA;1027345;SERVICIO MEDICO EN OBRA X MES;;6;6;0;0;5000175453;3/6/2026;Servicios;CUMPLIDO;MAINETE JAVIER ALBERTO;MR01;30/7/2026;16/1/2026;10140637;10;1;16/1/2026;19/1/2026;C25;4500118313;10;0374;1;MPITTIA;23/1/2026;30/7/2026;C25;8;3/6/2026;;;;;;;;;;03 Cert Mensual;En curso - Próximo a vencer;Rojo;C25
00374 TERMINAL PUNTA COLORADA;1000081358;10;ZPAN;03 - Alquiler BQ y l;;0;;;;DSUAREZ;1022693;ALQUILER BAÑO QUIMICO X MES;;0;96;0;96;;;Servicios;ADJUDICADO;ECOPORTATILES SA;MR01;20/1/2027;20/1/2026;10140795;10;1;20/1/2026;20/1/2026;C25;4500118607;10;0374;1;MPITTIA;28/1/2026;20/1/2027;C25;0;;;;;;;;;;;03 Cert Mensual;En curso;;C25
00374 TERMINAL PUNTA COLORADA;1000081358;20;ZPAN;03 - Alquiler BQ y l;;0;;;;DSUAREZ;1013136;SERVICIO LIMPIEZA DESAGOTE BANO QUIMICO;;0;2500;0;2500;;;Servicios;ADJUDICADO;ECOPORTATILES SA;MR01;20/1/2027;20/1/2026;10140795;20;1;20/1/2026;20/1/2026;C25;4500118607;20;0374;1;MPITTIA;28/1/2026;20/1/2027;C25;0;;;;;;;;;;;03 Cert Mensual;En curso;;C25
00374 TERMINAL PUNTA COLORADA;1000081581;10;ZPAN;04-Extension Modulo;;0;;;;DSUAREZ;1013130;Módulo N° 5 - Esp Confinado REG FC6A45;;24;24;0;0;5000160014;28/1/2026;Servicios;CUMPLIDO;MAINETE JAVIER ALBERTO;MR01;30/9/2026;23/1/2026;10141177;10;1;23/1/2026;23/1/2026;C25;4500118496;10;0374;1;MPITTIA;26/1/2026;30/4/2026;C25;1;28/1/2026;;;;;;;;;;04 Cert a Demanda;En curso - Total recepcionado;;C25
00374 TERMINAL PUNTA COLORADA;1000081581;20;ZPAN;04-Extension Modulo;;0;;;;DSUAREZ;1013130;Módulo N° 5 - Espacios Confinados;;70;100;0;30;5000178946;1/7/2026;Servicios;CUMPLIDO PARCIAL;MAINETE JAVIER ALBERTO;MR01;30/9/2026;23/1/2026;10141177;20;1;23/1/2026;23/1/2026;C25;4500118616;10;0374;1;MPITTIA;28/1/2026;30/9/2026;C25;3;1/7/2026;;;;;;;;;;04 Cert a Demanda;En curso;;C25
00374 TERMINAL PUNTA COLORADA;1000081684;100;ZPAN;03 - Campa PM 2010 -;;24;;;;DSUAREZ;1025931;SERVICIO DE INTERNET 1TB X MES;;4;4;0;0;5000175562;3/6/2026;Servicios;CUMPLIDO;JAWIT S.A.;MR01;26/9/2026;24/1/2026;10141306;100;1;24/1/2026;27/1/2026;C25;4500118752;100;0374;1;MPITTIA;29/1/2026;26/9/2026;C25;4;3/6/2026;;;;;;;;;;03 Cert Mensual;En curso - Total recepcionado;;C25
00374 TERMINAL PUNTA COLORADA;1000082040;10;ZPAN;03 - CAMPAMENTO - AL;;24;;;;JIBANEZ;1033267;ALQ CONTENEDOR P/COMEDOR 6MTS X UN;;6;6;0;0;5000180573;15/7/2026;Servicios;CUMPLIDO;BASANI SA;MR01;30/9/2026;30/1/2026;10141775;10;1;30/1/2026;30/1/2026;C04;4500119090;10;0374;1;WVENTURINI;3/2/2026;30/9/2026;C04;5;15/7/2026;;;;;;;;;;03 Cert Mensual;En curso - Total recepcionado;;C04
00374 TERMINAL PUNTA COLORADA;1000082040;20;ZPAN;03 - CAMPAMENTO - AL;;24;;;;JIBANEZ;1033267;ALQ CONTENEDOR P/COMEDOR 6MTS X UN;;6;6;0;0;5000180573;15/7/2026;Servicios;CUMPLIDO;BASANI SA;MR01;30/9/2026;30/1/2026;10141775;20;1;30/1/2026;30/1/2026;C04;4500119090;20;0374;1;WVENTURINI;3/2/2026;30/9/2026;C04;5;15/7/2026;;;;;;;;;;03 Cert Mensual;En curso - Total recepcionado;;C04
00374 TERMINAL PUNTA COLORADA;1000082040;30;ZPAN;03 - CAMPAMENTO - AL;;24;;;;JIBANEZ;1033267;ALQ CONTENDOR P/OFICINA 6MTS X UN;;6;6;0;0;5000180573;15/7/2026;Servicios;CUMPLIDO;BASANI SA;MR01;30/9/2026;30/1/2026;10141775;30;1;30/1/2026;30/1/2026;C04;4500119090;30;0374;1;WVENTURINI;3/2/2026;30/9/2026;C04;5;15/7/2026;;;;;;;;;;03 Cert Mensual;En curso - Total recepcionado;;C04
00374 TERMINAL PUNTA COLORADA;1000082040;40;ZPAN;03 - CAMPAMENTO - AL;;24;;;;JIBANEZ;1033267;ALQ CONTENEDOR P/PAÑOL 6MTS X UN;;6;6;0;0;5000180573;15/7/2026;Servicios;CUMPLIDO;BASANI SA;MR01;30/9/2026;30/1/2026;10141775;40;1;30/1/2026;30/1/2026;C04;4500119090;40;0374;1;WVENTURINI;3/2/2026;30/9/2026;C04;5;15/7/2026;;;;;;;;;;03 Cert Mensual;En curso - Total recepcionado;;C04
00374 TERMINAL PUNTA COLORADA;1000082262;10;ZPAN;03- Transp Las Gruta;;0;;;;JIBANEZ;1013113;COLECTIVO 44 PAX - N° 6 x VIAJE;;0;240;0;240;;;Servicios;ADJUDICADO;LAS GRUTAS S A;MR01;31/12/2026;3/2/2026;10142026;10;1;3/2/2026;3/2/2026;C25;4500119963;10;0374;1;MPITTIA;12/2/2026;31/12/2026;C25;0;;;;;;;;;;;03 Cert Mensual;En curso;;C25
00374 TERMINAL PUNTA COLORADA;1000082262;20;ZPAN;03- Transp Las Gruta;;0;;;;JIBANEZ;1013113;COLECTIVO 44 PAX - N° 7 x VIAJE;;0;240;0;240;;;Servicios;ADJUDICADO;LAS GRUTAS S A;MR01;31/12/2026;3/2/2026;10142026;20;1;3/2/2026;3/2/2026;C25;4500119963;20;0374;1;MPITTIA;12/2/2026;31/12/2026;C25;0;;;;;;;;;;;03 Cert Mensual;En curso;;C25
00374 TERMINAL PUNTA COLORADA;1000082384;10;ZPAN;03-Servicio Dosimetr;;0;;;;DSUAREZ;1042203;SERV DE DOSIMETRIA ANTONIO AYM X MES;;5;12;0;7;5000178900;1/7/2026;Servicios;CUMPLIDO PARCIAL;ASOC.CIVIL PROF TECRADIOL ROSA;MR01;24/12/2026;4/2/2026;10142264;10;1;4/2/2026;4/2/2026;C24;4500119666;10;0374;1;MPITTIA;9/2/2026;24/12/2026;C24;5;1/7/2026;;;;;;;;;;03 Cert Mensual;En curso;Verde;C24
00374 TERMINAL PUNTA COLORADA;1000082384;20;ZPAN;03-Servicio Dosimetr;;0;;;;DSUAREZ;1042203;SERV DE DOSIMETRIA SOFIA HERNA X MES;;5;12;0;7;5000178900;1/7/2026;Servicios;CUMPLIDO PARCIAL;ASOC.CIVIL PROF TECRADIOL ROSA;MR01;24/12/2026;4/2/2026;10142264;20;1;4/2/2026;4/2/2026;C24;4500119666;20;0374;1;MPITTIA;9/2/2026;24/12/2026;C24;5;1/7/2026;;;;;;;;;;03 Cert Mensual;En curso;Verde;C24
00374 TERMINAL PUNTA COLORADA;1000082384;30;ZPAN;03-Servicio Dosimetr;;0;;;;DSUAREZ;1042203;SERV DE DOSIMETRIA EMILIANO LEAL X MES;;5;12;0;7;5000178900;1/7/2026;Servicios;CUMPLIDO PARCIAL;ASOC.CIVIL PROF TECRADIOL ROSA;MR01;24/12/2026;4/2/2026;10142264;30;1;4/2/2026;4/2/2026;C24;4500119666;30;0374;1;MPITTIA;9/2/2026;24/12/2026;C24;5;1/7/2026;;;;;;;;;;03 Cert Mensual;En curso;Verde;C24
00374 TERMINAL PUNTA COLORADA;1000082384;40;ZPAN;03-Servicio Dosimetr;;0;;;;DSUAREZ;1042203;SERV DE DOSIMETRIA JONATAN VAZQUEZ X MES;;5;12;0;7;5000178900;1/7/2026;Servicios;CUMPLIDO PARCIAL;ASOC.CIVIL PROF TECRADIOL ROSA;MR01;24/12/2026;4/2/2026;10142264;40;1;4/2/2026;4/2/2026;C24;4500119666;40;0374;1;MPITTIA;9/2/2026;24/12/2026;C24;5;1/7/2026;;;;;;;;;;03 Cert Mensual;En curso;Verde;C24
00374 TERMINAL PUNTA COLORADA;1000082558;10;ZPAN;03 - Medico en Obra;;0;;;;DSUAREZ;1013024;VIATICOS COMBUSTIBLE MAINETE;;13;50;0;37;5000175451;3/6/2026;Servicios;CUMPLIDO PARCIAL;MAINETE JAVIER ALBERTO;MR01;31/12/2026;7/2/2026;10142487;10;1;7/2/2026;7/2/2026;C25;4500123150;10;0374;1;MPITTIA;23/3/2026;31/12/2026;C25;3;3/6/2026;;;;;;;;;;03 Cert Mensual;En curso;Rojo;C25
00374 TERMINAL PUNTA COLORADA;1000082558;20;ZPAN;03 - Medico en Obra;;0;;;;DSUAREZ;1013024;VIATICOS COMBUSTIBLE MAINETE FC196;;2;2;0;0;5000162823;23/2/2026;Servicios;CUMPLIDO;MAINETE JAVIER ALBERTO;MR01;31/12/2026;7/2/2026;10142487;20;1;7/2/2026;7/2/2026;C25;4500120242;20;0374;1;MPITTIA;18/2/2026;30/6/2026;C25;1;23/2/2026;;;;;;;;;;03 Cert Mensual;En curso - Total recepcionado;;C25
00374 TERMINAL PUNTA COLORADA;1000082575;20;ZPAN;REG-REC INTER/JAWIT-;;0;;;;MALCARAZ;1022295;RECARGA STARLINK 50 GB;;10;10;0;0;5000165410;13/3/2026;Servicios;CUMPLIDO;JAWIT S.A.;MR01;28/2/2027;7/2/2026;10142501;20;1;18/2/2026;19/2/2026;C25;4500120415;20;0374;1;MPITTIA;20/2/2026;28/2/2027;C25;1;13/3/2026;;;;;;;;;;Sin aclaración;En curso - Total recepcionado;;C25
00374 TERMINAL PUNTA COLORADA;1000083371;10;ZPAN;03 - ALQUILER BAÑOS;;0;;;;JIBANEZ;1047100;ALQUILER DE MODULO BAÑO 6MT X MES;;2;24;0;22;5000179015;2/7/2026;Servicios;CUMPLIDO PARCIAL;ECOPORTATILES SA;MR01;28/2/2027;21/2/2026;10143466;10;1;21/2/2026;24/2/2026;C25;4500121508;10;0374;1;MPITTIA;4/3/2026;28/2/2027;C25;1;2/7/2026;;;;;;;;;;03 Cert Mensual;En curso;Verde;C25
00374 TERMINAL PUNTA COLORADA;1000083371;20;ZPAN;03 - ALQUILER BAÑOS;;0;;;;JIBANEZ;1013136;SERVICIO LIMPIEZA DESAGOTE BANO QUIMICO;;0;576;0;576;;;Servicios;ADJUDICADO;ECOPORTATILES SA;MR01;28/2/2027;21/2/2026;10143466;20;1;21/2/2026;24/2/2026;C25;4500121508;20;0374;1;MPITTIA;4/3/2026;28/2/2027;C25;0;;;;;;;;;;;03 Cert Mensual;En curso;;C25
00374 TERMINAL PUNTA COLORADA;1000083377;10;ZPAN;03 - PM 2023 CAMPAME;;24;;;;SFERNANDEZ;1033267;ALQUILER DE CONTENEDOR COMEDOR 6 MT;;4;6;0;2;5000180574;15/7/2026;Servicios;CUMPLIDO PARCIAL;BASANI SA;MR01;28/8/2026;21/2/2026;10143478;10;1;21/2/2026;24/2/2026;C04;4500122327;10;0374;1;WVENTURINI;12/3/2026;28/7/2026;C04;4;15/7/2026;;;;;;;;;;03 Cert Mensual;En curso - Próximo a vencer;Verde;C04
00374 TERMINAL PUNTA COLORADA;1000083377;20;ZPAN;03 - PM 2023 CAMPAME;;24;;;;SFERNANDEZ;1033267;ALQUILER DE CONTENEDOR COMEDOR 6 MT;;4;6;0;2;5000180574;15/7/2026;Servicios;CUMPLIDO PARCIAL;BASANI SA;MR01;28/8/2026;21/2/2026;10143478;20;1;21/2/2026;24/2/2026;C04;4500122327;20;0374;1;WVENTURINI;12/3/2026;28/7/2026;C04;4;15/7/2026;;;;;;;;;;03 Cert Mensual;En curso - Próximo a vencer;Verde;C04
00374 TERMINAL PUNTA COLORADA;1000083445;10;ZPAN;03 - SERVICIO MINBUS;;0;;;;SFERNANDEZ;1022295;MINIBUS TRANSPORTE FORANEOS  24PAX X MES;;5;10;0;5;5000179255;3/7/2026;Servicios;CUMPLIDO PARCIAL;PAZ DIEGO ADRIAN;MR01;31/12/2026;23/2/2026;10143583;10;1;23/2/2026;24/2/2026;C25;4500120745;10;0374;1;MPITTIA;24/2/2026;31/12/2026;C25;5;3/7/2026;;;;;;;;;;03 Cert Mensual;En curso;Verde;C25
00374 TERMINAL PUNTA COLORADA;1000083839;10;ZPAN;03 - VIATICOS INGEAP;;0;;;;JIBANEZ;1042086;VIATICOS X DIA;;545;1300;0;755;5000180903;17/7/2026;Servicios;CUMPLIDO PARCIAL;INGEAP S.A.S.;MR01;30/9/2026;27/2/2026;10144137;10;1;27/2/2026;28/2/2026;C26;4500121520;10;0374;1;AGONZALEZ;4/3/2026;30/9/2026;C26;9;17/7/2026;;;;;;;;;;03 Cert Mensual;En curso;Verde;C26
00374 TERMINAL PUNTA COLORADA;1000083866;10;ZPAN;03-AUTOELEVADOR - EX;;0;;;;JIBANEZ;1033267;SERVICIO ALQUILER AUTOELEVADOR X MES;;6;9;0;3;5000180295;13/7/2026;Servicios;CUMPLIDO PARCIAL;GRUAS SAN BLAS S.A;MR01;31/12/2026;28/2/2026;10144172;10;1;28/2/2026;2/3/2026;C04;4500121562;10;0374;1;WVENTURINI;4/3/2026;31/12/2026;C04;5;13/7/2026;;;;;;;;;;03 Cert Mensual;En curso;Verde;C04
00374 TERMINAL PUNTA COLORADA;1000084139;10;ZPAN;04-Subcontrato Damlu;;24;;;;DSUAREZ;1012995;SUBC PIPING JORNADA X DIA;;17;17;0;0;5000173545;19/5/2026;Servicios;CUMPLIDO;DAMLUC SERVICIOS Y MANTENIMIENTOS S;MR01;30/7/2026;4/3/2026;10144558;10;1;4/3/2026;5/3/2026;C26;4500121921;10;0374;1;AGONZALEZ;9/3/2026;30/7/2026;C26;1;19/5/2026;;;;;;;;;;04 Cert a Demanda;En curso - Próximo a vencer;;C26
00374 TERMINAL PUNTA COLORADA;1000084445;20;ZPAN;03 - Extension OC 45;;0;;;;DSUAREZ;1026930;ALQUILER ESTACION TOTAL;;3;3;0;0;5000175177;1/6/2026;Servicios;CUMPLIDO;INGEAP S.A.S.;MR01;30/7/2026;9/3/2026;10144942;20;1;9/3/2026;10/3/2026;C26;4500123020;20;0374;1;AGONZALEZ;19/3/2026;30/7/2026;C26;3;1/6/2026;;;;;;;;;;03 Cert Mensual;En curso - Próximo a vencer;Rojo;C26
00374 TERMINAL PUNTA COLORADA;1000084472;10;ZPAN;03-IMPRESORA LASER B;;0;;;;JIBANEZ;1026315;ALQUILER IMPRESORA BYN A3 X MES;;4;6;0;2;5000178666;29/6/2026;Servicios;CUMPLIDO PARCIAL;TECNICA Y SISTEMAS SRL;MR01;30/9/2026;10/3/2026;10144972;10;1;10/3/2026;10/3/2026;C25;4500122130;10;0374;1;MPITTIA;10/3/2026;30/9/2026;C25;4;29/6/2026;;;;;;;;;;03 Cert Mensual;En curso;Verde;C25
00374 TERMINAL PUNTA COLORADA;1000084568;10;ZPAN;04 - Transporte El C;;0;;;;DSUAREZ;1012981;FLETE PAQUETERIA;;9287294,37;10000000;0;712705,63;5000180585;15/7/2026;Servicios;CUMPLIDO PARCIAL;TRANS.EL COYOTE PATAGONICO SRL;MR01;30/8/2026;11/3/2026;10145112;10;1;11/3/2026;11/3/2026;C15;4500124316;10;0374;1;GDIAZ;7/4/2026;30/7/2026;C15;7;15/7/2026;;;;;;;;;;04 Cert a Demanda;En curso - Próximo a vencer;;C15
00374 TERMINAL PUNTA COLORADA;1000084633;10;ZPAN;03 - SEMI PLAYO EN O;;0;;;;JIBANEZ;1033267;ALQUILER TRACTOR + PLAYO PERMANENTE;;3;3;0;0;5000178908;1/7/2026;Servicios;CUMPLIDO;DARNET LUCIANO GASTON;MR01;30/7/2026;11/3/2026;10145191;10;1;11/3/2026;12/3/2026;C04;4500122310;10;0374;1;WVENTURINI;12/3/2026;30/7/2026;C04;3;1/7/2026;;;;;;;;;;03 Cert Mensual;En curso - Próximo a vencer;Verde;C04
00374 TERMINAL PUNTA COLORADA;1000084724;10;ZPAN;03 - CAMPAM - ALQU P;;24;;;;MALCARAZ;1033267;PLUMIN PARA HAULOTTE HTL4017;;3;3;0;0;5000179823;8/7/2026;Servicios;CUMPLIDO;IMG RENTAL SRL;MR01;30/8/2026;12/3/2026;10145310;10;1;12/3/2026;12/3/2026;C04;4500123046;10;0374;1;WVENTURINI;20/3/2026;30/8/2026;C04;3;8/7/2026;;;;;;;;;;03 Cert Mensual;En curso - Próximo a vencer;Verde;C04
00374 TERMINAL PUNTA COLORADA;1000084724;20;ZPAN;03 - CAMPAM - ALQU P;;24;;;;MALCARAZ;1033267;PLUMIN PARA DIECI SAMSON 75.10;;3;3;0;0;5000179823;8/7/2026;Servicios;CUMPLIDO;IMG RENTAL SRL;MR01;30/8/2026;12/3/2026;10145310;20;1;12/3/2026;12/3/2026;C04;4500123046;20;0374;1;WVENTURINI;20/3/2026;30/8/2026;C04;2;8/7/2026;;;;;;;;;;03 Cert Mensual;En curso - Próximo a vencer;Verde;C04
00374 TERMINAL PUNTA COLORADA;1000085452;10;ZPAN;04 - PM SERVICIO BOM;;24;;;;SFERNANDEZ;1012984;SERVICIO BOMBA PLUMA;;0;20;0;20;;;Servicios;ADJUDICADO;BETONSUR SRL;MR01;30/10/2026;25/3/2026;10146266;10;1;25/3/2026;25/3/2026;C18;4500126294;10;0374;1;JESPARZA;28/4/2026;30/7/2026;C18;0;;;;;;;;;;;04 Cert a Demanda;En curso;;C18
00374 TERMINAL PUNTA COLORADA;1000085702;30;ZPAN;CAMPAMENTO- HORMIGON;;24;;;;MALCARAZ;1012984;ALQUILER DE BOMBA;;7;7;0;0;5000171203;30/4/2026;Servicios;CUMPLIDO;BETONSUR SRL;MR01;30/8/2026;29/3/2026;10146544;30;1;29/3/2026;30/3/2026;C18;4500124144;30;0374;1;JESPARZA;6/4/2026;29/8/2026;C18;3;30/4/2026;;;;;;;;;;Sin aclaración;En curso - Próximo a vencer;;C18
00374 TERMINAL PUNTA COLORADA;1000085702;40;ZPAN;CAMPAMENTO- HORMIGON;;24;;;;MALCARAZ;1012983;SERVICIO DE BOMBEO;;322;322;0;0;5000171203;30/4/2026;Servicios;CUMPLIDO;BETONSUR SRL;MR01;30/8/2026;29/3/2026;10146544;40;1;8/4/2026;9/4/2026;C18;4500124144;40;0374;1;JESPARZA;6/4/2026;29/8/2026;C18;3;30/4/2026;;;;;;;;;;Sin aclaración;En curso - Próximo a vencer;;C18
00374 TERMINAL PUNTA COLORADA;1000085833;10;ZPAN;03-Servicio Botellon;;0;;;;DSUAREZ;1022295;BIDON DE AGUA X 20LTS;;164;3600;0;3436;5000179379;4/7/2026;Servicios;CUMPLIDO PARCIAL;KRIGER ALEJANDRO SEBASTIAN;MR01;31/12/2026;31/3/2026;10146693;10;1;31/3/2026;31/3/2026;C25;4500124511;10;0374;1;MPITTIA;9/4/2026;31/12/2026;C25;3;4/7/2026;;;;;;;;;;03 Cert Mensual;En curso;Verde;C25
00374 TERMINAL PUNTA COLORADA;1000085958;10;ZPAN;04 - Hielo en Obra;;0;;;;DSUAREZ;1017912;REGUL SERVICIO HIELO POR BOLSON 10KG XUN;;131;131;0;0;5000170549;24/4/2026;Servicios;CUMPLIDO;CARRIZO PATRICIA DEL CARMEN;MR01;30/7/2026;2/4/2026;10146862;10;1;2/4/2026;2/4/2026;C25;4500124412;10;0374;1;MPITTIA;8/4/2026;30/7/2026;C25;1;24/4/2026;;;;;;;;;;04 Cert a Demanda;En curso - Próximo a vencer;;C25
00374 TERMINAL PUNTA COLORADA;1000085958;20;ZPAN;04 - Hielo en Obra;;0;;;;DSUAREZ;1017912;SERVICIO HIELO POR BOLSON 10KG XUN;;230;2000;0;1770;5000171586;5/5/2026;Servicios;CUMPLIDO PARCIAL;CARRIZO PATRICIA DEL CARMEN;MR01;30/12/2026;2/4/2026;10146862;20;1;2/4/2026;2/4/2026;C25;4500124414;20;0374;1;MPITTIA;8/4/2026;30/7/2026;C25;2;5/5/2026;;;;;;;;;;04 Cert a Demanda;En curso;;C25
00374 TERMINAL PUNTA COLORADA;1000086236;10;ZPAN;03- RSU SAPSA;;0;;;;DSUAREZ;1035384;ALQUILER DE CONTENEDORES RESIDUOS X MES;;34,9;132;0;97,1;5000179993;9/7/2026;Servicios;CUMPLIDO PARCIAL;SOLUCIONES AMBIENTALES PATAGONIA;MR01;31/12/2026;8/4/2026;10147211;10;1;8/4/2026;9/4/2026;C25;4500124877;10;0374;1;MPITTIA;13/4/2026;31/12/2026;C25;3;9/7/2026;;;;;;;;;;03 Cert Mensual;En curso;Verde;C25
00374 TERMINAL PUNTA COLORADA;1000086236;20;ZPAN;03- RSU SAPSA;;0;;;;DSUAREZ;1035384;RESIDUOS HUMEDOS VERDE RSU X TN;;18;20;0;2;5000179993;9/7/2026;Servicios;CUMPLIDO PARCIAL;SOLUCIONES AMBIENTALES PATAGONIA;MR01;31/12/2026;8/4/2026;10147211;20;1;8/4/2026;9/4/2026;C25;4500124877;20;0374;1;MPITTIA;13/4/2026;31/12/2026;C25;4;9/7/2026;;;;;;;;;;03 Cert Mensual;En curso;Verde;C25
00374 TERMINAL PUNTA COLORADA;1000086236;30;ZPAN;03- RSU SAPSA;;0;;;;DSUAREZ;1035384;RESIDUOS RECICLABLES AMARILLO RSU X TN;;33;50;0;17;5000179993;9/7/2026;Servicios;CUMPLIDO PARCIAL;SOLUCIONES AMBIENTALES PATAGONIA;MR01;31/12/2026;8/4/2026;10147211;30;1;8/4/2026;9/4/2026;C25;4500124877;30;0374;1;MPITTIA;13/4/2026;31/12/2026;C25;4;9/7/2026;;;;;;;;;;03 Cert Mensual;En curso;Verde;C25
00374 TERMINAL PUNTA COLORADA;1000086236;40;ZPAN;03- RSU SAPSA;;0;;;;DSUAREZ;1035384;RESIDUOS RECICLABLES INDUS AZUL RSU X TN;;1;5;0;4;5000179993;9/7/2026;Servicios;CUMPLIDO PARCIAL;SOLUCIONES AMBIENTALES PATAGONIA;MR01;31/12/2026;8/4/2026;10147211;40;1;8/4/2026;9/4/2026;C25;4500124877;40;0374;1;MPITTIA;13/4/2026;31/12/2026;C25;1;9/7/2026;;;;;;;;;;03 Cert Mensual;En curso;Verde;C25
00374 TERMINAL PUNTA COLORADA;1000086236;50;ZPAN;03- RSU SAPSA;;0;;;;DSUAREZ;1035384;FLETE TRANSPORTE CONTENEDOR 5MT3 X UN;;52;264;0;212;5000179993;9/7/2026;Servicios;CUMPLIDO PARCIAL;SOLUCIONES AMBIENTALES PATAGONIA;MR01;31/12/2026;8/4/2026;10147211;50;1;8/4/2026;9/4/2026;C25;4500124877;50;0374;1;MPITTIA;13/4/2026;31/12/2026;C25;4;9/7/2026;;;;;;;;;;03 Cert Mensual;En curso;Verde;C25
00374 TERMINAL PUNTA COLORADA;1000086335;10;ZPAN;03-EXTENSION- TELEBE;;0;;;;SFERNANDEZ;1033267;ALQUILER TELEBELT TBS130;;3;3;0;0;5000176814;12/6/2026;Servicios;CUMPLIDO;SE.MI. S. A.;MR01;30/7/2026;10/4/2026;10147331;10;1;10/4/2026;10/4/2026;C04;4500125170;10;0374;1;WVENTURINI;16/4/2026;30/7/2026;C04;3;12/6/2026;;;;;;;;;;03 Cert Mensual;En curso - Próximo a vencer;Rojo;C04
00374 TERMINAL PUNTA COLORADA;1000086368;10;ZPAN;04 - ESTUDIOS PSICOM;;0;;;;JIBANEZ;1013130;ESTUDIO PSICOMETRICOS X UN;;21;50;0;29;5000178948;1/7/2026;Servicios;CUMPLIDO PARCIAL;MAINETE JAVIER ALBERTO;MR01;30/8/2026;10/4/2026;10147351;10;1;10/4/2026;11/4/2026;C25;4500125184;10;0374;1;MPITTIA;16/4/2026;30/8/2026;C25;2;1/7/2026;;;;;;;;;;04 Cert a Demanda;En curso - Próximo a vencer;;C25
00374 TERMINAL PUNTA COLORADA;1000086830;30;ZPAN;HORMIGON P/ OBRA- BE;;0;;;;SFERNANDEZ;1012984;SERVICIO BOMBA H° TELESCOPICA;;15;15;0;0;5000178577;29/6/2026;Servicios;CUMPLIDO;BETONSUR SRL;MR01;30/8/2026;18/4/2026;10148035;30;1;18/4/2026;20/4/2026;C18;4500126369;30;0374;1;JESPARZA;29/4/2026;29/8/2026;C18;9;29/6/2026;;;;;;;;;;Sin aclaración;En curso - Próximo a vencer;;C18
00374 TERMINAL PUNTA COLORADA;1000086830;40;ZPAN;HORMIGON P/ OBRA- BE;;0;;;;SFERNANDEZ;1012983;SERVICIO DE BOMBEO;;700;700;0;0;5000177230;18/6/2026;Servicios;CUMPLIDO;BETONSUR SRL;MR01;30/8/2026;18/4/2026;10148035;40;1;18/4/2026;20/4/2026;C18;4500126369;40;0374;1;JESPARZA;29/4/2026;29/8/2026;C18;6;18/6/2026;;;;;;;;;;Sin aclaración;En curso - Próximo a vencer;;C18
00374 TERMINAL PUNTA COLORADA;1000086833;30;ZPAN;04 - HORMIGON P/OBRA;;0;;;;SFERNANDEZ;1012984;SERVICIO BOMBA H° TELESCOPICA;;4;15;0;11;5000179814;8/7/2026;Servicios;CUMPLIDO PARCIAL;CEMENTOS & CONSTRUCCIONES CF S. A.;MR01;25/10/2026;18/4/2026;10148038;30;1;18/4/2026;20/4/2026;C18;4500128279;30;0374;1;JESPARZA;21/5/2026;25/10/2026;C18;2;8/7/2026;;;;;;;;;;04 Cert a Demanda;En curso;;C18
00374 TERMINAL PUNTA COLORADA;1000086833;40;ZPAN;04 - HORMIGON P/OBRA;;0;;;;SFERNANDEZ;1012983;SERVICIO DE BOMBEO;;220;1200;0;980;5000179814;8/7/2026;Servicios;CUMPLIDO PARCIAL;CEMENTOS & CONSTRUCCIONES CF S. A.;MR01;25/10/2026;18/4/2026;10148038;40;1;18/4/2026;20/4/2026;C18;4500128279;40;0374;1;JESPARZA;21/5/2026;25/10/2026;C18;2;8/7/2026;;;;;;;;;;04 Cert a Demanda;En curso;;C18
00374 TERMINAL PUNTA COLORADA;1000087070;10;ZPAN;04 - Control de Carg;;0;;;;DSUAREZ;1026923;DISPENSER PUMP CONTROL 400L/M 24M3/H;;0;1;0;1;;;Servicios;ADJUDICADO;PUMP CONTROL SRL;MR01;2/8/2026;22/4/2026;10148322;10;1;22/4/2026;22/4/2026;C23;4500126194;10;0374;1;JESPARZA;28/4/2026;2/8/2026;C23;0;;;;;;;;;;;04 Cert a Demanda;En curso - Próximo a vencer;;C23
00374 TERMINAL PUNTA COLORADA;1000087070;20;ZPAN;04 - Control de Carg;;0;;;;DSUAREZ;1026923;COMPUTADOR KI04;;0;1;0;1;;;Servicios;ADJUDICADO;PUMP CONTROL SRL;MR01;2/8/2026;22/4/2026;10148322;20;1;22/4/2026;22/4/2026;C23;4500126194;20;0374;1;JESPARZA;28/4/2026;2/8/2026;C23;0;;;;;;;;;;;04 Cert a Demanda;En curso - Próximo a vencer;;C23
00374 TERMINAL PUNTA COLORADA;1000087070;30;ZPAN;04 - Control de Carg;;0;;;;DSUAREZ;1026923;EMISOR DE PULSOS 100P/V 2CH;;0;1;0;1;;;Servicios;ADJUDICADO;PUMP CONTROL SRL;MR01;2/8/2026;22/4/2026;10148322;30;1;22/4/2026;22/4/2026;C23;4500126194;30;0374;1;JESPARZA;28/4/2026;2/8/2026;C23;0;;;;;;;;;;;04 Cert a Demanda;En curso - Próximo a vencer;;C23
00374 TERMINAL PUNTA COLORADA;1000087070;40;ZPAN;04 - Control de Carg;;0;;;;DSUAREZ;1026923;FLEET MINI BASE;;0;1;0;1;;;Servicios;ADJUDICADO;PUMP CONTROL SRL;MR01;2/8/2026;22/4/2026;10148322;40;1;22/4/2026;22/4/2026;C23;4500126194;40;0374;1;JESPARZA;28/4/2026;2/8/2026;C23;0;;;;;;;;;;;04 Cert a Demanda;En curso - Próximo a vencer;;C23
00374 TERMINAL PUNTA COLORADA;1000087070;50;ZPAN;04 - Control de Carg;;0;;;;DSUAREZ;1026923;MODULO DE ALIMENTACION 110/220 VAC;;0;1;0;1;;;Servicios;ADJUDICADO;PUMP CONTROL SRL;MR01;2/8/2026;22/4/2026;10148322;50;1;22/4/2026;22/4/2026;C23;4500126194;50;0374;1;JESPARZA;28/4/2026;2/8/2026;C23;0;;;;;;;;;;;04 Cert a Demanda;En curso - Próximo a vencer;;C23
00374 TERMINAL PUNTA COLORADA;1000087070;60;ZPAN;04 - Control de Carg;;0;;;;DSUAREZ;1026923;MODULO LECTOR TARJETA C-FLEX;;0;1;0;1;;;Servicios;ADJUDICADO;PUMP CONTROL SRL;MR01;2/8/2026;22/4/2026;10148322;60;1;22/4/2026;22/4/2026;C23;4500126194;60;0374;1;JESPARZA;28/4/2026;2/8/2026;C23;0;;;;;;;;;;;04 Cert a Demanda;En curso - Próximo a vencer;;C23
00374 TERMINAL PUNTA COLORADA;1000087070;70;ZPAN;04 - Control de Carg;;0;;;;DSUAREZ;1026923;PEDESTAL;;0;1;0;1;;;Servicios;ADJUDICADO;PUMP CONTROL SRL;MR01;2/8/2026;22/4/2026;10148322;70;1;22/4/2026;22/4/2026;C23;4500126194;70;0374;1;JESPARZA;28/4/2026;2/8/2026;C23;0;;;;;;;;;;;04 Cert a Demanda;En curso - Próximo a vencer;;C23
00374 TERMINAL PUNTA COLORADA;1000087070;80;ZPAN;04 - Control de Carg;;0;;;;DSUAREZ;1026923;INSTALACION Y PUESTA EN MARCHA;;0;1;0;1;;;Servicios;ADJUDICADO;PUMP CONTROL SRL;MR01;2/8/2026;22/4/2026;10148322;80;1;22/4/2026;22/4/2026;C23;4500126194;80;0374;1;JESPARZA;28/4/2026;2/8/2026;C23;0;;;;;;;;;;;04 Cert a Demanda;En curso - Próximo a vencer;;C23
00374 TERMINAL PUNTA COLORADA;1000087070;90;ZPAN;04 - Control de Carg;;0;;;;DSUAREZ;1026923;IDENTIFICADOR TAG TIPO LLAVERO HTS256;;0;3;0;3;;;Servicios;ADJUDICADO;PUMP CONTROL SRL;MR01;2/8/2026;22/4/2026;10148322;90;1;22/4/2026;22/4/2026;C23;4500126194;90;0374;1;JESPARZA;28/4/2026;2/8/2026;C23;0;;;;;;;;;;;04 Cert a Demanda;En curso - Próximo a vencer;;C23
00374 TERMINAL PUNTA COLORADA;1000087070;100;ZPAN;04 - Control de Carg;;0;;;;DSUAREZ;1026923;MODULO ROUTER Y AP WIFI/3G;;0;1;0;1;;;Servicios;ADJUDICADO;PUMP CONTROL SRL;MR01;2/8/2026;22/4/2026;10148322;100;1;22/4/2026;22/4/2026;C23;4500126194;100;0374;1;JESPARZA;28/4/2026;2/8/2026;C23;0;;;;;;;;;;;04 Cert a Demanda;En curso - Próximo a vencer;;C23
00374 TERMINAL PUNTA COLORADA;1000087070;110;ZPAN;04 - Control de Carg;;0;;;;DSUAREZ;1026923;MODULO INTERFASE Y FUENTE ALIMENTACION;;0;1;0;1;;;Servicios;ADJUDICADO;PUMP CONTROL SRL;MR01;2/8/2026;22/4/2026;10148322;110;1;22/4/2026;22/4/2026;C23;4500126194;110;0374;1;JESPARZA;28/4/2026;2/8/2026;C23;0;;;;;;;;;;;04 Cert a Demanda;En curso - Próximo a vencer;;C23
00374 TERMINAL PUNTA COLORADA;1000087070;120;ZPAN;04 - Control de Carg;;0;;;;DSUAREZ;1026923;SONDA TELEMEDICION PUMP STICK PRO A-2,75;;0;1;0;1;;;Servicios;ADJUDICADO;PUMP CONTROL SRL;MR01;2/8/2026;22/4/2026;10148322;120;1;22/4/2026;22/4/2026;C23;4500126194;120;0374;1;JESPARZA;28/4/2026;2/8/2026;C23;0;;;;;;;;;;;04 Cert a Demanda;En curso - Próximo a vencer;;C23
00374 TERMINAL PUNTA COLORADA;1000087070;130;ZPAN;04 - Control de Carg;;0;;;;DSUAREZ;1026923;KIT ACCESORIOS PARA SONDA PRO A;;0;1;0;1;;;Servicios;ADJUDICADO;PUMP CONTROL SRL;MR01;2/8/2026;22/4/2026;10148322;130;1;22/4/2026;22/4/2026;C23;4500126194;130;0374;1;JESPARZA;28/4/2026;2/8/2026;C23;0;;;;;;;;;;;04 Cert a Demanda;En curso - Próximo a vencer;;C23
00374 TERMINAL PUNTA COLORADA;1000087070;140;ZPAN;04 - Control de Carg;;0;;;;DSUAREZ;1026923;"NIPLE 4"" X50CM M-M GALVANIZADO";;0;1;0;1;;;Servicios;ADJUDICADO;PUMP CONTROL SRL;MR01;2/8/2026;22/4/2026;10148322;140;1;22/4/2026;22/4/2026;C23;4500126194;140;0374;1;JESPARZA;28/4/2026;2/8/2026;C23;0;;;;;;;;;;;04 Cert a Demanda;En curso - Próximo a vencer;;C23
00374 TERMINAL PUNTA COLORADA;1000087070;150;ZPAN;04 - Control de Carg;;0;;;;DSUAREZ;1026923;"TAPA POLIPROPILENO 4"" C/PRENSACABLE 1/2""";;0;1;0;1;;;Servicios;ADJUDICADO;PUMP CONTROL SRL;MR01;2/8/2026;22/4/2026;10148322;150;1;22/4/2026;22/4/2026;C23;4500126194;150;0374;1;JESPARZA;28/4/2026;2/8/2026;C23;0;;;;;;;;;;;04 Cert a Demanda;En curso - Próximo a vencer;;C23
00374 TERMINAL PUNTA COLORADA;1000087204;10;ZPAN;04-Remis Obra 374;;0;;;;DSUAREZ;1022296;SERVICIO REMIS POR KM - ANDRADE;;15000;15000;0;0;5000180311;13/7/2026;Servicios;CUMPLIDO;ANDRADE ERIC ALEXIS;MR01;31/12/2026;24/4/2026;10148538;10;1;24/4/2026;26/5/2026;C25;4500127369;10;0374;1;MPITTIA;12/5/2026;31/12/2026;C25;9;13/7/2026;;;;;;;;;;04 Cert a Demanda;En curso - Total recepcionado;;C25
00374 TERMINAL PUNTA COLORADA;1000087204;20;ZPAN;04-Remis Obra 374;;0;;;;DSUAREZ;1022296;SERVICIO REMIS POR KM - FIBER;;0;30000;0;30000;;;Servicios;ADJUDICADO;HINOFUENTES HECTOR BELENCO;MR01;31/12/2026;24/4/2026;10148538;20;1;24/4/2026;24/4/2026;C25;4500126712;20;0374;1;MPITTIA;5/5/2026;31/12/2026;C25;0;;;;;;;;;;;04 Cert a Demanda;En curso;;C25
00374 TERMINAL PUNTA COLORADA;1000087214;10;ZPAN;04- EXTENSION DIRECT;;0;;;;SFERNANDEZ;1012981;FLETE PAQUETERIA DIRECTO SUR-;;9849049,5;10000000;0;150950,5;5000179201;3/7/2026;Servicios;CUMPLIDO PARCIAL;DIRECTO SUR S. R. L.;MR01;31/12/2026;24/4/2026;10148546;10;1;24/4/2026;24/4/2026;C15;4500128657;10;0374;1;GDIAZ;27/5/2026;31/12/2026;C15;5;3/7/2026;;;;;;;;;;04 Cert a Demanda;En curso;;C15
00374 TERMINAL PUNTA COLORADA;1000087485;20;ZPAN;Regularizacion La An;;0;;;;DSUAREZ;1013024;VIATICOS 10,5%;;35905343,99;50000000;0;14094656,01;5000180041;10/7/2026;Servicios;CUMPLIDO PARCIAL;SA IMPORTADORA Y EXP. DE LA PA;MR01;19/12/2026;28/4/2026;10148831;20;1;28/4/2026;29/4/2026;C25;4500126903;20;0374;2;MPITTIA;6/5/2026;19/12/2026;C25;6;10/7/2026;;;;;;;;;;Sin aclaración;En curso;;C25
00374 TERMINAL PUNTA COLORADA;1000087492;10;ZPAN;03 - SERVICIO DE GOM;;0;;;;JIBANEZ;1034203;DESARME/ARME+ REP. liviano;;27;100;0;73;5000179045;2/7/2026;Servicios;CUMPLIDO PARCIAL;CONTRERAS BRIAN ALEXANDER;MR01;31/12/2026;29/4/2026;10148857;10;1;29/4/2026;29/4/2026;C04;4500126452;10;0374;1;GROSES;30/4/2026;31/12/2026;C04;2;2/7/2026;;;;;;;;;;03 Cert Mensual;En curso;Verde;C04
00374 TERMINAL PUNTA COLORADA;1000087492;20;ZPAN;03 - SERVICIO DE GOM;;0;;;;JIBANEZ;1034203;DESARME/ARME+ REP. camion s/camara;;10;80;0;70;5000179045;2/7/2026;Servicios;CUMPLIDO PARCIAL;CONTRERAS BRIAN ALEXANDER;MR01;31/12/2026;29/4/2026;10148857;20;1;29/4/2026;29/4/2026;C04;4500126452;20;0374;1;GROSES;30/4/2026;31/12/2026;C04;2;2/7/2026;;;;;;;;;;03 Cert Mensual;En curso;Verde;C04
00374 TERMINAL PUNTA COLORADA;1000087492;30;ZPAN;03 - SERVICIO DE GOM;;0;;;;JIBANEZ;1034203;DESARME/ARME+ REP. camion c/camara;;21;80;0;59;5000179045;2/7/2026;Servicios;CUMPLIDO PARCIAL;CONTRERAS BRIAN ALEXANDER;MR01;31/12/2026;29/4/2026;10148857;30;1;29/4/2026;29/4/2026;C04;4500126452;30;0374;1;GROSES;30/4/2026;31/12/2026;C04;2;2/7/2026;;;;;;;;;;03 Cert Mensual;En curso;Verde;C04
00374 TERMINAL PUNTA COLORADA;1000087492;40;ZPAN;03 - SERVICIO DE GOM;;0;;;;JIBANEZ;1034203;DESARME/ARME+ REP. pesados maquina;;8;45;0;37;5000179045;2/7/2026;Servicios;CUMPLIDO PARCIAL;CONTRERAS BRIAN ALEXANDER;MR01;31/12/2026;29/4/2026;10148857;40;1;29/4/2026;29/4/2026;C04;4500126452;40;0374;1;GROSES;30/4/2026;31/12/2026;C04;2;2/7/2026;;;;;;;;;;03 Cert Mensual;En curso;Verde;C04
00374 TERMINAL PUNTA COLORADA;1000087492;50;ZPAN;03 - SERVICIO DE GOM;;0;;;;JIBANEZ;1034203;DESARME/ARME+ REP. bobcat;;6;10;0;4;5000179045;2/7/2026;Servicios;CUMPLIDO PARCIAL;CONTRERAS BRIAN ALEXANDER;MR01;31/12/2026;29/4/2026;10148857;50;1;29/4/2026;29/4/2026;C04;4500126452;50;0374;1;GROSES;30/4/2026;31/12/2026;C04;2;2/7/2026;;;;;;;;;;03 Cert Mensual;En curso;Verde;C04
00374 TERMINAL PUNTA COLORADA;1000087492;60;ZPAN;03 - SERVICIO DE GOM;;0;;;;JIBANEZ;1034203;DESARME / ARME Liviano;;16;80;0;64;5000179045;2/7/2026;Servicios;CUMPLIDO PARCIAL;CONTRERAS BRIAN ALEXANDER;MR01;31/12/2026;29/4/2026;10148857;60;1;29/4/2026;29/4/2026;C04;4500126452;60;0374;1;GROSES;30/4/2026;31/12/2026;C04;2;2/7/2026;;;;;;;;;;03 Cert Mensual;En curso;Verde;C04
00374 TERMINAL PUNTA COLORADA;1000087492;70;ZPAN;03 - SERVICIO DE GOM;;0;;;;JIBANEZ;1034203;DESARME / ARME camion s/camara;;14;80;0;66;5000175761;4/6/2026;Servicios;CUMPLIDO PARCIAL;CONTRERAS BRIAN ALEXANDER;MR01;31/12/2026;29/4/2026;10148857;70;1;29/4/2026;29/4/2026;C04;4500126452;70;0374;1;GROSES;30/4/2026;31/12/2026;C04;1;4/6/2026;;;;;;;;;;03 Cert Mensual;En curso;Rojo;C04
00374 TERMINAL PUNTA COLORADA;1000087492;80;ZPAN;03 - SERVICIO DE GOM;;0;;;;JIBANEZ;1034203;DESARME / ARME camion c/camara;;8;80;0;72;5000179045;2/7/2026;Servicios;CUMPLIDO PARCIAL;CONTRERAS BRIAN ALEXANDER;MR01;31/12/2026;29/4/2026;10148857;80;1;29/4/2026;29/4/2026;C04;4500126452;80;0374;1;GROSES;30/4/2026;31/12/2026;C04;1;2/7/2026;;;;;;;;;;03 Cert Mensual;En curso;Verde;C04
00374 TERMINAL PUNTA COLORADA;1000087492;90;ZPAN;03 - SERVICIO DE GOM;;0;;;;JIBANEZ;1034203;DESARME / ARME pesados maquina;;3;45;0;42;5000175761;4/6/2026;Servicios;CUMPLIDO PARCIAL;CONTRERAS BRIAN ALEXANDER;MR01;31/12/2026;29/4/2026;10148857;90;1;29/4/2026;29/4/2026;C04;4500126452;90;0374;1;GROSES;30/4/2026;31/12/2026;C04;1;4/6/2026;;;;;;;;;;03 Cert Mensual;En curso;Rojo;C04
00374 TERMINAL PUNTA COLORADA;1000087492;100;ZPAN;03 - SERVICIO DE GOM;;0;;;;JIBANEZ;1034203;DESARME /ARME Bobcat;;1;10;0;9;5000175761;4/6/2026;Servicios;CUMPLIDO PARCIAL;CONTRERAS BRIAN ALEXANDER;MR01;31/12/2026;29/4/2026;10148857;100;1;29/4/2026;29/4/2026;C04;4500126452;100;0374;1;GROSES;30/4/2026;31/12/2026;C04;1;4/6/2026;;;;;;;;;;03 Cert Mensual;En curso;Rojo;C04
00374 TERMINAL PUNTA COLORADA;1000087492;110;ZPAN;03 - SERVICIO DE GOM;;0;;;;JIBANEZ;1034203;BALANCEO LIVIANO;;38;100;0;62;5000179045;2/7/2026;Servicios;CUMPLIDO PARCIAL;CONTRERAS BRIAN ALEXANDER;MR01;31/12/2026;29/4/2026;10148857;110;1;29/4/2026;29/4/2026;C04;4500126452;110;0374;1;GROSES;30/4/2026;31/12/2026;C04;2;2/7/2026;;;;;;;;;;03 Cert Mensual;En curso;Verde;C04
00374 TERMINAL PUNTA COLORADA;1000087492;120;ZPAN;03 - SERVICIO DE GOM;;0;;;;JIBANEZ;1034203;PICO CORTO LIVIANO;;1;50;0;49;5000179045;2/7/2026;Servicios;CUMPLIDO PARCIAL;CONTRERAS BRIAN ALEXANDER;MR01;31/12/2026;29/4/2026;10148857;120;1;29/4/2026;29/4/2026;C04;4500126452;120;0374;1;GROSES;30/4/2026;31/12/2026;C04;1;2/7/2026;;;;;;;;;;03 Cert Mensual;En curso;Verde;C04
00374 TERMINAL PUNTA COLORADA;1000087492;130;ZPAN;03 - SERVICIO DE GOM;;0;;;;JIBANEZ;1034203;PICO LARGO BRONCE;;0;50;0;50;;;Servicios;ADJUDICADO;CONTRERAS BRIAN ALEXANDER;MR01;31/12/2026;29/4/2026;10148857;130;1;29/4/2026;29/4/2026;C04;4500126452;130;0374;1;GROSES;30/4/2026;31/12/2026;C04;0;;;;;;;;;;;03 Cert Mensual;En curso;;C04
00374 TERMINAL PUNTA COLORADA;1000087492;140;ZPAN;03 - SERVICIO DE GOM;;0;;;;JIBANEZ;1034203;PARCHE RAC10 (TIPTOCK);;1;20;0;19;5000179045;2/7/2026;Servicios;CUMPLIDO PARCIAL;CONTRERAS BRIAN ALEXANDER;MR01;31/12/2026;29/4/2026;10148857;140;1;29/4/2026;29/4/2026;C04;4500126452;140;0374;1;GROSES;30/4/2026;31/12/2026;C04;1;2/7/2026;;;;;;;;;;03 Cert Mensual;En curso;Verde;C04
00374 TERMINAL PUNTA COLORADA;1000087492;150;ZPAN;03 - SERVICIO DE GOM;;0;;;;JIBANEZ;1034203;PARCHE RAC14 (TIPTOCK);;0;20;0;20;;;Servicios;ADJUDICADO;CONTRERAS BRIAN ALEXANDER;MR01;31/12/2026;29/4/2026;10148857;150;1;29/4/2026;29/4/2026;C04;4500126452;150;0374;1;GROSES;30/4/2026;31/12/2026;C04;0;;;;;;;;;;;03 Cert Mensual;En curso;;C04
00374 TERMINAL PUNTA COLORADA;1000087492;160;ZPAN;03 - SERVICIO DE GOM;;0;;;;JIBANEZ;1034203;PARCHE RAC80 (TIPTOCK);;0;20;0;20;;;Servicios;ADJUDICADO;CONTRERAS BRIAN ALEXANDER;MR01;31/12/2026;29/4/2026;10148857;160;1;29/4/2026;29/4/2026;C04;4500126452;160;0374;1;GROSES;30/4/2026;31/12/2026;C04;0;;;;;;;;;;;03 Cert Mensual;En curso;;C04
00374 TERMINAL PUNTA COLORADA;1000087679;10;ZPAN;01 - SERVICIO DE LAV;;0;;;;JIBANEZ;1022295;LAVADO CAMIONETA - INT/EXT/CHASIS;;37;100;0;63;5000179226;3/7/2026;Servicios;CUMPLIDO PARCIAL;CASTILLO JULIO JONATHAN ALEXANDER;MR01;31/12/2026;4/5/2026;10149084;10;1;4/5/2026;4/5/2026;C25;4500127237;10;0374;1;MPITTIA;11/5/2026;31/12/2026;C25;2;3/7/2026;;;;;;;;;;01 Cert Semanal;En curso;Rojo;C25
00374 TERMINAL PUNTA COLORADA;1000087679;20;ZPAN;01 - SERVICIO DE LAV;;0;;;;JIBANEZ;1022295;LAVADO Y DESENGRASE DE MOTOR CAMIONETA;;1;100;0;99;5000179226;3/7/2026;Servicios;CUMPLIDO PARCIAL;CASTILLO JULIO JONATHAN ALEXANDER;MR01;31/12/2026;4/5/2026;10149084;20;1;4/5/2026;4/5/2026;C25;4500127237;20;0374;1;MPITTIA;11/5/2026;31/12/2026;C25;1;3/7/2026;;;;;;;;;;01 Cert Semanal;En curso;Rojo;C25
00374 TERMINAL PUNTA COLORADA;1000087679;30;ZPAN;01 - SERVICIO DE LAV;;0;;;;JIBANEZ;1022295;LAVADO CAMION  - INT/EXT/CHASIS;;5;50;0;45;5000179226;3/7/2026;Servicios;CUMPLIDO PARCIAL;CASTILLO JULIO JONATHAN ALEXANDER;MR01;31/12/2026;4/5/2026;10149084;30;1;4/5/2026;4/5/2026;C25;4500127237;30;0374;1;MPITTIA;11/5/2026;31/12/2026;C25;2;3/7/2026;;;;;;;;;;01 Cert Semanal;En curso;Rojo;C25
00374 TERMINAL PUNTA COLORADA;1000087679;40;ZPAN;01 - SERVICIO DE LAV;;0;;;;JIBANEZ;1022295;LAVADO Y DESENGRASE DE MOTOR CAMION;;2;50;0;48;5000179226;3/7/2026;Servicios;CUMPLIDO PARCIAL;CASTILLO JULIO JONATHAN ALEXANDER;MR01;31/12/2026;4/5/2026;10149084;40;1;4/5/2026;4/5/2026;C25;4500127237;40;0374;1;MPITTIA;11/5/2026;31/12/2026;C25;2;3/7/2026;;;;;;;;;;01 Cert Semanal;En curso;Rojo;C25
00374 TERMINAL PUNTA COLORADA;1000087679;50;ZPAN;01 - SERVICIO DE LAV;;0;;;;JIBANEZ;1022295;LAVADO CAMION MANT - INT/EXT/CHASIS;;1;8;0;7;5000174366;26/5/2026;Servicios;CUMPLIDO PARCIAL;CASTILLO JULIO JONATHAN ALEXANDER;MR01;31/12/2026;4/5/2026;10149084;50;1;4/5/2026;4/5/2026;C25;4500127237;50;0374;1;MPITTIA;11/5/2026;31/12/2026;C25;1;26/5/2026;;;;;;;;;;01 Cert Semanal;En curso;Rojo;C25
00374 TERMINAL PUNTA COLORADA;1000087679;60;ZPAN;01 - SERVICIO DE LAV;;0;;;;JIBANEZ;1022295;LAVADO CAMION COMBUSTIBLE - INT/EXT/CHAS;;2;10;0;8;5000179226;3/7/2026;Servicios;CUMPLIDO PARCIAL;CASTILLO JULIO JONATHAN ALEXANDER;MR01;31/12/2026;4/5/2026;10149084;60;1;4/5/2026;4/5/2026;C25;4500127237;60;0374;1;MPITTIA;11/5/2026;31/12/2026;C25;2;3/7/2026;;;;;;;;;;01 Cert Semanal;En curso;Rojo;C25
00374 TERMINAL PUNTA COLORADA;1000087679;70;ZPAN;01 - SERVICIO DE LAV;;0;;;;JIBANEZ;1022295;LAVADO Y DESENGRASE DE MOTOR - GENERADOR;;0;20;0;20;;;Servicios;ADJUDICADO;CASTILLO JULIO JONATHAN ALEXANDER;MR01;31/12/2026;4/5/2026;10149084;70;1;4/5/2026;4/5/2026;C25;4500127237;70;0374;1;MPITTIA;11/5/2026;31/12/2026;C25;0;;;;;;;;;;;01 Cert Semanal;En curso;;C25
00374 TERMINAL PUNTA COLORADA;1000087679;80;ZPAN;01 - SERVICIO DE LAV;;0;;;;JIBANEZ;1022295;LAVADO EQUIPO VIAL -INT/EXT/CHASIS/MOTOR;;0;10;0;10;;;Servicios;ADJUDICADO;CASTILLO JULIO JONATHAN ALEXANDER;MR01;31/12/2026;4/5/2026;10149084;80;1;4/5/2026;4/5/2026;C25;4500127237;80;0374;1;MPITTIA;11/5/2026;31/12/2026;C25;0;;;;;;;;;;;01 Cert Semanal;En curso;;C25
00374 TERMINAL PUNTA COLORADA;1000087829;10;ZPAN;04 EXTENSION- RECARG;;0;;;;SFERNANDEZ;1035994;RECARGA DE MATAFUEGOS ABC 1 KG;;0;15;0;15;;;Servicios;ADJUDICADO;ESCUDERO VIVIANA ANGELICA;MR01;1/12/2026;5/5/2026;10149357;10;1;5/5/2026;6/5/2026;C25;4500127596;10;0374;1;MPITTIA;13/5/2026;1/12/2026;C25;0;;;;;;;;;;;04 Cert a Demanda;En curso;;C25
00374 TERMINAL PUNTA COLORADA;1000087829;20;ZPAN;04 EXTENSION- RECARG;;0;;;;SFERNANDEZ;1013041;RECARGA DE MATAFUEGO 2,5KG;;0;20;0;20;;;Servicios;ADJUDICADO;ESCUDERO VIVIANA ANGELICA;MR01;1/12/2026;5/5/2026;10149357;20;1;5/5/2026;6/5/2026;C25;4500127596;20;0374;1;MPITTIA;13/5/2026;1/12/2026;C25;0;;;;;;;;;;;04 Cert a Demanda;En curso;;C25
00374 TERMINAL PUNTA COLORADA;1000087829;30;ZPAN;04 EXTENSION- RECARG;;0;;;;SFERNANDEZ;1013042;RECARGA DE MATAFUEGO 5KG;;0;50;0;50;;;Servicios;ADJUDICADO;ESCUDERO VIVIANA ANGELICA;MR01;1/12/2026;5/5/2026;10149357;30;1;5/5/2026;6/5/2026;C25;4500127596;30;0374;1;MPITTIA;13/5/2026;1/12/2026;C25;0;;;;;;;;;;;04 Cert a Demanda;En curso;;C25
00374 TERMINAL PUNTA COLORADA;1000087829;40;ZPAN;04 EXTENSION- RECARG;;0;;;;SFERNANDEZ;1013039;RECARGA DE MATAFUEGO 10KG;;0;70;0;70;;;Servicios;ADJUDICADO;ESCUDERO VIVIANA ANGELICA;MR01;1/12/2026;5/5/2026;10149357;40;1;5/5/2026;6/5/2026;C25;4500127596;40;0374;1;MPITTIA;13/5/2026;1/12/2026;C25;0;;;;;;;;;;;04 Cert a Demanda;En curso;;C25
00374 TERMINAL PUNTA COLORADA;1000087829;50;ZPAN;04 EXTENSION- RECARG;;0;;;;SFERNANDEZ;1021938;RECARGA DE MATAFUEGO 50KG;;0;2;0;2;;;Servicios;ADJUDICADO;ESCUDERO VIVIANA ANGELICA;MR01;1/12/2026;5/5/2026;10149357;50;1;5/5/2026;6/5/2026;C25;4500127596;50;0374;1;MPITTIA;13/5/2026;1/12/2026;C25;0;;;;;;;;;;;04 Cert a Demanda;En curso;;C25
00374 TERMINAL PUNTA COLORADA;1000087863;10;ZPAN;02 - Servicio de Bre;;0;;;;DSUAREZ;1022295;SERVICIO DE BREAK/SNACKS;;12500;45000;0;32500;5000179538;6/7/2026;Servicios;CUMPLIDO PARCIAL;FIBER RIO NEGRO SAS;MR01;30/8/2026;6/5/2026;10149394;10;1;6/5/2026;6/5/2026;C25;4500127413;10;0374;2;MPITTIA;12/5/2026;30/8/2026;C25;1;6/7/2026;;;;;;;;;;02 Cert Quincenal;En curso - Próximo a vencer;Verde;C25
00374 TERMINAL PUNTA COLORADA;1000087889;20;ZPAN;03 - SERV.INTERNET M;;0;;;;JIBANEZ;1025931;BLOQUE  X 500GB - ADICIONAL;;1;2;0;1;5000176632;11/6/2026;Servicios;CUMPLIDO PARCIAL;JAWIT S.A.;MR01;15/8/2026;6/5/2026;10149439;20;1;6/5/2026;6/5/2026;C25;4500129714;10;0374;1;MPITTIA;9/6/2026;15/8/2026;C25;1;11/6/2026;;;;;;;;;;03 Cert Mensual;En curso - Próximo a vencer;Rojo;C25
00374 TERMINAL PUNTA COLORADA;1000087893;10;ZPAN;02 - PSB Servicios I;;24;;;;DSUAREZ;1012995;SUBC PIPING JORNADA X DIA;;12,5;12,5;0;0;5000176643;11/6/2026;Servicios;CUMPLIDO;PSB SERVICIOS INDUSTRIALES S.R.L.;MR01;30/8/2026;6/5/2026;10149442;10;1;6/5/2026;6/5/2026;C26;4500127724;10;0374;1;YCOLMAN;14/5/2026;18/7/2026;C26;2;11/6/2026;;;;;;;;;;02 Cert Quincenal;En curso - Próximo a vencer;Rojo;C26
00374 TERMINAL PUNTA COLORADA;1000087948;20;ZPAN;03 - Adicional Contr;;0;;;;DSUAREZ;1013139;CONTROL PLAGAS EXTENSION AREA 8 Y 14;;2;8;0;6;5000178901;1/7/2026;Servicios;CUMPLIDO PARCIAL;MOLINA SOTO MATIAS FABIAN;MR01;31/1/2027;7/5/2026;10149525;20;1;7/5/2026;8/5/2026;C25;4500127687;10;0374;1;MPITTIA;14/5/2026;30/1/2027;C25;2;1/7/2026;;;;;;;;;;03 Cert Mensual;En curso;Verde;C25
00374 TERMINAL PUNTA COLORADA;1000088251;10;ZPAN;04-SUB-REEMPLAZO DE;;24;;;;SFERNANDEZ;1042362;MAT.EJECUCION ISOMETRICOS SEGUN DETALLE;;1;1;0;0;5000177574;20/6/2026;Servicios;CUMPLIDO;HR INDUSTRIAL SAS;MR01;30/7/2026;13/5/2026;10150026;10;1;13/5/2026;13/5/2026;C26;4500127902;10;0374;1;YCOLMAN;15/5/2026;10/6/2026;C26;2;20/6/2026;;;;;;;;;;04 Cert a Demanda;En curso - Próximo a vencer;;C26
00374 TERMINAL PUNTA COLORADA;1000088251;20;ZPAN;04-SUB-REEMPLAZO DE;;24;;;;SFERNANDEZ;1042362;EPP Y CONSUMIBLES;;1;1;0;0;5000177574;20/6/2026;Servicios;CUMPLIDO;HR INDUSTRIAL SAS;MR01;30/7/2026;13/5/2026;10150026;20;1;13/5/2026;13/5/2026;C26;4500127902;20;0374;1;YCOLMAN;15/5/2026;10/6/2026;C26;2;20/6/2026;;;;;;;;;;04 Cert a Demanda;En curso - Próximo a vencer;;C26
00374 TERMINAL PUNTA COLORADA;1000088251;30;ZPAN;04-SUB-REEMPLAZO DE;;24;;;;SFERNANDEZ;1042362;MANO DE OBRA P/TRABAJOS SEGUN DETALLE;;1;1;0;0;5000177574;20/6/2026;Servicios;CUMPLIDO;HR INDUSTRIAL SAS;MR01;30/7/2026;13/5/2026;10150026;30;1;13/5/2026;13/5/2026;C26;4500127902;30;0374;1;YCOLMAN;15/5/2026;10/6/2026;C26;2;20/6/2026;;;;;;;;;;04 Cert a Demanda;En curso - Próximo a vencer;;C26
00374 TERMINAL PUNTA COLORADA;1000088251;40;ZPAN;04-SUB-REEMPLAZO DE;;24;;;;SFERNANDEZ;1042362;PROVISION DE EQUIPOS;;1;1;0;0;5000177574;20/6/2026;Servicios;CUMPLIDO;HR INDUSTRIAL SAS;MR01;30/7/2026;13/5/2026;10150026;40;1;13/5/2026;13/5/2026;C26;4500127902;40;0374;1;YCOLMAN;15/5/2026;10/6/2026;C26;2;20/6/2026;;;;;;;;;;04 Cert a Demanda;En curso - Próximo a vencer;;C26
00374 TERMINAL PUNTA COLORADA;1000088251;50;ZPAN;04-SUB-REEMPLAZO DE;;24;;;;SFERNANDEZ;1042362;SUBCONTRATO DE INSPECTORES PARA END;;1;1;0;0;5000177574;20/6/2026;Servicios;CUMPLIDO;HR INDUSTRIAL SAS;MR01;30/7/2026;13/5/2026;10150026;50;1;13/5/2026;13/5/2026;C26;4500127902;50;0374;1;YCOLMAN;15/5/2026;10/6/2026;C26;2;20/6/2026;;;;;;;;;;04 Cert a Demanda;En curso - Próximo a vencer;;C26
00374 TERMINAL PUNTA COLORADA;1000088449;10;ZPAN;03-CAMPAMENTO - EXTE;;24;;;;MALCARAZ;1033267;ALQ JD E061770 - BALDE5962;;0;1;0;1;;;Servicios;ADJUDICADO;SULLAIR ARGENTINA S.A;MR01;15/8/2026;15/5/2026;10150268;10;1;15/5/2026;18/5/2026;C04;4500128051;10;0374;1;WVENTURINI;19/5/2026;23/7/2026;C04;0;;;;;;;;;;;03 Cert Mensual;En curso - Próximo a vencer;;C04
00374 TERMINAL PUNTA COLORADA;1000088449;20;ZPAN;03-CAMPAMENTO - EXTE;;24;;;;MALCARAZ;1033267;ALQ JD E061791 - BALDE 5659;;1;1;0;0;5000180440;14/7/2026;Servicios;CUMPLIDO;SULLAIR ARGENTINA S.A;MR01;15/8/2026;15/5/2026;10150268;20;1;15/5/2026;18/5/2026;C04;4500128051;20;0374;1;WVENTURINI;19/5/2026;23/7/2026;C04;1;14/7/2026;;;;;;;;;;03 Cert Mensual;En curso - Próximo a vencer;Verde;C04
00374 TERMINAL PUNTA COLORADA;1000088483;10;ZPAN;04 EXTENSION- INGEAP;;0;;;;SFERNANDEZ;1027430;SERV TOPOG G JUAREZ X MES - EXTENSION;;1;2;0;1;5000178915;1/7/2026;Servicios;CUMPLIDO PARCIAL;INGEAP S.A.S.;MR01;1/8/2026;15/5/2026;10150309;10;1;15/5/2026;18/5/2026;C26;4500128380;10;0374;1;YCOLMAN;21/5/2026;1/8/2026;C26;1;1/7/2026;;;;;;;;;;04 Cert a Demanda;En curso - Próximo a vencer;;C26
00374 TERMINAL PUNTA COLORADA;1000088806;10;ZPAN;04-EXT OC 45/117294;;1;;;;MALCARAZ;1035491;SERVICIO RECARGA TUBO GAS 10 KG;;10;10;0;0;5000180318;13/7/2026;Servicios;CUMPLIDO;AIRALDE VICTOR NICOLAS;MR01;10/8/2026;20/5/2026;10150637;10;1;20/5/2026;21/5/2026;C25;4500128574;10;0374;1;MPITTIA;26/5/2026;10/8/2026;C25;5;13/7/2026;;;;;;;;;;04 Cert a Demanda;En curso - Próximo a vencer;;C25
00374 TERMINAL PUNTA COLORADA;1000088840;10;ZPAN;03 - Tractor + Semi;;0;;;;DSUAREZ;1033267;ALQUILER TRACTOR+SEMI+HIDRO;;0;2;0;2;;;Servicios;ADJUDICADO;BESTNOR SAS;MR01;10/8/2026;21/5/2026;10150679;10;1;21/5/2026;21/5/2026;C04;4500128486;10;0374;1;WVENTURINI;22/5/2026;10/8/2026;C04;0;;;;;;;;;;;03 Cert Mensual;En curso - Próximo a vencer;;C04
00374 TERMINAL PUNTA COLORADA;1000088990;10;ZPAN;03 - Servicio Dosime;;0;;;;DSUAREZ;1042203;SERV DOSIMETRIA MANRIQUE MARTIN;;0;8;0;8;;;Servicios;ADJUDICADO;ASOC.CIVIL PROF TECRADIOL ROSA;MR01;31/1/2027;23/5/2026;10150913;10;1;23/5/2026;25/5/2026;C24;4500128560;10;0374;1;MPITTIA;26/5/2026;31/1/2027;C24;0;;;;;;;;;;;03 Cert Mensual;En curso;;C24
00374 TERMINAL PUNTA COLORADA;1000088990;20;ZPAN;03 - Servicio Dosime;;0;;;;DSUAREZ;1042203;SERV DOSIMETRIA VAZQUEZ JONATAN;;0;8;0;8;;;Servicios;ADJUDICADO;ASOC.CIVIL PROF TECRADIOL ROSA;MR01;31/1/2027;23/5/2026;10150913;20;1;23/5/2026;25/5/2026;C24;4500128560;20;0374;1;MPITTIA;26/5/2026;31/1/2027;C24;0;;;;;;;;;;;03 Cert Mensual;En curso;;C24
00374 TERMINAL PUNTA COLORADA;1000088990;30;ZPAN;03 - Servicio Dosime;;0;;;;DSUAREZ;1042203;SERV DOSIMETRIA ROSA RAMIRO;;0;8;0;8;;;Servicios;ADJUDICADO;ASOC.CIVIL PROF TECRADIOL ROSA;MR01;31/1/2027;23/5/2026;10150913;30;1;23/5/2026;25/5/2026;C24;4500128560;30;0374;1;MPITTIA;26/5/2026;31/1/2027;C24;0;;;;;;;;;;;03 Cert Mensual;En curso;;C24
00374 TERMINAL PUNTA COLORADA;1000088990;40;ZPAN;03 - Servicio Dosime;;0;;;;DSUAREZ;1042203;SERV DOSIMETRIA DURCODOY LEANDRO;;0;8;0;8;;;Servicios;ADJUDICADO;ASOC.CIVIL PROF TECRADIOL ROSA;MR01;31/1/2027;23/5/2026;10150913;40;1;23/5/2026;25/5/2026;C24;4500128560;40;0374;1;MPITTIA;26/5/2026;31/1/2027;C24;0;;;;;;;;;;;03 Cert Mensual;En curso;;C24
00374 TERMINAL PUNTA COLORADA;1000088990;50;ZPAN;03 - Servicio Dosime;;0;;;;DSUAREZ;1042203;SERV DOSIMETRIA PAEZ DANIEL;;0;8;0;8;;;Servicios;ADJUDICADO;ASOC.CIVIL PROF TECRADIOL ROSA;MR01;31/1/2027;23/5/2026;10150913;50;1;23/5/2026;25/5/2026;C24;4500128560;50;0374;1;MPITTIA;26/5/2026;31/1/2027;C24;0;;;;;;;;;;;03 Cert Mensual;En curso;;C24
00374 TERMINAL PUNTA COLORADA;1000089082;10;ZPAN;01 - SERV LAVADERO E;;0;;;;JIBANEZ;1022295;LAVADO CAMIONETA - INT/EXT/CHASIS;;5;40;0;35;5000177227;18/6/2026;Servicios;CUMPLIDO PARCIAL;BILELLO LUIS ALBERTO;MR01;30/9/2026;26/5/2026;10151015;10;1;26/5/2026;27/5/2026;C25;4500129220;10;0374;1;MPITTIA;2/6/2026;30/9/2026;C25;1;18/6/2026;;;;;;;;;;01 Cert Semanal;En curso;Rojo;C25
00374 TERMINAL PUNTA COLORADA;1000089298;10;ZPAN;COPIAS EXCEDENTES X;;0;;;;SFERNANDEZ;1026181;COPIAS EXCEDENTES;;8911;100000;0;91089;5000178666;29/6/2026;Servicios;CUMPLIDO PARCIAL;TECNICA Y SISTEMAS SRL;MR01;10/10/2026;29/5/2026;10151266;10;1;29/5/2026;30/5/2026;C25;4500130182;10;0374;1;MPITTIA;16/6/2026;31/8/2026;C25;1;29/6/2026;;;;;;;;;;Sin aclaración;En curso;;C25
00374 TERMINAL PUNTA COLORADA;1000089321;10;ZPAN;03-EXT-OC 127248-INT;;0;;;;SFERNANDEZ;1025931;SERVICIO DE INTERNET X MES 5TB;;1;7;0;6;5000179282;3/7/2026;Servicios;CUMPLIDO PARCIAL;JAWIT S.A.;MR01;1/2/2027;30/5/2026;10151292;10;1;30/5/2026;30/5/2026;C25;4500129970;10;0374;1;MPITTIA;11/6/2026;1/2/2027;C25;1;3/7/2026;;;;;;;;;;03 Cert Mensual;En curso;Verde;C25
00374 TERMINAL PUNTA COLORADA;1000089556;10;ZPAN;03 - Adicional 2026;;0;;;;DSUAREZ;1022295;COMBI DIAS ADICIONALES 2026;;13;100;0;87;5000179544;6/7/2026;Servicios;CUMPLIDO PARCIAL;TRANSPORTES VA S.R.L.;MR01;31/12/2026;3/6/2026;10151580;10;1;3/6/2026;18/6/2026;C25;4500129972;10;0374;1;MPITTIA;11/6/2026;31/12/2026;C25;1;6/7/2026;;;;;;;;;;03 Cert Mensual;En curso;Verde;C25
00374 TERMINAL PUNTA COLORADA;1000089587;10;ZPAN;02 - Subcontrato Pip;;0;;;;DSUAREZ;1012995;"SUBCONTRATO TERMOFUSION 18""";;88;200;0;112;5000179691;7/7/2026;Servicios;CUMPLIDO PARCIAL;PSB SERVICIOS INDUSTRIALES S.R.L.;MR01;15/9/2026;3/6/2026;10151626;10;1;3/6/2026;3/6/2026;C26;4500129699;10;0374;1;YCOLMAN;8/6/2026;15/9/2026;C26;1;7/7/2026;;;;;;;;;;02 Cert Quincenal;En curso;Verde;C26
00374 TERMINAL PUNTA COLORADA;1000089587;20;ZPAN;02 - Subcontrato Pip;;0;;;;DSUAREZ;1012995;"SUBCONTRATO TERMOFUSION 12""";;118;200;0;82;5000179691;7/7/2026;Servicios;CUMPLIDO PARCIAL;PSB SERVICIOS INDUSTRIALES S.R.L.;MR01;15/9/2026;3/6/2026;10151626;20;1;3/6/2026;3/6/2026;C26;4500129699;20;0374;1;YCOLMAN;8/6/2026;15/9/2026;C26;1;7/7/2026;;;;;;;;;;02 Cert Quincenal;En curso;Verde;C26
00374 TERMINAL PUNTA COLORADA;1000089587;30;ZPAN;02 - Subcontrato Pip;;0;;;;DSUAREZ;1012995;"SUBCONTRATO TERMOFUSION 10""";;5;25;0;20;5000179691;7/7/2026;Servicios;CUMPLIDO PARCIAL;PSB SERVICIOS INDUSTRIALES S.R.L.;MR01;15/9/2026;3/6/2026;10151626;30;1;3/6/2026;3/6/2026;C26;4500129699;30;0374;1;YCOLMAN;8/6/2026;15/9/2026;C26;1;7/7/2026;;;;;;;;;;02 Cert Quincenal;En curso;Verde;C26
00374 TERMINAL PUNTA COLORADA;1000089587;40;ZPAN;02 - Subcontrato Pip;;0;;;;DSUAREZ;1012995;"SUBCONTRATO TERMOFUSION 6""";;91;200;0;109;5000179691;7/7/2026;Servicios;CUMPLIDO PARCIAL;PSB SERVICIOS INDUSTRIALES S.R.L.;MR01;15/9/2026;3/6/2026;10151626;40;1;3/6/2026;3/6/2026;C26;4500129699;40;0374;1;YCOLMAN;8/6/2026;15/9/2026;C26;1;7/7/2026;;;;;;;;;;02 Cert Quincenal;En curso;Verde;C26
00374 TERMINAL PUNTA COLORADA;1000089587;50;ZPAN;02 - Subcontrato Pip;;0;;;;DSUAREZ;1012995;STAND BY;;0;20;0;20;;;Servicios;ADJUDICADO;PSB SERVICIOS INDUSTRIALES S.R.L.;MR01;15/9/2026;3/6/2026;10151626;50;1;3/6/2026;3/6/2026;C26;4500129699;50;0374;1;YCOLMAN;8/6/2026;15/9/2026;C26;0;;;;;;;;;;;02 Cert Quincenal;En curso;;C26
00374 TERMINAL PUNTA COLORADA;1000089707;10;ZPAN;04 - Subcontrato Sol;;0;;;;DSUAREZ;1042362;SUBC SOLDADURA CODIGO AWS;;1;1;0;0;5000177220;18/6/2026;Servicios;CUMPLIDO;HR INDUSTRIAL SAS;MR01;25/8/2026;4/6/2026;10151781;10;1;4/6/2026;8/6/2026;C26;4500129748;10;0374;1;YCOLMAN;9/6/2026;25/8/2026;C26;1;18/6/2026;;;;;;;;;;04 Cert a Demanda;En curso - Próximo a vencer;;C26
00374 TERMINAL PUNTA COLORADA;1000089927;10;ZPAN;03- INTERNET PAÑOL A;;0;;;;MALCARAZ;1025931;SERVICIO DE INTERNET 1TB X MES;;1;6;0;5;5000179282;3/7/2026;Servicios;CUMPLIDO PARCIAL;JAWIT S.A.;MR01;15/12/2026;9/6/2026;10152086;10;1;9/6/2026;9/6/2026;C25;4500130191;10;0374;1;MPITTIA;16/6/2026;15/12/2026;C25;1;3/7/2026;;;;;;;;;;03 Cert Mensual;En curso;Verde;C25
00374 TERMINAL PUNTA COLORADA;1000089978;10;ZPAN;02-Viaticos 21% La A;;0;;;;SFERNANDEZ;1013024;VIATICOS 21%;;34418539,18;400000000;0;365581460,8;5000178686;30/6/2026;Servicios;CUMPLIDO PARCIAL;SA IMPORTADORA Y EXP. DE LA PA;MR01;15/1/2027;10/6/2026;10152146;10;1;10/6/2026;10/6/2026;C25;4500130230;10;0374;1;MPITTIA;16/6/2026;15/1/2027;C25;1;30/6/2026;;;;;;;;;;02 Cert Quincenal;En curso;Rojo;C25
00374 TERMINAL PUNTA COLORADA;1000090034;10;ZPAN;03- ALQ JD MINIEXCAV;;0;;;;MALCARAZ;1033267;ALQ JD E061791 - BALDE 5659;;2;3;0;1;5000180441;14/7/2026;Servicios;CUMPLIDO PARCIAL;SULLAIR ARGENTINA S.A;MR01;10/10/2026;11/6/2026;10152237;10;1;11/6/2026;11/6/2026;C04;4500130562;10;0374;1;WVENTURINI;18/6/2026;10/10/2026;C04;1;14/7/2026;;;;;;;;;;03 Cert Mensual;En curso;Verde;C04
00374 TERMINAL PUNTA COLORADA;1000090040;10;ZPAN;03 - ALQ PLUMIN IZAJ;;0;;;;MALCARAZ;1033267;PLUMIN PARA DIECI SAMSON 75.10;;0;2;0;2;;;Servicios;ADJUDICADO;IMG RENTAL SRL;MR01;5/10/2026;11/6/2026;10152243;10;1;11/6/2026;12/6/2026;C04;4500132293;10;0374;2;GROSES;8/7/2026;5/10/2026;C04;0;;;;;;;;;;;03 Cert Mensual;En curso;;C04
00374 TERMINAL PUNTA COLORADA;1000090149;30;ZPAN;04 -HORMIGON P/OBRA;;0;;;;SFERNANDEZ;1012984;SERVICIO BOMBA PLUMA;;5;15;0;10;5000179820;8/7/2026;Servicios;CUMPLIDO PARCIAL;BETONSUR SRL;MR01;3/8/2026;12/6/2026;10152328;30;1;12/6/2026;15/6/2026;C18;4500130536;30;0374;1;JESPARZA;18/6/2026;3/8/2026;C18;2;8/7/2026;;;;;;;;;;04 Cert a Demanda;En curso - Próximo a vencer;;C18
00374 TERMINAL PUNTA COLORADA;1000090149;40;ZPAN;04 -HORMIGON P/OBRA;;0;;;;SFERNANDEZ;1012983;SERVICIO DE BOMBEO;;562;700;0;138;5000179820;8/7/2026;Servicios;CUMPLIDO PARCIAL;BETONSUR SRL;MR01;3/8/2026;12/6/2026;10152328;40;1;12/6/2026;15/6/2026;C18;4500130536;40;0374;1;JESPARZA;18/6/2026;3/8/2026;C18;4;8/7/2026;;;;;;;;;;04 Cert a Demanda;En curso - Próximo a vencer;;C18
00374 TERMINAL PUNTA COLORADA;1000090271;10;ZPAN;04- RECARGA DE GAS E;;0;;;;MALCARAZ;1035489;SERVICIO RECARGA TUBO GAS 45 KG;;11;20;0;9;5000180347;14/7/2026;Servicios;CUMPLIDO PARCIAL;AIRALDE VICTOR NICOLAS;MR01;6/9/2026;15/6/2026;10152464;10;1;15/6/2026;16/6/2026;C25;4500130371;10;0374;1;MPITTIA;17/6/2026;6/9/2026;C25;4;14/7/2026;;;;;;;;;;04 Cert a Demanda;En curso;;C25
00374 TERMINAL PUNTA COLORADA;1000090271;20;ZPAN;04- RECARGA DE GAS E;;0;;;;MALCARAZ;1035491;SERVICIO RECARGA TUBO GAS 10 KG;;9;20;0;11;5000180347;14/7/2026;Servicios;CUMPLIDO PARCIAL;AIRALDE VICTOR NICOLAS;MR01;6/9/2026;15/6/2026;10152464;20;1;15/6/2026;16/6/2026;C25;4500130371;20;0374;1;MPITTIA;17/6/2026;6/9/2026;C25;3;14/7/2026;;;;;;;;;;04 Cert a Demanda;En curso;;C25
00374 TERMINAL PUNTA COLORADA;1000090322;10;ZPAN;03 - EXTENSION EFCO;;1;;;;MALCARAZ;1035474;ALQ.FUND TANQ CRUDA;;1;4;0;3;5000179500;6/7/2026;Servicios;CUMPLIDO PARCIAL;EFCO ARGENTINA SA;MR01;10/11/2026;16/6/2026;10152513;10;1;16/6/2026;17/6/2026;C26;4500130880;50;0374;2;YCOLMAN;22/6/2026;10/10/2026;C26;1;6/7/2026;;;;;;;;;;03 Cert Mensual;En curso;Verde;C26
00374 TERMINAL PUNTA COLORADA;1000090322;20;ZPAN;03 - EXTENSION EFCO;;1;;;;MALCARAZ;1035474;ALQ. ALCANTARILLA DE ACCESO;;1;4;0;3;5000179500;6/7/2026;Servicios;CUMPLIDO PARCIAL;EFCO ARGENTINA SA;MR01;10/11/2026;16/6/2026;10152513;20;1;16/6/2026;17/6/2026;C26;4500130880;20;0374;1;YCOLMAN;22/6/2026;10/10/2026;C26;1;6/7/2026;;;;;;;;;;03 Cert Mensual;En curso;Verde;C26
00374 TERMINAL PUNTA COLORADA;1000090322;30;ZPAN;03 - EXTENSION EFCO;;1;;;;MALCARAZ;1035474;ALQ. BRAZOS DE ANDAMIO;;1;4;0;3;5000179500;6/7/2026;Servicios;CUMPLIDO PARCIAL;EFCO ARGENTINA SA;MR01;10/11/2026;16/6/2026;10152513;30;1;16/6/2026;17/6/2026;C26;4500130880;30;0374;1;YCOLMAN;22/6/2026;10/10/2026;C26;1;6/7/2026;;;;;;;;;;03 Cert Mensual;En curso;Verde;C26
00374 TERMINAL PUNTA COLORADA;1000090322;40;ZPAN;03 - EXTENSION EFCO;;1;;;;MALCARAZ;1035474;ALQ. PUNTALES ALINEADORES Y ACC;;1;4;0;3;5000179500;6/7/2026;Servicios;CUMPLIDO PARCIAL;EFCO ARGENTINA SA;MR01;10/11/2026;16/6/2026;10152513;40;1;16/6/2026;17/6/2026;C26;4500130880;40;0374;1;YCOLMAN;22/6/2026;10/10/2026;C26;1;6/7/2026;;;;;;;;;;03 Cert Mensual;En curso;Verde;C26
00374 TERMINAL PUNTA COLORADA;1000090407;10;ZPAN;04 - ADICIONALES VAR;;0;;;;JIBANEZ;1013130;Módulo N° 3 - Tareas de Altura;;0;50;0;50;;;Servicios;ADJUDICADO;MAINETE JAVIER ALBERTO;MR01;31/12/2026;17/6/2026;10152635;10;1;17/6/2026;17/6/2026;C25;4500130469;10;0374;1;MPITTIA;17/6/2026;31/12/2026;C25;0;;;;;;;;;;;04 Cert a Demanda;En curso;;C25
00374 TERMINAL PUNTA COLORADA;1000090407;20;ZPAN;04 - ADICIONALES VAR;;0;;;;JIBANEZ;1013130;Módulo N° 4 - Conductores de Vehículos;;0;50;0;50;;;Servicios;ADJUDICADO;MAINETE JAVIER ALBERTO;MR01;31/12/2026;17/6/2026;10152635;20;1;17/6/2026;17/6/2026;C25;4500130469;20;0374;1;MPITTIA;17/6/2026;31/12/2026;C25;0;;;;;;;;;;;04 Cert a Demanda;En curso;;C25
00374 TERMINAL PUNTA COLORADA;1000090407;30;ZPAN;04 - ADICIONALES VAR;;0;;;;JIBANEZ;1013130;Modulo N° 6 - S/Ergo;;0;50;0;50;;;Servicios;ADJUDICADO;MAINETE JAVIER ALBERTO;MR01;31/12/2026;17/6/2026;10152635;30;1;17/6/2026;17/6/2026;C25;4500130469;30;0374;1;MPITTIA;17/6/2026;31/12/2026;C25;0;;;;;;;;;;;04 Cert a Demanda;En curso;;C25
00374 TERMINAL PUNTA COLORADA;1000090407;40;ZPAN;04 - ADICIONALES VAR;;0;;;;JIBANEZ;1013130;Reid Epworth x un;;0;50;0;50;;;Servicios;ADJUDICADO;MAINETE JAVIER ALBERTO;MR01;31/12/2026;17/6/2026;10152635;40;1;17/6/2026;17/6/2026;C25;4500130469;40;0374;1;MPITTIA;17/6/2026;31/12/2026;C25;0;;;;;;;;;;;04 Cert a Demanda;En curso;;C25
00374 TERMINAL PUNTA COLORADA;1000090407;50;ZPAN;04 - ADICIONALES VAR;;0;;;;JIBANEZ;1013130;Egresos x un;;0;50;0;50;;;Servicios;ADJUDICADO;MAINETE JAVIER ALBERTO;MR01;31/12/2026;17/6/2026;10152635;50;1;17/6/2026;17/6/2026;C25;4500130469;50;0374;1;MPITTIA;17/6/2026;31/12/2026;C25;0;;;;;;;;;;;04 Cert a Demanda;En curso;;C25
00374 TERMINAL PUNTA COLORADA;1000090407;60;ZPAN;04 - ADICIONALES VAR;;0;;;;JIBANEZ;1013130;Ergometria x un;;0;50;0;50;;;Servicios;ADJUDICADO;MAINETE JAVIER ALBERTO;MR01;31/12/2026;17/6/2026;10152635;60;1;17/6/2026;17/6/2026;C25;4500130469;60;0374;1;MPITTIA;17/6/2026;31/12/2026;C25;0;;;;;;;;;;;04 Cert a Demanda;En curso;;C25
00374 TERMINAL PUNTA COLORADA;1000090408;10;ZPAN;04 - SERVICIO MEDICO;;0;;;;JIBANEZ;1027345;SERVICIO MEDICO X MES;;0;6;0;6;;;Servicios;ADJUDICADO;MAINETE JAVIER ALBERTO;MR01;30/1/2027;17/6/2026;10152636;10;1;17/6/2026;18/6/2026;C25;4500130941;10;0374;1;MPITTIA;23/6/2026;30/1/2027;C25;0;;;;;;;;;;;04 Cert a Demanda;En curso;;C25
00374 TERMINAL PUNTA COLORADA;1000090413;10;ZPAN;PM10245-Bridas aguje;;9;;;;MALCARAZ;1022295;AGUJEREAD Ø61mm SOLD A NIPLE 2P-BRIDA 2P;;0;3;0;3;;;Servicios;ADJUDICADO;BLACKSMITH SAS;MR01;8/8/2026;17/6/2026;10152642;10;1;17/6/2026;18/6/2026;374;4500131047;10;0374;1;JJCABRERA;23/6/2026;22/7/2026;374;0;;;;;;;;;;;Sin aclaración;En curso - Próximo a vencer;;374
00374 TERMINAL PUNTA COLORADA;1000090756;10;ZPAN;04- EXTENSION REMIS;;0;;;;SFERNANDEZ;1022296;SERVICIO REMIS POR KM - ANDRADE;;3643;15000;0;11357;5000180908;17/7/2026;Servicios;CUMPLIDO PARCIAL;ANDRADE ERIC ALEXIS;MR01;24/10/2026;24/6/2026;10153138;10;1;24/6/2026;24/6/2026;C25;4500131487;10;0374;1;MPITTIA;29/6/2026;24/10/2026;C25;3;17/7/2026;;;;;;;;;;04 Cert a Demanda;En curso;;C25
00374 TERMINAL PUNTA COLORADA;1000090870;10;ZPAN;03- EXT OC 45/114265;;1;;;;MALCARAZ;1036581;SERVICIO ALQ. GARITA DE SEG PUNTA2 X MES;;0;6;0;6;;;Servicios;ADJUDICADO;ECOPORTATILES SA;MR01;15/1/2027;25/6/2026;10153326;10;1;25/6/2026;26/6/2026;C03;4500131626;10;0374;1;EFUNES;30/6/2026;15/1/2027;C03;0;;;;;;;;;;;03 Cert Mensual;En curso;;C03
00374 TERMINAL PUNTA COLORADA;1000090870;20;ZPAN;03- EXT OC 45/114265;;1;;;;MALCARAZ;1036581;AIRE ACONDICIONADO PARA GARITA X MES;;0;6;0;6;;;Servicios;ADJUDICADO;ECOPORTATILES SA;MR01;15/1/2027;25/6/2026;10153326;20;1;25/6/2026;26/6/2026;C03;4500131626;20;0374;1;EFUNES;30/6/2026;15/1/2027;C03;0;;;;;;;;;;;03 Cert Mensual;En curso;;C03
00374 TERMINAL PUNTA COLORADA;1000090870;30;ZPAN;03- EXT OC 45/114265;;1;;;;MALCARAZ;1036581;SERVICIO ALQ. GARITA DE SEG POZO X MES;;0;6;0;6;;;Servicios;ADJUDICADO;ECOPORTATILES SA;MR01;15/1/2027;25/6/2026;10153326;30;1;25/6/2026;26/6/2026;C03;4500131626;30;0374;1;EFUNES;30/6/2026;15/1/2027;C03;0;;;;;;;;;;;03 Cert Mensual;En curso;;C03
00374 TERMINAL PUNTA COLORADA;1000090870;40;ZPAN;03- EXT OC 45/114265;;1;;;;MALCARAZ;1036581;SERVICIO ALQ. GARITA DE SEG SIERRA X MES;;0;6;0;6;;;Servicios;ADJUDICADO;ECOPORTATILES SA;MR01;15/1/2027;25/6/2026;10153326;40;1;25/6/2026;26/6/2026;C03;4500131626;40;0374;1;EFUNES;30/6/2026;15/1/2027;C03;0;;;;;;;;;;;03 Cert Mensual;En curso;;C03
00374 TERMINAL PUNTA COLORADA;1000090870;50;ZPAN;03- EXT OC 45/114265;;1;;;;MALCARAZ;1036581;SERVICIO ALQ. GARITA DE SEG PUNTA X MES;;0;6;0;6;;;Servicios;ADJUDICADO;ECOPORTATILES SA;MR01;15/1/2027;25/6/2026;10153326;50;1;25/6/2026;26/6/2026;C03;4500131626;50;0374;1;EFUNES;30/6/2026;15/1/2027;C03;0;;;;;;;;;;;03 Cert Mensual;En curso;;C03
00374 TERMINAL PUNTA COLORADA;1000090967;30;ZPAN;PM 89 CALIDAD-;;0;;;;SFERNANDEZ;1026920;REPARACION DE BALANZA- 600000925;;0;1;0;1;;;Servicios;ADJUDICADO;MH INSTRUMENTAC Y PESAJE SRL;MR01;20/7/2026;29/6/2026;10153480;30;1;29/6/2026;29/6/2026;374;4500132678;10;0374;1;WDILLMAN;14/7/2026;18/7/2026;374;0;;;;;;;;;;;Sin aclaración;En curso - Próximo a vencer;;374
00374 TERMINAL PUNTA COLORADA;1000090967;40;ZPAN;PM 89 CALIDAD-;;0;;;;SFERNANDEZ;1026920;REPARACION DE BALANZA- 600000688;;0;1;0;1;;;Servicios;ADJUDICADO;MH INSTRUMENTAC Y PESAJE SRL;MR01;20/7/2026;29/6/2026;10153480;40;1;29/6/2026;29/6/2026;374;4500132678;20;0374;1;WDILLMAN;14/7/2026;18/7/2026;374;0;;;;;;;;;;;Sin aclaración;En curso - Próximo a vencer;;374
00374 TERMINAL PUNTA COLORADA;1000091044;10;ZPAN;Reparaciones;;0;;;;DSUAREZ;1022295;ARREGLO DE DISPENSER;;1;1;0;0;5000178824;1/7/2026;Servicios;CUMPLIDO;MORAN OSVALDO JOSE;MR01;21/7/2026;30/6/2026;10153558;10;1;30/6/2026;30/6/2026;374;4500131693;10;0374;1;WDILLMAN;1/7/2026;8/7/2026;374;1;1/7/2026;;;;;;;;;;Sin aclaración;En curso - Próximo a vencer;;374
00374 TERMINAL PUNTA COLORADA;1000091044;20;ZPAN;Reparaciones;;0;;;;DSUAREZ;1022295;SERV REPARACION AA;;1;1;0;0;5000178824;1/7/2026;Servicios;CUMPLIDO;MORAN OSVALDO JOSE;MR01;21/7/2026;30/6/2026;10153558;20;1;30/6/2026;30/6/2026;374;4500131693;20;0374;1;WDILLMAN;1/7/2026;8/7/2026;374;1;1/7/2026;;;;;;;;;;Sin aclaración;En curso - Próximo a vencer;;374
00374 TERMINAL PUNTA COLORADA;1000091109;10;ZPAN;04 - OT RSV;;0;;;;DSUAREZ;1022295;SERVICIO TECNICO SOFTWARE;;4;4;0;0;5000179490;6/7/2026;Servicios;CUMPLIDO;AC SAT S.R.L.;MR01;22/7/2026;1/7/2026;10153633;10;1;1/7/2026;1/7/2026;C25;4500132033;10;0374;1;MPITTIA;6/7/2026;22/7/2026;C25;1;6/7/2026;;;;;;;;;;04 Cert a Demanda;En curso - Próximo a vencer;;C25
00374 TERMINAL PUNTA COLORADA;1000091109;20;ZPAN;04 - OT RSV;;0;;;;DSUAREZ;1022295;BUZZER;;2;2;0;0;5000179490;6/7/2026;Servicios;CUMPLIDO;AC SAT S.R.L.;MR01;22/7/2026;1/7/2026;10153633;20;1;1/7/2026;1/7/2026;C25;4500132033;20;0374;1;MPITTIA;6/7/2026;22/7/2026;C25;1;6/7/2026;;;;;;;;;;04 Cert a Demanda;En curso - Próximo a vencer;;C25
00374 TERMINAL PUNTA COLORADA;1000091109;30;ZPAN;04 - OT RSV;;0;;;;DSUAREZ;1022295;RELAY 12V;;1;1;0;0;5000179490;6/7/2026;Servicios;CUMPLIDO;AC SAT S.R.L.;MR01;22/7/2026;1/7/2026;10153633;30;1;1/7/2026;1/7/2026;C25;4500132033;30;0374;1;MPITTIA;6/7/2026;22/7/2026;C25;1;6/7/2026;;;;;;;;;;04 Cert a Demanda;En curso - Próximo a vencer;;C25
00374 TERMINAL PUNTA COLORADA;1000091109;40;ZPAN;04 - OT RSV;;0;;;;DSUAREZ;1022295;MONTAJE AVL COMPLETO;;1;1;0;0;5000179490;6/7/2026;Servicios;CUMPLIDO;AC SAT S.R.L.;MR01;22/7/2026;1/7/2026;10153633;40;1;1/7/2026;1/7/2026;C25;4500132035;40;0374;1;MPITTIA;6/7/2026;22/7/2026;C25;1;6/7/2026;;;;;;;;;;04 Cert a Demanda;En curso - Próximo a vencer;;C25
00374 TERMINAL PUNTA COLORADA;1000091274;10;ZPAN;04 - Servicio Paquet;;0;;;;DSUAREZ;1012981;FLETE PAQUETERIA DIRECTO SUR-;;0;0;20000000;0;;;Servicios;SIN TRATAMIENTO;;MR01;30/9/2026;2/7/2026;10153828;10;1;2/7/2026;3/7/2026;C15;;0;;0;;;;;0;;;;;;;;;;;04 Cert a Demanda;En curso;;C15
00374 TERMINAL PUNTA COLORADA;1000091294;10;ZPAN;04 EXTENSION INGEAP;;0;;;;SFERNANDEZ;1042086;SUBC.TOPOGRAFIA PERSONAL EN CAMPO;;0;6;0;6;;;Servicios;ADJUDICADO;INGEAP S.A.S.;MR01;31/1/2027;3/7/2026;10153847;10;1;3/7/2026;4/7/2026;C26;4500132114;10;0374;1;YCOLMAN;6/7/2026;10/1/2027;C26;0;;;;;;;;;;;04 Cert a Demanda;En curso;;C26
00374 TERMINAL PUNTA COLORADA;1000091294;20;ZPAN;04 EXTENSION INGEAP;;0;;;;SFERNANDEZ;1042086;SUBC.TOPOGRAFIA PERSONAL EN OFICINA TEC;;0;6;0;6;;;Servicios;ADJUDICADO;INGEAP S.A.S.;MR01;31/1/2027;3/7/2026;10153847;20;1;3/7/2026;4/7/2026;C26;4500132114;20;0374;1;YCOLMAN;6/7/2026;10/1/2027;C26;0;;;;;;;;;;;04 Cert a Demanda;En curso;;C26
00374 TERMINAL PUNTA COLORADA;1000091294;30;ZPAN;04 EXTENSION INGEAP;;0;;;;SFERNANDEZ;1042086;ESTACION TOTAL M3 D051565;;0;6;0;6;;;Servicios;ADJUDICADO;INGEAP S.A.S.;MR01;31/1/2027;3/7/2026;10153847;30;1;4/7/2026;4/7/2026;C26;4500132114;30;0374;1;YCOLMAN;6/7/2026;10/1/2027;C26;0;;;;;;;;;;;04 Cert a Demanda;En curso;;C26
00374 TERMINAL PUNTA COLORADA;1000091299;10;ZPAN;04 - Lavandería Play;;0;;;;DSUAREZ;1013077;SERVICIO DE LAVANDERIA CAJON COMPLETO;;0;1000;0;1000;;;Servicios;ADJUDICADO;MALDONADO ELVA;MR01;31/12/2026;3/7/2026;10153851;10;1;3/7/2026;4/7/2026;C25;4500132186;10;0374;1;MPITTIA;7/7/2026;31/12/2026;C25;0;;;;;;;;;;;04 Cert a Demanda;En curso;;C25
00374 TERMINAL PUNTA COLORADA;1000091299;30;ZPAN;04 - Lavandería Play;;0;;;;DSUAREZ;1013077;SERVICIO DE LAVANDERIA CAMPERAS;;0;300;0;300;;;Servicios;ADJUDICADO;MALDONADO ELVA;MR01;31/12/2026;3/7/2026;10153851;30;1;3/7/2026;4/7/2026;C25;4500132186;30;0374;1;MPITTIA;7/7/2026;31/12/2026;C25;0;;;;;;;;;;;04 Cert a Demanda;En curso;;C25
00374 TERMINAL PUNTA COLORADA;1000091304;10;ZPAN;04 - Regularizacion;;0;;;;DSUAREZ;1013077;SERV LAVAND CAJON COMPLETO FC 3C503;;70;70;0;0;5000179564;6/7/2026;Servicios;CUMPLIDO;MALDONADO ELVA;MR01;24/7/2026;3/7/2026;10153861;10;1;3/7/2026;4/7/2026;C25;4500132045;10;0374;1;MPITTIA;6/7/2026;24/7/2026;C25;1;6/7/2026;;;;;;;;;;04 Cert a Demanda;En curso - Próximo a vencer;;C25
00374 TERMINAL PUNTA COLORADA;1000091374;10;ZPAN;04 - Extrusora Ext O;;0;;;;DSUAREZ;1033267;EXTRUSORA LESITER WELDPLAST S2;;2;2;0;0;5000179971;9/7/2026;Servicios;CUMPLIDO;ALL IN SA;MR01;15/8/2026;6/7/2026;10153956;10;1;6/7/2026;7/7/2026;EFO;4500132281;10;0374;1;GROSES;8/7/2026;15/8/2026;EFO;1;9/7/2026;;;;;;;;;;04 Cert a Demanda;En curso - Próximo a vencer;;EFO
00374 TERMINAL PUNTA COLORADA;1000091443;10;ZPAN;04 - CMD 08/07;;0;;;;DSUAREZ;1048859;CURSO DE MANEJO DEFENSIVO;;3;3;0;0;5000180431;14/7/2026;Servicios;CUMPLIDO;BUSTOS MARIA LORENA;MR01;28/7/2026;7/7/2026;10154053;10;1;7/7/2026;8/7/2026;374;4500132322;10;0374;1;WDILLMAN;8/7/2026;17/7/2026;374;1;14/7/2026;;;;;;;;;;04 Cert a Demanda;En curso - Próximo a vencer;;374
00374 TERMINAL PUNTA COLORADA;1000091613;10;ZPAN;04 - Medicion PAT;;0;;;;DSUAREZ;1042362;MEDICION DE PUESTA A TIERRA EN OBRADOR;;1;1;0;0;5000180784;17/7/2026;Servicios;CUMPLIDO;DALMASSO MARIO SERGIO;MR01;30/7/2026;10/7/2026;10154359;10;1;10/7/2026;11/7/2026;C26;4500132491;10;0374;1;YCOLMAN;13/7/2026;30/7/2026;C26;1;17/7/2026;;;;;;;;;;04 Cert a Demanda;En curso - Próximo a vencer;;C26
00374 TERMINAL PUNTA COLORADA;1000091817;40;ZPAN;PM_10261 Anclaje quí;;0;;;;DSUAREZ;1012981;FLETE INCLUIDO HILTI;;0;1;0;1;;;Servicios;ADJUDICADO;HILTI ARGENTINA SRL;MR01;3/8/2026;14/7/2026;10154726;20;1;14/7/2026;15/7/2026;374;4500132891;70;0374;1;WDILLMAN;16/7/2026;24/7/2026;374;0;;;;;;;;;;;Sin aclaración;En curso - Próximo a vencer;;374
00374 TERMINAL PUNTA COLORADA;1000091856;10;ZPAN;PM_10272 Tiretas EFC;;0;;;;DSUAREZ;1042054;CONSUMIBLE TENSORES EFCO 200MM;;0;0;500;0;;;Servicios;SIN TRATAMIENTO;;MR01;15/8/2026;15/7/2026;10154772;10;1;15/7/2026;15/7/2026;C26;;0;;0;;;;;0;;;;;;;;;;;Sin aclaración;En curso - Próximo a vencer;;C26
00374 TERMINAL PUNTA COLORADA;1000091856;20;ZPAN;PM_10272 Tiretas EFC;;0;;;;DSUAREZ;1042054;CONSUMIBLE TENSORES EFCO 300MM;;0;0;1564;0;;;Servicios;SIN TRATAMIENTO;;MR01;15/8/2026;15/7/2026;10154772;20;1;15/7/2026;15/7/2026;C26;;0;;0;;;;;0;;;;;;;;;;;Sin aclaración;En curso - Próximo a vencer;;C26
00374 TERMINAL PUNTA COLORADA;1000091856;30;ZPAN;PM_10272 Tiretas EFC;;0;;;;DSUAREZ;1042054;CONSUMIBLE TENSORES EFCO 400MM;;0;0;12;0;;;Servicios;SIN TRATAMIENTO;;MR01;15/8/2026;15/7/2026;10154772;30;1;15/7/2026;15/7/2026;C26;;0;;0;;;;;0;;;;;;;;;;;Sin aclaración;En curso - Próximo a vencer;;C26
00374 TERMINAL PUNTA COLORADA;1000091882;10;ZPAN;04- EXT OC 45/124316;;0;;;;MALCARAZ;1012981;FLETE PAQUETERIA;;0;0;10000000;0;;;Servicios;SIN TRATAMIENTO;;MR01;4/11/2026;15/7/2026;10154821;10;1;15/7/2026;15/7/2026;C15;;0;;0;;;;;0;;;;;;;;;;;04 Cert a Demanda;En curso;;C15
00375 YPF OLEODUCTO PR-LP;1000065491;10;ZPAN;03-NTERNET OBRA 375;;0;;;;GPUJOL;1025931;SERVICIO DE INTERNET X MES;12;8;12;0;4;5000176703;11/6/2026;Servicios;CUMPLIDO PARCIAL;TELEFONICA MOVILES ARG. S.A. (MOVIS;MR01;20/7/2026;22/4/2025;10119823;10;1;22/4/2025;22/4/2025;C25;4500098077;10;0375;1;MPITTIA;29/4/2025;20/7/2026;C25;16;11/6/2026;;;;;;;;;;03 Cert Mensual;En curso - Próximo a vencer;Rojo;C25
00375 YPF OLEODUCTO PR-LP;1000065999;10;ZPAN;03-ALQUILER DE TIEND;;0;;;;GPUJOL;1033267;ALQUILER DE TIENDETUBOS CAT-D8K/583;4;2,66;4;0;1,34;5000147025;26/9/2025;Servicios;CUMPLIDO PARCIAL;TECHINT CTI SACI;MR01;1/10/2025;30/4/2025;10120436;10;1;30/4/2025;2/5/2025;C04;4500098277;10;0375;1;WVENTURINI;2/5/2025;1/10/2026;C04;4;26/9/2025;;;;;;;;;;03 Cert Mensual;Vencido con cant pendiente a recep;;C04
00375 YPF OLEODUCTO PR-LP;1000066034;10;ZPAN;03-ALQUILER DISPENSE;;0;;;;GPUJOL;1013138;SERVICIO BOTELLON DE 20 LTS XUN;3000;1892;3000;0;1108;5000176702;11/6/2026;Servicios;CUMPLIDO PARCIAL;LABISTE CARLOS;MR01;20/7/2026;2/5/2025;10120495;10;1;2/5/2025;2/5/2025;C25;4500098789;10;0375;2;JESPARZA;9/5/2025;20/7/2026;C25;13;11/6/2026;;;;;;;;;;03 Cert Mensual;En curso - Próximo a vencer;Rojo;C25
00375 YPF OLEODUCTO PR-LP;1000067029;10;ZPAN;03-ALQUILER CONTENED;;0;;;;GPUJOL;1035384;ALQ  CONTENEDORES RESIDUOS X UNID X MES;22;0;22;0;22;;;Servicios;ADJUDICADO;VIDELA MARIA ESTELA;MR01;5/6/2026;16/5/2025;10121728;20;1;20/5/2025;20/5/2025;C25;4500103148;10;0375;1;MPITTIA;7/7/2025;5/6/2026;C25;0;;;;;;;;;;;03 Cert Mensual;Vencido con cant pendiente a recep;;C25
00375 YPF OLEODUCTO PR-LP;1000070332;10;ZPAN;04-RECARGA DE GAS DE;;0;;;;GPUJOL;1022295;RECARGA DE GAS PROPANO DE 10KG;15;10;15;0;5;5000159339;21/1/2026;Servicios;CUMPLIDO PARCIAL;ARMANDO GAS L.F S.A;MR01;1/4/2026;16/7/2025;10126225;10;1;16/7/2025;16/7/2025;C25;4500105202;10;0375;1;MPITTIA;4/8/2025;1/4/2026;C25;7;21/1/2026;;;;;;;;;;04 Cert a Demanda;Vencido con cant pendiente a recep;;C25
00375 YPF OLEODUCTO PR-LP;1000073573;30;ZPAN;PEDIDO DE PIEDRA PAR;;0;10;4;6/2/2026;GPUJOL;1012969;FLETE POR PIEDRA DE 1° Y PIERDRA 30-50;1400;698,23;698,23;702;701,77;5000149678;21/10/2025;Servicios;CUMPLIDO;HORMIMONTE SRL;MR01;31/12/2025;8/9/2025;10130472;30;1;8/9/2025;8/9/2025;C14;4500108381;30;0375;1;VBARRA;11/9/2025;26/11/2025;C14;24;21/10/2025;;;;;;;;;;Sin aclaración;Vencido con cant pendiente a recep;;C14
00375 YPF OLEODUCTO PR-LP;1000073602;10;ZPAN;04-SERVICIO DE BALAN;;0;10;4;5/2/2026;GPUJOL;1022295;SERVICIO DE BALANZA PARA CAMIONES;20;6;6;14;14;5000152273;12/11/2025;Servicios;CUMPLIDO;TRANSPORTES GASTON S.A.S.;MR01;26/3/2026;8/9/2025;10130507;10;1;8/9/2025;8/9/2025;C14;4500108324;10;0375;1;VBARRA;11/9/2025;25/12/2025;C14;2;12/11/2025;;;;;;;;;;04 Cert a Demanda;Vencido con cant pendiente a recep;;C14
00375 YPF OLEODUCTO PR-LP;1000074705;10;ZPAN;02-SERVICIO DE ALMUE;;0;;;;GPUJOL;1026044;SERVICIO DE ALMUERZO / CENA;250;224;250;0;26;5000176891;13/6/2026;Servicios;CUMPLIDO PARCIAL;LUCIANI ROSA VIRGINIA ELIZABET;MR01;20/7/2026;25/9/2025;10131889;10;1;25/9/2025;26/9/2025;C24;4500109749;10;0375;1;MPITTIA;1/10/2025;20/7/2026;C24;17;13/6/2026;;;;;;;;;;02 Cert Quincenal;En curso - Próximo a vencer;Rojo;C24
00375 YPF OLEODUCTO PR-LP;1000082306;10;ZPAN;03-IMPRESORAS ext de;;0;;;;GPUJOL;1022295;ALQUILER DE IMPRESORA X MES X UN;5;5;5;0;0;5000180301;13/7/2026;Servicios;CUMPLIDO;TECNICA Y SISTEMAS SRL;MR01;20/7/2026;3/2/2026;10142128;10;1;3/2/2026;3/2/2026;C25;4500121218;10;0375;1;MPITTIA;2/3/2026;20/7/2026;C25;5;13/7/2026;;;;;;;;;;03 Cert Mensual;En curso - Próximo a vencer;Verde;C25
00375 YPF OLEODUCTO PR-LP;1000082661;10;ZPAN;02-SERVICIO DE VIAND;;0;;;;GPUJOL;1026044;SERVICIO DE VIANDA;3600;2610;3600;0;990;5000176892;13/6/2026;Servicios;CUMPLIDO PARCIAL;LUCIANI ROSA VIRGINIA ELIZABET;MR01;20/7/2026;9/2/2026;10142588;10;1;9/2/2026;9/2/2026;C24;4500120416;10;0375;1;MPITTIA;20/2/2026;20/7/2026;C24;8;13/6/2026;;;;;;;;;;02 Cert Quincenal;En curso - Próximo a vencer;Rojo;C24
00375 YPF OLEODUCTO PR-LP;1000084684;10;ZPAN;03-EXTENSION OC 4500;;0;;;;GPUJOL;1027343;SERV.CONSUL. AMBIENTAL X MES;3;1;3;0;2;5000167555;1/4/2026;Servicios;CUMPLIDO PARCIAL;KONOPNY MARIA ELISA;MR01;20/6/2026;12/3/2026;10145253;10;1;12/3/2026;12/3/2026;C24;4500122944;10;0375;1;MPITTIA;19/3/2026;20/7/2026;C24;3;1/4/2026;;;;;;;;;;03 Cert Mensual;Vencido con cant pendiente a recep;;C24
00375 YPF OLEODUCTO PR-LP;1000086708;10;ZPAN;RESIDUOS PELIGROSOS;;0;;;;GPUJOL;1013096;TRATAMIENTO DE RESIDUOS PELIGROSOS Y48;600;0;600;0;600;;;Servicios;ADJUDICADO;TRANSRAMOS S.R.L.;MR01;1/6/2026;16/4/2026;10147831;30;1;16/4/2026;16/4/2026;C25;4500125670;20;0375;1;MPITTIA;21/4/2026;1/6/2026;C25;0;;;;;;;;;;;Sin aclaración;Vencido con cant pendiente a recep;;C25
00375 YPF OLEODUCTO PR-LP;1000087096;10;ZPAN;Materiales p/reparac;;0;;;;JPIEDRABUENA;1012998;Panel FV 665Wp 2,38x1,30 Marca GCL;6;0;6;0;6;;;Servicios;ADJUDICADO;G&M INFINITE ENERGY S. A.;MR01;20/7/2026;22/4/2026;10148363;10;1;22/4/2026;22/4/2026;C26;4500126286;10;0375;1;YCOLMAN;28/4/2026;31/12/2026;C26;0;;;;;;;;;;;Sin aclaración;En curso - Próximo a vencer;;C26
00375 YPF OLEODUCTO PR-LP;1000087096;20;ZPAN;Materiales p/reparac;;0;;;;JPIEDRABUENA;1012998;Transductor tensión baterías DAT5023V;1;0;1;0;1;;;Servicios;ADJUDICADO;G&M INFINITE ENERGY S. A.;MR01;20/7/2026;22/4/2026;10148363;20;1;22/4/2026;22/4/2026;C26;4500126286;20;0375;1;YCOLMAN;28/4/2026;31/12/2026;C26;0;;;;;;;;;;;Sin aclaración;En curso - Próximo a vencer;;C26
00375 YPF OLEODUCTO PR-LP;1000087096;30;ZPAN;Materiales p/reparac;;0;;;;JPIEDRABUENA;1012998;Firmware, seteo y pruebas inverters;1;0;1;0;1;;;Servicios;ADJUDICADO;G&M INFINITE ENERGY S. A.;MR01;20/7/2026;22/4/2026;10148363;30;1;22/4/2026;22/4/2026;C26;4500126286;30;0375;1;YCOLMAN;28/4/2026;31/12/2026;C26;0;;;;;;;;;;;Sin aclaración;En curso - Próximo a vencer;;C26
00375 YPF OLEODUCTO PR-LP;1000087096;40;ZPAN;Materiales p/reparac;;0;;;;JPIEDRABUENA;1012998;Lectura tensión baterías c/nuevo transdu;1;0;1;0;1;;;Servicios;ADJUDICADO;G&M INFINITE ENERGY S. A.;MR01;20/7/2026;22/4/2026;10148363;40;1;22/4/2026;22/4/2026;C26;4500126286;40;0375;1;YCOLMAN;28/4/2026;31/12/2026;C26;0;;;;;;;;;;;Sin aclaración;En curso - Próximo a vencer;;C26
00375 YPF OLEODUCTO PR-LP;1000087096;50;ZPAN;Materiales p/reparac;;0;;;;JPIEDRABUENA;1012998;Programación PLC y SCADA 20mA=80Vcc;2;0;2;0;2;;;Servicios;ADJUDICADO;G&M INFINITE ENERGY S. A.;MR01;20/7/2026;22/4/2026;10148363;50;1;22/4/2026;22/4/2026;C26;4500126286;50;0375;1;YCOLMAN;28/4/2026;31/12/2026;C26;0;;;;;;;;;;;Sin aclaración;En curso - Próximo a vencer;;C26
00375 YPF OLEODUCTO PR-LP;1000087096;60;ZPAN;Materiales p/reparac;;0;;;;JPIEDRABUENA;1012998;Ménsulas refuerzo estructura s/plano;3;0;3;0;3;;;Servicios;ADJUDICADO;G&M INFINITE ENERGY S. A.;MR01;20/7/2026;22/4/2026;10148363;60;1;22/4/2026;22/4/2026;C26;4500126286;60;0375;1;YCOLMAN;28/4/2026;31/12/2026;C26;0;;;;;;;;;;;Sin aclaración;En curso - Próximo a vencer;;C26
00375 YPF OLEODUCTO PR-LP;1000087096;70;ZPAN;Materiales p/reparac;;0;;;;JPIEDRABUENA;1012998;Correa tipo C 100x50x2,5 mm x mts;6;0;6;0;6;;;Servicios;ADJUDICADO;G&M INFINITE ENERGY S. A.;MR01;20/7/2026;22/4/2026;10148363;70;1;22/4/2026;22/4/2026;C26;4500126286;70;0375;1;YCOLMAN;28/4/2026;31/12/2026;C26;0;;;;;;;;;;;Sin aclaración;En curso - Próximo a vencer;;C26
00375 YPF OLEODUCTO PR-LP;1000087096;80;ZPAN;Materiales p/reparac;;0;;;;JPIEDRABUENA;1012998;Colocación bulonería refuerzo paneles;50;0;50;0;50;;;Servicios;ADJUDICADO;G&M INFINITE ENERGY S. A.;MR01;20/7/2026;22/4/2026;10148363;80;1;22/4/2026;22/4/2026;C26;4500126286;80;0375;1;YCOLMAN;28/4/2026;31/12/2026;C26;0;;;;;;;;;;;Sin aclaración;En curso - Próximo a vencer;;C26
00375 YPF OLEODUCTO PR-LP;1000087524;10;ZPAN;PM 44 Manejo defensi;;0;;;;GPUJOL;1022295;MANEJO DEFENSIVO TEORICO -PRACTICO;10;0;10;0;10;;;Servicios;ADJUDICADO;DER OHANESSIAN GUSTAVO;MR01;20/7/2026;29/4/2026;10148888;10;1;29/4/2026;29/4/2026;C25;4500128030;10;0375;1;MPITTIA;19/5/2026;20/5/2026;C25;0;;;;;;;;;;;Sin aclaración;En curso - Próximo a vencer;;C25
00375 YPF OLEODUCTO PR-LP;1000087586;10;ZPAN;EXTENCION DE OC 4500;;0;;;;GPUJOL;1013136;SERVICIO LIMPIEZA DESAGOTE BANO QUIMICO;132;116;132;0;16;5000176638;11/6/2026;Servicios;CUMPLIDO PARCIAL;TOVIO SERGIO MAXIMILIANO;MR01;20/6/2026;30/4/2026;10148990;10;1;30/4/2026;30/4/2026;C25;4500126906;10;0375;1;MPITTIA;6/5/2026;20/6/2026;C25;2;11/6/2026;;;;;;;;;;Sin aclaración;Vencido con cant pendiente a recep;;C25
00375 YPF OLEODUCTO PR-LP;1000090557;10;ZPAN;RSV - SERVICIOS TECN;;0;;;;GPUJOL;1022295;REPARACION AIRE ACONDICONADO TALLER 375;5;0;5;0;5;;;Servicios;ADJUDICADO;CREGO JUAN FABRICIO;MR01;13/7/2026;19/6/2026;10152876;10;1;19/6/2026;22/6/2026;C25;4500131181;10;0375;1;MPITTIA;25/6/2026;13/7/2026;C25;0;;;;;;;;;;;Sin aclaración;Vencido con cant pendiente a recep;;C25
00375 YPF OLEODUCTO PR-LP;1000090679;10;ZPAN;04-ALQUILER DE ANDAM;;0;;;;GPUJOL;1035542;ALQUILER DE ANDAMIO X MES;2;2;2;0;0;5000179542;6/7/2026;Servicios;CUMPLIDO;LAYHER SUDAMERICANA SA;MR01;20/7/2026;23/6/2026;10153046;10;1;23/6/2026;23/6/2026;C26;4500131129;10;0375;1;YCOLMAN;24/6/2026;20/7/2026;C26;1;6/7/2026;;;;;;;;;;04 Cert a Demanda;En curso - Próximo a vencer;;C26
00375 YPF OLEODUCTO PR-LP;1000091423;10;ZPAN;REG BOMBAS AUTOCEBAN;;0;;;;GPUJOL;1033630;MOTOBOMBA MOTOBOMBA GODWIN (1);1;0;1;0;1;;;Servicios;ADJUDICADO;XYLEM WATER SOLUTIONS ARGENTINA S.R;MR01;27/7/2026;6/7/2026;10154027;10;1;6/7/2026;6/7/2026;EFO;4500132454;10;0375;1;GROSES;10/7/2026;27/7/2026;EFO;0;;;;;;;;;;;Sin aclaración;En curso - Próximo a vencer;;EFO
00375 YPF OLEODUCTO PR-LP;1000091423;20;ZPAN;REG BOMBAS AUTOCEBAN;;0;;;;GPUJOL;1033630;MOTOBOMBA MOTOBOMBA GODWIN (2);1;0;1;0;1;;;Servicios;ADJUDICADO;XYLEM WATER SOLUTIONS ARGENTINA S.R;MR01;27/7/2026;6/7/2026;10154027;20;1;6/7/2026;6/7/2026;EFO;4500132454;20;0375;1;GROSES;10/7/2026;27/7/2026;EFO;0;;;;;;;;;;;Sin aclaración;En curso - Próximo a vencer;;EFO
00375 YPF OLEODUCTO PR-LP;1000091423;30;ZPAN;REG BOMBAS AUTOCEBAN;;0;;;;GPUJOL;1033630;MOTOBOMBA MOTOBOMBA GODWIN (3);1;0;1;0;1;;;Servicios;ADJUDICADO;XYLEM WATER SOLUTIONS ARGENTINA S.R;MR01;27/7/2026;6/7/2026;10154027;30;1;6/7/2026;6/7/2026;EFO;4500132454;30;0375;1;GROSES;10/7/2026;27/7/2026;EFO;0;;;;;;;;;;;Sin aclaración;En curso - Próximo a vencer;;EFO
0376 VELADERO FASE 8B /SAN JUAN;1000076504;10;ZPAN;SS mensual Recarga V;;0;;;;MFALERO;1034560;RECARGA VIRTUAL;2500000;1367360,718;2500000;0;1132639,282;5000177978;24/6/2026;Servicios;CUMPLIDO PARCIAL;NUBI S.A.;MM01;31/8/2026;24/10/2025;10134292;10;1;24/10/2025;24/10/2025;C25;4500112092;10;0376;1;MPITTIA;31/10/2025;30/8/2026;C25;12;24/6/2026;;;;;;;;;;Sin aclaración;En curso - Próximo a vencer;;C25
0376 VELADERO FASE 8B /SAN JUAN;1000081467;10;ZPAN;COPIAS EXCEDENTES;;0;;;;ARIVERO;1026181;COPIAS EXCEDENTES COLOR;30000;20449;30000;0;9551;5000175414;3/6/2026;Servicios;CUMPLIDO PARCIAL;TECNICA Y SISTEMAS SRL;MM01;31/7/2026;21/1/2026;10141012;10;1;21/1/2026;21/1/2026;C25;4500118605;10;0376;1;MPITTIA;28/1/2026;15/8/2026;C25;4;3/6/2026;;;;;;;;;;Sin aclaración;En curso - Próximo a vencer;;C25
0376 VELADERO FASE 8B /SAN JUAN;1000081535;10;ZPAN;ADICIONAL HABILITACI;;0;;;;ARIVERO;1022295;CERTIF FACTIBILIDAD USO DEL SUELO Y LOC;1;0;1;0;1;;;Servicios;ADJUDICADO;LOPEZ RIOS FACUNDO GABRIE;MM01;31/7/2026;22/1/2026;10141113;10;1;22/1/2026;22/1/2026;C25;4500118735;10;0376;1;MPITTIA;29/1/2026;30/7/2026;C25;2;;;;;;;;;;;Sin aclaración;En curso - Próximo a vencer;;C25
0376 VELADERO FASE 8B /SAN JUAN;1000081535;30;ZPAN;ADICIONAL HABILITACI;;0;;;;ARIVERO;1022295;APROB CONFORME OBRA CONCLUIDA EN DPDU;1;0;1;0;1;;;Servicios;ADJUDICADO;LOPEZ RIOS FACUNDO GABRIE;MM01;31/7/2026;22/1/2026;10141113;30;1;22/1/2026;22/1/2026;C25;4500118735;30;0376;1;MPITTIA;29/1/2026;30/7/2026;C25;2;;;;;;;;;;;Sin aclaración;En curso - Próximo a vencer;;C25
0376 VELADERO FASE 8B /SAN JUAN;1000081535;40;ZPAN;ADICIONAL HABILITACI;;0;;;;ARIVERO;1022295;CERTIF PROTECCIÓN CONTRA INCENDIO> 500m2;1;0;1;0;1;;;Servicios;ADJUDICADO;LOPEZ RIOS FACUNDO GABRIE;MM01;31/7/2026;22/1/2026;10141113;40;1;22/1/2026;22/1/2026;C25;4500118735;40;0376;1;MPITTIA;29/1/2026;30/7/2026;C25;0;;;;;;;;;;;Sin aclaración;En curso - Próximo a vencer;;C25
0376 VELADERO FASE 8B /SAN JUAN;1000081535;50;ZPAN;ADICIONAL HABILITACI;;0;;;;ARIVERO;1022295;HABIL. OBRAS CIVILES DE CONST TASA MUNI;1;0;1;0;1;;;Servicios;ADJUDICADO;LOPEZ RIOS FACUNDO GABRIE;MM01;31/7/2026;22/1/2026;10141113;50;1;22/1/2026;22/1/2026;C25;4500118735;50;0376;1;MPITTIA;29/1/2026;30/7/2026;C25;2;;;;;;;;;;;Sin aclaración;En curso - Próximo a vencer;;C25
0376 VELADERO FASE 8B /SAN JUAN;1000081535;60;ZPAN;ADICIONAL HABILITACI;;0;;;;ARIVERO;1022295;CERT FINAL DE OBRA-LIC USO O HABIL DPDU;1;0;1;0;1;;;Servicios;ADJUDICADO;LOPEZ RIOS FACUNDO GABRIE;MM01;31/7/2026;22/1/2026;10141113;60;1;22/1/2026;22/1/2026;C25;4500118735;60;0376;1;MPITTIA;29/1/2026;30/7/2026;C25;2;;;;;;;;;;;Sin aclaración;En curso - Próximo a vencer;;C25
0376 VELADERO FASE 8B /SAN JUAN;1000082865;10;ZPAN;Habilitación Galpón;;0;;;;CBAREA;1022295;Certificado de Factibilidad suelo;1;0;1;0;1;;;Servicios;ADJUDICADO;LOPEZ RIOS FACUNDO GABRIE;MM01;30/8/2026;12/2/2026;10142822;10;1;12/2/2026;12/2/2026;C25;4500120029;10;0376;1;MPITTIA;12/2/2026;30/8/2026;C25;0;;;;;;;;;;;Sin aclaración;En curso - Próximo a vencer;;C25
0376 VELADERO FASE 8B /SAN JUAN;1000082865;20;ZPAN;Habilitación Galpón;;0;;;;CBAREA;1022295;Tramite en DPDU de Planos;1;0;1;0;1;;;Servicios;ADJUDICADO;LOPEZ RIOS FACUNDO GABRIE;MM01;30/8/2026;12/2/2026;10142822;20;1;12/2/2026;12/2/2026;C25;4500120029;20;0376;1;MPITTIA;12/2/2026;30/8/2026;C25;0;;;;;;;;;;;Sin aclaración;En curso - Próximo a vencer;;C25
0376 VELADERO FASE 8B /SAN JUAN;1000082865;30;ZPAN;Habilitación Galpón;;0;;;;CBAREA;1022295;Aprobación de Planos;1;0;1;0;1;;;Servicios;ADJUDICADO;LOPEZ RIOS FACUNDO GABRIE;MM01;30/8/2026;12/2/2026;10142822;30;1;12/2/2026;12/2/2026;C25;4500120029;30;0376;1;MPITTIA;12/2/2026;30/8/2026;C25;0;;;;;;;;;;;Sin aclaración;En curso - Próximo a vencer;;C25
0376 VELADERO FASE 8B /SAN JUAN;1000082865;40;ZPAN;Habilitación Galpón;;0;;;;CBAREA;1022295;Certificado Final del Servicio;1;0;1;0;1;;;Servicios;ADJUDICADO;LOPEZ RIOS FACUNDO GABRIE;MM01;30/8/2026;12/2/2026;10142822;40;1;12/2/2026;12/2/2026;C25;4500120029;40;0376;1;MPITTIA;12/2/2026;30/8/2026;C25;0;;;;;;;;;;;Sin aclaración;En curso - Próximo a vencer;;C25
0376 VELADERO FASE 8B /SAN JUAN;1000082865;50;ZPAN;Habilitación Galpón;;0;;;;CBAREA;1022295;Habilitación de obras Civiles;1;0;1;0;1;;;Servicios;ADJUDICADO;LOPEZ RIOS FACUNDO GABRIE;MM01;30/8/2026;12/2/2026;10142822;50;1;12/2/2026;12/2/2026;C25;4500120029;50;0376;1;MPITTIA;12/2/2026;30/8/2026;C25;0;;;;;;;;;;;Sin aclaración;En curso - Próximo a vencer;;C25
0376 VELADERO FASE 8B /SAN JUAN;1000082865;60;ZPAN;Habilitación Galpón;;0;;;;CBAREA;1022295;Certificado Final de Obra-Licencia;1;0;1;0;1;;;Servicios;ADJUDICADO;LOPEZ RIOS FACUNDO GABRIE;MM01;30/8/2026;12/2/2026;10142822;60;1;12/2/2026;12/2/2026;C25;4500120029;60;0376;1;MPITTIA;12/2/2026;30/8/2026;C25;0;;;;;;;;;;;Sin aclaración;En curso - Próximo a vencer;;C25
0376 VELADERO FASE 8B /SAN JUAN;1000085957;10;ZPAN;MEDICINA LABORAL;;0;;;;CBAREA;1022295;SERVICIO DE MEDICO LABORAL x MES;2;2;2;0;0;5000178037;24/6/2026;Servicios;CUMPLIDO;SERVICIOS INT. DE MEDICINA LAB;MM01;31/7/2026;2/4/2026;10146861;10;1;2/4/2026;2/4/2026;C25;4500124407;10;0376;1;MPITTIA;8/4/2026;31/7/2026;C25;2;24/6/2026;;;;;;;;;;Sin aclaración;En curso - Próximo a vencer;;C25
0376 VELADERO FASE 8B /SAN JUAN;1000086500;10;ZPAN;ALQUILER BAÑOS PREDI;;0;;;;ARIVERO;1022295;ALQUILER BAÑO QUIMICO CON LIMPIEZA;2;0;2;0;2;;;Servicios;ADJUDICADO;GONZALEZ SANCHEZ LEONARDO ISMAEL;MM01;30/7/2026;13/4/2026;10147547;10;1;13/4/2026;15/4/2026;C25;4500126076;10;2000;1;MPITTIA;27/4/2026;30/7/2026;C25;0;;;;;;;;;;;Sin aclaración;En curso - Próximo a vencer;;C25
0376 VELADERO FASE 8B /SAN JUAN;1000086500;20;ZPAN;ALQUILER BAÑOS PREDI;;0;;;;ARIVERO;1022295;SERVICIO DE LIMPIEZA BAÑO QUIMICO;72;0;72;0;72;;;Servicios;ADJUDICADO;GONZALEZ SANCHEZ LEONARDO ISMAEL;MM01;30/7/2026;13/4/2026;10147547;20;1;23/4/2026;25/4/2026;C25;4500126076;20;0376;1;MPITTIA;27/4/2026;30/7/2026;C25;0;;;;;;;;;;;Sin aclaración;En curso - Próximo a vencer;;C25
0376 VELADERO FASE 8B /SAN JUAN;1000087064;10;ZPAN;IMPRESORA COLOR SEDE;;0;;;;ARIVERO;1022294;Ss. Alq. impresora 4 multif. COLOR x dia;60;0;60;0;60;;;Servicios;ADJUDICADO;TECNICA Y SISTEMAS SRL;MM01;31/7/2026;22/4/2026;10148318;10;1;22/4/2026;23/4/2026;C25;4500126274;10;0376;1;MPITTIA;28/4/2026;31/7/2026;C25;0;;;;;;;;;;;Sin aclaración;En curso - Próximo a vencer;;C25
0376 VELADERO FASE 8B /SAN JUAN;1000088650;10;ZPAN;PEDIDO S/ MAIL ADJ.;;0;;;;ASIGNORELLI;1049859;SERVICIO DE INTERNET ADICIONAL X 350GB;1;0,287;1;0;0,713;5000177146;17/6/2026;Servicios;CUMPLIDO PARCIAL;JAWIT S.A.;MM01;30/8/2026;19/5/2026;10150486;10;1;19/5/2026;27/5/2026;C25;4500129720;10;0376;1;MPITTIA;9/6/2026;30/8/2026;C25;1;17/6/2026;;;;;;;;;;Sin aclaración;En curso - Próximo a vencer;;C25
0376 VELADERO FASE 8B /SAN JUAN;1000090295;10;ZPAN;PIM 90 Gato Hid;;0;;;;GORIHUELA;1022295;Ss. de reparacion gato hidraulico xun;1;1;1;0;0;5000179333;3/7/2026;Servicios;CUMPLIDO;RAMPACH S. R. L.;MM01;20/7/2026;16/6/2026;10152487;10;1;16/6/2026;16/6/2026;C13;4500131502;10;2001;1;MALVAREZ;29/6/2026;3/7/2026;C13;1;2/7/2026;;;;;;;;;;Sin aclaración;En curso - Próximo a vencer;;C13
0376 VELADERO FASE 8B /SAN JUAN;1000090347;10;ZPAN;Semis p/generadores;;0;;;;GORIHUELA;1022295;SS tte semirremolque x un SJ-Ros;2;2;2;0;0;5000179652;7/7/2026;Servicios;CUMPLIDO;TRANSPORTE ANA S.R.L.;MM01;20/7/2026;16/6/2026;10152541;10;1;16/6/2026;16/6/2026;C15;4500131858;10;0376;1;GDIAZ;2/7/2026;20/7/2026;C15;1;7/7/2026;;;;;;;;;;Sin aclaración;En curso - Próximo a vencer;;C15
00377-YPF 3° loop;1000078526;10;ZPAN;SUBC INGENIERIA INSA;;0;;;;AFORTUNA;1013007;SUBC. DE INGENIERIA;1;1;1;0;0;5000171455;4/5/2026;Servicios;CUMPLIDO;VALENZUELA YULIANA EDITH;MR01;20/10/2026;27/11/2025;10136934;10;1;27/11/2025;28/11/2025;C26;4500114224;10;0377;1;AGONZALEZ;29/11/2025;20/10/2026;C26;7;4/5/2026;;;;;;;;;;Sin aclaración;En curso - Total recepcionado;;C26
00377-YPF 3° loop;1000079423;10;ZPAN;03 TOPOGRAFIA;;20;;;;RTELLO;1042362;RELEVAMIENTO PREVIO A OBRA;1;1;1;0;0;5000168287;9/4/2026;Servicios;CUMPLIDO;INGEAP S.A.S.;MR01;31/8/2026;12/12/2025;10138077;10;1;12/12/2025;12/12/2025;C26;4500115502;10;0377;1;AGONZALEZ;16/12/2025;31/8/2026;C26;1;9/4/2026;;;;;;;;;;03 Cert Mensual;En curso - Próximo a vencer;Rojo;C26
00377-YPF 3° loop;1000079423;20;ZPAN;03 TOPOGRAFIA;;20;;;;RTELLO;1027430;SERVICIO DE TOPOGRAFIA x MES;8;5,677;8;0;2,323;5000179631;7/7/2026;Servicios;CUMPLIDO PARCIAL;INGEAP S.A.S.;MR01;31/8/2026;12/12/2025;10138077;20;1;12/12/2025;12/12/2025;C26;4500115502;20;0377;1;AGONZALEZ;16/12/2025;31/8/2026;C26;8;7/7/2026;;;;;;;;;;03 Cert Mensual;En curso - Próximo a vencer;Verde;C26
00377-YPF 3° loop;1000079423;30;ZPAN;03 TOPOGRAFIA;;0;;;;RTELLO;1042362;SUBC ALQ EQ GPS GNSS;7;5;7;0;2;5000179633;7/7/2026;Servicios;CUMPLIDO PARCIAL;INGEAP S.A.S.;MR01;31/8/2026;12/12/2025;10138077;30;1;10/3/2026;26/3/2026;C26;4500123706;10;0377;1;YCOLMAN;30/3/2026;31/8/2026;C26;4;7/7/2026;;;;;;;;;;03 Cert Mensual;En curso - Próximo a vencer;Verde;C26
00377-YPF 3° loop;1000079507;10;ZPAN;SS INTERNET;;0;;;;AFORTUNA;1025931;SERVICIO DE INTERNET X MES OBRADOR;5;5;5;0;0;5000169186;15/4/2026;Servicios;CUMPLIDO;JAWIT S.A.;MR01;31/8/2026;12/12/2025;10138162;10;1;12/12/2025;12/12/2025;C25;4500115537;10;0377;1;MPITTIA;16/12/2025;31/8/2026;C25;7;15/4/2026;;;;;;;;;;Sin aclaración;En curso - Próximo a vencer;;C25
00377-YPF 3° loop;1000079982;10;ZPAN;MODULOS BAÑOS;;0;;;;ASABATINO;1047100;ALQUILER DE MODULO BAÑO 6MT X MES;8;5,834;8;0;2,166;5000179571;6/7/2026;Servicios;CUMPLIDO PARCIAL;JORGE ALBERTO SOTO S.A.S.;MR01;31/8/2026;22/12/2025;10138861;10;1;22/12/2025;22/12/2025;C04;4500116386;10;0377;1;WVENTURINI;30/12/2025;31/8/2026;C04;7;6/7/2026;;;;;;;;;;Sin aclaración;En curso - Próximo a vencer;;C04
00377-YPF 3° loop;1000079982;20;ZPAN;MODULOS BAÑOS;;0;;;;ASABATINO;1048521;SERV. ALQ. CAMION CISTERNA AGUA 5000LT;8;5,935;8;0;2,065;5000179571;6/7/2026;Servicios;CUMPLIDO PARCIAL;JORGE ALBERTO SOTO S.A.S.;MR01;31/8/2026;22/12/2025;10138861;20;1;22/12/2025;22/12/2025;C04;4500116386;20;0377;1;WVENTURINI;30/12/2025;31/8/2026;C04;7;6/7/2026;;;;;;;;;;Sin aclaración;En curso - Próximo a vencer;;C04
00377-YPF 3° loop;1000079982;30;ZPAN;MODULOS BAÑOS;;0;;;;ASABATINO;1048522;SERV. ALQ. UNID. PLANTA TRAT. EFLUENTES;8;5,794;8;0;2,206;5000179571;6/7/2026;Servicios;CUMPLIDO PARCIAL;JORGE ALBERTO SOTO S.A.S.;MR01;31/8/2026;22/12/2025;10138861;30;1;22/12/2025;22/12/2025;C04;4500116386;30;0377;1;WVENTURINI;30/12/2025;31/8/2026;C04;7;6/7/2026;;;;;;;;;;Sin aclaración;En curso - Próximo a vencer;;C04
00377-YPF 3° loop;1000080012;40;ZPAN;03 SERV BAÑO QUIMICO;;0;;;;RTELLO;1022295;FLETE RETIRO BAÑO QUIM EN VEHI PESADO;1;0;1;0;1;;;Servicios;ADJUDICADO;DASH SRL;MR01;31/8/2026;22/12/2025;10138874;40;1;22/12/2025;22/12/2025;C25;4500116102;40;0377;1;MPITTIA;23/12/2025;31/8/2026;C25;0;;;;;;;;;;;03 Cert Mensual;En curso - Próximo a vencer;;C25
00377-YPF 3° loop;1000080149;10;ZPAN;ALQ IMPRESORAS;;0;;;;RTELLO;1026315;ALQ IMP RICOH IM C2000(A3/A4) COLOR XMES;2,5;2,5;2,5;0;0;5000172808;8/4/2026;Servicios;CUMPLIDO;PRINTER SRL;MR01;31/8/2026;26/12/2025;10139100;10;1;26/12/2025;2/6/2026;C25;4500116345;10;0377;1;MPITTIA;30/12/2025;31/8/2026;C25;9;8/4/2026;;;;;;;;;;Sin aclaración;En curso - Próximo a vencer;;C25
00377-YPF 3° loop;1000080149;20;ZPAN;ALQ IMPRESORAS;;0;;;;RTELLO;1026315;ALQ IMP RICOH IM C2000(A3/A4) BYN XMES;3,5;3,5;3,5;0;0;5000172810;13/5/2026;Servicios;CUMPLIDO;PRINTER SRL;MR01;31/8/2026;26/12/2025;10139100;20;1;26/12/2025;2/6/2026;C25;4500116345;20;0377;1;MPITTIA;30/12/2025;31/8/2026;C25;8;13/5/2026;;;;;;;;;;Sin aclaración;En curso - Próximo a vencer;;C25
00377-YPF 3° loop;1000080149;30;ZPAN;ALQ IMPRESORAS;;0;;;;RTELLO;1026136;ALQ IMPRESORA MULTIF BYN A4 X MES;3,5;3,5;3,5;0;0;5000172810;13/5/2026;Servicios;CUMPLIDO;PRINTER SRL;MR01;31/8/2026;26/12/2025;10139100;30;1;26/12/2025;2/6/2026;C25;4500116345;30;0377;1;MPITTIA;30/12/2025;31/8/2026;C25;4;13/5/2026;;;;;;;;;;Sin aclaración;En curso - Próximo a vencer;;C25
00377-YPF 3° loop;1000080149;40;ZPAN;ALQ IMPRESORAS;;0;;;;RTELLO;1026137;ALQ IMPRESORA MULTIF COLOR A4 X MES;1,5;1,5;1,5;0;0;5000164375;6/3/2026;Servicios;CUMPLIDO;PRINTER SRL;MR01;31/8/2026;26/12/2025;10139100;40;1;26/12/2025;2/6/2026;C25;4500116345;40;0377;1;MPITTIA;30/12/2025;31/8/2026;C25;6;6/3/2026;;;;;;;;;;Sin aclaración;En curso - Próximo a vencer;;C25
00377-YPF 3° loop;1000080166;10;ZPAN;03 SERV MEDICO - AMB;;0;;;;ASABATINO;1048518;SS AMBULANCIA ALTA COMPLEJIDAD XMES;1,33;1,33;1,33;0;0;5000164042;4/3/2026;Servicios;CUMPLIDO;SERVICIOS MEDICOS EN OBRAS SRL;MR01;31/8/2026;29/12/2025;10139112;30;1;6/1/2026;16/6/2026;C25;4500117646;20;0377;2;MPITTIA;16/1/2026;31/8/2026;C25;2;4/3/2026;;;;;;;;;;03 Cert Mensual;En curso - Próximo a vencer;Rojo;C25
00377-YPF 3° loop;1000080166;20;ZPAN;03 SERV MEDICO - AMB;;0;;;;ASABATINO;1048518;TRAILER CON EQUIPAMIENTO;0,991;0,991;0,991;0;0;5000164042;4/3/2026;Servicios;CUMPLIDO;SERVICIOS MEDICOS EN OBRAS SRL;MR01;31/8/2026;29/12/2025;10139112;20;1;29/12/2025;16/6/2026;C25;4500117646;10;0377;2;MPITTIA;16/1/2026;31/8/2026;C25;2;4/3/2026;;;;;;;;;;03 Cert Mensual;En curso - Próximo a vencer;Rojo;C25
00377-YPF 3° loop;1000080170;10;ZPAN;02 SERV VIANDAS;;0;;;;ASABATINO;1013121;VIANDA ALMUERZO XUN;15000;15000;15000;0;0;5000179541;6/7/2026;Servicios;CUMPLIDO;MAXIMIA S.A.;MR01;31/8/2026;29/12/2025;10139116;10;1;29/12/2025;29/12/2025;C25;4500117143;10;0377;1;MPITTIA;12/1/2026;31/8/2026;C25;11;6/7/2026;;;;;;;;;;02 Cert Quincenal;En curso - Próximo a vencer;Verde;C25
00377-YPF 3° loop;1000080240;10;ZPAN;04 SUBC MO FO;;0;;;;RTELLO;1042362;SUBCONTRATO MO FO;1;0,323;1;0;0,677;5000174491;27/5/2026;Servicios;CUMPLIDO PARCIAL;OXBEEL S.R.L;MR01;31/8/2026;30/12/2025;10139323;10;1;30/12/2025;12/1/2026;C26;4500117312;10;0377;1;AGONZALEZ;13/1/2026;31/8/2026;C26;1;27/5/2026;;;;;;;;;;04 Cert a Demanda;En curso - Próximo a vencer;;C26
00377-YPF 3° loop;1000080444;10;ZPAN;03 TRANSPORTE PERSON;;0;;;;ASABATINO;1048595;COMBI X 19 PAX LINEA;8;4,67;8;0;3,33;5000179539;6/7/2026;Servicios;CUMPLIDO PARCIAL;CUATRODEC SERVICIOS S.A.;MR01;30/9/2026;6/1/2026;10139618;10;1;6/1/2026;12/1/2026;C25;4500117387;10;0377;1;MPITTIA;14/1/2026;30/9/2026;C25;5;6/7/2026;;;;;;;;;;03 Cert Mensual;En curso;Verde;C25
00377-YPF 3° loop;1000080444;20;ZPAN;03 TRANSPORTE PERSON;;0;;;;ASABATINO;1048595;COMBI X 19 PAX LINEA;8;4,67;8;0;3,33;5000179539;6/7/2026;Servicios;CUMPLIDO PARCIAL;CUATRODEC SERVICIOS S.A.;MR01;30/9/2026;6/1/2026;10139618;20;1;6/1/2026;12/1/2026;C25;4500117387;20;0377;1;MPITTIA;14/1/2026;30/9/2026;C25;5;6/7/2026;;;;;;;;;;03 Cert Mensual;En curso;Verde;C25
00377-YPF 3° loop;1000080444;30;ZPAN;03 TRANSPORTE PERSON;;0;;;;ASABATINO;1048595;COMBI X 19 PAX LINEA;8;4,67;8;0;3,33;5000179539;6/7/2026;Servicios;CUMPLIDO PARCIAL;CUATRODEC SERVICIOS S.A.;MR01;30/9/2026;6/1/2026;10139618;30;1;6/1/2026;12/1/2026;C25;4500117387;30;0377;1;MPITTIA;14/1/2026;30/9/2026;C25;5;6/7/2026;;;;;;;;;;03 Cert Mensual;En curso;Verde;C25
00377-YPF 3° loop;1000080444;40;ZPAN;03 TRANSPORTE PERSON;;0;;;;ASABATINO;1048595;COMBI X 19 PAX LINEA;8;3,5;8;0;4,5;5000179539;6/7/2026;Servicios;CUMPLIDO PARCIAL;CUATRODEC SERVICIOS S.A.;MR01;30/9/2026;6/1/2026;10139618;40;1;6/1/2026;12/1/2026;C25;4500117387;40;0377;1;MPITTIA;14/1/2026;30/9/2026;C25;4;6/7/2026;;;;;;;;;;03 Cert Mensual;En curso;Verde;C25
00377-YPF 3° loop;1000080444;50;ZPAN;03 TRANSPORTE PERSON;;0;;;;ASABATINO;1048595;COMBI X 19 PAX LINEA;6;3,5;6;0;2,5;5000179539;6/7/2026;Servicios;CUMPLIDO PARCIAL;CUATRODEC SERVICIOS S.A.;MR01;30/9/2026;6/1/2026;10139618;80;1;11/1/2026;12/1/2026;C25;4500117387;50;0377;1;MPITTIA;14/1/2026;30/9/2026;C25;4;6/7/2026;;;;;;;;;;03 Cert Mensual;En curso;Verde;C25
00377-YPF 3° loop;1000080444;60;ZPAN;03 TRANSPORTE PERSON;;0;;;;ASABATINO;1048595;COMBI X 19 PAX LINEA;6;3;6;0;3;5000179539;6/7/2026;Servicios;CUMPLIDO PARCIAL;CUATRODEC SERVICIOS S.A.;MR01;30/9/2026;6/1/2026;10139618;90;1;11/1/2026;12/1/2026;C25;4500117387;60;0377;1;MPITTIA;14/1/2026;30/9/2026;C25;3;6/7/2026;;;;;;;;;;03 Cert Mensual;En curso;Verde;C25
00377-YPF 3° loop;1000080444;70;ZPAN;03 TRANSPORTE PERSON;;0;;;;ASABATINO;1048595;COMBI X 19 PAX;8;5,56;8;0;2,44;5000179539;6/7/2026;Servicios;CUMPLIDO PARCIAL;CUATRODEC SERVICIOS S.A.;MR01;30/9/2026;6/1/2026;10139618;100;1;11/1/2026;12/1/2026;C25;4500117387;70;0377;1;MPITTIA;14/1/2026;30/9/2026;C25;7;6/7/2026;;;;;;;;;;03 Cert Mensual;En curso;Verde;C25
00377-YPF 3° loop;1000080444;80;ZPAN;03 TRANSPORTE PERSON;;0;;;;ASABATINO;1048595;COMBI X 19 PAX;8;4,86;8;0;3,14;5000179539;6/7/2026;Servicios;CUMPLIDO PARCIAL;CUATRODEC SERVICIOS S.A.;MR01;30/9/2026;6/1/2026;10139618;110;1;11/1/2026;12/1/2026;C25;4500117387;80;0377;1;MPITTIA;14/1/2026;30/9/2026;C25;7;6/7/2026;;;;;;;;;;03 Cert Mensual;En curso;Verde;C25
00377-YPF 3° loop;1000080444;90;ZPAN;03 TRANSPORTE PERSON;;0;;;;ASABATINO;1022295;KMS EXCEDENTES;4480;0;4480;0;4480;;;Servicios;ADJUDICADO;CUATRODEC SERVICIOS S.A.;MR01;30/9/2026;6/1/2026;10139618;120;1;11/1/2026;12/1/2026;C25;4500117387;90;0377;1;MPITTIA;14/1/2026;30/9/2026;C25;0;;;;;;;;;;;03 Cert Mensual;En curso;;C25
00377-YPF 3° loop;1000080444;100;ZPAN;03 TRANSPORTE PERSON;;0;;;;ASABATINO;1022295;ADICIONAL FERIADO/DOMINGO;28;28;28;0;0;5000179539;6/7/2026;Servicios;CUMPLIDO;CUATRODEC SERVICIOS S.A.;MR01;30/9/2026;6/1/2026;10139618;130;1;11/1/2026;12/1/2026;C25;4500117387;100;0377;1;MPITTIA;14/1/2026;30/9/2026;C25;3;6/7/2026;;;;;;;;;;03 Cert Mensual;En curso - Total recepcionado;;C25
00377-YPF 3° loop;1000080444;110;ZPAN;03 TRANSPORTE PERSON;;0;;;;ASABATINO;1048595;COMBI X 19 PAX;4;3,16;4;0;0,84;5000175250;2/6/2026;Servicios;CUMPLIDO PARCIAL;CUATRODEC SERVICIOS S.A.;MR01;30/9/2026;6/1/2026;10139618;140;1;12/1/2026;12/1/2026;C25;4500117387;110;0377;1;MPITTIA;14/1/2026;30/9/2026;C25;5;2/6/2026;;;;;;;;;;03 Cert Mensual;En curso;Rojo;C25
00377-YPF 3° loop;1000080444;120;ZPAN;03 TRANSPORTE PERSON;;0;;;;ASABATINO;1048595;COMBI X 19 PAX;4;1,67;4;0;2,33;5000179539;6/7/2026;Servicios;CUMPLIDO PARCIAL;CUATRODEC SERVICIOS S.A.;MR01;30/9/2026;6/1/2026;10139618;150;1;12/1/2026;12/1/2026;C25;4500117387;120;0377;1;MPITTIA;14/1/2026;30/9/2026;C25;2;6/7/2026;;;;;;;;;;03 Cert Mensual;En curso;Verde;C25
00377-YPF 3° loop;1000080474;10;ZPAN;03 SERV. PALEONTOLOG;;0;;;;ASABATINO;1035446;SERVICIO MENSUAL DE PALEONTOLOGIA;8;4;8;0;4;5000179931;8/7/2026;Servicios;CUMPLIDO PARCIAL;CARBALLIDO JOSE LUIS;MR01;31/8/2026;6/1/2026;10139662;10;1;6/1/2026;6/1/2026;C26;4500116871;10;0377;1;AGONZALEZ;8/1/2026;31/8/2026;C26;4;8/7/2026;;;;;;;;;;03 Cert Mensual;En curso - Próximo a vencer;Verde;C26
00377-YPF 3° loop;1000080474;20;ZPAN;03 SERV. PALEONTOLOG;;0;;;;ASABATINO;1022295;INFORME INICIAL (ESTUDIO IMPACTO PALEONT;1;1;1;0;0;5000164842;10/3/2026;Servicios;CUMPLIDO;CARBALLIDO JOSE LUIS;MR01;31/8/2026;6/1/2026;10139662;20;1;6/1/2026;6/1/2026;C26;4500116871;20;0377;1;AGONZALEZ;8/1/2026;31/8/2026;C26;1;10/3/2026;;;;;;;;;;03 Cert Mensual;En curso - Próximo a vencer;Rojo;C26
00377-YPF 3° loop;1000080474;30;ZPAN;03 SERV. PALEONTOLOG;;0;;;;ASABATINO;1022295;INFORME FINAL;1;0;1;0;1;;;Servicios;ADJUDICADO;CARBALLIDO JOSE LUIS;MR01;31/8/2026;6/1/2026;10139662;30;1;6/1/2026;6/1/2026;C26;4500116871;30;0377;1;AGONZALEZ;8/1/2026;31/8/2026;C26;0;;;;;;;;;;;03 Cert Mensual;En curso - Próximo a vencer;;C26
00377-YPF 3° loop;1000080591;10;ZPAN;03 SERV AGUA RIEGO -;;0;;;;ASABATINO;1026120;SERV DE PROV DE AGUA NO POTABLE;10000000;7500000;10000000;0;2500000;5000179933;8/7/2026;Servicios;CUMPLIDO PARCIAL;CONSORCIO DE RIEGO CAMPO GRANDE;MR01;31/8/2026;8/1/2026;10139843;10;1;8/1/2026;8/1/2026;C25;4500117978;10;0377;1;MPITTIA;20/1/2026;31/8/2026;C25;5;8/7/2026;;;;;;;;;;03 Cert Mensual;En curso - Próximo a vencer;Verde;C25
00377-YPF 3° loop;1000080874;10;ZPAN;03 SERV CONS. AMBIEN;;0;;;;RTELLO;1042362;RESPONSABLE MEDIO AMBIENTE X MES;6;4;6;0;2;5000179938;8/7/2026;Servicios;CUMPLIDO PARCIAL;STEP ENERGY S. A. S.;MR01;31/8/2026;12/1/2026;10140142;10;1;12/1/2026;12/1/2026;C25;4500120551;10;0377;2;MPITTIA;23/2/2026;31/8/2026;C25;6;8/7/2026;;;;;;;;;;03 Cert Mensual;En curso - Próximo a vencer;Verde;C25
00377-YPF 3° loop;1000080875;10;ZPAN;03 SERVICIO RADIOS;;0;;;;ASABATINO;1048594;SERV. DE RADIOS TETRA  X MES (18 TERMI.);176;131;176;0;45;5000179935;8/7/2026;Servicios;CUMPLIDO PARCIAL;INTEPLA SRL;MR01;30/9/2026;12/1/2026;10140144;10;1;12/1/2026;12/1/2026;C25;4500117684;10;0377;1;MPITTIA;16/1/2026;30/9/2026;C25;8;8/7/2026;;;;;;;;;;03 Cert Mensual;En curso;Verde;C25
00377-YPF 3° loop;1000080875;20;ZPAN;03 SERVICIO RADIOS;;0;;;;ASABATINO;1048591;SERV. DE RADIOS TETRA XMES (1 TERMINAL);8;6;8;0;2;5000179935;8/7/2026;Servicios;CUMPLIDO PARCIAL;INTEPLA SRL;MR01;30/9/2026;12/1/2026;10140144;20;1;12/1/2026;12/1/2026;C25;4500117684;20;0377;1;MPITTIA;16/1/2026;30/9/2026;C25;6;8/7/2026;;;;;;;;;;03 Cert Mensual;En curso;Verde;C25
00377-YPF 3° loop;1000080875;30;ZPAN;03 SERVICIO RADIOS;;0;;;;ASABATINO;1022295;PROGR./INSTALACION EN CAMIONETAS;15;15;15;0;0;5000160988;4/2/2026;Servicios;CUMPLIDO;INTEPLA SRL;MR01;30/9/2026;12/1/2026;10140144;30;1;12/1/2026;12/1/2026;C25;4500117684;30;0377;1;MPITTIA;16/1/2026;30/9/2026;C25;1;4/2/2026;;;;;;;;;;03 Cert Mensual;En curso - Total recepcionado;;C25
00377-YPF 3° loop;1000080875;40;ZPAN;03 SERVICIO RADIOS;;0;;;;ASABATINO;1022295;PROGR./INSTALACION EN CAMION/MAQ.VIAL;7;1;7;0;6;5000162539;19/2/2026;Servicios;CUMPLIDO PARCIAL;INTEPLA SRL;MR01;30/9/2026;12/1/2026;10140144;40;1;12/1/2026;12/1/2026;C25;4500117684;40;0377;1;MPITTIA;16/1/2026;30/9/2026;C25;3;19/2/2026;;;;;;;;;;03 Cert Mensual;En curso;Rojo;C25
00377-YPF 3° loop;1000080875;50;ZPAN;03 SERVICIO RADIOS;;0;;;;ASABATINO;1022295;PROGR./INSTALACION EQ.TETRA FIJA OBRADOR;1;1;1;0;0;5000160988;4/2/2026;Servicios;CUMPLIDO;INTEPLA SRL;MR01;30/9/2026;12/1/2026;10140144;50;1;12/1/2026;12/1/2026;C25;4500117684;50;0377;1;MPITTIA;16/1/2026;30/9/2026;C25;1;4/2/2026;;;;;;;;;;03 Cert Mensual;En curso - Total recepcionado;;C25
00377-YPF 3° loop;1000080931;10;ZPAN;CONT INSPEC YPF;;20;;;;RTELLO;1033267;SERV ALQ CONT x 12 MTS OFICINA S/DETALLE;8;4,617;8;0;3,383;5000179569;6/7/2026;Servicios;CUMPLIDO PARCIAL;JORGE ALBERTO SOTO S.A.S.;MR01;31/8/2026;13/1/2026;10140217;10;1;13/1/2026;13/1/2026;C04;4500117290;10;0377;1;WVENTURINI;13/1/2026;31/8/2026;C04;6;6/7/2026;;;;;;;;;;Sin aclaración;En curso - Próximo a vencer;;C04
00377-YPF 3° loop;1000080931;20;ZPAN;CONT INSPEC YPF;;20;;;;RTELLO;1033267;SERV ALQ CONT x 12 MTS OFI/COMEDOR;8;5,5;8;0;2,5;5000179569;6/7/2026;Servicios;CUMPLIDO PARCIAL;JORGE ALBERTO SOTO S.A.S.;MR01;31/8/2026;13/1/2026;10140217;20;1;13/1/2026;13/1/2026;C04;4500117290;20;0377;1;WVENTURINI;13/1/2026;31/8/2026;C04;6;6/7/2026;;;;;;;;;;Sin aclaración;En curso - Próximo a vencer;;C04
00377-YPF 3° loop;1000080971;20;ZPAN;03 SERV BAÑOS QUIMIC;;0;;;;RTELLO;1013136;SERVICIO LIMPIEZA DESAGOTE BANO QUIMICO;1500;1249;1500;0;251;5000179583;6/7/2026;Servicios;CUMPLIDO PARCIAL;DASH SRL;MR01;31/8/2026;13/1/2026;10140277;20;1;13/1/2026;18/2/2026;C25;4500118762;20;0377;1;MPITTIA;29/1/2026;1/7/2026;C25;6;6/7/2026;;;;;;;;;;03 Cert Mensual;En curso - Próximo a vencer;Verde;C25
00377-YPF 3° loop;1000080971;40;ZPAN;03 SERV BAÑOS QUIMIC;;0;;;;RTELLO;1022295;FLETE ENTREGA BAÑO QUIM EN VEHI PESADO;10;1;10;0;9;5000168078;7/4/2026;Servicios;CUMPLIDO PARCIAL;DASH SRL;MR01;31/8/2026;13/1/2026;10140277;40;1;13/3/2026;13/3/2026;C25;4500123147;30;0377;1;MPITTIA;23/3/2026;31/8/2026;C25;1;7/4/2026;;;;;;;;;;03 Cert Mensual;En curso - Próximo a vencer;Rojo;C25
00377-YPF 3° loop;1000080971;50;ZPAN;03 SERV BAÑOS QUIMIC;;0;;;;RTELLO;1022295;FLETE RETIRO BAÑO QUIM VEHI PESADO X 10U;10;2;10;0;8;5000168433;9/4/2026;Servicios;CUMPLIDO PARCIAL;DASH SRL;MR01;31/8/2026;13/1/2026;10140277;50;1;13/3/2026;13/3/2026;C25;4500123147;40;0377;1;MPITTIA;23/3/2026;31/8/2026;C25;2;9/4/2026;;;;;;;;;;03 Cert Mensual;En curso - Próximo a vencer;Rojo;C25
00377-YPF 3° loop;1000081143;10;ZPAN;03 SERV AGUA POTABLE;;0;;;;ASABATINO;1025992;ALQUILER DISPENSER FRIO CALOR x MES;80;3,3;80;0;76,7;5000160953;4/2/2026;Servicios;CUMPLIDO PARCIAL;ABIUSI ANALIA VERONICA;MR01;31/8/2026;16/1/2026;10140535;10;1;16/1/2026;16/1/2026;C25;4500118273;10;0377;1;MPITTIA;23/1/2026;31/8/2026;C25;1;4/2/2026;;;;;;;;;;03 Cert Mensual;En curso - Próximo a vencer;Rojo;C25
00377-YPF 3° loop;1000081143;20;ZPAN;03 SERV AGUA POTABLE;;0;;;;ASABATINO;1010725;BIDON DE AGUA 20 L.;1000;1000;1000;0;0;5000172629;12/5/2026;Materiales usuales;ALMACENADO;ABIUSI ANALIA VERONICA;MR01;31/8/2026;16/1/2026;10140535;20;1;16/1/2026;16/1/2026;C25;4500118273;20;0377;1;MPITTIA;23/1/2026;31/8/2026;C25;4;12/5/2026;;;;;;;;;;03 Cert Mensual;En curso - Próximo a vencer;Rojo;C25
00377-YPF 3° loop;1000081143;30;ZPAN;03 SERV AGUA POTABLE;;0;;;;ASABATINO;1017912;ALQUILER DE FREZZER CHICO X MES;5;1;5;0;4;5000160953;4/2/2026;Servicios;CUMPLIDO PARCIAL;ABIUSI ANALIA VERONICA;MR01;31/8/2026;16/1/2026;10140535;30;1;16/1/2026;16/1/2026;C25;4500118273;30;0377;1;MPITTIA;23/1/2026;31/8/2026;C25;1;4/2/2026;;;;;;;;;;03 Cert Mensual;En curso - Próximo a vencer;Rojo;C25
00377-YPF 3° loop;1000081143;40;ZPAN;03 SERV AGUA POTABLE;;0;;;;ASABATINO;1017912;HIELO POR BOLSON X 2 KG;1000;1000;1000;0;0;5000172629;12/5/2026;Servicios;CUMPLIDO;ABIUSI ANALIA VERONICA;MR01;31/8/2026;16/1/2026;10140535;40;1;16/1/2026;16/1/2026;C25;4500118273;40;0377;1;MPITTIA;23/1/2026;31/8/2026;C25;4;12/5/2026;;;;;;;;;;03 Cert Mensual;En curso - Próximo a vencer;Rojo;C25
00377-YPF 3° loop;1000081157;10;ZPAN;03 CONT RESIDUOS;;0;;;;RTELLO;1035384;ALQ CONT RESIDUOS C/TAPA X UN;32;15,6;32;0;16,4;5000177858;23/6/2026;Servicios;CUMPLIDO PARCIAL;SOLUCIONES AMBIENTALES PATAGONIA;MR01;31/8/2026;16/1/2026;10140539;10;1;16/1/2026;16/1/2026;C25;4500118506;10;0377;1;MPITTIA;27/1/2026;31/8/2026;C25;2;23/6/2026;;;;;;;;;;03 Cert Mensual;En curso - Próximo a vencer;Verde;C25
00377-YPF 3° loop;1000081157;20;ZPAN;03 CONT RESIDUOS;;0;;;;RTELLO;1035384;ALQ CONT RESIDUOS S/TAPA X UN;16;15,21;16;0;0,79;5000172428;9/5/2026;Servicios;CUMPLIDO PARCIAL;SOLUCIONES AMBIENTALES PATAGONIA;MR01;31/8/2026;16/1/2026;10140539;20;1;16/1/2026;16/1/2026;C25;4500118506;20;0377;1;MPITTIA;27/1/2026;31/8/2026;C25;2;9/5/2026;;;;;;;;;;03 Cert Mensual;En curso - Próximo a vencer;Rojo;C25
00377-YPF 3° loop;1000081157;30;ZPAN;03 CONT RESIDUOS;;0;;;;RTELLO;1022295;TRAT. RESI PELIGROSOS Y5 X TN;1;0;1;0;1;;;Servicios;ADJUDICADO;SOLUCIONES AMBIENTALES PATAGONIA;MR01;31/8/2026;16/1/2026;10140539;30;1;16/1/2026;16/1/2026;C25;4500118506;30;0377;1;MPITTIA;27/1/2026;31/8/2026;C25;0;;;;;;;;;;;03 Cert Mensual;En curso - Próximo a vencer;;C25
00377-YPF 3° loop;1000081157;40;ZPAN;03 CONT RESIDUOS;;0;;;;RTELLO;1022295;TRAT. RESI PELIGROSOS Y44 X TN;1;0;1;0;1;;;Servicios;ADJUDICADO;SOLUCIONES AMBIENTALES PATAGONIA;MR01;31/8/2026;16/1/2026;10140539;40;1;16/1/2026;16/1/2026;C25;4500118506;40;0377;1;MPITTIA;27/1/2026;31/8/2026;C25;0;;;;;;;;;;;03 Cert Mensual;En curso - Próximo a vencer;;C25
00377-YPF 3° loop;1000081157;50;ZPAN;03 CONT RESIDUOS;;0;;;;RTELLO;1022295;TRAT. RESI PELIGROSOS Y15 X TN;1;1;1;0;0;5000177858;23/6/2026;Servicios;CUMPLIDO;SOLUCIONES AMBIENTALES PATAGONIA;MR01;31/8/2026;16/1/2026;10140539;50;1;16/1/2026;16/1/2026;C25;4500118506;50;0377;1;MPITTIA;27/1/2026;31/8/2026;C25;1;23/6/2026;;;;;;;;;;03 Cert Mensual;En curso - Próximo a vencer;Verde;C25
00377-YPF 3° loop;1000081157;60;ZPAN;03 CONT RESIDUOS;;0;;;;RTELLO;1022295;TRAT. RESI NO PELIGROSOS - DOMICILIAROS;1;1;1;0;0;5000166895;26/3/2026;Servicios;CUMPLIDO;SOLUCIONES AMBIENTALES PATAGONIA;MR01;31/8/2026;16/1/2026;10140539;60;1;16/1/2026;16/1/2026;C25;4500118506;60;0377;1;MPITTIA;27/1/2026;31/8/2026;C25;1;26/3/2026;;;;;;;;;;03 Cert Mensual;En curso - Próximo a vencer;Rojo;C25
00377-YPF 3° loop;1000081157;70;ZPAN;03 CONT RESIDUOS;;0;;;;RTELLO;1022295;TRAT. RESI NO PELIGROSOS - SECOS X TN;1;1;1;0;0;5000166895;26/3/2026;Servicios;CUMPLIDO;SOLUCIONES AMBIENTALES PATAGONIA;MR01;31/8/2026;16/1/2026;10140539;70;1;16/1/2026;16/1/2026;C25;4500118506;70;0377;1;MPITTIA;27/1/2026;31/8/2026;C25;1;26/3/2026;;;;;;;;;;03 Cert Mensual;En curso - Próximo a vencer;Rojo;C25
00377-YPF 3° loop;1000081157;80;ZPAN;03 CONT RESIDUOS;;0;;;;RTELLO;1022295;TRAT. RESI INDUST - NO ESPECIALES X TN;1;1;1;0;0;5000166895;26/3/2026;Servicios;CUMPLIDO;SOLUCIONES AMBIENTALES PATAGONIA;MR01;31/8/2026;16/1/2026;10140539;80;1;16/1/2026;16/1/2026;C25;4500118506;80;0377;1;MPITTIA;27/1/2026;31/8/2026;C25;1;26/3/2026;;;;;;;;;;03 Cert Mensual;En curso - Próximo a vencer;Rojo;C25
00377-YPF 3° loop;1000081157;90;ZPAN;03 CONT RESIDUOS;;0;;;;RTELLO;1022295;TRASLADO RESI PELIGROSOS x KM;5;2,253;5;0;2,747;5000179531;6/7/2026;Servicios;CUMPLIDO PARCIAL;SOLUCIONES AMBIENTALES PATAGONIA;MR01;31/8/2026;16/1/2026;10140539;90;1;16/1/2026;16/1/2026;C25;4500118506;90;0377;1;MPITTIA;27/1/2026;31/8/2026;C25;2;6/7/2026;;;;;;;;;;03 Cert Mensual;En curso - Próximo a vencer;Verde;C25
00377-YPF 3° loop;1000081511;10;ZPAN;04 SUBC. SOLDADURA;;0;;;;ASABATINO;1042083;"Soldadura LR - Caño 24""Ø X70 2 CC 9.52";3521;3521;3521;0;0;5000172144;7/5/2026;Servicios;CUMPLIDO;CATEX SRL;MR01;31/8/2026;22/1/2026;10141079;10;1;22/1/2026;22/1/2026;C26;4500118251;10;0377;1;AGONZALEZ;22/1/2026;31/8/2026;C26;4;7/5/2026;;;;;;;;;;04 Cert a Demanda;En curso - Próximo a vencer;;C26
00377-YPF 3° loop;1000081511;20;ZPAN;04 SUBC. SOLDADURA;;0;;;;ASABATINO;1042083;"Soldadura LR - Caño 24""Ø X70 2 CC 14.27";55;55;55;0;0;5000172144;7/5/2026;Servicios;CUMPLIDO;CATEX SRL;MR01;31/8/2026;22/1/2026;10141079;20;1;22/1/2026;22/1/2026;C26;4500118251;20;0377;1;AGONZALEZ;22/1/2026;31/8/2026;C26;2;7/5/2026;;;;;;;;;;04 Cert a Demanda;En curso - Próximo a vencer;;C26
00377-YPF 3° loop;1000081511;50;ZPAN;04 SUBC. SOLDADURA;;0;;;;ASABATINO;1042083;"Empalmes/Cruces Especiales - Caño 24"" Ø";1;1;1;0;0;5000166613;25/3/2026;Servicios;CUMPLIDO;CATEX SRL;MR01;31/8/2026;22/1/2026;10141079;50;1;22/1/2026;22/1/2026;C26;4500118251;50;0377;1;AGONZALEZ;22/1/2026;31/8/2026;C26;1;25/3/2026;;;;;;;;;;04 Cert a Demanda;En curso - Próximo a vencer;;C26
00377-YPF 3° loop;1000081511;60;ZPAN;04 SUBC. SOLDADURA;;0;;;;ASABATINO;1042083;"Empalme/Cruces Especiales - Caño 24"" Ø";1;1;1;0;0;5000166613;25/3/2026;Servicios;CUMPLIDO;CATEX SRL;MR01;31/8/2026;22/1/2026;10141079;60;1;22/1/2026;22/1/2026;C26;4500118251;60;0377;1;AGONZALEZ;22/1/2026;31/8/2026;C26;1;25/3/2026;;;;;;;;;;04 Cert a Demanda;En curso - Próximo a vencer;;C26
00377-YPF 3° loop;1000081511;70;ZPAN;04 SUBC. SOLDADURA;;0;;;;ASABATINO;1042083;"Revestimiento LR - Caño 24"" Ø  X70 2 CC";3562;3562;3562;0;0;5000172144;7/5/2026;Servicios;CUMPLIDO;CATEX SRL;MR01;31/8/2026;22/1/2026;10141079;70;1;22/1/2026;22/1/2026;C26;4500118251;70;0377;1;AGONZALEZ;22/1/2026;31/8/2026;C26;4;7/5/2026;;;;;;;;;;04 Cert a Demanda;En curso - Próximo a vencer;;C26
00377-YPF 3° loop;1000081511;160;ZPAN;04 SUBC. SOLDADURA;;0;;;;ASABATINO;1035446;Alquiler Semi c/ Hidrogrua x mes;3;3;3;0;0;5000169752;20/4/2026;Servicios;CUMPLIDO;CATEX SRL;MR01;31/8/2026;22/1/2026;10141079;160;1;22/1/2026;22/1/2026;C26;4500118462;60;0377;1;AGONZALEZ;26/1/2026;31/8/2026;C26;3;20/4/2026;;;;;;;;;;04 Cert a Demanda;En curso - Próximo a vencer;;C26
00377-YPF 3° loop;1000081511;170;ZPAN;04 SUBC. SOLDADURA;;0;;;;ASABATINO;1035446;Alquiler Semi c/ Hidrogrua x mes;3;3;3;0;0;5000169752;20/4/2026;Servicios;CUMPLIDO;CATEX SRL;MR01;31/8/2026;22/1/2026;10141079;170;1;22/1/2026;22/1/2026;C26;4500118462;70;0377;1;AGONZALEZ;26/1/2026;31/8/2026;C26;3;20/4/2026;;;;;;;;;;04 Cert a Demanda;En curso - Próximo a vencer;;C26
00377-YPF 3° loop;1000081571;10;ZPAN;04 ENSAYOS NO DESTRU;;0;;;;ASABATINO;1042079;GAMMAGRAFIA Ø24 SCH 60 24,60 mm.;34;0;34;0;34;;;Servicios;ADJUDICADO;CAEFE S.A.;MR01;31/8/2026;22/1/2026;10141171;10;1;22/1/2026;23/1/2026;C26;4500118334;10;0377;1;AGONZALEZ;23/1/2026;31/8/2026;C26;0;;;;;;;;;;;04 Cert a Demanda;En curso - Próximo a vencer;;C26
00377-YPF 3° loop;1000081571;20;ZPAN;04 ENSAYOS NO DESTRU;;0;;;;ASABATINO;1042079;GAMMAGRAFIA Ø24 SCH 30 14,27 mm.;24;19;24;0;5;5000179601;6/7/2026;Servicios;CUMPLIDO PARCIAL;CAEFE S.A.;MR01;31/8/2026;22/1/2026;10141171;20;1;22/1/2026;23/1/2026;C26;4500118334;20;0377;1;AGONZALEZ;23/1/2026;31/8/2026;C26;2;6/7/2026;;;;;;;;;;04 Cert a Demanda;En curso - Próximo a vencer;;C26
00377-YPF 3° loop;1000081571;30;ZPAN;04 ENSAYOS NO DESTRU;;0;;;;ASABATINO;1042079;GAMMAGRAFIA Ø16 SCH 80 21,04 mm.;38;26;38;0;12;5000179601;6/7/2026;Servicios;CUMPLIDO PARCIAL;CAEFE S.A.;MR01;31/8/2026;22/1/2026;10141171;30;1;22/1/2026;23/1/2026;C26;4500118334;30;0377;1;AGONZALEZ;23/1/2026;31/8/2026;C26;2;6/7/2026;;;;;;;;;;04 Cert a Demanda;En curso - Próximo a vencer;;C26
00377-YPF 3° loop;1000081571;40;ZPAN;04 ENSAYOS NO DESTRU;;0;;;;ASABATINO;1042079;GAMMAGRAFIA Ø16 SCH 30 9,52 mm.;10;0;10;0;10;;;Servicios;ADJUDICADO;CAEFE S.A.;MR01;31/8/2026;22/1/2026;10141171;40;1;22/1/2026;23/1/2026;C26;4500118334;40;0377;1;AGONZALEZ;23/1/2026;31/8/2026;C26;0;;;;;;;;;;;04 Cert a Demanda;En curso - Próximo a vencer;;C26
00377-YPF 3° loop;1000081571;50;ZPAN;04 ENSAYOS NO DESTRU;;0;;;;ASABATINO;1042079;GAMMAGRAFIA Ø10 SCH 80 15,09 mm.;18;3;18;0;15;5000179601;6/7/2026;Servicios;CUMPLIDO PARCIAL;CAEFE S.A.;MR01;31/8/2026;22/1/2026;10141171;50;1;22/1/2026;23/1/2026;C26;4500118334;50;0377;1;AGONZALEZ;23/1/2026;31/8/2026;C26;1;6/7/2026;;;;;;;;;;04 Cert a Demanda;En curso - Próximo a vencer;;C26
00377-YPF 3° loop;1000081571;60;ZPAN;04 ENSAYOS NO DESTRU;;0;;;;ASABATINO;1042079;GAMMAGRAFIA Ø 8 SCH 80 12,7 mm.;20;20;20;0;0;5000179601;6/7/2026;Servicios;CUMPLIDO;CAEFE S.A.;MR01;31/8/2026;22/1/2026;10141171;60;1;22/1/2026;23/1/2026;C26;4500118334;60;0377;1;AGONZALEZ;23/1/2026;31/8/2026;C26;2;6/7/2026;;;;;;;;;;04 Cert a Demanda;En curso - Próximo a vencer;;C26
00377-YPF 3° loop;1000081571;70;ZPAN;04 ENSAYOS NO DESTRU;;0;;;;ASABATINO;1042079;GAMMAGRAFIA Ø 4 SCH 40 6,02 mm.;84;53;84;0;31;5000177863;23/6/2026;Servicios;CUMPLIDO PARCIAL;CAEFE S.A.;MR01;31/8/2026;22/1/2026;10141171;70;1;22/1/2026;23/1/2026;C26;4500118334;70;0377;1;AGONZALEZ;23/1/2026;31/8/2026;C26;1;23/6/2026;;;;;;;;;;04 Cert a Demanda;En curso - Próximo a vencer;;C26
00377-YPF 3° loop;1000081571;80;ZPAN;04 ENSAYOS NO DESTRU;;0;;;;ASABATINO;1042079;GAMMAGRAFIA Ø 3 SCH 40 5,49 mm.;5;0;5;0;5;;;Servicios;ADJUDICADO;CAEFE S.A.;MR01;31/8/2026;22/1/2026;10141171;80;1;22/1/2026;23/1/2026;C26;4500118334;80;0377;1;AGONZALEZ;23/1/2026;31/8/2026;C26;0;;;;;;;;;;;04 Cert a Demanda;En curso - Próximo a vencer;;C26
00377-YPF 3° loop;1000081571;90;ZPAN;04 ENSAYOS NO DESTRU;;0;;;;ASABATINO;1042079;GAMMAGRAFIA Ø 2 SCH 80 5,55 mm.;72;29;72;0;43;5000179601;6/7/2026;Servicios;CUMPLIDO PARCIAL;CAEFE S.A.;MR01;31/8/2026;22/1/2026;10141171;90;1;22/1/2026;23/1/2026;C26;4500118334;90;0377;1;AGONZALEZ;23/1/2026;31/8/2026;C26;1;6/7/2026;;;;;;;;;;04 Cert a Demanda;En curso - Próximo a vencer;;C26
00377-YPF 3° loop;1000081571;100;ZPAN;04 ENSAYOS NO DESTRU;;0;;;;ASABATINO;1042079;GAMMAGRAFIA Ø 2 SCH 40 3,91 mm.;10;7;10;0;3;5000168517;10/4/2026;Servicios;CUMPLIDO PARCIAL;CAEFE S.A.;MR01;31/8/2026;22/1/2026;10141171;100;1;22/1/2026;23/1/2026;C26;4500118334;100;0377;1;AGONZALEZ;23/1/2026;31/8/2026;C26;1;10/4/2026;;;;;;;;;;04 Cert a Demanda;En curso - Próximo a vencer;;C26
00377-YPF 3° loop;1000081571;110;ZPAN;04 ENSAYOS NO DESTRU;;0;;;;ASABATINO;1042079;LIQUIDOS PENETRANTES;50;37,2;50;0;12,8;5000179601;6/7/2026;Servicios;CUMPLIDO PARCIAL;CAEFE S.A.;MR01;31/8/2026;22/1/2026;10141171;110;1;22/1/2026;23/1/2026;C26;4500118334;110;0377;1;AGONZALEZ;23/1/2026;31/8/2026;C26;4;6/7/2026;;;;;;;;;;04 Cert a Demanda;En curso - Próximo a vencer;;C26
00377-YPF 3° loop;1000081571;120;ZPAN;04 ENSAYOS NO DESTRU;;0;;;;ASABATINO;1042079;SERVCIO DIARIO DE GAMMAGRAFÍA EXT;60;28,2;60;0;31,8;5000179601;6/7/2026;Servicios;CUMPLIDO PARCIAL;CAEFE S.A.;MR01;31/8/2026;22/1/2026;10141171;120;1;22/1/2026;23/1/2026;C26;4500118334;120;0377;1;AGONZALEZ;23/1/2026;31/8/2026;C26;3;6/7/2026;;;;;;;;;;04 Cert a Demanda;En curso - Próximo a vencer;;C26
00377-YPF 3° loop;1000081571;130;ZPAN;04 ENSAYOS NO DESTRU;;0;;;;ASABATINO;1042079;SERVICIO DIARIO DE ULTRASONIDO (SAUT/PH;125;125;125;0;0;5000171831;6/5/2026;Servicios;CUMPLIDO;CAEFE S.A.;MR01;31/8/2026;22/1/2026;10141171;130;1;22/1/2026;23/1/2026;C26;4500118334;130;0377;1;AGONZALEZ;23/1/2026;31/8/2026;C26;4;6/5/2026;;;;;;;;;;04 Cert a Demanda;En curso - Próximo a vencer;;C26
00377-YPF 3° loop;1000081633;10;ZPAN;ALQ IMPRESORAS;;0;;;;RTELLO;1026136;ALQ IMPRESORA MULTIF BYN A4 X MES;3;3;3;0;0;5000171785;6/5/2026;Servicios;CUMPLIDO;PRINTER SRL;MR01;31/8/2026;23/1/2026;10141243;10;1;23/1/2026;2/6/2026;C25;4500119456;10;0377;1;MPITTIA;5/2/2026;31/8/2026;C25;3;6/5/2026;;;;;;;;;;Sin aclaración;En curso - Próximo a vencer;;C25
00377-YPF 3° loop;1000081774;10;ZPAN;04 PROVISION SGFV;;0;;;;RTELLO;1012829;SISTEMA FV OFF GRID;4;1,2;4;0;2,8;5000174761;29/5/2026;Materiales genericos;RECEPCIONADO PARCIAL;CONTROL POINT S.A.;MR01;31/7/2026;26/1/2026;10141435;10;1;26/1/2026;27/1/2026;C26;4500118696;10;0377;1;AGONZALEZ;28/1/2026;31/7/2026;C26;1;29/5/2026;;;;;;;;;;04 Cert a Demanda;En curso - Próximo a vencer;;C26
00377-YPF 3° loop;1000082023;10;ZPAN;EQUIP TRAILER YPF;;0;;;;RTELLO;1026315;ALQ IMP RICOH IM C2000(A3/A4) COLOR XMES;3;3;3;0;0;5000171784;6/5/2026;Servicios;CUMPLIDO;PRINTER SRL;MR01;31/8/2026;29/1/2026;10141757;10;1;29/1/2026;2/6/2026;C25;4500119459;10;0377;1;MPITTIA;5/2/2026;31/8/2026;C25;3;6/5/2026;;;;;;;;;;Sin aclaración;En curso - Próximo a vencer;;C25
00377-YPF 3° loop;1000082320;10;ZPAN;04 PUENTE GRUA;;0;;;;RTELLO;1042362;PUENTE GRUA DE TRASLADO E IZAJE MANUAL;1;1;1;0;0;5000180205;11/7/2026;Servicios;CUMPLIDO;AGTB INGENIERIA SRL;MR01;31/7/2026;3/2/2026;10142153;10;1;3/2/2026;3/2/2026;C26;4500119892;10;0377;1;AGONZALEZ;11/2/2026;31/7/2026;C26;1;11/7/2026;;;;;;;;;;04 Cert a Demanda;En curso - Próximo a vencer;;C26
00377-YPF 3° loop;1000082320;20;ZPAN;04 PUENTE GRUA;;0;;;;RTELLO;1042362;PUENTE GRUA DE TRASLADO E IZAJE MOTORIZ.;1;1;1;0;0;5000180205;11/7/2026;Servicios;CUMPLIDO;AGTB INGENIERIA SRL;MR01;31/7/2026;3/2/2026;10142153;20;1;10/2/2026;11/2/2026;C26;4500119892;20;0377;1;AGONZALEZ;11/2/2026;31/7/2026;C26;1;11/7/2026;;;;;;;;;;04 Cert a Demanda;En curso - Próximo a vencer;;C26
00377-YPF 3° loop;1000082320;30;ZPAN;04 PUENTE GRUA;;0;;;;RTELLO;1042362;SISTEMA DE ALIMENTACION P/CARROS PORTABL;8;8;8;0;0;5000180205;11/7/2026;Servicios;CUMPLIDO;AGTB INGENIERIA SRL;MR01;31/7/2026;3/2/2026;10142153;30;1;10/2/2026;11/2/2026;C26;4500119892;30;0377;1;AGONZALEZ;11/2/2026;31/7/2026;C26;1;11/7/2026;;;;;;;;;;04 Cert a Demanda;En curso - Próximo a vencer;;C26
00377-YPF 3° loop;1000082320;40;ZPAN;04 PUENTE GRUA;;0;;;;RTELLO;1042362;PRUEBAS FAT EN PLANTA Y CERTIFICACION;2;2;2;0;0;5000180205;11/7/2026;Servicios;CUMPLIDO;AGTB INGENIERIA SRL;MR01;31/7/2026;3/2/2026;10142153;40;1;10/2/2026;11/2/2026;C26;4500119892;40;0377;1;AGONZALEZ;11/2/2026;31/7/2026;C26;1;11/7/2026;;;;;;;;;;04 Cert a Demanda;En curso - Próximo a vencer;;C26
00377-YPF 3° loop;1000082320;50;ZPAN;04 PUENTE GRUA;;0;;;;RTELLO;1042362;ESTRUCTURA DE TRASLACION C/VIGAS CARRILE;2;2;2;0;0;5000180205;11/7/2026;Servicios;CUMPLIDO;AGTB INGENIERIA SRL;MR01;31/7/2026;3/2/2026;10142153;50;1;10/2/2026;11/2/2026;C26;4500119892;50;0377;1;AGONZALEZ;11/2/2026;31/7/2026;C26;1;11/7/2026;;;;;;;;;;04 Cert a Demanda;En curso - Próximo a vencer;;C26
00377-YPF 3° loop;1000082320;60;ZPAN;04 PUENTE GRUA;;0;;;;RTELLO;1042362;TRASLADO;2;2;2;0;0;5000180205;11/7/2026;Servicios;CUMPLIDO;AGTB INGENIERIA SRL;MR01;31/7/2026;3/2/2026;10142153;60;1;10/2/2026;11/2/2026;C26;4500119892;60;0377;1;AGONZALEZ;11/2/2026;31/7/2026;C26;1;11/7/2026;;;;;;;;;;04 Cert a Demanda;En curso - Próximo a vencer;;C26
00377-YPF 3° loop;1000082320;70;ZPAN;04 PUENTE GRUA;;0;;;;RTELLO;1042362;INSTALACION;2;0;2;0;2;;;Servicios;ADJUDICADO;AGTB INGENIERIA SRL;MR01;31/7/2026;3/2/2026;10142153;70;1;10/2/2026;11/2/2026;C26;4500119892;70;0377;1;AGONZALEZ;11/2/2026;31/7/2026;C26;0;;;;;;;;;;;04 Cert a Demanda;En curso - Próximo a vencer;;C26
00377-YPF 3° loop;1000082502;10;ZPAN;03 SERV. MEDICO - AM;;0;;;;ASABATINO;1048518;SS AMBULANCIA ALTA COMPLEJIDAD XMES;7;4,214;7;0;2,786;5000179620;7/7/2026;Servicios;CUMPLIDO PARCIAL;DATUM S.A.;MR01;31/8/2026;6/2/2026;10142394;10;1;6/2/2026;6/2/2026;C25;4500119517;10;0377;1;MPITTIA;6/2/2026;31/8/2026;C25;5;7/7/2026;;;;;;;;;;03 Cert Mensual;En curso - Próximo a vencer;Verde;C25
00377-YPF 3° loop;1000082502;20;ZPAN;03 SERV. MEDICO - AM;;0;;;;ASABATINO;1048518;SS AMBULANCIA ALTA COMPLEJIDAD XMES;7;4,214;7;0;2,786;5000179620;7/7/2026;Servicios;CUMPLIDO PARCIAL;DATUM S.A.;MR01;31/8/2026;6/2/2026;10142394;20;1;6/2/2026;6/2/2026;C25;4500119517;20;0377;1;MPITTIA;6/2/2026;31/8/2026;C25;5;7/7/2026;;;;;;;;;;03 Cert Mensual;En curso - Próximo a vencer;Verde;C25
00377-YPF 3° loop;1000082502;30;ZPAN;03 SERV. MEDICO - AM;;0;;;;ASABATINO;1048518;TRAILER CON EQUIPAMIENTO X MES;7;4,214;7;0;2,786;5000179620;7/7/2026;Servicios;CUMPLIDO PARCIAL;DATUM S.A.;MR01;31/8/2026;6/2/2026;10142394;30;1;6/2/2026;6/2/2026;C25;4500119517;30;0377;1;MPITTIA;6/2/2026;31/8/2026;C25;5;7/7/2026;;;;;;;;;;03 Cert Mensual;En curso - Próximo a vencer;Verde;C25
00377-YPF 3° loop;1000082502;40;ZPAN;03 SERV. MEDICO - AM;;0;;;;ASABATINO;1012745;STOCK INICIAL MEDICAMENTOS;1;1;1;0;0;5000166053;19/3/2026;Materiales genericos;ALMACENADO;DATUM S.A.;MR01;31/8/2026;6/2/2026;10142394;40;1;6/2/2026;6/2/2026;C25;4500119517;40;0377;1;MPITTIA;6/2/2026;31/8/2026;C25;1;19/3/2026;;;;;;;;;;03 Cert Mensual;En curso - Próximo a vencer;Rojo;C25
00377-YPF 3° loop;1000082502;50;ZPAN;03 SERV. MEDICO - AM;;0;;;;ASABATINO;1027266;RECOLECCION RESIDUOS PATOLOGICOS;100;3;100;0;97;5000179620;7/7/2026;Servicios;CUMPLIDO PARCIAL;DATUM S.A.;MR01;31/8/2026;6/2/2026;10142394;70;1;6/2/2026;6/2/2026;C25;4500119517;60;0377;1;MPITTIA;6/2/2026;31/8/2026;C25;3;7/7/2026;;;;;;;;;;03 Cert Mensual;En curso - Próximo a vencer;Verde;C25
00377-YPF 3° loop;1000082502;60;ZPAN;03 SERV. MEDICO - AM;;0;;;;ASABATINO;1012745;PROVISION DE OXIGENO MEDICINAL;10;10;10;0;0;5000176359;10/6/2026;Materiales genericos;ALMACENADO;DATUM S.A.;MR01;31/8/2026;6/2/2026;10142394;60;1;6/2/2026;6/2/2026;C25;4500119517;50;0377;1;MPITTIA;6/2/2026;31/8/2026;C25;3;10/6/2026;;;;;;;;;;03 Cert Mensual;En curso - Próximo a vencer;Rojo;C25
00377-YPF 3° loop;1000082502;70;ZPAN;03 SERV. MEDICO - AM;;0;10;4;9/2/2026;ASABATINO;1013038;HORAS EXTRAS PERSONAL MEDICO;100;0;0;100;0;;;Servicios;CUMPLIDO;;MR01;31/8/2026;6/2/2026;10142394;80;1;6/2/2026;6/2/2026;C25;;0;;0;;;;;0;;;;;;;;;;;03 Cert Mensual;En curso - Próximo a vencer;;C25
00377-YPF 3° loop;1000082502;80;ZPAN;03 SERV. MEDICO - AM;;0;10;4;9/2/2026;ASABATINO;1013038;HORAS EXTRAS PERSONAL CHOFER/ENFERMERO;100;0;0;100;0;;;Servicios;CUMPLIDO;;MR01;31/8/2026;6/2/2026;10142394;90;1;6/2/2026;6/2/2026;C25;;0;;0;;;;;0;;;;;;;;;;;03 Cert Mensual;En curso - Próximo a vencer;;C25
00377-YPF 3° loop;1000082502;90;ZPAN;03 SERV. MEDICO - AM;;0;;;;ASABATINO;1027345;REPOSICION DE MEDICAMENTOS POR MES;7;6;7;0;1;5000179620;7/7/2026;Servicios;CUMPLIDO PARCIAL;DATUM S.A.;MR01;31/8/2026;6/2/2026;10142394;100;1;6/2/2026;6/2/2026;C25;4500119517;90;0377;1;MPITTIA;6/2/2026;31/8/2026;C25;3;7/7/2026;;;;;;;;;;03 Cert Mensual;En curso - Próximo a vencer;Verde;C25
00377-YPF 3° loop;1000082502;100;ZPAN;03 SERV. MEDICO - AM;;0;;;;ASABATINO;1022295;SERVICIO DE REPRESENTACION TECNICA X MES;7;4;7;0;3;5000176392;10/6/2026;Servicios;CUMPLIDO PARCIAL;MAINETE JAVIER ALBERTO;MR01;31/8/2026;6/2/2026;10142394;110;1;10/2/2026;11/2/2026;C25;4500120000;30;0377;1;MPITTIA;12/2/2026;31/8/2026;C25;3;10/6/2026;;;;;;;;;;03 Cert Mensual;En curso - Próximo a vencer;Rojo;C25
00377-YPF 3° loop;1000082502;110;ZPAN;03 SERV. MEDICO - AM;;0;;;;ASABATINO;1022295;SERVICIO DE REPRESENTACION TECNICA X MES;7;3;7;0;4;5000180206;11/7/2026;Servicios;CUMPLIDO PARCIAL;FABRICIO MUÑOZ;MR01;31/8/2026;6/2/2026;10142394;120;1;10/2/2026;11/2/2026;C25;4500120827;30;0377;1;MPITTIA;25/2/2026;31/8/2026;C25;3;11/7/2026;;;;;;;;;;03 Cert Mensual;En curso - Próximo a vencer;Verde;C25
00377-YPF 3° loop;1000082502;120;ZPAN;03 SERV. MEDICO - AM;;0;;;;ASABATINO;1027345;EXTRA EQUIP. AMBULANCIA 1;7;4;7;0;3;5000179619;7/7/2026;Servicios;CUMPLIDO PARCIAL;DATUM S.A.;MR01;31/8/2026;6/2/2026;10142394;130;1;11/2/2026;11/2/2026;C25;4500119930;50;0377;1;MPITTIA;11/2/2026;31/8/2026;C25;4;7/7/2026;;;;;;;;;;03 Cert Mensual;En curso - Próximo a vencer;Verde;C25
00377-YPF 3° loop;1000082502;130;ZPAN;03 SERV. MEDICO - AM;;0;;;;ASABATINO;1027345;EXTRA EQUIP. AMBULANCIA 2;7;4;7;0;3;5000179619;7/7/2026;Servicios;CUMPLIDO PARCIAL;DATUM S.A.;MR01;31/8/2026;6/2/2026;10142394;140;1;11/2/2026;11/2/2026;C25;4500119930;60;0377;1;MPITTIA;11/2/2026;31/8/2026;C25;4;7/7/2026;;;;;;;;;;03 Cert Mensual;En curso - Próximo a vencer;Verde;C25
00377-YPF 3° loop;1000082502;140;ZPAN;03 SERV. MEDICO - AM;;0;;;;ASABATINO;1027345;EXTRA EQUIP. TRAILER;7;4;7;0;3;5000179619;7/7/2026;Servicios;CUMPLIDO PARCIAL;DATUM S.A.;MR01;31/8/2026;6/2/2026;10142394;150;1;11/2/2026;11/2/2026;C25;4500119930;70;0377;1;MPITTIA;11/2/2026;31/8/2026;C25;4;7/7/2026;;;;;;;;;;03 Cert Mensual;En curso - Próximo a vencer;Verde;C25
00377-YPF 3° loop;1000082598;10;ZPAN;03 SERV. CONTROL DE;;0;;;;ASABATINO;1013139;SS CONTROL DE PLAGAS X MES;7;4;7;0;3;5000179625;7/7/2026;Servicios;CUMPLIDO PARCIAL;EXTER NEQUEN SRL;MR01;31/8/2026;8/2/2026;10142523;10;1;8/2/2026;9/2/2026;C25;4500120629;10;0377;1;MPITTIA;23/2/2026;31/8/2026;C25;6;7/7/2026;;;;;;;;;;03 Cert Mensual;En curso - Próximo a vencer;Verde;C25
00377-YPF 3° loop;1000082983;10;ZPAN;CRUCE TELEDIRIGIDO;;0;;;;ASABATINO;1042362;"CRUCE DIRIGIDO RN151 - LINEA 24"" CON C.";45;0;45;0;45;;;Servicios;ADJUDICADO;SOLUCIONES MARFERMAT S.R.L.;MR01;30/4/2026;13/2/2026;10142981;10;1;13/2/2026;13/2/2026;C26;4500120323;10;0377;1;ALOPEZ;19/2/2026;31/8/2026;C26;0;;;;;;;;;;;Sin aclaración;Vencido con cant pendiente a recep;;C26
00377-YPF 3° loop;1000083249;10;ZPAN;03 SERV INT CAMIONET;;0;;;;RTELLO;1025931;SERVICIO DE INTERNET X MES;35;30;35;0;5;5000179623;7/7/2026;Servicios;CUMPLIDO PARCIAL;JAWIT S.A.;MR01;31/8/2026;19/2/2026;10143307;10;1;19/2/2026;19/2/2026;C25;4500120925;10;0377;1;MPITTIA;25/2/2026;31/8/2026;C25;10;7/7/2026;;;;;;;;;;03 Cert Mensual;En curso - Próximo a vencer;Verde;C25
00377-YPF 3° loop;1000083249;20;ZPAN;03 SERV INT CAMIONET;;0;;;;RTELLO;1022295;SERV ACT SATELITAL INTERNET;5;5;5;0;0;5000168192;2/3/2026;Servicios;CUMPLIDO;JAWIT S.A.;MR01;31/8/2026;19/2/2026;10143307;20;1;19/2/2026;19/2/2026;C25;4500120925;20;0377;1;MPITTIA;25/2/2026;31/8/2026;C25;3;2/3/2026;;;;;;;;;;03 Cert Mensual;En curso - Próximo a vencer;Rojo;C25
00377-YPF 3° loop;1000083425;10;ZPAN;ALQ IMPRESORAS;;0;;;;RTELLO;1026315;ALQ IMP XMES EPSON L15150 A3/A4 COLOR;3;3;3;0;0;5000171786;6/5/2026;Servicios;CUMPLIDO;PRINTER SRL;MR01;31/8/2026;23/2/2026;10143553;10;1;23/2/2026;2/6/2026;C25;4500121642;10;0377;1;MPITTIA;5/3/2026;31/8/2026;C25;3;6/5/2026;;;;;;;;;;Sin aclaración;En curso - Próximo a vencer;;C25
00377-YPF 3° loop;1000083425;20;ZPAN;ALQ IMPRESORAS;;0;;;;RTELLO;1026315;ALQ IMP XMES EPSON L15150  A3/A4 COLOR;3;3;3;0;0;5000171786;6/5/2026;Servicios;CUMPLIDO;PRINTER SRL;MR01;31/8/2026;23/2/2026;10143553;20;1;23/2/2026;2/6/2026;C25;4500121642;20;0377;1;MPITTIA;5/3/2026;31/8/2026;C25;3;6/5/2026;;;;;;;;;;Sin aclaración;En curso - Próximo a vencer;;C25
00377-YPF 3° loop;1000083615;10;ZPAN;04 SUBC PROG PLC SCA;;0;;;;RTELLO;1042362;SUBC PROGRAMACION PLC SCADA HDMI;1;0,4;1;0;0,6;5000174763;29/5/2026;Servicios;CUMPLIDO PARCIAL;CONTROL POINT S.A.;MR01;31/7/2026;25/2/2026;10143905;10;1;25/2/2026;25/2/2026;C26;4500121047;10;0377;1;FDESCARREGA;26/2/2026;31/7/2026;C26;1;29/5/2026;;;;;;;;;;04 Cert a Demanda;En curso - Próximo a vencer;;C26
00377-YPF 3° loop;1000083794;10;ZPAN;04 SUBC. HOT TAP;;0;;;;ASABATINO;1012782;"Hot Tap en Cañería de 20"" de API 5L Gr.";2;0;2;0;2;;;Materiales genericos;ADJUDICADO;LOCKWOOD SOCIEDAD ANONIMA;MR01;31/8/2026;27/2/2026;10144081;10;1;27/2/2026;17/3/2026;C26;4500122919;10;0377;1;AGONZALEZ;18/3/2026;31/8/2026;C26;0;;;;;;;;;;;04 Cert a Demanda;En curso - Próximo a vencer;;C26
00377-YPF 3° loop;1000083794;20;ZPAN;04 SUBC. HOT TAP;;0;;;;ASABATINO;1012782;"Hot Tap en Cañería de 18"" de API 5L Gr.";2;0;2;0;2;;;Materiales genericos;ADJUDICADO;LOCKWOOD SOCIEDAD ANONIMA;MR01;31/8/2026;27/2/2026;10144081;20;1;27/2/2026;17/3/2026;C26;4500122919;20;0377;1;AGONZALEZ;18/3/2026;31/8/2026;C26;0;;;;;;;;;;;04 Cert a Demanda;En curso - Próximo a vencer;;C26
00377-YPF 3° loop;1000084154;10;ZPAN;03 IMPRESORA TYS;;0;;;;RTELLO;1026315;ALQ IMP RICOH COLOR X MES #20180;5;4;5;0;1;5000179643;7/7/2026;Servicios;CUMPLIDO PARCIAL;TECNICA Y SISTEMAS SRL;MR01;31/8/2026;4/3/2026;10144582;10;1;4/3/2026;5/3/2026;C25;4500122323;10;0377;1;MPITTIA;12/3/2026;31/8/2026;C25;4;7/7/2026;;;;;;;;;;03 Cert Mensual;En curso - Próximo a vencer;Verde;C25
00377-YPF 3° loop;1000084608;20;ZPAN;RECARGA INTERNET;;0;;;;ASIGNORELLI;1049859;SERVICIO DE INTERNET ADICIONAL X 50 GB;5;0;5;0;5;;;Servicios;ADJUDICADO;JAWIT S.A.;MR01;30/8/2026;11/3/2026;10145164;20;1;11/3/2026;12/3/2026;C25;4500123944;20;0377;1;MPITTIA;1/4/2026;30/8/2026;C25;0;;;;;;;;;;;Sin aclaración;En curso - Próximo a vencer;;C25
00377-YPF 3° loop;1000085331;10;ZPAN;ADICIONAL O.C 45- 11;;0;;;;ASABATINO;1042083;"Empalme/Cruces especiales - Caño 24""";4;4;4;0;0;5000166866;26/3/2026;Servicios;CUMPLIDO;CATEX SRL;MR01;31/8/2026;23/3/2026;10146073;10;1;23/3/2026;23/3/2026;C26;4500123233;10;0377;1;AGONZALEZ;23/3/2026;31/8/2026;C26;1;26/3/2026;;;;;;;;;;Sin aclaración;En curso - Próximo a vencer;;C26
00377-YPF 3° loop;1000085331;20;ZPAN;ADICIONAL O.C 45- 11;;0;;;;ASABATINO;1042083;Dias de Stand By;3;3;3;0;0;5000166866;26/3/2026;Servicios;CUMPLIDO;CATEX SRL;MR01;31/8/2026;23/3/2026;10146073;20;1;23/3/2026;23/3/2026;C26;4500123233;20;0377;1;AGONZALEZ;23/3/2026;31/8/2026;C26;1;26/3/2026;;;;;;;;;;Sin aclaración;En curso - Próximo a vencer;;C26
00377-YPF 3° loop;1000085439;10;ZPAN;04 GRUA 100TN ADIC P;;0;;;;CKOTRBA;1042362;ALQ. GRUA 100 TN C/ OP. X JORNADA ADICIO;4;0;4;0;4;;;Servicios;ADJUDICADO;DEINOS S.R.L.;MR01;31/7/2026;25/3/2026;10146254;10;1;25/3/2026;26/3/2026;C26;4500124039;10;0377;1;AGONZALEZ;1/4/2026;31/7/2026;C26;0;;;;;;;;;;;04 Cert a Demanda;En curso - Próximo a vencer;;C26
00377-YPF 3° loop;1000085439;30;ZPAN;04 GRUA 100TN ADIC P;;0;;;;CKOTRBA;1013034;MOV. Y DESMOV. DE CONTRAPESOS;4;3,7;4;0;0,3;5000168221;8/4/2026;Servicios;CUMPLIDO PARCIAL;DEINOS S.R.L.;MR01;31/7/2026;25/3/2026;10146254;30;1;31/3/2026;1/4/2026;C26;4500124039;30;0377;1;AGONZALEZ;1/4/2026;30/5/2026;C26;1;8/4/2026;;;;;;;;;;04 Cert a Demanda;En curso - Próximo a vencer;;C26
00377-YPF 3° loop;1000085905;10;ZPAN;04 SUBC. INGENIERIA;;0;;;;ASABATINO;1013007;SUBC INGENIERIA (COMPLEMENTARIA);1;0,91;1;0;0,09;5000177860;23/6/2026;Servicios;CUMPLIDO PARCIAL;VALENZUELA YULIANA EDITH;MR01;31/8/2026;1/4/2026;10146815;10;1;1/4/2026;6/4/2026;C26;4500124411;10;0377;1;AGONZALEZ;8/4/2026;31/8/2026;C26;3;23/6/2026;;;;;;;;;;04 Cert a Demanda;En curso - Próximo a vencer;;C26
00377-YPF 3° loop;1000086059;10;ZPAN;PM-SALA REUNION P-OB;;0;;;;CKOTRBA;1033267;SERV ALQ SALA DE REUNION 6X5 S/DETALLE;5;2,533;5;0;2,467;5000179573;6/7/2026;Servicios;CUMPLIDO PARCIAL;JORGE ALBERTO SOTO S.A.S.;MR01;31/8/2026;6/4/2026;10146966;10;1;6/4/2026;6/4/2026;EFO;4500124649;10;0377;1;GROSES;10/4/2026;31/8/2026;EFO;3;6/7/2026;;;;;;;;;;Sin aclaración;En curso - Próximo a vencer;;EFO
00377-YPF 3° loop;1000086059;20;ZPAN;PM-SALA REUNION P-OB;;0;;;;CKOTRBA;1022296;FLETE IDA MODULOS;1;1;1;0;0;5000174086;22/5/2026;Servicios;CUMPLIDO;JORGE ALBERTO SOTO S.A.S.;MR01;31/8/2026;6/4/2026;10146966;20;1;6/4/2026;6/4/2026;EFO;4500124649;20;0377;1;GROSES;10/4/2026;31/8/2026;EFO;1;22/5/2026;;;;;;;;;;Sin aclaración;En curso - Próximo a vencer;;EFO
00377-YPF 3° loop;1000086434;10;ZPAN;04 HSE X ANALISIS BA;;0;;;;CKOTRBA;1013049;ANALISIS PLANTA DE EFLUENTES;4;0;4;0;4;;;Servicios;ADJUDICADO;JORGE ALBERTO SOTO S.A.S.;MR01;31/8/2026;11/4/2026;10147446;10;1;11/4/2026;13/4/2026;C25;4500131864;10;0377;2;MPITTIA;2/7/2026;31/8/2026;C25;2;;;;;;;;;;;04 Cert a Demanda;En curso - Próximo a vencer;;C25
00377-YPF 3° loop;1000086486;10;ZPAN;03 SERV INT MINI STA;;0;;;;CKOTRBA;1025931;SERVICIO DE INTERNET X MES MINI STARLINK;6;4;6;0;2;5000179624;7/7/2026;Servicios;CUMPLIDO PARCIAL;JAWIT S.A.;MR01;30/9/2026;13/4/2026;10147499;10;1;13/4/2026;13/4/2026;C25;4500124956;10;0377;1;MPITTIA;14/4/2026;30/9/2026;C25;4;7/7/2026;;;;;;;;;;03 Cert Mensual;En curso;Verde;C25
00377-YPF 3° loop;1000086486;20;ZPAN;03 SERV INT MINI STA;;0;;;;CKOTRBA;1025931;SERVICIO DE INTERNET X MES MINI STARLINK;6;4;6;0;2;5000179624;7/7/2026;Servicios;CUMPLIDO PARCIAL;JAWIT S.A.;MR01;30/9/2026;13/4/2026;10147499;20;1;13/4/2026;13/4/2026;C25;4500124956;20;0377;1;MPITTIA;14/4/2026;30/9/2026;C25;4;7/7/2026;;;;;;;;;;03 Cert Mensual;En curso;Verde;C25
00377-YPF 3° loop;1000086486;30;ZPAN;03 SERV INT MINI STA;;0;;;;CKOTRBA;1025931;SERVICIO DE INTERNET X MES MINI STARLINK;6;4;6;0;2;5000179624;7/7/2026;Servicios;CUMPLIDO PARCIAL;JAWIT S.A.;MR01;30/9/2026;13/4/2026;10147499;30;1;13/4/2026;13/4/2026;C25;4500124956;30;0377;1;MPITTIA;14/4/2026;30/9/2026;C25;4;7/7/2026;;;;;;;;;;03 Cert Mensual;En curso;Verde;C25
00377-YPF 3° loop;1000086486;40;ZPAN;03 SERV INT MINI STA;;0;;;;CKOTRBA;1025931;SERVICIO DE INTERNET X MES MINI STARLINK;6;4;6;0;2;5000179624;7/7/2026;Servicios;CUMPLIDO PARCIAL;JAWIT S.A.;MR01;30/9/2026;13/4/2026;10147499;40;1;13/4/2026;13/4/2026;C25;4500124956;40;0377;1;MPITTIA;14/4/2026;30/9/2026;C25;4;7/7/2026;;;;;;;;;;03 Cert Mensual;En curso;Verde;C25
00377-YPF 3° loop;1000086486;50;ZPAN;03 SERV INT MINI STA;;0;;;;CKOTRBA;1025931;SERVICIO DE INTERNET X MES MINI STARLINK;6;5;6;0;1;5000179624;7/7/2026;Servicios;CUMPLIDO PARCIAL;JAWIT S.A.;MR01;30/9/2026;13/4/2026;10147499;50;1;13/4/2026;13/4/2026;C25;4500124956;50;0377;1;MPITTIA;14/4/2026;30/9/2026;C25;5;7/7/2026;;;;;;;;;;03 Cert Mensual;En curso;Verde;C25
00377-YPF 3° loop;1000086486;60;ZPAN;03 SERV INT MINI STA;;0;;;;CKOTRBA;1022295;ACTIVACION DE SERV. SATELITAL;5;5;5;0;0;5000169521;17/4/2026;Servicios;CUMPLIDO;JAWIT S.A.;MR01;30/9/2026;13/4/2026;10147499;60;1;13/4/2026;13/4/2026;C25;4500124956;60;0377;1;MPITTIA;14/4/2026;30/9/2026;C25;1;17/4/2026;;;;;;;;;;03 Cert Mensual;En curso - Total recepcionado;;C25
00377-YPF 3° loop;1000086566;20;ZPAN;03 SERV INT BDM/PORT;;0;;;;RTELLO;1025931;SERVICIO DE INTERNET X MES;5;5;5;0;0;5000179622;7/7/2026;Servicios;CUMPLIDO;JAWIT S.A.;MR01;31/8/2026;14/4/2026;10147676;20;1;14/4/2026;15/4/2026;C25;4500125476;20;0377;1;MPITTIA;20/4/2026;31/8/2026;C25;4;7/7/2026;;;;;;;;;;03 Cert Mensual;En curso - Próximo a vencer;Verde;C25
00377-YPF 3° loop;1000086575;10;ZPAN;03 SS INTERNET OBRAD;;0;;;;RTELLO;1025931;SERVICIO DE INTERNET X MES;6;3;6;0;3;5000179621;7/7/2026;Servicios;CUMPLIDO PARCIAL;JAWIT S.A.;MR01;30/9/2026;14/4/2026;10147684;10;1;14/4/2026;15/4/2026;C25;4500125233;10;0377;1;MPITTIA;16/4/2026;30/9/2026;C25;5;7/7/2026;;;;;;;;;;03 Cert Mensual;En curso;Verde;C25
00377-YPF 3° loop;1000086654;10;ZPAN;03 SERV AGUA POTABLE;;0;;;;RTELLO;1010725;BIDON DE AGUA 20 L.;1000;1000;1000;0;0;5000179982;9/7/2026;Materiales usuales;ALMACENADO;ABIUSI ANALIA VERONICA;MR01;31/8/2026;15/4/2026;10147754;10;1;15/4/2026;15/4/2026;C25;4500127161;10;0377;1;MPITTIA;8/5/2026;31/8/2026;C25;6;9/7/2026;;;;;;;;;;03 Cert Mensual;En curso - Próximo a vencer;Verde;C25
00377-YPF 3° loop;1000086654;20;ZPAN;03 SERV AGUA POTABLE;;0;;;;RTELLO;1017912;HIELO POR BOLSON X 2 KG;1000;244;1000;0;756;5000173123;11/5/2026;Servicios;CUMPLIDO PARCIAL;ABIUSI ANALIA VERONICA;MR01;31/8/2026;15/4/2026;10147754;20;1;15/4/2026;15/4/2026;C25;4500127161;20;0377;1;MPITTIA;8/5/2026;31/8/2026;C25;3;11/5/2026;;;;;;;;;;03 Cert Mensual;En curso - Próximo a vencer;Rojo;C25
00377-YPF 3° loop;1000086748;10;ZPAN;04 CONT RESI PELIGRO;;0;;;;RTELLO;1022295;RSU INDUST - DISP FINAL X TN;10;0;10;0;10;;;Servicios;ADJUDICADO;SOLUCIONES AMBIENTALES PATAGONIA;MR01;30/8/2026;16/4/2026;10147881;10;1;16/4/2026;16/4/2026;C25;4500125828;10;0377;1;MPITTIA;23/4/2026;30/8/2026;C25;0;;;;;;;;;;;04 Cert a Demanda;En curso - Próximo a vencer;;C25
00377-YPF 3° loop;1000086869;20;ZPAN;CURSO AMOLADOR;;0;;;;RTELLO;1022295;CURSO AMOLADOR x UN;5;3;5;0;2;5000173361;16/5/2026;Servicios;CUMPLIDO PARCIAL;BUSTOS MARIA LORENA;MR01;30/5/2026;20/4/2026;10148066;20;1;23/4/2026;23/4/2026;C25;4500126081;20;0377;1;MPITTIA;27/4/2026;11/5/2026;C25;3;16/5/2026;;;;;;;;;;Sin aclaración;Vencido con cant pendiente a recep;;C25
00377-YPF 3° loop;1000087181;10;ZPAN;REGULARIZACION RSV;;0;;;;RTELLO;1022295;SERV TECN - SOFTWARE RSV;3;0;3;0;3;;;Servicios;ADJUDICADO;AC SAT S.R.L.;MR01;14/5/2026;23/4/2026;10148509;10;1;23/4/2026;23/4/2026;EFO;4500126080;10;0377;1;GROSES;27/4/2026;14/5/2026;EFO;0;;;;;;;;;;;Sin aclaración;Vencido con cant pendiente a recep;;EFO
00377-YPF 3° loop;1000087294;10;ZPAN;03 SERV CONS. AMBIEN;;0;;;;RTELLO;1027343;SERV.CONSUL. AMBIENTAL X MES;3;3;3;0;0;5000179936;8/7/2026;Servicios;CUMPLIDO;STEP ENERGY S. A. S.;MR01;30/7/2026;26/4/2026;10148646;10;1;26/4/2026;27/4/2026;C25;4500127027;10;0377;1;MPITTIA;7/5/2026;30/7/2026;C25;3;8/7/2026;;;;;;;;;;03 Cert Mensual;En curso - Próximo a vencer;Verde;C25
00377-YPF 3° loop;1000087466;20;ZPAN;PM N° 32 REG. LENOR;;0;;;;CKOTRBA;1016081;Certificado de Operadores;3;2;3;0;1;5000172169;7/5/2026;Servicios;CUMPLIDO PARCIAL;LENOR SRL;MR01;8/5/2026;28/4/2026;10148813;20;1;28/4/2026;28/4/2026;EFO;4500126396;20;0377;1;GROSES;29/4/2026;8/5/2026;EFO;1;7/5/2026;;;;;;;;;;Sin aclaración;Vencido con cant pendiente a recep;;EFO
00377-YPF 3° loop;1000088095;10;ZPAN;CALIFICACION REVEST;;0;;;;RTELLO;1022295;SERV CAPAC - CALIFIC APLICADORES;1;0;1;0;1;;;Servicios;ADJUDICADO;HTM SA;MR01;31/7/2026;9/5/2026;10149727;10;1;9/5/2026;2/6/2026;C25;4500129129;10;0377;1;MPITTIA;2/6/2026;31/7/2026;C25;0;;;;;;;;;;;Sin aclaración;En curso - Próximo a vencer;;C25
00377-YPF 3° loop;1000088147;10;ZPAN;03 SERV RADIOS;;0;;;;RTELLO;1048594;SERV. DE RADIOS PORTATILES PT890;30;20;30;0;10;5000179934;8/7/2026;Servicios;CUMPLIDO PARCIAL;INTEPLA SRL;MR01;31/8/2026;11/5/2026;10149790;10;1;11/5/2026;11/5/2026;C25;4500128364;10;0377;1;MPITTIA;21/5/2026;31/8/2026;C25;2;8/7/2026;;;;;;;;;;03 Cert Mensual;En curso - Próximo a vencer;Verde;C25
00377-YPF 3° loop;1000088228;10;ZPAN;03 SERV ALQ IMPRESOR;;0;;;;RTELLO;1026315;ALQ IMP XMES EPSON L15150 A3/A4 COLOR;4;2;4;0;2;5000179630;7/7/2026;Servicios;CUMPLIDO PARCIAL;PRINTER SRL;MR01;31/8/2026;12/5/2026;10149990;10;1;12/5/2026;12/5/2026;C25;4500128238;10;0377;1;MPITTIA;20/5/2026;31/8/2026;C25;2;7/7/2026;;;;;;;;;;03 Cert Mensual;En curso - Próximo a vencer;Verde;C25
00377-YPF 3° loop;1000088228;20;ZPAN;03 SERV ALQ IMPRESOR;;0;;;;RTELLO;1026315;ALQ IMP XMES EPSON L15150 A3/A4 COLOR;4;2;4;0;2;5000179630;7/7/2026;Servicios;CUMPLIDO PARCIAL;PRINTER SRL;MR01;31/8/2026;12/5/2026;10149990;20;1;12/5/2026;12/5/2026;C25;4500128238;20;0377;1;MPITTIA;20/5/2026;31/8/2026;C25;2;7/7/2026;;;;;;;;;;03 Cert Mensual;En curso - Próximo a vencer;Verde;C25
00377-YPF 3° loop;1000088228;30;ZPAN;03 SERV ALQ IMPRESOR;;0;;;;RTELLO;1026315;ALQ IMP XMES BRO-DCP-T820 A4 COLOR;4;2;4;0;2;5000179630;7/7/2026;Servicios;CUMPLIDO PARCIAL;PRINTER SRL;MR01;31/8/2026;12/5/2026;10149990;30;1;12/5/2026;12/5/2026;C25;4500128238;30;0377;1;MPITTIA;20/5/2026;31/8/2026;C25;2;7/7/2026;;;;;;;;;;03 Cert Mensual;En curso - Próximo a vencer;Verde;C25
00377-YPF 3° loop;1000088228;40;ZPAN;03 SERV ALQ IMPRESOR;;0;;;;RTELLO;1026315;ALQ IMP XMES RICOH IM-C2010 A3/A4 COLOR;4;2;4;0;2;5000179630;7/7/2026;Servicios;CUMPLIDO PARCIAL;PRINTER SRL;MR01;31/8/2026;12/5/2026;10149990;40;1;12/5/2026;12/5/2026;C25;4500128238;40;0377;1;MPITTIA;20/5/2026;31/8/2026;C25;2;7/7/2026;;;;;;;;;;03 Cert Mensual;En curso - Próximo a vencer;Verde;C25
00377-YPF 3° loop;1000088228;50;ZPAN;03 SERV ALQ IMPRESOR;;0;;;;RTELLO;1026315;ALQ IMP XMES RICOH IM-C2010 A3/A4 COLOR;4;2;4;0;2;5000179630;7/7/2026;Servicios;CUMPLIDO PARCIAL;PRINTER SRL;MR01;31/8/2026;12/5/2026;10149990;50;1;12/5/2026;12/5/2026;C25;4500128238;50;0377;1;MPITTIA;20/5/2026;31/8/2026;C25;2;7/7/2026;;;;;;;;;;03 Cert Mensual;En curso - Próximo a vencer;Verde;C25
00377-YPF 3° loop;1000088228;60;ZPAN;03 SERV ALQ IMPRESOR;;0;;;;RTELLO;1026315;ALQ IMP XMES BROT.MFC.8950 A4 B/N;4;2;4;0;2;5000179630;7/7/2026;Servicios;CUMPLIDO PARCIAL;PRINTER SRL;MR01;31/8/2026;12/5/2026;10149990;60;1;12/5/2026;12/5/2026;C25;4500128238;60;0377;1;MPITTIA;20/5/2026;31/8/2026;C25;2;7/7/2026;;;;;;;;;;03 Cert Mensual;En curso - Próximo a vencer;Verde;C25
00377-YPF 3° loop;1000088228;70;ZPAN;03 SERV ALQ IMPRESOR;;0;;;;RTELLO;1026315;ALQ IMP XMES ECOSYS M2040DN A4 B/N;4;2;4;0;2;5000179630;7/7/2026;Servicios;CUMPLIDO PARCIAL;PRINTER SRL;MR01;31/8/2026;12/5/2026;10149990;70;1;12/5/2026;12/5/2026;C25;4500128238;70;0377;1;MPITTIA;20/5/2026;31/8/2026;C25;2;7/7/2026;;;;;;;;;;03 Cert Mensual;En curso - Próximo a vencer;Verde;C25
00377-YPF 3° loop;1000088307;50;ZPAN;PM 50 - TALLER;;0;;;;RTELLO;1016081;CERTIFICACION OPERADOR OBRA;3;0;3;0;3;;;Servicios;ADJUDICADO;LENOR SRL;MR01;30/6/2026;13/5/2026;10150088;50;1;13/5/2026;13/5/2026;C25;4500128010;50;0377;1;MPITTIA;18/5/2026;30/6/2026;C25;0;;;;;;;;;;;Sin aclaración;Vencido con cant pendiente a recep;;C25
00377-YPF 3° loop;1000088746;20;ZPAN;PM 54 - TALLER;;0;;;;RTELLO;1022295;CARNET HABILITANTE DIGITAL;8;5;8;0;3;5000175015;30/5/2026;Servicios;CUMPLIDO PARCIAL;WORKLIFT SA;MR01;10/6/2026;20/5/2026;10150583;20;1;20/5/2026;20/5/2026;C25;4500128243;20;0377;1;MPITTIA;20/5/2026;31/7/2026;C25;1;30/5/2026;;;;;;;;;;Sin aclaración;Vencido con cant pendiente a recep;;C25
00377-YPF 3° loop;1000088802;10;ZPAN;CUB. METALICAS - PI;;0;;;;ASABATINO;1042087;PASARELAS - ESCALERAS PROVISION MATERIAL;3;0;3;0;3;;;Servicios;ADJUDICADO;LC SERVICE OIL AND GAS S. A. S.;MR01;12/8/2026;20/5/2026;10150633;10;1;20/5/2026;20/5/2026;C26;4500128297;10;0377;1;YCOLMAN;21/5/2026;1/8/2026;C26;0;;;;;;;;;;;Sin aclaración;En curso - Próximo a vencer;;C26
00377-YPF 3° loop;1000088802;20;ZPAN;CUB. METALICAS - PI;;0;;;;ASABATINO;1042087;PASARELAS - ESCALERAS ARMADO ESTRUCTURA;3;0;3;0;3;;;Servicios;ADJUDICADO;LC SERVICE OIL AND GAS S. A. S.;MR01;12/8/2026;20/5/2026;10150633;20;1;20/5/2026;20/5/2026;C26;4500128297;20;0377;1;YCOLMAN;21/5/2026;1/8/2026;C26;0;;;;;;;;;;;Sin aclaración;En curso - Próximo a vencer;;C26
00377-YPF 3° loop;1000088802;30;ZPAN;CUB. METALICAS - PI;;0;;;;ASABATINO;1042087;PASARELAS - ESCALERAS MONTAJE;3;0;3;0;3;;;Servicios;ADJUDICADO;LC SERVICE OIL AND GAS S. A. S.;MR01;12/8/2026;20/5/2026;10150633;30;1;20/5/2026;20/5/2026;C26;4500128297;30;0377;1;YCOLMAN;21/5/2026;1/8/2026;C26;0;;;;;;;;;;;Sin aclaración;En curso - Próximo a vencer;;C26
00377-YPF 3° loop;1000088802;40;ZPAN;CUB. METALICAS - PI;;0;;;;ASABATINO;1042087;CUBIERTAS METALICAS PROVISION MATERIALES;3;0;3;0;3;;;Servicios;ADJUDICADO;LC SERVICE OIL AND GAS S. A. S.;MR01;12/8/2026;20/5/2026;10150633;40;1;20/5/2026;20/5/2026;C26;4500128297;40;0377;1;YCOLMAN;21/5/2026;12/8/2026;C26;0;;;;;;;;;;;Sin aclaración;En curso - Próximo a vencer;;C26
00377-YPF 3° loop;1000088802;50;ZPAN;CUB. METALICAS - PI;;0;;;;ASABATINO;1042087;CUBIERTAS METALICAS ARMADO ESTRUCTURA;3;0;3;0;3;;;Servicios;ADJUDICADO;LC SERVICE OIL AND GAS S. A. S.;MR01;12/8/2026;20/5/2026;10150633;50;1;20/5/2026;20/5/2026;C26;4500128297;50;0377;1;YCOLMAN;21/5/2026;12/8/2026;C26;0;;;;;;;;;;;Sin aclaración;En curso - Próximo a vencer;;C26
00377-YPF 3° loop;1000088802;60;ZPAN;CUB. METALICAS - PI;;0;;;;ASABATINO;1042087;CUBIERTAS METALICAS MONTAJE;3;0;3;0;3;;;Servicios;ADJUDICADO;LC SERVICE OIL AND GAS S. A. S.;MR01;12/8/2026;20/5/2026;10150633;60;1;20/5/2026;20/5/2026;C26;4500128297;60;0377;1;YCOLMAN;21/5/2026;12/8/2026;C26;0;;;;;;;;;;;Sin aclaración;En curso - Próximo a vencer;;C26
00377-YPF 3° loop;1000089278;10;ZPAN;03 SERV.MEDICO;;0;;;;CKOTRBA;1018836;SERVICIO MEDICO X MES;3;1,06;3;0;1,94;5000179617;7/7/2026;Servicios;CUMPLIDO PARCIAL;DATUM S.A.;MR01;31/8/2026;29/5/2026;10151242;10;1;29/5/2026;29/5/2026;C24;4500128991;10;0377;1;MPITTIA;29/5/2026;31/8/2026;C24;2;7/7/2026;;;;;;;;;;03 Cert Mensual;En curso - Próximo a vencer;Verde;C24
00377-YPF 3° loop;1000089359;10;ZPAN;PM ALQ.COMEDOR/OFICI;;0;;;;CKOTRBA;1033267;SERV ALQ CONT x 12 MTS COMEDOR;3;1,085;3;0;1,915;5000179568;6/7/2026;Servicios;CUMPLIDO PARCIAL;JORGE ALBERTO SOTO S.A.S.;MR01;31/8/2026;1/6/2026;10151325;10;1;1/6/2026;1/6/2026;EFO;4500130395;10;0377;2;GROSES;17/6/2026;31/8/2026;EFO;1;6/7/2026;;;;;;;;;;Sin aclaración;En curso - Próximo a vencer;;EFO
00377-YPF 3° loop;1000089359;20;ZPAN;PM ALQ.COMEDOR/OFICI;;0;;;;CKOTRBA;1033267;SERV ALQ CONT x 12 MTS OFICINA;3;1,06;3;0;1,94;5000179568;6/7/2026;Servicios;CUMPLIDO PARCIAL;JORGE ALBERTO SOTO S.A.S.;MR01;31/8/2026;1/6/2026;10151325;20;1;1/6/2026;1/6/2026;EFO;4500130395;20;0377;2;GROSES;17/6/2026;31/8/2026;EFO;1;6/7/2026;;;;;;;;;;Sin aclaración;En curso - Próximo a vencer;;EFO
00377-YPF 3° loop;1000089359;30;ZPAN;PM ALQ.COMEDOR/OFICI;;0;;;;CKOTRBA;1022296;FLETE IDA MODULOS;2;2;2;0;0;5000179568;6/7/2026;Servicios;CUMPLIDO;JORGE ALBERTO SOTO S.A.S.;MR01;31/8/2026;1/6/2026;10151325;30;1;1/6/2026;1/6/2026;EFO;4500130395;30;0377;2;GROSES;17/6/2026;31/8/2026;EFO;1;6/7/2026;;;;;;;;;;Sin aclaración;En curso - Próximo a vencer;;EFO
00377-YPF 3° loop;1000089465;30;ZPAN;REG SAPSA MAYO;;0;;;;RTELLO;1022295;TRAT. RESI PELIGROSOS Y15 X TN;1;0,62;1;0;0,38;5000177464;19/6/2026;Servicios;CUMPLIDO PARCIAL;SOLUCIONES AMBIENTALES PATAGONIA;MR01;30/6/2026;2/6/2026;10151488;30;1;2/6/2026;2/6/2026;C25;4500129971;30;0377;1;MPITTIA;11/6/2026;30/7/2026;C25;1;19/6/2026;;;;;;;;;;Sin aclaración;Vencido con cant pendiente a recep;;C25
00377-YPF 3° loop;1000089913;10;ZPAN;PM ALQ.ANDAMIOS;;12;;;;CKOTRBA;1035542;ALQUILER DE ANDAMIO X MES;1;0;1;0;1;;;Servicios;ADJUDICADO;ECVA S.R.L.;MR01;11/7/2026;9/6/2026;10152077;10;1;9/6/2026;9/6/2026;C26;4500130491;10;0377;1;YCOLMAN;17/6/2026;19/7/2026;C26;0;;;;;;;;;;;Sin aclaración;Vencido con cant pendiente a recep;;C26
00377-YPF 3° loop;1000089913;20;ZPAN;PM ALQ.ANDAMIOS;;12;;;;CKOTRBA;1035542;ALQUILER DE ANDAMIO X MES;1;0;1;0;1;;;Servicios;ADJUDICADO;ECVA S.R.L.;MR01;11/7/2026;9/6/2026;10152077;20;1;9/6/2026;9/6/2026;C26;4500130491;20;0377;1;YCOLMAN;17/6/2026;19/7/2026;C26;0;;;;;;;;;;;Sin aclaración;Vencido con cant pendiente a recep;;C26
00377-YPF 3° loop;1000090329;10;ZPAN;REG - SUBC. CAEFE;;0;;;;ASABATINO;1042079;SERVICIO DIARIO DE ULTRASONIDO;130;117,8;130;0;12,2;5000179602;6/7/2026;Servicios;CUMPLIDO PARCIAL;CAEFE S.A.;MR01;30/7/2026;16/6/2026;10152520;10;1;16/6/2026;16/6/2026;C26;4500130827;10;0377;1;YCOLMAN;20/6/2026;30/7/2026;C26;2;6/7/2026;;;;;;;;;;Sin aclaración;En curso - Próximo a vencer;;C26
00377-YPF 3° loop;1000090336;10;ZPAN;02 SERV VIANDAS;;0;;;;ASABATINO;1013121;VIANDA ALMUERZO XUN;5000;2918;5000;0;2082;5000180825;17/7/2026;Servicios;CUMPLIDO PARCIAL;MAXIMIA S.A.;MR01;30/9/2026;16/6/2026;10152527;10;1;16/6/2026;16/6/2026;C25;4500130889;10;0377;1;MPITTIA;22/6/2026;30/9/2026;C25;2;17/7/2026;;;;;;;;;;02 Cert Quincenal;En curso;Verde;C25
00377-YPF 3° loop;1000090513;10;ZPAN;REG - REVESTIMIENTO;;0;;;;ASABATINO;1042362;IMPERMEABILIZACION PILETA + ACCESORIOS;1;0;1;0;1;;;Servicios;ADJUDICADO;AMADEI JUAN ANDRES;MR01;30/7/2026;19/6/2026;10152835;10;1;19/6/2026;19/6/2026;C26;4500130828;10;0377;1;YCOLMAN;20/6/2026;20/7/2026;C26;0;;;;;;;;;;;Sin aclaración;En curso - Próximo a vencer;;C26
00377-YPF 3° loop;1000090524;20;ZPAN;EQ CAMARAS DE 360;;0;;;;CKOTRBA;1048942;SERVICIO INSTALACION EQUIPOS;1;0;1;0;1;;;Servicios;ADJUDICADO;GPS SERVICE SPA;MR01;13/7/2026;19/6/2026;10152846;20;1;19/6/2026;19/6/2026;C03;4500130930;20;0377;1;WVENTURINI;22/6/2026;25/7/2026;C03;0;;;;;;;;;;;Sin aclaración;Vencido con cant pendiente a recep;;C03
00377-YPF 3° loop;1000090553;10;ZPAN;ALQUILER COMPRESOR;;0;;;;ASABATINO;1033267;ALQUILER COMPRESOR S 900 CFM;1;0;1;0;1;;;Servicios;ADJUDICADO;SULLAIR ARGENTINA S.A;MR01;31/7/2026;19/6/2026;10152874;10;1;19/6/2026;19/6/2026;C04;4500130972;10;0377;1;WVENTURINI;23/6/2026;31/7/2026;C04;0;;;;;;;;;;;Sin aclaración;En curso - Próximo a vencer;;C04
00377-YPF 3° loop;1000090630;10;ZPAN;RECARGAS STARLINK;;0;;;;ASABATINO;1022295;RECARGA INTERNET 1 TERA - STARLINK;1;0;1;0;1;;;Servicios;ADJUDICADO;JAWIT S.A.;MR01;14/7/2026;22/6/2026;10152983;10;1;22/6/2026;23/6/2026;C25;4500131066;10;0377;1;MPITTIA;24/6/2026;14/7/2026;C25;0;;;;;;;;;;;Sin aclaración;Vencido con cant pendiente a recep;;C25
00377-YPF 3° loop;1000090691;10;ZPAN;SSYMA-CURSO TRAB.ALT;;0;;;;CKOTRBA;1022295;SERV CAPACITACION TRAB.EN ALTURA;3;0;3;0;3;;;Servicios;ADJUDICADO;BUSTOS MARIA LORENA;MR01;14/7/2026;23/6/2026;10153060;10;1;23/6/2026;8/7/2026;C25;4500131267;10;0377;1;MPITTIA;25/6/2026;14/7/2026;C25;0;;;;;;;;;;;Sin aclaración;Vencido con cant pendiente a recep;;C25
00377-YPF 3° loop;1000090701;10;ZPAN;PH-ZC TANQUE AUSTRAL;;0;;;;CKOTRBA;1042100;ALQ. TANQUE AUSTRALIANO 5000M3;1;0;1;0;1;;;Servicios;ADJUDICADO;HIDROFRAC S.A.;MR01;14/7/2026;23/6/2026;10153074;10;1;23/6/2026;24/6/2026;C26;4500131526;10;0377;1;YCOLMAN;29/6/2026;1/8/2026;C26;0;;;;;;;;;;;Sin aclaración;Vencido con cant pendiente a recep;;C26
00377-YPF 3° loop;1000090701;20;ZPAN;PH-ZC TANQUE AUSTRAL;;0;;;;CKOTRBA;1042100;SERV.ARMADO Y DESARME DE TANQUE AUSTRALI;1;0;1;0;1;;;Servicios;ADJUDICADO;HIDROFRAC S.A.;MR01;14/7/2026;23/6/2026;10153074;20;1;23/6/2026;24/6/2026;C26;4500131526;20;0377;1;YCOLMAN;29/6/2026;1/8/2026;C26;0;;;;;;;;;;;Sin aclaración;Vencido con cant pendiente a recep;;C26
00377-YPF 3° loop;1000090731;10;ZPAN;E&I NJ CALIB.INSTRUM;;0;;;;CKOTRBA;1026920;Calibracion Transmisor LIT-604B;1;0;1;0;1;;;Servicios;ADJUDICADO;LABORATORIO TECNOPLUS S. A. S.;MR01;17/7/2026;23/6/2026;10153109;10;1;23/6/2026;24/6/2026;377;4500133061;10;0377;1;JISALAS;17/7/2026;17/7/2026;377;0;;;;;;;;;;;Sin aclaración;Vencido con cant pendiente a recep;;377
00377-YPF 3° loop;1000090731;20;ZPAN;E&I NJ CALIB.INSTRUM;;0;;;;CKOTRBA;1026920;Calibracion Switch LS-604A;1;0;1;0;1;;;Servicios;ADJUDICADO;LABORATORIO TECNOPLUS S. A. S.;MR01;17/7/2026;23/6/2026;10153109;20;1;23/6/2026;24/6/2026;377;4500133061;20;0377;1;JISALAS;17/7/2026;17/7/2026;377;0;;;;;;;;;;;Sin aclaración;Vencido con cant pendiente a recep;;377
00377-YPF 3° loop;1000090796;10;ZPAN;PINTURA -ARENADO PRE;;0;;;;ASABATINO;1042087;PINTURA/ARENADO EN PREFABRICADOS X M2;500;0;500;0;500;;;Servicios;ADJUDICADO;LC SERVICE OIL AND GAS S. A. S.;MR01;31/7/2026;24/6/2026;10153212;10;1;24/6/2026;24/6/2026;C26;4500131638;10;0377;1;YCOLMAN;30/6/2026;31/7/2026;C26;0;;;;;;;;;;;Sin aclaración;En curso - Próximo a vencer;;C26
00377-YPF 3° loop;1000090796;20;ZPAN;PINTURA -ARENADO PRE;;0;;;;ASABATINO;1042087;PINTURA/ARENADO EN ESTRUCTURAS X M2;100;0;100;0;100;;;Servicios;ADJUDICADO;LC SERVICE OIL AND GAS S. A. S.;MR01;31/7/2026;24/6/2026;10153212;20;1;24/6/2026;24/6/2026;C26;4500131638;20;0377;1;YCOLMAN;30/6/2026;31/7/2026;C26;0;;;;;;;;;;;Sin aclaración;En curso - Próximo a vencer;;C26
00377-YPF 3° loop;1000090883;10;ZPAN;AGUA PARA PRUEBA HID;;0;;;;ASABATINO;1042362;SERVICIO DE TRANSF. DE 9000 M3 DE AGUA;1;0;1;0;1;;;Servicios;ADJUDICADO;HYDRERA SA;MR01;30/7/2026;26/6/2026;10153340;10;1;26/6/2026;26/6/2026;C26;4500131361;10;0377;1;YCOLMAN;26/6/2026;30/7/2026;C26;0;;;;;;;;;;;Sin aclaración;En curso - Próximo a vencer;;C26
00377-YPF 3° loop;1000090883;20;ZPAN;AGUA PARA PRUEBA HID;;0;;;;ASABATINO;1042362;DIA DE OPERACION ADICIONAL (24 HS);1;0;1;0;1;;;Servicios;ADJUDICADO;HYDRERA SA;MR01;30/7/2026;26/6/2026;10153340;20;1;26/6/2026;26/6/2026;C26;4500131361;20;0377;1;YCOLMAN;26/6/2026;30/7/2026;C26;0;;;;;;;;;;;Sin aclaración;En curso - Próximo a vencer;;C26
00377-YPF 3° loop;1000090957;10;ZPAN;03 SERV CONS. AMBIEN;;0;;;;ASABATINO;1027343;SERV.CONSUL. AMBIENTAL X MES;2;0;2;0;2;;;Servicios;ADJUDICADO;STEP ENERGY S. A. S.;MR01;31/8/2026;27/6/2026;10153460;10;1;27/6/2026;29/6/2026;C25;4500132099;10;0377;1;MPITTIA;6/7/2026;31/8/2026;C25;0;;;;;;;;;;;03 Cert Mensual;En curso - Próximo a vencer;;C25
00377-YPF 3° loop;1000090973;10;ZPAN;PM ALQ.ACCE. ANDAMIO;;0;;;;CKOTRBA;1035542;POLEAS C/FRENO Y MENSULA P/ANDAMIO X MES;1;0;1;0;1;;;Servicios;ADJUDICADO;ECVA S.R.L.;MR01;30/7/2026;29/6/2026;10153494;10;1;29/6/2026;29/6/2026;C26;4500131635;10;0377;1;YCOLMAN;30/6/2026;30/7/2026;C26;0;;;;;;;;;;;Sin aclaración;En curso - Próximo a vencer;;C26
00377-YPF 3° loop;1000090993;10;ZPAN;REG LENOR FC 118552;;0;;;;RTELLO;1022294;DIA DE INSPECCION;1;1;1;0;0;5000179119;2/7/2026;Servicios;CUMPLIDO;LENOR SRL;MR01;20/7/2026;29/6/2026;10153512;10;1;29/6/2026;29/6/2026;C25;4500131595;10;0377;1;MPITTIA;30/6/2026;20/7/2026;C25;1;2/7/2026;;;;;;;;;;Sin aclaración;En curso - Próximo a vencer;;C25
00377-YPF 3° loop;1000090993;20;ZPAN;REG LENOR FC 118552;;0;;;;RTELLO;1013021;CERTIFICACION EQUIPO;4;4;4;0;0;5000179119;2/7/2026;Servicios;CUMPLIDO;LENOR SRL;MR01;20/7/2026;29/6/2026;10153512;20;1;29/6/2026;29/6/2026;C25;4500131595;20;0377;1;MPITTIA;30/6/2026;20/7/2026;C25;1;2/7/2026;;;;;;;;;;Sin aclaración;En curso - Próximo a vencer;;C25
00377-YPF 3° loop;1000090993;30;ZPAN;REG LENOR FC 118552;;0;;;;RTELLO;1013024;VIATICOS;1;1;1;0;0;5000179119;2/7/2026;Servicios;CUMPLIDO;LENOR SRL;MR01;20/7/2026;29/6/2026;10153512;30;1;29/6/2026;29/6/2026;C25;4500131595;30;0377;1;MPITTIA;30/6/2026;20/7/2026;C25;1;2/7/2026;;;;;;;;;;Sin aclaración;En curso - Próximo a vencer;;C25
00377-YPF 3° loop;1000090993;40;ZPAN;REG LENOR FC 118552;;0;;;;RTELLO;1022295;CERTIFICADO ELEMENTOS IZAJE;3;3;3;0;0;5000179119;2/7/2026;Servicios;CUMPLIDO;LENOR SRL;MR01;20/7/2026;29/6/2026;10153512;40;1;29/6/2026;29/6/2026;C25;4500131595;40;0377;1;MPITTIA;30/6/2026;20/7/2026;C25;1;2/7/2026;;;;;;;;;;Sin aclaración;En curso - Próximo a vencer;;C25
00377-YPF 3° loop;1000090996;10;ZPAN;REG LENOR FC 117128;;0;;;;RTELLO;1022295;CERTIFICADO ELEMENTOS IZAJE;2;2;2;0;0;5000179123;2/7/2026;Servicios;CUMPLIDO;LENOR SRL;MR01;20/7/2026;29/6/2026;10153515;10;1;29/6/2026;29/6/2026;C25;4500131592;10;0377;1;MPITTIA;30/6/2026;20/7/2026;C25;1;2/7/2026;;;;;;;;;;Sin aclaración;En curso - Próximo a vencer;;C25
00377-YPF 3° loop;1000090996;20;ZPAN;REG LENOR FC 117128;;0;;;;RTELLO;1022294;DIA DE INSPECCION;1;1;1;0;0;5000179123;2/7/2026;Servicios;CUMPLIDO;LENOR SRL;MR01;20/7/2026;29/6/2026;10153515;20;1;29/6/2026;29/6/2026;C25;4500131592;20;0377;1;MPITTIA;30/6/2026;20/7/2026;C25;1;2/7/2026;;;;;;;;;;Sin aclaración;En curso - Próximo a vencer;;C25
00377-YPF 3° loop;1000090996;30;ZPAN;REG LENOR FC 117128;;0;;;;RTELLO;1016081;CERTIFICACION OPERADOR OBRA;2;2;2;0;0;5000179123;2/7/2026;Servicios;CUMPLIDO;LENOR SRL;MR01;20/7/2026;29/6/2026;10153515;30;1;29/6/2026;29/6/2026;C25;4500131592;30;0377;1;MPITTIA;30/6/2026;20/7/2026;C25;1;2/7/2026;;;;;;;;;;Sin aclaración;En curso - Próximo a vencer;;C25
00377-YPF 3° loop;1000090996;40;ZPAN;REG LENOR FC 117128;;0;;;;RTELLO;1013024;VIATICOS;1;1;1;0;0;5000179123;2/7/2026;Servicios;CUMPLIDO;LENOR SRL;MR01;20/7/2026;29/6/2026;10153515;40;1;29/6/2026;29/6/2026;C25;4500131592;40;0377;1;MPITTIA;30/6/2026;20/7/2026;C25;1;2/7/2026;;;;;;;;;;Sin aclaración;En curso - Próximo a vencer;;C25
00377-YPF 3° loop;1000091015;10;ZPAN;REG JAWIT FC 2-1312;;0;;;;RTELLO;1049859;SERVICIO DE INTERNET ADICIONAL X GB;7;7;7;0;0;5000179109;2/7/2026;Servicios;CUMPLIDO;JAWIT S.A.;MR01;20/7/2026;29/6/2026;10153524;10;1;29/6/2026;2/7/2026;C25;4500131591;10;0377;1;MPITTIA;30/6/2026;20/7/2026;C25;1;2/7/2026;;;;;;;;;;Sin aclaración;En curso - Próximo a vencer;;C25
00377-YPF 3° loop;1000091125;10;ZPAN;REG RSV 87145;;0;;;;RTELLO;1022295;SERV TECN - SOFTWARE RSV;1;1;1;0;0;5000179664;7/7/2026;Servicios;CUMPLIDO;AC SAT S.R.L.;MR01;22/7/2026;1/7/2026;10153662;10;1;1/7/2026;2/7/2026;C25;4500132062;10;0377;1;MPITTIA;6/7/2026;22/7/2026;C25;1;7/7/2026;;;;;;;;;;Sin aclaración;En curso - Próximo a vencer;;C25
00377-YPF 3° loop;1000091234;10;ZPAN;04 FORM ALQ EQUIPOS;;0;;;;CKOTRBA;1042083;EQUIPO DE EMPALME- SOLADADURA COMP.X DIA;12;6;12;0;6;5000180622;15/7/2026;Servicios;CUMPLIDO PARCIAL;CATEX SRL;MR01;15/7/2026;2/7/2026;10153799;40;2;8/7/2026;8/7/2026;C26;4500132342;40;0377;4;YCOLMAN;8/7/2026;15/7/2026;C26;1;15/7/2026;;;;;;;;;;04 Cert a Demanda;Vencido con cant pendiente a recep;;C26
00377-YPF 3° loop;1000091234;20;ZPAN;04 FORM ALQ EQUIPOS;;0;;;;CKOTRBA;1042083;EQUIPO DE ARENADO - REVEST. COMP.X DIA;12;6;12;0;6;5000180622;15/7/2026;Servicios;CUMPLIDO PARCIAL;CATEX SRL;MR01;15/7/2026;2/7/2026;10153799;50;2;8/7/2026;8/7/2026;C26;4500132342;50;0377;4;YCOLMAN;8/7/2026;15/7/2026;C26;1;15/7/2026;;;;;;;;;;04 Cert a Demanda;Vencido con cant pendiente a recep;;C26
00377-YPF 3° loop;1000091234;30;ZPAN;04 FORM ALQ EQUIPOS;;0;;;;CKOTRBA;1042083;EQUIPO DE EMPALME- SOLADADURA COMP.X DIA;12;6;12;0;6;5000180622;15/7/2026;Servicios;CUMPLIDO PARCIAL;CATEX SRL;MR01;15/7/2026;2/7/2026;10153799;30;1;7/7/2026;8/7/2026;C26;4500132342;30;0377;1;YCOLMAN;8/7/2026;15/7/2026;C26;1;15/7/2026;;;;;;;;;;04 Cert a Demanda;Vencido con cant pendiente a recep;;C26
00377-YPF 3° loop;1000091333;10;ZPAN;EXC COPIAS - TYS FC;;0;;;;RTELLO;1026181;COPIAS EXCEDENTES;2242;2242;2242;0;0;5000179635;7/7/2026;Servicios;CUMPLIDO;TECNICA Y SISTEMAS SRL;MR01;24/7/2026;3/7/2026;10153901;10;1;3/7/2026;6/7/2026;C25;4500132167;10;0377;1;MPITTIA;7/7/2026;24/7/2026;C25;1;7/7/2026;;;;;;;;;;Sin aclaración;En curso - Próximo a vencer;;C25
00377-YPF 3° loop;1000091338;10;ZPAN;SS ALQ CAMION C/HIDR;;0;;;;CKOTRBA;1042362;SERV ALQ SEMI C/TRACTOR C/HIDRO;15;0;15;0;15;;;Servicios;ADJUDICADO;GIANNELLI OSCAR RUBEN;MR01;18/7/2026;3/7/2026;10153904;10;1;3/7/2026;6/7/2026;C26;4500132214;10;0377;1;YCOLMAN;7/7/2026;3/8/2026;C26;0;;;;;;;;;;;Sin aclaración;Vencido con cant pendiente a recep;;C26
00377-YPF 3° loop;1000091400;10;ZPAN;CURSO HYTORC;;0;;;;ASABATINO;1022295;CURSO DE TORQUEADO KAMMAN Y ASOC;4;0;4;0;4;;;Servicios;ADJUDICADO;KAMMAN OLMOS CRISTIAN LEONARDO;MR01;27/7/2026;6/7/2026;10154004;10;1;6/7/2026;6/7/2026;C25;4500132169;10;0377;1;MPITTIA;7/7/2026;27/7/2026;C25;0;;;;;;;;;;;Sin aclaración;En curso - Próximo a vencer;;C25
00377-YPF 3° loop;1000091416;10;ZPAN;PROVISION AGUA PARA;;0;;;;ASABATINO;1042362;AGUA INDUSTRIAL X M3;10000;0;10000;0;10000;;;Servicios;ADJUDICADO;PHOENIX GLOBAL RESOURCES S. A.;MR01;27/7/2026;6/7/2026;10154020;10;1;6/7/2026;6/7/2026;C26;4500132401;10;0377;1;YCOLMAN;10/7/2026;27/7/2026;C26;0;;;;;;;;;;;Sin aclaración;En curso - Próximo a vencer;;C26
00377-YPF 3° loop;1000091431;10;ZPAN;VIATICOS - INGEAP;;0;;;;RTELLO;1013024;VIATICOS;1;1;1;0;0;5000179978;9/7/2026;Servicios;CUMPLIDO;INGEAP S.A.S.;MR01;27/7/2026;6/7/2026;10154038;10;1;6/7/2026;8/7/2026;C26;4500132338;10;0377;1;YCOLMAN;8/7/2026;27/7/2026;C26;1;9/7/2026;;;;;;;;;;Sin aclaración;En curso - Próximo a vencer;;C26
00377-YPF 3° loop;1000091432;10;ZPAN;PM ALQ.ANDAMIOS ADIC;;0;;;;CKOTRBA;1035542;ALQUILER DE ANDAMIO X MES;1;0;1;0;1;;;Servicios;ADJUDICADO;ECVA S.R.L.;MR01;8/8/2026;6/7/2026;10154039;10;1;6/7/2026;6/7/2026;C26;4500132221;10;0377;1;YCOLMAN;7/7/2026;8/8/2026;C26;0;;;;;;;;;;;Sin aclaración;En curso - Próximo a vencer;;C26
00377-YPF 3° loop;1000091432;20;ZPAN;PM ALQ.ANDAMIOS ADIC;;0;;;;CKOTRBA;1035542;ALQUILER DE ANDAMIO X MES;1;0;1;0;1;;;Servicios;ADJUDICADO;ECVA S.R.L.;MR01;8/8/2026;6/7/2026;10154039;20;1;6/7/2026;6/7/2026;C26;4500132221;20;0377;1;YCOLMAN;7/7/2026;8/8/2026;C26;0;;;;;;;;;;;Sin aclaración;En curso - Próximo a vencer;;C26
00377-YPF 3° loop;1000091485;10;ZPAN;JORNADAS NOCTURNAS D;;0;;;;ASABATINO;1013124;JORNADA NOCTURNA SERVICIO MEDICO;3;3;3;0;0;5000180801;17/7/2026;Servicios;CUMPLIDO;DATUM S.A.;MR01;28/7/2026;7/7/2026;10154140;10;1;7/7/2026;8/7/2026;C25;4500132321;10;0377;1;MPITTIA;8/7/2026;28/7/2026;C25;1;17/7/2026;;;;;;;;;;Sin aclaración;En curso - Próximo a vencer;;C25
00377-YPF 3° loop;1000091493;10;ZPAN;EXTENSION O.C 127161;;0;;;;ASABATINO;1010725;BIDON DE AGUA 20 L.;1000;0;1000;0;1000;;;Materiales usuales;ADJUDICADO;ABIUSI ANALIA VERONICA;MR01;31/8/2026;7/7/2026;10154156;10;1;7/7/2026;8/7/2026;C25;4500132662;10;0377;1;ALOPEZ;14/7/2026;31/8/2026;C25;0;;;;;;;;;;;Sin aclaración;En curso - Próximo a vencer;;C25
00377-YPF 3° loop;1000091627;10;ZPAN;SERV.GRUA 75 TN;;0;;;;CKOTRBA;1042362;ALQ. GRUA 75 TN C/ OPERADOR X JORNADA;7;0;0;7;0;;;Servicios;SIN TRATAMIENTO;;MR01;5/8/2026;10/7/2026;10154372;10;1;10/7/2026;10/7/2026;C26;;0;;0;;;;;0;;;;;;;;;;;Sin aclaración;En curso - Próximo a vencer;;C26
00377-YPF 3° loop;1000091678;10;ZPAN;REG. GOMERIA JUNIO;;0;;;;ASABATINO;1034203;SERVICIO DE GOMERIA;1;1;1;0;0;5000180511;15/7/2026;Servicios;CUMPLIDO;RAMOS PATRICIA DEL CARMEN;MR01;31/7/2026;11/7/2026;10154473;10;1;11/7/2026;13/7/2026;377;4500132731;10;0377;1;JISALAS;15/7/2026;15/7/2026;377;1;15/7/2026;;;;;;;;;;Sin aclaración;En curso - Próximo a vencer;;377
00377-YPF 3° loop;1000091728;10;ZPAN;REGULARIZAR COPIAS P;;0;;;;ASABATINO;1026181;COPIAS EXCEDENTES;477;477;477;0;0;5000180476;14/7/2026;Servicios;CUMPLIDO;PRINTER SRL;MR01;31/7/2026;13/7/2026;10154562;10;1;13/7/2026;14/7/2026;C25;4500132663;10;0377;1;ALOPEZ;14/7/2026;31/7/2026;C25;1;14/7/2026;;;;;;;;;;Sin aclaración;En curso - Próximo a vencer;;C25
00377-YPF 3° loop;1000091762;10;ZPAN;REGULARIZAR FERIADO;;0;;;;ASABATINO;1022295;ADICIONAL FERIADO/DOMINGO (T.PERSONAL);9;0;9;0;9;;;Servicios;ADJUDICADO;CUATRODEC SERVICIOS S.A.;MR01;25/7/2026;14/7/2026;10154616;10;1;14/7/2026;14/7/2026;C25;4500132929;10;0377;1;ALOPEZ;16/7/2026;25/7/2026;C25;0;;;;;;;;;;;Sin aclaración;En curso - Próximo a vencer;;C25
00377-YPF 3° loop;1000091781;10;ZPAN;SUB ALQ CAMION C/HID;;0;;;;CKOTRBA;1042362;SERV ALQ SEMI C/TRACTOR C/HIDRO;15;0;15;0;15;;;Servicios;ADJUDICADO;GIANNELLI OSCAR RUBEN;MR01;3/8/2026;14/7/2026;10154680;10;1;14/7/2026;14/7/2026;C26;4500132214;20;0377;1;YCOLMAN;7/7/2026;3/8/2026;C26;0;;;;;;;;;;;Sin aclaración;En curso - Próximo a vencer;;C26
00377-YPF 3° loop;1000091795;10;ZPAN;E&I TABLEROS 3 LOOP;;0;;;;CKOTRBA;1012993;FAB. DE Tablero de distribucion 605;1;0;0;1;0;;;Servicios;SIN TRATAMIENTO;;MR01;3/8/2026;14/7/2026;10154700;10;1;14/7/2026;17/7/2026;C26;;0;;0;;;;;0;;;;;;;;;;;Sin aclaración;En curso - Próximo a vencer;;C26
00377-YPF 3° loop;1000091795;20;ZPAN;E&I TABLEROS 3 LOOP;;0;;;;CKOTRBA;1012993;FAB. DE Tablero de distribucion 640;1;0;0;1;0;;;Servicios;SIN TRATAMIENTO;;MR01;3/8/2026;14/7/2026;10154700;20;1;14/7/2026;17/7/2026;C26;;0;;0;;;;;0;;;;;;;;;;;Sin aclaración;En curso - Próximo a vencer;;C26
00377-YPF 3° loop;1000091795;30;ZPAN;E&I TABLEROS 3 LOOP;;0;;;;CKOTRBA;1012993;FAB. DE Tablero de distribucion 641;1;0;0;1;0;;;Servicios;SIN TRATAMIENTO;;MR01;3/8/2026;14/7/2026;10154700;30;1;14/7/2026;17/7/2026;C26;;0;;0;;;;;0;;;;;;;;;;;Sin aclaración;En curso - Próximo a vencer;;C26
00377-YPF 3° loop;1000091795;40;ZPAN;E&I TABLEROS 3 LOOP;;0;;;;CKOTRBA;1012993;FAB. DE Tablero de distribucion 642;1;0;0;1;0;;;Servicios;SIN TRATAMIENTO;;MR01;3/8/2026;14/7/2026;10154700;40;1;14/7/2026;17/7/2026;C26;;0;;0;;;;;0;;;;;;;;;;;Sin aclaración;En curso - Próximo a vencer;;C26
00377-YPF 3° loop;1000091795;50;ZPAN;E&I TABLEROS 3 LOOP;;0;;;;CKOTRBA;1012993;FAB. DE Tablero de distribucion 604;1;0;0;1;0;;;Servicios;SIN TRATAMIENTO;;MR01;3/8/2026;14/7/2026;10154700;50;1;14/7/2026;17/7/2026;C26;;0;;0;;;;;0;;;;;;;;;;;Sin aclaración;En curso - Próximo a vencer;;C26
00377-YPF 3° loop;1000091803;10;ZPAN;JORNADAS NOCTURNAS D;;0;;;;ASABATINO;1013124;JORNADA NOCTURNA SERVICIO MEDICO;10;4;10;0;6;5000180800;17/7/2026;Servicios;CUMPLIDO PARCIAL;DATUM S.A.;MR01;30/7/2026;14/7/2026;10154713;10;1;14/7/2026;14/7/2026;C25;4500132924;10;0377;1;ALOPEZ;16/7/2026;30/7/2026;C25;1;17/7/2026;;;;;;;;;;Sin aclaración;En curso - Próximo a vencer;;C25
00377-YPF 3° loop;1000091894;10;ZPAN;Renov.ALQ.GRADORES;;0;;;;ASABATINO;1013066;ALQUILER GENERADOR;30;0;30;0;30;;;Servicios;ADJUDICADO;LA CASA DE LAS HERRAMIENTAS SA;MR01;10/8/2026;16/7/2026;10154841;10;1;16/7/2026;16/7/2026;EFO;4500133020;10;0377;1;GROSES;17/7/2026;10/8/2026;EFO;0;;;;;;;;;;;Sin aclaración;En curso - Próximo a vencer;;EFO
00377-YPF 3° loop;1000091894;20;ZPAN;Renov.ALQ.GRADORES;;0;;;;ASABATINO;1013066;ALQUILER GENERADOR;30;0;30;0;30;;;Servicios;ADJUDICADO;LA CASA DE LAS HERRAMIENTAS SA;MR01;10/8/2026;16/7/2026;10154841;20;1;16/7/2026;16/7/2026;EFO;4500133020;20;0377;1;GROSES;17/7/2026;10/8/2026;EFO;0;;;;;;;;;;;Sin aclaración;En curso - Próximo a vencer;;EFO
00377-YPF 3° loop;1000091894;30;ZPAN;Renov.ALQ.GRADORES;;0;;;;ASABATINO;1013066;ALQUILER GENERADOR;30;0;30;0;30;;;Servicios;ADJUDICADO;LA CASA DE LAS HERRAMIENTAS SA;MR01;10/8/2026;16/7/2026;10154841;30;1;16/7/2026;16/7/2026;EFO;4500133020;30;0377;1;GROSES;17/7/2026;10/8/2026;EFO;0;;;;;;;;;;;Sin aclaración;En curso - Próximo a vencer;;EFO
00377-YPF 3° loop;1000091894;40;ZPAN;Renov.ALQ.GRADORES;;0;;;;ASABATINO;1013066;ALQUILER GENERADOR;30;0;30;0;30;;;Servicios;ADJUDICADO;LA CASA DE LAS HERRAMIENTAS SA;MR01;10/8/2026;16/7/2026;10154841;40;1;16/7/2026;16/7/2026;EFO;4500133020;40;0377;1;GROSES;17/7/2026;10/8/2026;EFO;0;;;;;;;;;;;Sin aclaración;En curso - Próximo a vencer;;EFO
00377-YPF 3° loop;1000091894;50;ZPAN;Renov.ALQ.GRADORES;;0;;;;ASABATINO;1013066;ALQUILER GENERADOR;30;0;30;0;30;;;Servicios;ADJUDICADO;LA CASA DE LAS HERRAMIENTAS SA;MR01;10/8/2026;16/7/2026;10154841;50;1;16/7/2026;16/7/2026;EFO;4500133020;50;0377;1;GROSES;17/7/2026;10/8/2026;EFO;0;;;;;;;;;;;Sin aclaración;En curso - Próximo a vencer;;EFO
00377-YPF 3° loop;1000091909;10;ZPAN;PH-QAQC ANALISIS POS;;0;;;;CKOTRBA;1013044;ANALISIS AGUA - PH;2;0;2;0;2;;;Servicios;ADJUDICADO;LABORATORIO PRAXIS SAS;MR01;5/8/2026;16/7/2026;10154856;10;1;16/7/2026;17/7/2026;377;4500133101;10;0377;1;JISALAS;18/7/2026;25/7/2026;377;0;;;;;;;;;;;Sin aclaración;En curso - Próximo a vencer;;377
00377-YPF 3° loop;1000091929;10;ZPAN;ADICIONAL PROBETAS H;;0;;;;ASABATINO;1013000;ENSAYO DE PROBETA HORMIGON;30;0;0;30;0;;;Servicios;SIN TRATAMIENTO;;MR01;30/8/2026;16/7/2026;10154882;10;1;16/7/2026;17/7/2026;C26;;0;;0;;;;;0;;;;;;;;;;;Sin aclaración;En curso - Próximo a vencer;;C26
00377-YPF 3° loop;1000091980;10;ZPAN;RECARGAS JAWIT;;0;;;;ASABATINO;1049859;RECARGA 50 GB;2;0;2;0;2;;;Servicios;ADJUDICADO;JAWIT S.A.;MR01;30/7/2026;16/7/2026;10154904;10;1;16/7/2026;17/7/2026;C25;4500133104;10;0377;1;MPITTIA;20/7/2026;30/7/2026;C25;0;;;;;;;;;;;Sin aclaración;En curso - Próximo a vencer;;C25
00377-YPF 3° loop;1000091980;20;ZPAN;RECARGAS JAWIT;;0;;;;ASABATINO;1049859;RECARGA 50 GB;2;0;2;0;2;;;Servicios;ADJUDICADO;JAWIT S.A.;MR01;30/7/2026;16/7/2026;10154904;20;1;16/7/2026;17/7/2026;C25;4500133104;20;0377;1;MPITTIA;20/7/2026;30/7/2026;C25;0;;;;;;;;;;;Sin aclaración;En curso - Próximo a vencer;;C25
00377-YPF 3° loop;1000092065;10;ZPAN;STAND BY - CONTROL P;;0;;;;ASABATINO;1013045;STAND BY (EQUIPOS - PERSONAL);1;0;0;1;0;;;Servicios;SIN TRATAMIENTO;;MR01;30/7/2026;17/7/2026;10155004;10;1;17/7/2026;20/7/2026;C26;;0;;0;;;;;0;;;;;;;;;;;Sin aclaración;En curso - Próximo a vencer;;C26
00377-YPF 3° loop;1000092069;10;ZPAN;DATUM DTM;;0;;;;CKOTRBA;1013034;MOV.Y DESMOV. X DTM TRAILER DATUM;2;0;0;2;0;;;Servicios;SIN TRATAMIENTO;;MR01;30/9/2026;17/7/2026;10155007;10;1;17/7/2026;20/7/2026;C26;;0;;0;;;;;0;;;;;;;;;;;Sin aclaración;En curso;;C26
00377-YPF 3° loop;1000092097;10;ZPAN;REGULARIZAR REPARACI;;0;;;;ASABATINO;1048942;REPARACION DE BURRO ARRANQUE;1;0;0;1;0;;;Servicios;SIN TRATAMIENTO;;MR01;7/8/2026;18/7/2026;10155041;10;1;18/7/2026;20/7/2026;EFO;;0;;0;;;;;0;;;;;;;;;;;Sin aclaración;En curso - Próximo a vencer;;EFO
00377-YPF 3° loop;1000092098;10;ZPAN;REG LENOR ptto#27977;;0;;;;CKOTRBA;1022294;DIA DE CAPACITACION;1;0;0;1;0;;;Servicios;SIN TRATAMIENTO;;MR01;7/8/2026;18/7/2026;10155042;10;1;18/7/2026;20/7/2026;C25;;0;;0;;;;;0;;;;;;;;;;;Sin aclaración;En curso - Próximo a vencer;;C25
00377-YPF 3° loop;1000092098;20;ZPAN;REG LENOR ptto#27977;;0;;;;CKOTRBA;1016081;CERTIFICACION OPERADOR OBRA;1;0;0;1;0;;;Servicios;SIN TRATAMIENTO;;MR01;7/8/2026;18/7/2026;10155042;20;1;18/7/2026;20/7/2026;C25;;0;;0;;;;;0;;;;;;;;;;;Sin aclaración;En curso - Próximo a vencer;;C25
00377-YPF 3° loop;1000092109;10;ZPAN;QAQC ANALISIS PROB.C;;0;;;;CKOTRBA;1013029;caracterización de material (Niple 4” SC;3;0;0;3;0;;;Servicios;SIN TRATAMIENTO;;MR01;7/8/2026;18/7/2026;10155049;10;1;18/7/2026;20/7/2026;C25;;0;;0;;;;;0;;;;;;;;;;;Sin aclaración;En curso - Próximo a vencer;;C25
00377-YPF 3° loop;1000092109;20;ZPAN;QAQC ANALISIS PROB.C;;0;;;;CKOTRBA;1012981;POR ENVIO DE PROBETAS AL LABORATORIO;1;0;0;1;0;;;Servicios;SIN TRATAMIENTO;;MR01;7/8/2026;18/7/2026;10155049;20;1;18/7/2026;20/7/2026;C25;;0;;0;;;;;0;;;;;;;;;;;Sin aclaración;En curso - Próximo a vencer;;C25
00378 YPF – Oleoducto Cnel. Pringle;1000087193;10;ZPAN;03 - SERV. TOPOGRAFÍ;;0;;;;JPIEDRABUENA;1027430;SERVICIO DE TOPOGRAFIA x MES;6;0,733;6;0;5,267;5000179599;6/7/2026;Servicios;CUMPLIDO PARCIAL;INGEAP S.A.S.;MR01;15/1/2027;23/4/2026;10148521;10;1;23/4/2026;14/5/2026;C26;4500127691;10;0378;1;AGONZALEZ;14/5/2026;15/1/2027;C26;1;6/7/2026;;;;;;;;;;03 Cert Mensual;En curso;Verde;C26
00378 YPF – Oleoducto Cnel. Pringle;1000087193;20;ZPAN;03 - SERV. TOPOGRAFÍ;;0;;;;JPIEDRABUENA;1013081;SERVICIO DE TOPOGRAFIA RELEVAMIENTO;1;1;1;0;0;5000178200;25/6/2026;Servicios;CUMPLIDO;INGEAP S.A.S.;MR01;15/1/2027;23/4/2026;10148521;20;1;23/4/2026;14/5/2026;C26;4500127691;20;0378;1;AGONZALEZ;14/5/2026;15/1/2027;C26;1;25/6/2026;;;;;;;;;;03 Cert Mensual;En curso - Total recepcionado;;C26
00378 YPF – Oleoducto Cnel. Pringle;1000087193;30;ZPAN;03 - SERV. TOPOGRAFÍ;;0;;;;JPIEDRABUENA;1042110;ALQUILER EQUIPO RECEPTOR GNSS;6;1;6;0;5;5000179599;6/7/2026;Servicios;CUMPLIDO PARCIAL;INGEAP S.A.S.;MR01;15/1/2027;23/4/2026;10148521;30;1;13/5/2026;14/5/2026;C26;4500127691;30;0378;1;AGONZALEZ;14/5/2026;15/1/2027;C26;1;6/7/2026;;;;;;;;;;03 Cert Mensual;En curso;Verde;C26
00378 YPF – Oleoducto Cnel. Pringle;1000087193;40;ZPAN;03 - SERV. TOPOGRAFÍ;;0;;;;JPIEDRABUENA;1042110;ALQUILER EQUIPO ESTACION TOTAL;6;0;6;0;6;;;Servicios;ADJUDICADO;INGEAP S.A.S.;MR01;15/1/2027;23/4/2026;10148521;40;1;13/5/2026;14/5/2026;C26;4500127691;40;0378;1;AGONZALEZ;14/5/2026;15/1/2027;C26;0;;;;;;;;;;;03 Cert Mensual;En curso;;C26
00378 YPF – Oleoducto Cnel. Pringle;1000087193;50;ZPAN;03 - SERV. TOPOGRAFÍ;;0;;;;JPIEDRABUENA;1013024;VIATICOS;12;1;12;0;11;5000179599;6/7/2026;Servicios;CUMPLIDO PARCIAL;INGEAP S.A.S.;MR01;15/1/2027;23/4/2026;10148521;50;1;14/5/2026;14/5/2026;C26;4500127691;50;0378;1;AGONZALEZ;14/5/2026;15/1/2027;C26;1;6/7/2026;;;;;;;;;;03 Cert Mensual;En curso;Verde;C26
00378 YPF – Oleoducto Cnel. Pringle;1000088429;10;ZPAN;03- SUBCONTRATO DE I;;0;;;;GPUJOL;1013007;SUBC. DE INGENIERIA OBRA 378;1;0,7;1;0;0,3;5000176545;10/6/2026;Servicios;CUMPLIDO PARCIAL;INGENIERIA METALMECANICA ECKERDT;MR01;15/7/2026;15/5/2026;10150250;10;1;15/5/2026;15/5/2026;C26;4500127892;10;0378;1;AGONZALEZ;15/5/2026;15/7/2026;C26;1;10/6/2026;;;;;;;;;;03 Cert Mensual;Vencido con cant pendiente a recep;;C26
00378 YPF – Oleoducto Cnel. Pringle;1000088496;10;ZPAN;04-RECARGA DE MATAFU;;0;;;;GPUJOL;1022295;RECARGA DE MATAFUEGO 10KG;35;5;35;0;30;5000175576;3/6/2026;Servicios;CUMPLIDO PARCIAL;DAGOSTINO SERGIO OSMAR;MR01;15/7/2026;15/5/2026;10150311;10;1;15/5/2026;15/5/2026;C25;4500128313;10;0378;1;MPITTIA;21/5/2026;15/7/2026;C25;1;3/6/2026;;;;;;;;;;04 Cert a Demanda;Vencido con cant pendiente a recep;;C25
00378 YPF – Oleoducto Cnel. Pringle;1000088496;20;ZPAN;04-RECARGA DE MATAFU;;0;;;;GPUJOL;1022295;RECARGA DE MATAFUEGO 5KG;15;5;15;0;10;5000175576;3/6/2026;Servicios;CUMPLIDO PARCIAL;DAGOSTINO SERGIO OSMAR;MR01;15/7/2026;15/5/2026;10150311;20;1;15/5/2026;15/5/2026;C25;4500128313;20;0378;1;MPITTIA;21/5/2026;15/7/2026;C25;1;3/6/2026;;;;;;;;;;04 Cert a Demanda;Vencido con cant pendiente a recep;;C25
00378 YPF – Oleoducto Cnel. Pringle;1000089391;10;ZPAN;Subcontrato semis;;20;;;;JPIEDRABUENA;1035446;SERV ALQ CAMION+SEMI  12MT+OPERADOR;2;1;2;0;1;5000180587;15/7/2026;Servicios;CUMPLIDO PARCIAL;CATEX SRL;MR01;19/8/2026;1/6/2026;10151355;10;1;1/6/2026;1/6/2026;C26;4500129322;10;0378;1;YCOLMAN;3/6/2026;8/8/2026;C26;5;15/7/2026;;;;;;;;;;Sin aclaración;En curso - Próximo a vencer;;C26
00378 YPF – Oleoducto Cnel. Pringle;1000089391;20;ZPAN;Subcontrato semis;;20;;;;JPIEDRABUENA;1035446;SERV ALQ CAMION+SEMI  12MT+OPERADOR;2;1;2;0;1;5000180587;15/7/2026;Servicios;CUMPLIDO PARCIAL;CATEX SRL;MR01;19/8/2026;1/6/2026;10151355;20;1;1/6/2026;1/6/2026;C26;4500129322;20;0378;1;YCOLMAN;3/6/2026;8/8/2026;C26;1;15/7/2026;;;;;;;;;;Sin aclaración;En curso - Próximo a vencer;;C26
00378 YPF – Oleoducto Cnel. Pringle;1000089906;10;ZPAN;02-SERVICIO DE VIAND;;0;;;;GPUJOL;1013121;VIANDA ALMUERZO XUN;9000;0;9000;0;9000;;;Servicios;ADJUDICADO;COLONNA OMAR RODOLFO;MR01;15/2/2027;9/6/2026;10152066;10;1;9/6/2026;26/6/2026;C25;4500131564;10;0378;2;MPITTIA;29/6/2026;15/2/2027;C25;0;;;;;;;;;;;02 Cert Quincenal;En curso;;C25
00378 YPF – Oleoducto Cnel. Pringle;1000089983;10;ZPAN;04-SERVICIO DE SUBC;;0;;;;GPUJOL;1042083;"SOLDADURA LR. CAÑO 32"" X COSTURA";1021;102,1;1021;0;918,9;5000180669;16/7/2026;Servicios;CUMPLIDO PARCIAL;CATEX SRL;MR01;15/2/2027;10/6/2026;10152157;10;1;10/6/2026;10/6/2026;C26;4500130174;10;0378;1;YCOLMAN;12/6/2026;1/9/2026;C26;1;16/7/2026;;;;;;;;;;04 Cert a Demanda;En curso;;C26
00378 YPF – Oleoducto Cnel. Pringle;1000090011;10;ZPAN;POLIZA DE SEGURO RES;;0;;;;GPUJOL;1012957;SEGURO RESPONSABILIDAD CIVIL;1;1;1;0;0;5000177415;19/6/2026;Servicios;CUMPLIDO;CIA. SEG. LA MERCANTIL ANDINA;MR01;1/8/2026;10/6/2026;10152211;10;1;10/6/2026;10/6/2026;C16;4500130676;10;0378;1;JESPARZA;19/6/2026;1/8/2026;C16;1;19/6/2026;;;;;;;;;;Sin aclaración;En curso - Próximo a vencer;;C16
00378 YPF – Oleoducto Cnel. Pringle;1000090023;10;ZPAN;03- ALQUILER DE IMPR;;0;;;;GPUJOL;1026315;ALQUILER IMPRESORA XMES;8;1;8;0;7;5000180305;13/7/2026;Servicios;CUMPLIDO PARCIAL;TECNICA Y SISTEMAS SRL;MR01;1/2/2027;10/6/2026;10152222;10;1;10/6/2026;11/6/2026;C24;4500130346;10;0378;1;MPITTIA;17/6/2026;1/2/2027;C24;1;13/7/2026;;;;;;;;;;03 Cert Mensual;En curso;Verde;C24
00378 YPF – Oleoducto Cnel. Pringle;1000090205;10;ZPAN;03-ALQ DISPENSER Y A;;0;;;;GPUJOL;1022295;SERVICIO BOTELLON DE 20 LTS XUN;2000;65;2000;0;1935;5000179941;8/7/2026;Servicios;CUMPLIDO PARCIAL;SUR AGUA TRES ARROYOS S.A.;MR01;15/2/2027;12/6/2026;10152358;10;1;12/6/2026;12/6/2026;C25;4500130611;10;0378;1;MPITTIA;18/6/2026;15/2/2027;C25;1;8/7/2026;;;;;;;;;;03 Cert Mensual;En curso;Verde;C25
00378 YPF – Oleoducto Cnel. Pringle;1000090224;10;ZPAN;03-BAÑOS PARA OBRA 3;;0;;;;GPUJOL;1046066;ALQUILER BAÑO QUIMICO X UN. X MES;60;8;60;0;52;5000180246;13/7/2026;Servicios;CUMPLIDO PARCIAL;ZIJLSTRA ALBERTO ANTONIO;MR01;15/2/2027;12/6/2026;10152367;10;1;12/6/2026;12/6/2026;C25;4500130834;10;0378;1;MPITTIA;22/6/2026;15/2/2027;C25;1;13/7/2026;;;;;;;;;;03 Cert Mensual;En curso;Verde;C25
00378 YPF – Oleoducto Cnel. Pringle;1000090224;20;ZPAN;03-BAÑOS PARA OBRA 3;;0;;;;GPUJOL;1013136;SERVICIO LIMPIEZA DESAGOTE BANO QUIMICO;72;2;72;0;70;5000180246;13/7/2026;Servicios;CUMPLIDO PARCIAL;ZIJLSTRA ALBERTO ANTONIO;MR01;15/2/2027;12/6/2026;10152367;20;1;12/6/2026;12/6/2026;C25;4500130834;20;0378;1;MPITTIA;22/6/2026;15/2/2027;C25;1;13/7/2026;;;;;;;;;;03 Cert Mensual;En curso;Verde;C25
00378 YPF – Oleoducto Cnel. Pringle;1000090252;10;ZPAN;04-SERVICIO DE GAMMA;;0;;;;GPUJOL;1035533;SERVICIO ENSAYO ULTRASONIDO PHASED ARRAY;50;0;50;0;50;;;Servicios;ADJUDICADO;CAEFE S.A.;MR01;30/10/2026;13/6/2026;10152438;10;1;13/6/2026;16/6/2026;C26;4500130328;10;0378;1;YCOLMAN;16/6/2026;16/11/2026;C26;0;;;;;;;;;;;04 Cert a Demanda;En curso;;C26
00378 YPF – Oleoducto Cnel. Pringle;1000090252;20;ZPAN;04-SERVICIO DE GAMMA;;0;;;;GPUJOL;1013016;EQUIPO GAMMAGRAFIA EXTERNO;15;0;15;0;15;;;Servicios;ADJUDICADO;CAEFE S.A.;MR01;30/10/2026;13/6/2026;10152438;20;1;19/6/2026;19/6/2026;C26;4500130328;20;0378;1;YCOLMAN;16/6/2026;16/11/2026;C26;0;;;;;;;;;;;04 Cert a Demanda;En curso;;C26
00378 YPF – Oleoducto Cnel. Pringle;1000090252;30;ZPAN;04-SERVICIO DE GAMMA;;0;;;;GPUJOL;1013018;SERVICIO LIQUIDOS PENETRANTES;25;0;25;0;25;;;Servicios;ADJUDICADO;CAEFE S.A.;MR01;30/10/2026;13/6/2026;10152438;30;1;19/6/2026;19/6/2026;C26;4500130328;30;0378;1;YCOLMAN;16/6/2026;16/11/2026;C26;0;;;;;;;;;;;04 Cert a Demanda;En curso;;C26
00378 YPF – Oleoducto Cnel. Pringle;1000090252;40;ZPAN;04-SERVICIO DE GAMMA;;0;;;;GPUJOL;1035427;"PLACA GAMMA JUNTA Ø32"" SAUT";1045;0;1045;0;1045;;;Servicios;ADJUDICADO;CAEFE S.A.;MR01;30/10/2026;13/6/2026;10152438;60;1;19/6/2026;19/6/2026;C26;4500130328;40;0378;1;YCOLMAN;16/6/2026;16/11/2026;C26;0;;;;;;;;;;;04 Cert a Demanda;En curso;;C26
00378 YPF – Oleoducto Cnel. Pringle;1000090255;20;ZPAN;PM ARENA PARA REVEST;;0;;;;GPUJOL;1012974;FLETE SEMIRREMOLQUE 14,5MT XVIAJE;2;0;2;0;2;;;Servicios;ADJUDICADO;TRANSPORTE ANA S.R.L.;MR01;1/8/2026;13/6/2026;10152441;20;1;13/6/2026;16/6/2026;C15;4500132435;10;0378;1;GDIAZ;10/7/2026;1/8/2026;C15;0;;;;;;;;;;;Sin aclaración;En curso - Próximo a vencer;;C15
00378 YPF – Oleoducto Cnel. Pringle;1000090328;10;ZPAN;04-SERVICIO DE FUMIG;;0;;;;GPUJOL;1035446;SERVICIO DE DESRATIZACION;6;0;6;0;6;;;Servicios;ADJUDICADO;ARAMBERRI LUIS ALFREDO;MR01;15/1/2027;16/6/2026;10152519;10;1;16/6/2026;17/6/2026;C25;4500130966;10;0378;1;MPITTIA;23/6/2026;15/1/2027;C25;0;;;;;;;;;;;04 Cert a Demanda;En curso;;C25
00378 YPF – Oleoducto Cnel. Pringle;1000090334;10;ZPAN;PM EXAMENES TOXICOLO;;0;;;;GPUJOL;1022295;EXAMEN TOXICOLOGICO  COCAINA, MARIHUANA;30;30;30;0;0;5000179953;8/7/2026;Servicios;CUMPLIDO;BURON FERNANDO ANDRES;MR01;15/8/2026;16/6/2026;10152524;10;1;16/6/2026;17/6/2026;C25;4500130392;10;0378;1;MPITTIA;17/6/2026;15/8/2026;C25;3;8/7/2026;;;;;;;;;;Sin aclaración;En curso - Próximo a vencer;;C25
00378 YPF – Oleoducto Cnel. Pringle;1000090339;10;ZPAN;POLIZA DE RESPONSABI;;0;;;;GPUJOL;1012957;SEGURO RESPONSABILIDAD CIVIL;1;1;1;0;0;5000179578;6/7/2026;Servicios;CUMPLIDO;SANCOR COOP. DE SEG. LTDA.;MR01;15/10/2026;16/6/2026;10152531;10;1;16/6/2026;17/6/2026;C16;4500131412;10;0378;1;JESPARZA;26/6/2026;15/10/2026;C16;1;6/7/2026;;;;;;;;;;Sin aclaración;En curso - Total recepcionado;;C16
00378 YPF – Oleoducto Cnel. Pringle;1000090394;10;ZPAN;Examenes Pre-ocupaci;;2;;;;JPIEDRABUENA;1013131;EXAMEN PREOCUPACIONAL ADICIONALES XUN;50;0;50;0;50;;;Servicios;ADJUDICADO;CENTRO DEL TRABAJO SA;MR01;20/9/2026;17/6/2026;10152620;10;1;17/6/2026;17/6/2026;C25;4500130920;10;0378;1;MPITTIA;22/6/2026;20/9/2026;C25;0;;;;;;;;;;;Sin aclaración;En curso;;C25
00378 YPF – Oleoducto Cnel. Pringle;1000090394;20;ZPAN;Examenes Pre-ocupaci;;0;;;;JPIEDRABUENA;1013131;EXAMEN PREOCUPACIONAL ADICIONALES XUN;50;0;50;0;50;;;Servicios;ADJUDICADO;CENTRO DEL TRABAJO SA;MR01;20/9/2026;17/6/2026;10152620;20;1;19/6/2026;19/6/2026;C25;4500130920;20;0378;1;MPITTIA;22/6/2026;20/9/2026;C25;0;;;;;;;;;;;Sin aclaración;En curso;;C25
00378 YPF – Oleoducto Cnel. Pringle;1000090480;10;ZPAN;PM Certificacion CAR;;0;;;;GPUJOL;1013021;CERTIFICACION DE CARTER SECO TAUSEM;1;0;1;0;1;;;Servicios;ADJUDICADO;KUHN MATIAS DANIEL;MR01;30/7/2026;18/6/2026;10152776;10;1;18/6/2026;18/6/2026;C25;4500132751;10;0378;1;ALOPEZ;15/7/2026;31/7/2026;C25;0;;;;;;;;;;;Sin aclaración;En curso - Próximo a vencer;;C25
00378 YPF – Oleoducto Cnel. Pringle;1000090480;20;ZPAN;PM Certificacion CAR;;0;;;;GPUJOL;1013021;CERTIFICACION  DE COMPRESOR;1;0;1;0;1;;;Servicios;ADJUDICADO;KUHN MATIAS DANIEL;MR01;30/7/2026;18/6/2026;10152776;20;1;18/6/2026;18/6/2026;C25;4500132751;20;0378;1;ALOPEZ;15/7/2026;31/7/2026;C25;0;;;;;;;;;;;Sin aclaración;En curso - Próximo a vencer;;C25
00378 YPF – Oleoducto Cnel. Pringle;1000090484;10;ZPAN;03-ALQUILER DE CARRE;;0;;;;GPUJOL;1033267;ALQUILER DE CARRETON X MES;2;0;2;0;2;;;Servicios;ADJUDICADO;CATEX SRL;MR01;20/8/2026;18/6/2026;10152796;10;1;18/6/2026;13/7/2026;EFO;4500132614;10;0378;1;GROSES;14/7/2026;20/8/2026;EFO;0;;;;;;;;;;;03 Cert Mensual;En curso - Próximo a vencer;;EFO
00378 YPF – Oleoducto Cnel. Pringle;1000090620;10;ZPAN;04-RECARGA GAS Y ALQ;;0;;;;GPUJOL;1022295;RECARGA TUBO GAS BUTANO X45KG X UN;60;8;60;0;52;5000180997;18/7/2026;Servicios;CUMPLIDO PARCIAL;FERRO MANUEL OSVALDO;MR01;20/12/2026;22/6/2026;10152971;10;1;22/6/2026;22/6/2026;C25;4500132074;10;0378;2;MPITTIA;6/7/2026;20/12/2026;C25;1;18/7/2026;;;;;;;;;;04 Cert a Demanda;En curso;;C25
00378 YPF – Oleoducto Cnel. Pringle;1000090620;20;ZPAN;04-RECARGA GAS Y ALQ;;0;;;;GPUJOL;1022295;RECARGA TUBO GAS BUTANO X10KG X UN;25;5;25;0;20;5000180997;18/7/2026;Servicios;CUMPLIDO PARCIAL;FERRO MANUEL OSVALDO;MR01;20/12/2026;22/6/2026;10152971;20;1;22/6/2026;22/6/2026;C25;4500132074;20;0378;2;MPITTIA;6/7/2026;20/12/2026;C25;1;18/7/2026;;;;;;;;;;04 Cert a Demanda;En curso;;C25
00378 YPF – Oleoducto Cnel. Pringle;1000090620;30;ZPAN;04-RECARGA GAS Y ALQ;;0;;;;GPUJOL;1022295;ALQUILER TUBO GAS BUTANO 45KG XUNXMES;48;8;48;0;40;5000180997;18/7/2026;Servicios;CUMPLIDO PARCIAL;FERRO MANUEL OSVALDO;MR01;20/12/2026;22/6/2026;10152971;30;1;22/6/2026;22/6/2026;C25;4500132074;30;0378;2;MPITTIA;6/7/2026;20/12/2026;C25;1;18/7/2026;;;;;;;;;;04 Cert a Demanda;En curso;;C25
00378 YPF – Oleoducto Cnel. Pringle;1000090620;40;ZPAN;04-RECARGA GAS Y ALQ;;0;;;;GPUJOL;1022295;ALQUILER TUBO GAS BUTANO 10KG XUNXMES;30;5;30;0;25;5000180997;18/7/2026;Servicios;CUMPLIDO PARCIAL;FERRO MANUEL OSVALDO;MR01;20/12/2026;22/6/2026;10152971;40;1;22/6/2026;22/6/2026;C25;4500132074;40;0378;2;MPITTIA;6/7/2026;20/12/2026;C25;1;18/7/2026;;;;;;;;;;04 Cert a Demanda;En curso;;C25
00378 YPF – Oleoducto Cnel. Pringle;1000090695;10;ZPAN;04-ESTUDIO DE SUELO;;0;;;;GPUJOL;1042362;DIAS DE STANDBY;1;1;1;0;0;5000178274;26/6/2026;Servicios;CUMPLIDO;INGENIERIA DE SUELOS S.H. DE BARBAG;MR01;20/7/2026;23/6/2026;10153064;10;1;23/6/2026;23/6/2026;C26;4500131025;10;0378;1;YCOLMAN;23/6/2026;20/7/2026;C26;1;26/6/2026;;;;;;;;;;04 Cert a Demanda;En curso - Próximo a vencer;;C26
00378 YPF – Oleoducto Cnel. Pringle;1000090876;10;ZPAN;012-PM MANEJO DEFENS;;0;;;;GPUJOL;1022295;MANEJO DEFENSIVO TEORICO -PRACTICO;20;14;20;0;6;5000180286;13/7/2026;Servicios;CUMPLIDO PARCIAL;DER OHANESSIAN GUSTAVO;MR01;20/8/2026;25/6/2026;10153331;10;1;25/6/2026;26/6/2026;C25;4500131495;10;0378;1;MPITTIA;29/6/2026;20/8/2026;C25;5;13/7/2026;;;;;;;;;;01 Cert Semanal;En curso - Próximo a vencer;Verde;C25
00378 YPF – Oleoducto Cnel. Pringle;1000091001;20;ZPAN;TOSCA PARA MEJORA DE;;20;;;;JPIEDRABUENA;1022295;FLETE PARA TOSCA X TONELADA;2;0;0;2;0;;;Servicios;SIN TRATAMIENTO;;MR01;20/7/2026;29/6/2026;10153517;20;1;29/6/2026;30/6/2026;378;;0;;0;;;;;0;;;;;;;;;;;Sin aclaración;En curso - Próximo a vencer;;378
00378 YPF – Oleoducto Cnel. Pringle;1000091139;10;ZPAN;PEDIDO SERV INTERNET;;0;;;;JPIEDRABUENA;1025931;SERVICIO DE INTERNET X MES;9;1;9;0;8;5000179943;8/7/2026;Servicios;CUMPLIDO PARCIAL;ISP NET LA S.R.L.;MR01;31/3/2027;1/7/2026;10153707;10;1;1/7/2026;1/7/2026;C25;4500132043;10;0378;1;MPITTIA;6/7/2026;31/3/2027;C25;1;8/7/2026;;;;;;;;;;Sin aclaración;En curso;;C25
00378 YPF – Oleoducto Cnel. Pringle;1000091427;10;ZPAN;03-SERVICIO DE INTER;;0;;;;GPUJOL;1034212;SERVICIO DE INTERNET STARLINK X MES ANT1;6;1;6;0;5;5000180482;14/7/2026;Servicios;CUMPLIDO PARCIAL;JAWIT S.A.;MR01;15/1/2027;6/7/2026;10154033;10;1;6/7/2026;6/7/2026;C25;4500132163;10;0378;1;MPITTIA;7/7/2026;15/1/2027;C25;1;14/7/2026;;;;;;;;;;03 Cert Mensual;En curso;Verde;C25
00378 YPF – Oleoducto Cnel. Pringle;1000091427;20;ZPAN;03-SERVICIO DE INTER;;0;;;;GPUJOL;1034212;SERVICIO DE INTERNET STARLINK X MES ANT2;6;1;6;0;5;5000180482;14/7/2026;Servicios;CUMPLIDO PARCIAL;JAWIT S.A.;MR01;15/1/2027;6/7/2026;10154033;20;1;6/7/2026;6/7/2026;C25;4500132163;20;0378;1;MPITTIA;7/7/2026;15/1/2027;C25;1;14/7/2026;;;;;;;;;;03 Cert Mensual;En curso;Verde;C25
00378 YPF – Oleoducto Cnel. Pringle;1000091427;30;ZPAN;03-SERVICIO DE INTER;;0;;;;GPUJOL;1034212;SERVICIO DE INTERNET STARLINK X MES ANT3;6;1;6;0;5;5000180482;14/7/2026;Servicios;CUMPLIDO PARCIAL;JAWIT S.A.;MR01;15/1/2027;6/7/2026;10154033;30;1;6/7/2026;6/7/2026;C25;4500132163;30;0378;1;MPITTIA;7/7/2026;15/1/2027;C25;1;14/7/2026;;;;;;;;;;03 Cert Mensual;En curso;Verde;C25
00378 YPF – Oleoducto Cnel. Pringle;1000091427;40;ZPAN;03-SERVICIO DE INTER;;0;;;;GPUJOL;1034212;SERVICIO DE INTERNET STARLINK X MES ANT4;6;1;6;0;5;5000180482;14/7/2026;Servicios;CUMPLIDO PARCIAL;JAWIT S.A.;MR01;15/1/2027;6/7/2026;10154033;40;1;6/7/2026;6/7/2026;C25;4500132163;40;0378;1;MPITTIA;7/7/2026;15/1/2027;C25;1;14/7/2026;;;;;;;;;;03 Cert Mensual;En curso;Verde;C25
00378 YPF – Oleoducto Cnel. Pringle;1000091440;10;ZPAN;ENVIO DE PRESUPUESTO;;0;;;;GPUJOL;1022294;JORNADA DE INSPECCION;1;1;1;0;0;5000180475;14/7/2026;Servicios;CUMPLIDO;LENOR SRL;MR01;28/7/2026;7/7/2026;10154051;10;1;7/7/2026;7/7/2026;C25;4500132302;10;0378;1;MPITTIA;8/7/2026;28/7/2026;C25;1;14/7/2026;;;;;;;;;;Sin aclaración;En curso - Próximo a vencer;;C25
00378 YPF – Oleoducto Cnel. Pringle;1000091440;20;ZPAN;ENVIO DE PRESUPUESTO;;0;;;;GPUJOL;1013021;CERTIFICACION DE EQUIPOS;4;4;4;0;0;5000180475;14/7/2026;Servicios;CUMPLIDO;LENOR SRL;MR01;28/7/2026;7/7/2026;10154051;20;1;7/7/2026;7/7/2026;C25;4500132302;20;0378;1;MPITTIA;8/7/2026;28/7/2026;C25;1;14/7/2026;;;;;;;;;;Sin aclaración;En curso - Próximo a vencer;;C25
00378 YPF – Oleoducto Cnel. Pringle;1000091440;30;ZPAN;ENVIO DE PRESUPUESTO;;0;;;;GPUJOL;1016081;CERTIFICACION OPERADORADORES;4;4;4;0;0;5000180475;14/7/2026;Servicios;CUMPLIDO;LENOR SRL;MR01;28/7/2026;7/7/2026;10154051;30;1;7/7/2026;7/7/2026;C25;4500132302;30;0378;1;MPITTIA;8/7/2026;28/7/2026;C25;1;14/7/2026;;;;;;;;;;Sin aclaración;En curso - Próximo a vencer;;C25
00378 YPF – Oleoducto Cnel. Pringle;1000091440;40;ZPAN;ENVIO DE PRESUPUESTO;;0;;;;GPUJOL;1036349;CERTIFICACION LOTE DE GRILLETES;1;1;1;0;0;5000180475;14/7/2026;Servicios;CUMPLIDO;LENOR SRL;MR01;28/7/2026;7/7/2026;10154051;40;1;7/7/2026;7/7/2026;C25;4500132302;40;0378;1;MPITTIA;8/7/2026;28/7/2026;C25;1;14/7/2026;;;;;;;;;;Sin aclaración;En curso - Próximo a vencer;;C25
00378 YPF – Oleoducto Cnel. Pringle;1000091440;50;ZPAN;ENVIO DE PRESUPUESTO;;0;;;;GPUJOL;1036348;CERTIFICACION LOTEDE ESLINGAS SINTETICAS;1;1;1;0;0;5000180475;14/7/2026;Servicios;CUMPLIDO;LENOR SRL;MR01;28/7/2026;7/7/2026;10154051;50;1;7/7/2026;7/7/2026;C25;4500132302;50;0378;1;MPITTIA;8/7/2026;28/7/2026;C25;1;14/7/2026;;;;;;;;;;Sin aclaración;En curso - Próximo a vencer;;C25
00378 YPF – Oleoducto Cnel. Pringle;1000091440;60;ZPAN;ENVIO DE PRESUPUESTO;;0;;;;GPUJOL;1036348;CERTIFICACION GARRAS DE ELEVACION;1;1;1;0;0;5000180475;14/7/2026;Servicios;CUMPLIDO;LENOR SRL;MR01;28/7/2026;7/7/2026;10154051;60;1;7/7/2026;7/7/2026;C25;4500132302;60;0378;1;MPITTIA;8/7/2026;28/7/2026;C25;1;14/7/2026;;;;;;;;;;Sin aclaración;En curso - Próximo a vencer;;C25
00378 YPF – Oleoducto Cnel. Pringle;1000091440;70;ZPAN;ENVIO DE PRESUPUESTO;;0;;;;GPUJOL;1036348;CERTIFICACION DE GANCHO;1;1;1;0;0;5000180475;14/7/2026;Servicios;CUMPLIDO;LENOR SRL;MR01;28/7/2026;7/7/2026;10154051;70;1;7/7/2026;7/7/2026;C25;4500132302;70;0378;1;MPITTIA;8/7/2026;28/7/2026;C25;1;14/7/2026;;;;;;;;;;Sin aclaración;En curso - Próximo a vencer;;C25
00378 YPF – Oleoducto Cnel. Pringle;1000091440;80;ZPAN;ENVIO DE PRESUPUESTO;;0;;;;GPUJOL;1013024;VIATICOS;1;1;1;0;0;5000180475;14/7/2026;Servicios;CUMPLIDO;LENOR SRL;MR01;28/7/2026;7/7/2026;10154051;80;1;7/7/2026;7/7/2026;C25;4500132302;80;0378;1;MPITTIA;8/7/2026;28/7/2026;C25;1;14/7/2026;;;;;;;;;;Sin aclaración;En curso - Próximo a vencer;;C25
00378 YPF – Oleoducto Cnel. Pringle;1000091487;10;ZPAN;04-MONTAJE DE ANTENA;;0;;;;GPUJOL;1022295;ARMADO DE TORRE ITEM 1;1;0;1;0;1;;;Servicios;ADJUDICADO;MEGAHERTZ S.R.L.;MR01;28/7/2026;7/7/2026;10154141;10;1;7/7/2026;7/7/2026;C25;4500132270;10;0378;1;MPITTIA;8/7/2026;28/7/2026;C25;0;;;;;;;;;;;04 Cert a Demanda;En curso - Próximo a vencer;;C25
00378 YPF – Oleoducto Cnel. Pringle;1000091487;20;ZPAN;04-MONTAJE DE ANTENA;;0;;;;GPUJOL;1022295;INSTALACION Y PUESTA A PUNTO ITEM 2;1;0;1;0;1;;;Servicios;ADJUDICADO;MEGAHERTZ S.R.L.;MR01;28/7/2026;7/7/2026;10154141;20;1;7/7/2026;7/7/2026;C25;4500132270;20;0378;1;MPITTIA;8/7/2026;28/7/2026;C25;0;;;;;;;;;;;04 Cert a Demanda;En curso - Próximo a vencer;;C25
00378 YPF – Oleoducto Cnel. Pringle;1000091487;30;ZPAN;04-MONTAJE DE ANTENA;;0;;;;GPUJOL;1022295;METROS DE CABLE COAXIAL ITEM 3;30;0;30;0;30;;;Servicios;ADJUDICADO;MEGAHERTZ S.R.L.;MR01;28/7/2026;7/7/2026;10154141;30;1;7/7/2026;7/7/2026;C25;4500132270;30;0378;1;MPITTIA;8/7/2026;28/7/2026;C25;0;;;;;;;;;;;04 Cert a Demanda;En curso - Próximo a vencer;;C25
00378 YPF – Oleoducto Cnel. Pringle;1000091487;40;ZPAN;04-MONTAJE DE ANTENA;;0;;;;GPUJOL;1022295;ANTENA PARA REPETIDOR ITEM 4;1;0;1;0;1;;;Servicios;ADJUDICADO;MEGAHERTZ S.R.L.;MR01;28/7/2026;7/7/2026;10154141;40;1;7/7/2026;7/7/2026;C25;4500132270;40;0378;1;MPITTIA;8/7/2026;28/7/2026;C25;0;;;;;;;;;;;04 Cert a Demanda;En curso - Próximo a vencer;;C25
00378 YPF – Oleoducto Cnel. Pringle;1000091487;50;ZPAN;04-MONTAJE DE ANTENA;;0;;;;GPUJOL;1022295;FUENTE SWITCHING ITEM 5;1;0;1;0;1;;;Servicios;ADJUDICADO;MEGAHERTZ S.R.L.;MR01;28/7/2026;7/7/2026;10154141;50;1;7/7/2026;7/7/2026;C25;4500132270;50;0378;1;MPITTIA;8/7/2026;28/7/2026;C25;0;;;;;;;;;;;04 Cert a Demanda;En curso - Próximo a vencer;;C25
00378 YPF – Oleoducto Cnel. Pringle;1000091502;10;ZPAN;CALIFICACION DE SOLD;;0;;;;GPUJOL;1013029;CALIFICACION DE SOLDADOR;30;30;30;0;0;5000180687;16/7/2026;Servicios;CUMPLIDO;KUHN MATIAS DANIEL;MR01;29/7/2026;8/7/2026;10154172;10;1;8/7/2026;8/7/2026;C26;4500132347;10;0378;1;YCOLMAN;8/7/2026;29/7/2026;C26;1;16/7/2026;;;;;;;;;;Sin aclaración;En curso - Próximo a vencer;;C26
00378 YPF – Oleoducto Cnel. Pringle;1000091506;10;ZPAN;03-SERV DE ATENC PRI;;0;;;;GPUJOL;1027345;SERVICIO ATENCION PRIMARIA X MES;6;0;6;0;6;;;Servicios;ADJUDICADO;COOPERATIVA DE TRABAJO POLICOOP LIM;MR01;20/2/2027;8/7/2026;10154179;10;1;8/7/2026;8/7/2026;C25;4500132396;10;0378;1;MPITTIA;10/7/2026;20/2/2027;C25;0;;;;;;;;;;;03 Cert Mensual;En curso;;C25
00378 YPF – Oleoducto Cnel. Pringle;1000091583;10;ZPAN;REGULARIZAR  ENTREGA;;0;;;;GPUJOL;1013138;SERVICIO BOTELLON DE 20 LTS XUN;20;0;20;0;20;;;Servicios;ADJUDICADO;ZORRILLA HNOS S.R.L.;MR01;30/7/2026;9/7/2026;10154267;10;1;9/7/2026;10/7/2026;C24;4500133111;10;0378;1;MPITTIA;20/7/2026;30/7/2026;C24;0;;;;;;;;;;;Sin aclaración;En curso - Próximo a vencer;;C24
00378 YPF – Oleoducto Cnel. Pringle;1000091673;10;ZPAN;CERTIFICACION Presup;;0;;;;GPUJOL;1016081;DIA DE CAPCITACION/CALIFICACION;1;1;1;0;0;5000180483;14/7/2026;Servicios;CUMPLIDO;LENOR SRL;MR01;31/7/2026;11/7/2026;10154467;10;1;11/7/2026;13/7/2026;C25;4500132591;10;0378;1;ALOPEZ;14/7/2026;31/7/2026;C25;1;14/7/2026;;;;;;;;;;Sin aclaración;En curso - Próximo a vencer;;C25
00378 YPF – Oleoducto Cnel. Pringle;1000091673;20;ZPAN;CERTIFICACION Presup;;0;;;;GPUJOL;1016081;CERTIFICADO DE OPERADORES;13;13;13;0;0;5000180483;14/7/2026;Servicios;CUMPLIDO;LENOR SRL;MR01;31/7/2026;11/7/2026;10154467;20;1;11/7/2026;13/7/2026;C25;4500132591;20;0378;1;ALOPEZ;14/7/2026;31/7/2026;C25;1;14/7/2026;;;;;;;;;;Sin aclaración;En curso - Próximo a vencer;;C25
00378 YPF – Oleoducto Cnel. Pringle;1000091703;10;ZPAN;03- ALQUILER DE CONT;;0;;;;GPUJOL;1035384;ALQUILER DE CONTENEDORES RESIDUOS X UN;54;0;54;0;54;;;Servicios;ADJUDICADO;KORRONTE ACEROS 3 ARROYOS S.R.L.;MR01;20/1/2027;13/7/2026;10154529;10;1;13/7/2026;13/7/2026;C25;4500132766;10;0378;1;ALOPEZ;15/7/2026;20/1/2027;C25;0;;;;;;;;;;;03 Cert Mensual;En curso;;C25
00378 YPF – Oleoducto Cnel. Pringle;1000092102;10;ZPAN;ENVIO DE PRESUPUESTO;;0;;;;GPUJOL;1022294;JORNADA DE INSPECCION;1;0;0;1;0;;;Servicios;SIN TRATAMIENTO;;MR01;7/8/2026;18/7/2026;10155045;10;1;18/7/2026;20/7/2026;C25;;0;;0;;;;;0;;;;;;;;;;;Sin aclaración;En curso - Próximo a vencer;;C25
00378 YPF – Oleoducto Cnel. Pringle;1000092102;20;ZPAN;ENVIO DE PRESUPUESTO;;0;;;;GPUJOL;1013021;CERTIFICACION EQUIPO INT 39304;1;0;0;1;0;;;Servicios;SIN TRATAMIENTO;;MR01;7/8/2026;18/7/2026;10155045;20;1;18/7/2026;20/7/2026;C25;;0;;0;;;;;0;;;;;;;;;;;Sin aclaración;En curso - Próximo a vencer;;C25
00378 YPF – Oleoducto Cnel. Pringle;1000092102;30;ZPAN;ENVIO DE PRESUPUESTO;;0;;;;GPUJOL;1013024;VIATICOS;1;0;0;1;0;;;Servicios;SIN TRATAMIENTO;;MR01;7/8/2026;18/7/2026;10155045;30;1;18/7/2026;20/7/2026;C25;;0;;0;;;;;0;;;;;;;;;;;Sin aclaración;En curso - Próximo a vencer;;C25
00314 CASA Olavarría;4000006691;10;ZPIN;Transporte de combi;;0;;4;11/5/2026;ANAVARRO;1013113;TRANSPORTE DE PERSONAL COMBI LOMA N-OBRA;1200;0;0;1200;0;;;Servicios;RESPONDIDO;;MM01;31/12/2026;20/4/2026;10148129;10;1;20/4/2026;20/4/2026;C25;;0;;0;;;;;0;;0;0;0;0;0;0;0;0;0;Sin aclaración;Pedido de Info;;C25
00035 CASA SAN LUIS-MM;4000006775;10;ZPIN;04 - RECARGA DE MATA;;0;;4;7/7/2026;FALBARELLOS;1013043;RECARGA DE MATAFUEGO - ADICIONALES;6000000;0;0;6000000;0;;;Servicios;RESPONDIDO;;MM01;10/7/2026;7/5/2026;10149494;10;1;7/5/2026;7/5/2026;C25;;0;;0;;;;;0;;0;0;0;0;0;0;0;0;0;Sin aclaración;Pedido de Info;;C25
00341 Mov. Suelos San Luis;4000006860;10;ZPIN;03 - SERVICIO REMISE;;0;;4;24/6/2026;FALBARELLOS;1018251;TRASLADO DIARIO X KM;96000;0;0;96000;0;;;Servicios;RESPONDIDO;;MR01;20/6/2026;2/6/2026;10151511;10;1;2/6/2026;2/6/2026;C25;;0;;0;;;;;0;;0;0;0;0;0;0;0;0;0;Sin aclaración;Pedido de Info;;C25
00314 CASA Olavarría;4000006931;10;ZPIN;Flete cubiertas R35;;0;;;;ANAVARRO;1012978;FLETE CARRETON XVIAJE;1;0;0;1;0;;;Servicios;SIN TRATAMIENTO;;MM01;6/7/2026;29/6/2026;10153528;10;1;29/6/2026;1/7/2026;C15;;0;;0;;;;;0;;2;0;0;0;0;0;0;0;0;Sin aclaración;Pedido de Info;;C15
00314 CASA Olavarría;4000006931;20;ZPIN;Flete cubiertas R35;;0;;;;ANAVARRO;1012973;FLETE SEMIRREMOLQUE 13,5MT XVIAJE;1;0;0;1;0;;;Servicios;SIN TRATAMIENTO;;MM01;6/7/2026;29/6/2026;10153528;20;1;29/6/2026;1/7/2026;C15;;0;;0;;;;;0;;2;0;0;0;0;0;0;0;0;Sin aclaración;Pedido de Info;;C15
00314 CASA Olavarría;4000006932;10;ZPIN;alquileres para cubi;;0;;4;20/7/2026;ANAVARRO;1042110;ALQUILER MANITOU;1;0;0;1;0;;;Servicios;RESPONDIDO;;MM01;21/7/2026;29/6/2026;10153539;10;1;29/6/2026;29/6/2026;C04;;0;;0;;;;;0;;0;0;0;0;0;0;0;0;0;Sin aclaración;Pedido de Info;;C04
00314 CASA Olavarría;4000006932;20;ZPIN;alquileres para cubi;;0;;4;1/7/2026;ANAVARRO;1042110;ALQUILER CONTENEDOR 12 MT TIPO MARITIMO;1;0;0;1;0;;;Servicios;RESPONDIDO;;MM01;6/7/2026;29/6/2026;10153539;20;1;29/6/2026;29/6/2026;C04;;0;;0;;;;;0;;0;0;0;0;0;0;0;0;0;Sin aclaración;Pedido de Info;;C04
00378 YPF – Oleoducto Cnel. Pringle;4000006935;10;ZPIN;SERV ADICIONAL TTE E;;0;;;;JPIEDRABUENA;1012981;FLETE PAQUETERIA ROSARIO -TRES ARROYOS;1;0;0;1;0;;;Servicios;SIN TRATAMIENTO;;MR01;13/7/2026;1/7/2026;10153738;10;1;1/7/2026;2/7/2026;C15;;0;;0;;;;;0;;1;0;0;0;0;0;0;0;0;Sin aclaración;Pedido de Info;;C15
