Cliente;Material;Tipo material;Texto breve de material;Nombre Fabricante;Numero Pieza de Fabricante;Centro área pl.nec.;Almacén;Caract.planif.nec.;Punto de pedido;Stock alm.máx.;Grupo de compras;Denominación GrpComp;Rubro;SubRubro;Unidad de peso;TIPO DOC;NRO. VA01/VA21;ESTADO ITEM;NRO. OC;FECHA RECEPCION;FECHA PICKING;FECHA CONTABILIZACION VL;FECHA ENTREGA ESPERADA;FECHA DE EMISION NECESIDAD;GRUPO DE COMPRA OC;NRO. SOLPED
00223 Comp Amb Santa Fe;1001756;ZSTO;BOTIN MARRON/NEGRO FLOR P.ACERO N 40;CONWORK // BORIS // VORAN // CALZADOS A // // //;53BAF // 3305 T40 // CRONOS N T40 // ESCORPIO PRUS 1050 T40 // RINGO MOD BOLT TALLE 40 // RINGO-MOD PUNCH TALLE 40 // SKIWAY MOD. 3243 T40;MR01;223;V1;2;3;C28;SEGURIDAD/ROPA/EPP;SEGURIDAD;CALZADO;KG;ZPAS;1000093873;PICKEADO;;;19/8/2026;;7/9/2026;18/8/2026;;
00223 Comp Amb Santa Fe;1002514;ZSTO;FILTRO ACEITE;JOHN DEERE // JOHN DEERE;RE541420 // RE504836;MR01;223;V1;3;6;F03;FILTRO ACEITE;FILTROS;J.D. 544K/310J;KG;ZPAS;1000093465;PICKEADO;;;24/8/2026;;1/9/2026;11/8/2026;;
00223 Comp Amb Santa Fe;1002088;ZSTO;TRAJE DE LLUVIA T.XXL;;;MR01;223;V1;2;5;C28;SEGURIDAD/ROPA/EPP;ROPA;INDUMENTARIA;KG;ZPAS;1000093873;PICKEADO;;;19/8/2026;;7/9/2026;18/8/2026;;
00223 Comp Amb Santa Fe;1002832;ZSTO;FILTRO COMBUSTIBLE;FLEETGUARD // FLEETGUARD // DONALDSON // MANN //;2RK127177A // FF5052 // P553004 // WK723 // DB0519;MR01;223;V1;2;3;F06;FILTRO COMBUSTIBLE;FILTROS;VW 26260 - ONAN;KG;ZPAS;1000094306;SIN TRATAMIENTO;;;;;14/9/2026;25/8/2026;;
00223 Comp Amb Santa Fe;1002781;ZSTO;FILTRO AIRE;JOHN DEERE;AL172780;MR01;223;V1;2;3;F04;FILTRO AIRE;FILTROS;JD 6615;KG;ZPAS;1000094306;SIN TRATAMIENTO;;;;;14/9/2026;25/8/2026;;
00223 Comp Amb Santa Fe;1002613;ZSTO;FILTRO AIRE;JOHN DEERE;AL150288;MR01;223;V1;2;3;F04;FILTRO AIRE;FILTROS;JD 6615;KG;ZPAS;1000094306;SIN TRATAMIENTO;;;;;14/9/2026;25/8/2026;;
00223 Comp Amb Santa Fe;1002557;ZSTO;FILTRO COMBUSTIBLE XUN;JOHN DEERE;RE62418;MR01;223;V1;2;3;F06;FILTRO COMBUSTIBLE;FILTROS;JD 6615;KG;ZPAS;1000094306;SIN TRATAMIENTO;;;;;14/9/2026;25/8/2026;;
00223 Comp Amb Santa Fe;1002552;ZSTO;COMBUSTIBLE J.D. XUN;JOHN DEERE // JOHN DEERE;DQ24057 // AT81478;MR01;223;V1;2;3;F06;FILTRO COMBUSTIBLE;FILTROS;JD 6615;KG;ZPAS;1000094306;SIN TRATAMIENTO;;;;;14/9/2026;25/8/2026;;
00223 Comp Amb Santa Fe;1002516;ZSTO;FILTRO ACEITE XUN;JOHN DEERE // DONALDSON // JOHN DEERE;RE59754 // P551352 // DZ118286;MR01;223;V1;2;3;F03;FILTRO ACEITE;FILTROS;JD 6615;KG;ZPAS;1000094306;SIN TRATAMIENTO;;;;;14/9/2026;25/8/2026;;
00223 Comp Amb Santa Fe;1003183;ZSTO;FILTRO DE ACEITE MOTOR;DBT S.A. // // DONALDSON // // // // FLEETGUARD;3035098 // LF3925 // P502067 // T 600 // W67/1 // W671 // LF3925;MR01;223;V1;2;5;F03;FILTRO ACEITE;FILTROS;HIMOINSA LTA 8 V LED;KG;ZPAS;1000094306;SIN TRATAMIENTO;;;;;14/9/2026;25/8/2026;;
00223 Comp Amb Santa Fe;1003181;ZSTO;FILTRO DE COMBUSTIBLE;DBT S.A. // FLEETGUARD // DONALDSON // HIFI FILTE;3048841 // FF 5259 // P502166 // SN 21590;MR01;223;V1;2;5;F06;FILTRO COMBUSTIBLE;FILTROS;HIMOINSA LTA 8 V LED;KG;ZPAS;1000094306;SIN TRATAMIENTO;;;;;14/9/2026;25/8/2026;;
00223 Comp Amb Santa Fe;1003182;ZSTO;FILTRO GASOIL;DBT S.A. // VER // HIMOINSA S // DONALDSON;3024206 // 17108155910 // 3082015 // P502406;MR01;223;V1;2;5;F06;FILTRO COMBUSTIBLE;FILTROS;HIMOINSA LTA 8 V LED;KG;ZPAS;1000094306;SIN TRATAMIENTO;;;;;14/9/2026;25/8/2026;;
00223 Comp Amb Santa Fe;1003180;ZSTO;FILTRO DE AIRE;DBT S.A. // DONALDSON // DARMET;3025127 // P822686 // VP-2735;MR01;223;V1;2;5;F04;FILTRO AIRE;FILTROS;HIMOINSA LTA 8 V LED;KG;ZPAS;1000094306;SIN TRATAMIENTO;;;;;14/9/2026;25/8/2026;;
00223 Comp Amb Santa Fe;1002609;ZSTO;FILTRO AIRE PRIMARIO;JOHN DEERE;AT223226;MR01;223;V1;2;3;F04;FILTRO AIRE;FILTROS;JD 850J;KG;ZPAS;1000094306;SIN TRATAMIENTO;;;;;14/9/2026;25/8/2026;;
00223 Comp Amb Santa Fe;1002621;ZSTO;FILTRO AIRE 1 XUN;JOHN DEERE;AT300487;MR01;223;V1;2;3;F04;FILTRO AIRE;FILTROS;JD. 544K;KG;ZPAS;1000094306;SIN TRATAMIENTO;;;;;14/9/2026;25/8/2026;;
00223 Comp Amb Santa Fe;1002623;ZSTO;FILTRO AIRE 2 XUN;JOHN DEERE;AT314583;MR01;223;V1;2;3;F04;FILTRO AIRE;FILTROS;JOHN DEERE;KG;ZPAS;1000094306;SIN TRATAMIENTO;;;;;14/9/2026;25/8/2026;;
00314 CASA Olavarría;1003678;ZSTO;CHISEL (W P);DAEMO ENGI;B36312130000;MM01;26;V1;1;2;C29;FILTROS/RESPUESTOS;REPUESTOS;DAEMO 300;KG;ZPAN;1000090374;ADJUDICADO;4500130975;;;;3/7/2026;17/6/2026;C29;10152584
00314 CASA Olavarría;1001688;ZSTO;TAPON AUDITIVO FOAM CON CORDON;LIBUS;FOAM;MR01;314;V1;6;12;C28;SEGURIDAD/ROPA/EPP;SEGURIDAD;ACCESORIO SEGURIDAD;KG;ZPAS;1000094299;SIN TRATAMIENTO;;;;;9/9/2026;25/8/2026;;
00314 CASA Olavarría;1001697;ZSTO;GUANTE VAQUETA MEDIO PASEO T.10;;MÚLT. 12U;MR01;314;V1;86;150;C28;SEGURIDAD/ROPA/EPP;SEGURIDAD;GUANTE;KG;ZPAS;1000094297;SIN TRATAMIENTO;;;;;9/9/2026;25/8/2026;;
00314 CASA Olavarría;1001698;ZSTO;GUANTE ALGODON MOTEADO;;MÚLT. 12U;MR01;314;V1;242;420;C28;SEGURIDAD/ROPA/EPP;SEGURIDAD;GUANTE;KG;ZPAS;1000094003;PICKEADO;;;22/8/2026;;4/9/2026;20/8/2026;;
00314 CASA Olavarría;1001700;ZSTO;CASCO CARCAZA AMARILLO;LIBUS // 3M // MSA // STEELPRO //;MILENIUM // H-700 AMARILLO // V-GARD AMARILLO // STEELPRO SAFETY AMARILLO // DEPASCALE-UCU1112PC;MR01;314;V1;6;12;C28;SEGURIDAD/ROPA/EPP;SEGURIDAD;ACCESORIO SEGURIDAD;KG;ZPAS;1000094006;PICKEADO;;;22/8/2026;;4/9/2026;20/8/2026;;
00314 CASA Olavarría;1001701;ZSTO;GUANTE NITRILO AZUL PUÑO ELASTIZADO;;;MR01;314;V1;8;15;C28;SEGURIDAD/ROPA/EPP;SEGURIDAD;GUANTE;KG;ZPAS;1000094003;PICKEADO;;;22/8/2026;;4/9/2026;20/8/2026;;
00314 CASA Olavarría;1001702;ZSTO;GUANTE SOLDADOR COSTURA KEVLAR;;;MR01;314;V1;1;3;C28;SEGURIDAD/ROPA/EPP;SEGURIDAD;GUANTE;KG;ZPAS;1000094299;SIN TRATAMIENTO;;;;;9/9/2026;25/8/2026;;
00314 CASA Olavarría;1001728;ZSTO;ADAPTADOR PROTECTOR FACIAL AUDITIVO;LIBUS // 3M // MSA // STEELPRO;902493 // ADAPTADOR VISOR PELTOR // ADAPTADOR VISOR PELTOR // UNIVERSAL STEELPRO;MR01;314;V1;1;2;C28;SEGURIDAD/ROPA/EPP;SEGURIDAD;ACCESORIO SEGURIDAD;KG;ZPAS;1000094299;SIN TRATAMIENTO;;;;;9/9/2026;25/8/2026;;
00314 CASA Olavarría;1001758;ZSTO;BOTIN MARRON/NEGRO FLOR P.ACERO N 42;CONWORK // BORIS // VORAN // CALZADOS A // // //;53BAF // 3305 T42 // CRONOS N T42 // ESCORPIO PRUS 1050 T42 // RINGO MOD BOLT TALLE 42 // RINGO-MOD PUNCH TALLE 42 // SKIWAY MOD. 3243 T42;MR01;314;V1;4;8;C28;SEGURIDAD/ROPA/EPP;SEGURIDAD;CALZADO;KG;ZPAS;1000094003;PICKEADO;;;22/8/2026;;4/9/2026;20/8/2026;;
00314 CASA Olavarría;1001871;ZSTO;RESMA DE HOJA A4 70GR. X UN;;;MR01;314;V1;8;25;C17;INSUMOS A;LIBRERIA;PAPEL;KG;ZPAS;1000094006;PICKEADO;;;22/8/2026;;4/9/2026;20/8/2026;;
00314 CASA Olavarría;1003177;ZSTO;FILTRO TRAMPA DE AGUA;CATERPILLA;4238524;MM01;26;V1;12;21;F13;FILTRO TRAMPA DE A;FILTROS;CAT 950;KG;ZPAS;1000090799;CUMPLIDO PARCIAL;;;13/7/2026;22/7/2026;10/7/2026;24/6/2026;;
00314 CASA Olavarría;1001885;ZSTO;BOLSAS RESIDUOS XUN 102X130 VERDE;;;MR01;314;V1;13;23;C17;INSUMOS A;LIMPIEZA;LIMPIEZA /SEGURIDAD;KG;ZPAS;1000094297;SIN TRATAMIENTO;;;;;9/9/2026;25/8/2026;;
00314 CASA Olavarría;1001943;ZSTO;ADHESIVO CIANO 20 G XUN;CIANO;;MR01;314;V1;5;9;C27;FERRETERIA MR01;FERRETERIA;ADHESIVOS;KG;ZPAS;1000094297;SIN TRATAMIENTO;;;;;9/9/2026;25/8/2026;;
00314 CASA Olavarría;1001958;ZSTO;CINTA TEFLON 1/2 X 20MT;;;MR01;314;V1;3;6;C27;FERRETERIA MR01;FERRETERIA;INSUMOS;KG;ZPAS;1000094006;PICKEADO;;;22/8/2026;;4/9/2026;20/8/2026;;
00314 CASA Olavarría;1017974;ZSTO;LIMPIACONTACTOS AEROSOL X240ML;;440CC 350G DELTA;MR01;314;V1;10;18;C27;FERRETERIA MR01;INSUMOS;INFORMATICA;KG;ZPAS;1000094006;PICKEADO;;;22/8/2026;;4/9/2026;20/8/2026;;
00314 CASA Olavarría;1056101;ZSTO;CEPILLO VIOLIN P/LAVAR COCHES;;;MR01;314;V1;6;12;C17;INSUMOS A;LIMPIEZA;INSUMOS;KG;ZPAS;1000094003;SIN TRATAMIENTO;;;;;4/9/2026;20/8/2026;;
00314 CASA Olavarría;1056152;ZSTO;BOLSA RESIDUOS 45X60CM X30UN;;;MR01;314;V1;43;75;C17;INSUMOS A;LIMPIEZA;LIMPIEZA /SEGURIDAD;KG;ZPAS;1000094297;SIN TRATAMIENTO;;;;;9/9/2026;25/8/2026;;
00314 CASA Olavarría;1001798;ZSTO;ACEITE HIDRAULICO X 20 LTS;TOTAL;AZOLLA32;MM01;26;V1;1;2;L01;ACEITES;LUBRICANTES;ACEITES;KG;ZPAS;1000092810;SIN TRATAMIENTO;;;;;14/8/2026;30/7/2026;;
00314 CASA Olavarría;1002957;ZSTO;FILTRO DE FRENO;CATERPILLA;2933645;MM01;26;V1;15;23;F08;FILTRO LIQUI FRENO;FILTROS;CAT 775G;KG;ZPAS;1000092802;CUMPLIDO PARCIAL;;;31/7/2026;5/8/2026;14/8/2026;30/7/2026;;
00314 CASA Olavarría;1001813;ZSTO;REFRIGERANTE CATERPILLAR X20L;CATERPILLA // CATERPILLA;2154246 // 2388649;MM01;26;V1;10;18;L02;FLUIDOS;LUBRICANTES;ADITIVOS;KG;ZPAS;1000094294;SIN TRATAMIENTO;;;;;9/9/2026;25/8/2026;;
00314 CASA Olavarría;1027333;ZSTO;UÑA BALDE PENETRACION  - 66PPE;ESCANDINAV;VOE14732403;MM01;26;V1;8;15;C29;FILTROS/RESPUESTOS;DESGASTE;VOLVO EC 480D;KG;ZPAS;1000092802;CUMPLIDO PARCIAL;;;3/8/2026;5/8/2026;14/8/2026;30/7/2026;;
00314 CASA Olavarría;1001841;ZSTO;CAMARA 12.00 R20;;MARCA DONGAH // MARCA PIRELLI;MM01;26;V1;8;15;C52;CAMARAS;CUBIERTAS;CUBIERTAS;KG;ZPAS;1000094001;PICKEADO;;;22/8/2026;;4/9/2026;20/8/2026;;
00314 CASA Olavarría;1016259;ZSTO;Filtro Cabina Polen de Entrada;ATLAS COPC;2653252367;MM01;26;V1;1;2;F05;FILTRO AIRE CABINA;FILTROS;PERFORADORA ATLAS T45-12;KG;ZPAS;1000092816;SIN TRATAMIENTO;;;;;14/8/2026;30/7/2026;;
00314 CASA Olavarría;1016260;ZSTO;Filtro Cabina Polen Exterior;ATLAS COPC;2653252359;MM01;26;V1;1;2;F05;FILTRO AIRE CABINA;FILTROS;PERFORADORA ATLAS T45-12;KG;ZPAS;1000092816;SIN TRATAMIENTO;;;;;14/8/2026;30/7/2026;;
00314 CASA Olavarría;1002270;ZSTO;PATIN CENTRAL DE VERTEDERA;CATERPILLA // CATERPILLA;1781685 // 4461527;MM01;26;V1;1;3;G01;CUCHILLAS;DESGASTE;CAT 140H;KG;ZPAS;1000094010;PICKEADO;;;22/8/2026;;4/9/2026;20/8/2026;;
00314 CASA Olavarría;1002274;ZSTO;CUCHILLA 7′ X 8″ X 5/8″ X 3/4″;FERNANDEZ;7D1158;MM01;26;V1;10;18;C29;FILTROS/RESPUESTOS;DESGASTE;CAT 140K;KG;ZPAS;1000094001;SIN TRATAMIENTO;;;22/8/2026;;4/9/2026;20/8/2026;;
00314 CASA Olavarría;1002434;ZSTO;SEGURO UÑA BALDE - 30P;VOLVO CONS;VOE11417147;MM01;26;V1;13;24;G05;AJUSTE;DESGASTE;L220G;KG;ZPAS;1000093613;CUMPLIDO PARCIAL;;;13/8/2026;18/8/2026;28/8/2026;13/8/2026;;
00314 CASA Olavarría;1002564;ZSTO;FILTRO AIRE DE CABINA;CATERPILLA;2112660;MM01;26;V1;4;8;C29;FILTROS/RESPUESTOS;FILTROS;CAT 416E;KG;ZPAS;1000094294;SIN TRATAMIENTO;;;;;9/9/2026;25/8/2026;;
00314 CASA Olavarría;1002591;ZSTO;FILTRO DE COMBUSTIBLE PRINCIPAL XU;KOMATSU HO // KOMATSU HO // // //;6754716130 // 6754796140 // FF5614 // P550881 // WK950/21 // 6754716140;MM01;26;V1;1;2;F06;FILTRO COMBUSTIBLE;FILTROS;PC350LC8;KG;ZPAS;1000094294;SIN TRATAMIENTO;;;;;9/9/2026;25/8/2026;;
00314 CASA Olavarría;1002624;ZSTO;FILTRO GASOIL;ATLAS COPC // No aplica // No aplica // FLEETGUARD // DONALDSON;2657828816 // 219659 // 9414101756 // FS19732 // P550848;MM01;26;V1;1;2;F06;FILTRO COMBUSTIBLE;FILTROS;GROVE RT540E;KG;ZPAS;1000094294;SIN TRATAMIENTO;;;;;9/9/2026;25/8/2026;;
00314 CASA Olavarría;1002629;ZSTO;FILTRO ACEITE GROVE 540E;MANITOWOK // No aplica // FLEETGUARD // DONALDSON;9414101679 // 3937736 // LF3970 // P550428;MM01;26;V1;1;2;F03;FILTRO ACEITE;FILTROS;GROVE RT540E;KG;ZPAS;1000094294;SIN TRATAMIENTO;;;;;9/9/2026;25/8/2026;;
00314 CASA Olavarría;1002686;ZSTO;FILTRO TRAMPA AGUA;KOMATSU HO // KOMATSU HO // DONALDSON // DONALDSON;6003194540 // 6003114510 // P550937 // P553200;MM01;26;V1;6;12;F13;FILTRO TRAMPA DE A;FILTROS;D155, WA60;KG;ZPAS;1000094290;SIN TRATAMIENTO;;;;;9/9/2026;25/8/2026;;
00314 CASA Olavarría;1002870;ZSTO;FILTRO ACEITE UNID. COMPRES.;ATLAS COPC // No aplica // DONALDSON // DONALDSON // ATLAS COPC;1613610500 // 9728059401 // P550230 // P763577 // 1613610590;MM01;26;V1;1;2;F03;FILTRO ACEITE;FILTROS;FILTROS;KG;ZPAS;1000094294;SIN TRATAMIENTO;;;;;9/9/2026;25/8/2026;;
00314 CASA Olavarría;1002909;ZSTO;FILTRO TR. AGUA CAT 988H;CATERPILLA // CATERPILLA;3261643 // 1R0771;MM01;26;V1;18;32;F13;FILTRO TRAMPA DE A;FILTROS;CAT 988H,390,988K,336;KG;ZPAS;1000094294;SIN TRATAMIENTO;;;;;9/9/2026;25/8/2026;;
00314 CASA Olavarría;1002932;ZSTO;FILTRO ACEITE;VOLVO CONS // VOLVO CONS;P21707132 // VOE477556;MM01;26;V1;13;24;F03;FILTRO ACEITE;FILTROS;VOLVO L260H;KG;ZPAS;1000094294;SIN TRATAMIENTO;;;;;9/9/2026;25/8/2026;;
00314 CASA Olavarría;1002949;ZSTO;FILTRO COMBUSTIBLE;KOMATSU HO // FLEETGUARD // KOMATSU HO // KOMATSU HO;6003113841 // FF63040NN // 6003193841 // FF63040NN;MM01;26;V1;3;6;F06;FILTRO COMBUSTIBLE;FILTROS;KMS 155AX6;KG;ZPAS;1000094290;SIN TRATAMIENTO;;;;;9/9/2026;25/8/2026;;
00314 CASA Olavarría;1002965;ZSTO;FILTRO AIRE ACONDICIONADO;KOMATSU HO // FLEETGUARD // // KOMATSU HO;4260732441 // AF55727 // P606063 // 4260732442;MM01;26;V1;5;9;F10;FILTRO HVAC;FILTROS;WA600;KG;ZPAS;1000094290;SIN TRATAMIENTO;;;;;9/9/2026;25/8/2026;;
00314 CASA Olavarría;1002970;ZSTO;FILTRO DE AIRE SECUNDARIO;CATERPILLA;1063973;MM01;26;V1;1;2;F04;FILTRO AIRE;FILTROS;CAT 988;KG;ZPAS;1000094010;SIN TRATAMIENTO;;;;;4/9/2026;20/8/2026;;
00314 CASA Olavarría;1002976;ZSTO;FILTRO DE AIRE PRIMARIO;CATERPILLA;1063969;MM01;26;V1;1;2;F04;FILTRO AIRE;FILTROS;CAT 988;KG;ZPAS;1000094010;PICKEADO;;;22/8/2026;;4/9/2026;20/8/2026;;
00314 CASA Olavarría;1002980;ZSTO;FILTRO DE COMBUSTIBLE SECUNDARIO CSA;CATERPILLA;1R0755;MM01;26;V1;26;47;F06;FILTRO COMBUSTIBLE;FILTROS;CAT 775G, 390 DL;KG;ZPAS;1000094290;SIN TRATAMIENTO;;;;;9/9/2026;25/8/2026;;
00314 CASA Olavarría;1003045;ZSTO;FILTRO PRIMARIO;VOLVO CONS;VOE11033998;MM01;26;V1;6;12;F04;FILTRO AIRE;FILTROS;CARGADORA VOLVO L220G;KG;ZPAS;1000094001;PICKEADO;;;22/8/2026;;4/9/2026;20/8/2026;;
00314 CASA Olavarría;1003046;ZSTO;FILTRO AIRE SECUNDARIO;VOLVO CONS;VOE11033999;MM01;26;V1;6;12;F04;FILTRO AIRE;FILTROS;CARGADORA VOLVO L220G;KG;ZPAS;1000094001;PICKEADO;;;22/8/2026;;4/9/2026;20/8/2026;;
00314 CASA Olavarría;1003069;ZSTO;SECANTE CSA 2018;CATERPILLA //;2032389 // 5879321;MM01;26;V1;1;3;F14;GENERICOS FILTROS;FILTROS;CAT 140 K;KG;ZPAS;1000094010;PICKEADO;;;22/8/2026;;4/9/2026;20/8/2026;;
00314 CASA Olavarría;1003093;ZSTO;FILTRO DE COMBUSTIBLE;VOLVO CONS // VOLVO CONS;P22480372 // VOE15126069;MM01;26;V1;13;24;F06;FILTRO COMBUSTIBLE;FILTROS;VOLVO FM460;KG;ZPAS;1000094001;PICKEADO;;;22/8/2026;;4/9/2026;20/8/2026;;
00314 CASA Olavarría;1003127;ZSTO;FILTRO DE AIRE PRIMARIO;JOHN DEERE;AT179371;MM01;26;V1;1;3;F04;FILTRO AIRE;FILTROS;HITACHI ZAXIS 870 LC-5G;KG;ZPAS;1000094294;SIN TRATAMIENTO;;;;;9/9/2026;25/8/2026;;
00314 CASA Olavarría;1003128;ZSTO;FILTRO DE AIRE SECUNDARIO;JOHN DEERE;AT179370;MM01;26;V1;1;3;F04;FILTRO AIRE;FILTROS;HITACHI ZAXIS 870 LC-5G;KG;ZPAS;1000094294;SIN TRATAMIENTO;;;;;9/9/2026;25/8/2026;;
00314 CASA Olavarría;1003129;ZSTO;FILTRO DE COMBUSTIBLE Y TRAMPA DE AGUA;HITACHI;4616544;MM01;26;V1;3;6;F06;FILTRO COMBUSTIBLE;FILTROS;HITACHI ZAXIS 870 LC-5G;KG;ZPAS;1000094290;SIN TRATAMIENTO;;;;;9/9/2026;25/8/2026;;
00314 CASA Olavarría;1003130;ZSTO;FILTRO DE AIRE FRESCA CABINA;HITACHI;4S00686R;MM01;26;V1;1;3;F05;FILTRO AIRE CABINA;FILTROS;HITACHI ZAXIS 870 LC-5G;KG;ZPAS;1000094294;SIN TRATAMIENTO;;;;;9/9/2026;25/8/2026;;
00314 CASA Olavarría;1003131;ZSTO;FILTRO DE AIRE DE RECIRCULACION DE CABIN;JOHN DEERE;FYA00001490R;MM01;26;V1;1;3;F05;FILTRO AIRE CABINA;FILTROS;HITACHI ZAXIS 870 LC-5G;KG;ZPAS;1000094294;SIN TRATAMIENTO;;;;;9/9/2026;25/8/2026;;
00314 CASA Olavarría;1003132;ZSTO;ELEMENTO DEL FILTRO FINAL DE COMBUSTIBLE;JOHN DEERE;X132400210;MM01;26;V1;1;3;F06;FILTRO COMBUSTIBLE;FILTROS;HITACHI ZAXIS 870 LC-5G;KG;ZPAS;1000094295;SIN TRATAMIENTO;;;;;9/9/2026;25/8/2026;;
00314 CASA Olavarría;1003144;ZSTO;FILTRO HIDRAULICO PILOTO;VOLVO CONS;14711981;MM01;26;V1;1;2;F07;FILTRO FLUIDO HIDR;FILTROS;VOLVO EC300D;KG;ZPAS;1000094010;PICKEADO;;;22/8/2026;;4/9/2026;20/8/2026;;
00314 CASA Olavarría;1003170;ZSTO;FILTRO DE AIRE PRIMARIO;FLEETGUARD // FILPLUS //;AF26085 // MSA26085 // FAI6085;MM01;26;V1;1;3;F04;FILTRO AIRE;FILTROS;FILTRO AIRE;KG;ZPAS;1000094010;SIN TRATAMIENTO;;;;;4/9/2026;20/8/2026;;
00314 CASA Olavarría;1003238;ZSTO;FILTRO TRAMPA DE AGUA;CATERPILLA //;4367077 // SN40863;MM01;26;V1;1;3;F13;FILTRO TRAMPA DE A;FILTROS;CAT 140K;KG;ZPAS;1000094010;PICKEADO;;;22/8/2026;;4/9/2026;20/8/2026;;
00314 CASA Olavarría;1003323;ZSTO;FILTRO CABINA;CATERPILLA;1070266;MM01;26;V1;3;6;F05;FILTRO AIRE CABINA;FILTROS;CAT D9, 988H;KG;ZPAS;1000094010;PICKEADO;;;22/8/2026;;4/9/2026;20/8/2026;;
00314 CASA Olavarría;1003953;ZSTO;BATERIA 12V 75AMP;MOURA;M30LD;MM01;26;V1;1;2;C03;EQUIPOS;REPUESTOS;hilux 2017 en adelante;KG;ZPAS;1000094010;PICKEADO;;;22/8/2026;;4/9/2026;20/8/2026;;
00314 CASA Olavarría;1004022;ZSTO;LAMPARA 12V-21 5W X UN;;PATADESPBAY15D;MM01;26;V1;4;8;C03;EQUIPOS;REPUESTOS;ELECTRICIDAD AUTOMOTOR;KG;ZPAS;1000094295;SIN TRATAMIENTO;;;;;9/9/2026;25/8/2026;;
00314 CASA Olavarría;1009436;ZSTO;UREA AZUL 32 X BIN 1000LTS;YPF S.A. // YPF S.A. // AXION ENER // RAIZEN ARG;516385 // 810300000371 // L60866;MM01;26;V1;1;2;L02;FLUIDOS;LUBRICANTES;ADITIVOS;KG;ZPAS;1000094295;SIN TRATAMIENTO;;;;;9/9/2026;25/8/2026;;
00314 CASA Olavarría;1013376;ZSTO;FILTRO AIRE ACONDICIONADO;;149-1912;MM01;26;V1;2;5;F10;FILTRO HVAC;FILTROS;312D / 320 D2L / 324;KG;ZPAS;1000094295;SIN TRATAMIENTO;;;;;9/9/2026;25/8/2026;;
00314 CASA Olavarría;1013518;ZSCD;9Z-0006KIT MUESTRA LUBR CAT C/ACOPLE RAP;;;MM01;26;V1;17;30;C03;EQUIPOS;REPUESTOS;KIT MUESTRA;KG;ZPAN;1000094016;SIN TRATAMIENTO;;;;;4/9/2026;20/8/2026;;10158015
00314 CASA Olavarría;1013520;ZSCD;9Z-0009KIT MUESTRA LUBRIC CAT C/BOMBA;;;MM01;26;V1;17;30;C03;EQUIPOS;REPUESTOS;KIT MUESTRA;KG;ZPAN;1000094016;SIN TRATAMIENTO;;;;;4/9/2026;20/8/2026;;10158015
00314 CASA Olavarría;1016263;ZSTO;Filtro Aire Unidad Compresora  Interior;ATLAS COPC;2653 3762 65;MM01;26;V1;1;2;F04;FILTRO AIRE;FILTROS;PERFORADORA ATLAS T45-12;KG;ZPAS;1000094295;SIN TRATAMIENTO;;;;;9/9/2026;25/8/2026;;
00314 CASA Olavarría;1016438;ZSTO;NEUMATICO 17.5 R25 MINERA SUELO ROCOSO;MICHELIN A // GOOD YEAR // BRIDGESTON;MICHELIN XHA2 / MAXAM 301 E3/L3 // GOODYEAR RL-2+ // VJT 17.5 R25;MM01;26;V1;3;6;C50;CUBIERTAS MINERIA;CUBIERTAS;?;KG;ZPAS;1000094295;SIN TRATAMIENTO;;;;;9/9/2026;25/8/2026;;
00314 CASA Olavarría;1027562;ZSSD;Filtro hidraulico P165332 - filtro diali;;;MM01;26;V1;7;14;C29;FILTROS/RESPUESTOS;FILTROS;CAT 938H;KG;ZPAN;1000094016;SIN TRATAMIENTO;;;;;4/9/2026;20/8/2026;;10158015
00314 CASA Olavarría;1033532;ZSSD;AGUA DESMINERALIZADA X 1000L;;;MM01;26;V1;1;2;L02;FLUIDOS;LUBRICANTES;?;KG;ZPAN;1000094296;SIN TRATAMIENTO;;;;;9/9/2026;25/8/2026;;10158453
00341 Mov. Suelos San Luis;1000043;ZSTO;BOTIQUIN 1ROS. AUXILIOS N 2;;;MR01;341;V1;6;8;C28;SEGURIDAD/ROPA/EPP;SEGURIDAD;BOTIQUIN;KG;ZPAS;1000094132;PICKEADO;;;25/8/2026;;10/9/2026;21/8/2026;;
00341 Mov. Suelos San Luis;1001687;ZSTO;ANTEOJO INCOLORO;LIBUS // 3M // MSA // STEELPRO //;ECOLINEHC (MÚLT. 10U) // SECUREFIT SF201AF CLEAR // MSA PERSPECTA CLEAR // STEELPRO SPY CLEAR // DEPASCALE-UCU111B;MR01;341;V1;96;120;C28;SEGURIDAD/ROPA/EPP;SEGURIDAD;ACCESORIO SEGURIDAD;KG;ZPAS;1000093973;DESPACHADO;;;24/8/2026;25/8/2026;8/9/2026;19/8/2026;;
00341 Mov. Suelos San Luis;1001697;ZSTO;GUANTE VAQUETA MEDIO PASEO T.10;;MÚLT. 12U;MR01;341;V1;120;150;C28;SEGURIDAD/ROPA/EPP;SEGURIDAD;GUANTE;KG;ZPAS;1000094132;SIN TRATAMIENTO;;;;;10/9/2026;21/8/2026;;
00341 Mov. Suelos San Luis;1001708;ZSTO;GUANTE POLIAMIDA LAMINADO PALMAPU-TALLE9;;MÚLT. 12U;MR01;341;V1;288;360;C28;SEGURIDAD/ROPA/EPP;SEGURIDAD;GUANTE;KG;ZPAS;1000094132;PICKEADO;;;25/8/2026;;10/9/2026;21/8/2026;;
00341 Mov. Suelos San Luis;1001871;ZSTO;RESMA DE HOJA A4 70GR. X UN;;;MR01;341;V1;8;10;C17;INSUMOS A;LIBRERIA;PAPEL;KG;ZPAS;1000093973;DESPACHADO;;;24/8/2026;25/8/2026;8/9/2026;19/8/2026;;
00341 Mov. Suelos San Luis;1001877;ZSTO;CINTA EMBALAR MARRON 48MM X 100 MT;;;MR01;341;V1;4;6;C17;INSUMOS A;LIBRERIA;CINTAS ADHESIVAS;KG;ZPAS;1000093973;SIN TRATAMIENTO;;;;;8/9/2026;19/8/2026;;
00341 Mov. Suelos San Luis;1001888;ZSTO;BOLSAS RESIDUOS XUN 102X130 NEGRA;;;MR01;341;V1;96;120;C17;INSUMOS A;LIMPIEZA;LIMPIEZA /SEGURIDAD;KG;ZPAS;1000093973;DESPACHADO;;;24/8/2026;25/8/2026;8/9/2026;19/8/2026;;
00341 Mov. Suelos San Luis;1001896;ZSTO;PULVERIZADOR P ALCOHOL LIQUIDO 500 ML;;;MR01;341;V1;12;15;C17;INSUMOS A;LIMPIEZA;DIFUSOR;KG;ZPAS;1000094132;PICKEADO PARCIAL;;;25/8/2026;;10/9/2026;21/8/2026;;
00341 Mov. Suelos San Luis;1001918;ZSTO;ESCOBA PLASTICO S/CABO;;;MR01;341;V1;2;4;C17;INSUMOS A;LIMPIEZA;INSUMOS;KG;ZPAS;1000094132;PICKEADO;;;25/8/2026;;10/9/2026;21/8/2026;;
00341 Mov. Suelos San Luis;1001927;ZSTO;DISCO CORTE 178X1.6X22 SECUR EXTRA  x UN;TYROLIT;178X16X222;MR01;341;V1;24;30;C27;FERRETERIA MR01;FERRETERIA;ABRASIVOS/DISCOS;KG;ZPAS;1000093973;DESPACHADO;;;24/8/2026;25/8/2026;8/9/2026;19/8/2026;;
00341 Mov. Suelos San Luis;1001929;ZSTO;DISCO 178X4,8X22,23TYROLIT OASECUR XUN;TYROLIT;178X48X222;MR01;341;V1;8;11;C27;FERRETERIA MR01;FERRETERIA;ABRASIVOS/DISCOS;KG;ZPAS;1000094132;PICKEADO;;;25/8/2026;;10/9/2026;21/8/2026;;
00341 Mov. Suelos San Luis;1001952;ZSTO;TRAPO LIMPIO (BOLSAX10KG) XUN;;MÚLT. 10 KG;MR01;341;V1;9;12;C27;FERRETERIA MR01;FERRETERIA;ACCESORIOS;KG;ZPAS;1000093973;DESPACHADO;;;24/8/2026;25/8/2026;8/9/2026;19/8/2026;;
00341 Mov. Suelos San Luis;1001961;ZSTO;CINTA AISLADORA NEGRA X10MT;;;MR01;341;V1;18;23;C27;FERRETERIA MR01;FERRETERIA;INSUMOS;KG;ZPAS;1000093973;DESPACHADO;;;24/8/2026;25/8/2026;8/9/2026;19/8/2026;;
00341 Mov. Suelos San Luis;1015813;ZSSD;LÍQUIDO PARA LAMPAZO X 5 LTS;;;MR01;341;V1;3;5;C17;INSUMOS A;LIMPIEZA;LIMPIEZA /SEGURIDAD;KG;ZPAN;1000093982;PICKEADO;4500136430;25/8/2026;25/8/2026;;8/9/2026;19/8/2026;C17;10157946
00341 Mov. Suelos San Luis;1027149;ZSSD;DISCO FLAP TYROLIT 115x22 GRANO 80;;;MR01;341;V1;4;6;C27;FERRETERIA MR01;FERRETERIA;?;KG;ZPAN;1000093097;SIN TRATAMIENTO;;;;;25/8/2026;4/8/2026;;10156525
00341 Mov. Suelos San Luis;1000010;ZSTO;FILTRO AIRE;MOTORCRAFT;B69X9601;MM01;35;V1;1;2;F04;FILTRO AIRE;FILTROS;F-100 INT 86577 - 578;KG;ZPAS;1000089423;CUMPLIDO PARCIAL;;;13/7/2026;12/8/2026;25/8/2026;1/6/2026;;
00341 Mov. Suelos San Luis;1001810;ZSTO;VOLVO WET BRAKE TRANSAXLEOIL WB101 X205L;VOLVO CONS;WB101;MM01;35;V1;3;6;L02;FLUIDOS;LUBRICANTES;A40F;KG;ZPAS;1000094131;SIN TRATAMIENTO;;;;;10/9/2026;21/8/2026;;
00341 Mov. Suelos San Luis;1001834;ZSTO;CUBIERTA 265 65 17 DUELER A T 693;BRIDGESTON // PIRELLI NE // BRIDGESTON // PIRELLI NE // GOOD YEAR;DUELER A T 693 // SCORPION ATR // AT REVO 2 // S MTR // WRANGLER WORKHORSE;MM01;35;V1;4;8;C47;CUBIERTAS AUTOMOTR;CUBIERTAS;hilux hasta 2016;KG;ZPAS;1000094131;SIN TRATAMIENTO;;;;;10/9/2026;21/8/2026;;
00341 Mov. Suelos San Luis;1002113;ZSTO;CORREA DISTRIBUCION ORIG TORRE WACK;;WAN5000155697;MM01;35;V1;1;2;C29;FILTROS/RESPUESTOS;CORREAS;TORRE ILUMINACION DAYCO113;KG;ZPAS;1000093971;DESPACHADO;;;24/8/2026;25/8/2026;8/9/2026;19/8/2026;;
00341 Mov. Suelos San Luis;1002114;ZSTO;CORREA ALTERNADOR 850MM ORIG;LOMBARDINI;WAN5200002703;MM01;35;V1;1;2;C29;FILTROS/RESPUESTOS;CORREAS;TORRE WACKER;KG;ZPAS;1000093971;DESPACHADO;;;24/8/2026;25/8/2026;8/9/2026;19/8/2026;;
00341 Mov. Suelos San Luis;1002524;ZSTO;FILTRO ACEITE MOTOR;MANN // BALDWIN // FLEETGUARD //;W962 // B236 // LF4054 // 0986B01027;MM01;35;V1;1;2;F03;FILTRO ACEITE;FILTROS;FILTROS;KG;ZPAS;1000093971;DESPACHADO;;;24/8/2026;25/8/2026;8/9/2026;19/8/2026;;
00341 Mov. Suelos San Luis;1002611;ZSTO;FILTRO CABINA;CATERPILLA;7T7358;MM01;35;V1;1;2;F05;FILTRO AIRE CABINA;FILTROS;CAT 140K;KG;ZPAS;1000094131;SIN TRATAMIENTO;;;;;10/9/2026;21/8/2026;;
00341 Mov. Suelos San Luis;1002722;ZSTO;FILTRO COMBUSTIBLE;CATERPILLA //;1R0749 // P551311;MM01;35;V1;2;4;F06;FILTRO COMBUSTIBLE;FILTROS;CAT;KG;ZPAS;1000094131;SIN TRATAMIENTO;;;;;10/9/2026;21/8/2026;;
00341 Mov. Suelos San Luis;1002734;ZSTO;FILTRO AIRE SECUNDARIO;CATERPILLA // DONALDSON;2456376 // P782108;MM01;35;V1;1;2;F04;FILTRO AIRE;FILTROS;CAT 140K;KG;ZPAS;1000094131;SIN TRATAMIENTO;;;;;10/9/2026;21/8/2026;;
00341 Mov. Suelos San Luis;1002735;ZSTO;FILTRO AIRE PRIMARIO XUN;CATERPILLA // DONALDSON;2456375 // P782105;MM01;35;V1;1;2;F04;FILTRO AIRE;FILTROS;CAT;KG;ZPAS;1000094131;SIN TRATAMIENTO;;;;;10/9/2026;21/8/2026;;
00341 Mov. Suelos San Luis;1002771;ZSTO;FILTRO DE ACEITE;CATERPILLA;1R1807;MM01;35;V1;1;2;F03;FILTRO ACEITE;FILTROS;CAT;KG;ZPAS;1000094131;SIN TRATAMIENTO;;;;;10/9/2026;21/8/2026;;
00341 Mov. Suelos San Luis;1002932;ZSTO;FILTRO ACEITE;VOLVO CONS // VOLVO CONS;P21707132 // VOE477556;MM01;35;V1;12;15;F03;FILTRO ACEITE;FILTROS;VOLVO L260H;KG;ZPAS;1000093081;DESPACHADO;;;6/8/2026;12/8/2026;25/8/2026;4/8/2026;;
00341 Mov. Suelos San Luis;1002951;ZSTO;FILTRO DE COMBUSTIBLE ALTERNATIVO;DONALDSON // FLEETGUARD // DONALDSON;P550345 // FF5040 // P555095;MM01;35;V1;3;5;F06;FILTRO COMBUSTIBLE;FILTROS;TORRE WACKER;KG;ZPAS;1000093971;DESPACHADO;;;24/8/2026;25/8/2026;8/9/2026;19/8/2026;;
00341 Mov. Suelos San Luis;1002955;ZSTO;FILTRO AIRE WEGA ALTER;MANN // MANN // WEGA //;FA134S // C2420 // JFA134 // WA48095;MM01;35;V1;3;5;F04;FILTRO AIRE;FILTROS;TORRE DE ILUMINACION;KG;ZPAS;1000093971;DESPACHADO PARCIAL;;;24/8/2026;25/8/2026;8/9/2026;19/8/2026;;
00341 Mov. Suelos San Luis;1003094;ZSTO;FILTRO DE DRENAJE BOMBA;VOLVO CONS // No aplica //;21392404 // 7632141111 // 20580233;MM01;35;V1;6;8;F07;FILTRO FLUIDO HIDR;FILTROS;VOLVO 330 // VOLVO FM460;KG;ZPAS;1000094131;SIN TRATAMIENTO;;;;;10/9/2026;21/8/2026;;
00341 Mov. Suelos San Luis;1003095;ZSTO;FILTRO TRAMPA DE AGUA COMBUSTIBLE;PARKER RAC //;21925732 // 23662435;MM01;35;V1;4;6;F13;FILTRO TRAMPA DE A;FILTROS;VOLVO FM460;KG;ZPAS;1000093971;DESPACHADO;;;24/8/2026;25/8/2026;8/9/2026;19/8/2026;;
00341 Mov. Suelos San Luis;1003097;ZSTO;FILTRO DE AIRE PRIMARIO;VOLVO CONS;21337557;MM01;35;V1;4;6;F04;FILTRO AIRE;FILTROS;VOLVO FM460;KG;ZPAS;1000094131;SIN TRATAMIENTO;;;;;10/9/2026;21/8/2026;;
00341 Mov. Suelos San Luis;1003121;ZSTO;FILTRO DE UREA;VOLVO CONS;82269261;MM01;35;V1;6;8;F09;FILTRO DE UREA;FILTROS;VOLVO 330;KG;ZPAS;1000094131;SIN TRATAMIENTO;;;;;10/9/2026;21/8/2026;;
00341 Mov. Suelos San Luis;1003126;ZSTO;FILTRO SECADO DE AIRE;VOLVO CONS // VOLVO CONS // VOLVO CONS //;21412848 // 22223804 // 23260134 // 23690622;MM01;35;V1;1;2;F11;FILTRO SECADOR DE;FILTROS;VOLVO FM460;KG;ZPAS;1000093971;DESPACHADO;;;24/8/2026;25/8/2026;8/9/2026;19/8/2026;;
00341 Mov. Suelos San Luis;1003219;ZSTO;FILTRO VENTILACION DE CARTER;CATERPILLA;2735711;MM01;35;V1;2;3;F04;FILTRO AIRE;FILTROS;CAT 815 K;KG;ZPAS;1000094131;SIN TRATAMIENTO;;;;;10/9/2026;21/8/2026;;
00341 Mov. Suelos San Luis;1003245;ZSTO;FILTRO DE AIRE PRIMARIO;VOLKSWAGEN // FRAMM // MANN;2S2129620 // CA-9369 // C21470;MM01;35;V1;1;2;F04;FILTRO AIRE;FILTROS;VW 13-180;KG;ZPAS;1000094131;SIN TRATAMIENTO;;;;;10/9/2026;21/8/2026;;
00341 Mov. Suelos San Luis;1003995;ZSTO;TENSOR CORREA DISTRIBUCION6;;159284;MM01;35;V1;1;2;C29;FILTROS/RESPUESTOS;REPUESTOS;TORRE WACKER;KG;ZPAS;1000093971;DESPACHADO;;;24/8/2026;25/8/2026;8/9/2026;19/8/2026;;
00341 Mov. Suelos San Luis;1004032;ZSTO;LAMPARA 24V-21 5W PATA DESP. X UN;;;MM01;35;V1;12;22;C29;FILTROS/RESPUESTOS;REPUESTOS;ELECTRICIDAD AUTOMOTOR;KG;ZPAS;1000093971;DESPACHADO;;;24/8/2026;25/8/2026;8/9/2026;19/8/2026;;
00341 Mov. Suelos San Luis;1004251;ZSTO;ESCOBILLALIMPIAPARABRIZASTOYOTAHILUXJGO;TOYOTA ARG;;MM01;35;V1;2;3;C03;EQUIPOS;REPUESTOS;HILUX;KG;ZPAS;1000094131;SIN TRATAMIENTO;;;;;10/9/2026;21/8/2026;;
00341 Mov. Suelos San Luis;1009436;ZSTO;UREA AZUL 32 X BIN 1000LTS;YPF S.A. // YPF S.A. // AXION ENER // RAIZEN ARG;516385 // 810300000371 // L60866;MM01;35;V1;1;2;L02;FLUIDOS;LUBRICANTES;ADITIVOS;KG;ZPAS;1000093081;DESPACHADO;;;6/8/2026;12/8/2026;25/8/2026;4/8/2026;;
00341 Mov. Suelos San Luis;1016098;ZSTO;FILTRO DE AIRE PRIMARIO;VOLVO MAQU;17500260;MM01;35;V1;3;5;F04;FILTRO AIRE;FILTROS;VOLVO EC 480D;KG;ZPAS;1000093971;SIN TRATAMIENTO;;;;;8/9/2026;19/8/2026;;
00365 RIO TINTO;1000024;ZSTO;FILTRO DE RESPIRADERO DE DEP HIDRAULICO;;5824046 // 5824058;U365;365;V1;2;3;C29;FILTROS/RESPUESTOS;FILTROS;BOMAG BW100 AD-11;KG;ZPAN;1000093048;ADJUDICADO;4500134899;;;;4/9/2026;4/8/2026;C29;10156483
00365 RIO TINTO;1001680;ZSTO;FICHA T.STECK HEMBRA 380V 32A T N XUN;;;U365;365;V1;3;7;C11;ELECTRICIDAD;ELECTRICIDAD;FICHAS;KG;ZPAN;1000092736;ADJUDICADO;4500134333;;;;10/9/2026;29/7/2026;C11;10156017
00365 RIO TINTO;1001727;ZSTO;PROTECTOR AUDITIVO COPA P/CASCO;LIBUS // 3M // MSA // STEELPRO //;L300 // PELTOR X4P3E // LEFT/RIGHT CAP MOUNTED // CM-502 CASCO // DEPASCALE-NRR23 VERISHIELD VS110DH;U365;365;V1;27;58;C28;SEGURIDAD/ROPA/EPP;SEGURIDAD;ACCESORIO SEGURIDAD;KG;ZPAN;1000094316;ADJUDICADO;4500136693;;;;25/9/2026;25/8/2026;C28;10158483
00365 RIO TINTO;1001778;ZSTO;YERBA MATE X 500GRS X UN;;;U365;365;V1;72;155;C17;INSUMOS A;ALIMENTOS;?;KG;ZPAN;1000094098;SIN TRATAMIENTO;;;;;21/9/2026;21/8/2026;;10158165
00365 RIO TINTO;1001783;ZSTO;ACEITE HIDRAULICO X 205L;YPF S.A. // YPF S.A.;ATF // 125492;U365;365;V1;2;3;C29;FILTROS/RESPUESTOS;LUBRICANTES;ACEITES;KG;ZPAN;1000094238;SIN TRATAMIENTO;;;;;24/9/2026;24/8/2026;;10158366
00365 RIO TINTO;1001787;ZSTO;ACEITE ISO 68 HIDRAULICO X 205L;YPF S.A. // YPF S.A.;BP68 // 135592;U365;365;V1;2;3;C29;FILTROS/RESPUESTOS;LUBRICANTES;ACEITES;KG;ZPAN;1000094238;SIN TRATAMIENTO;;;;;24/9/2026;24/8/2026;;10158366
00365 RIO TINTO;1001791;ZSTO;ACEITE SAE 30 X 205L;YPF S.A. // YPF S.A. // YPF S.A.;151692 // FT SUPER 30 TR;U365;365;V1;3;6;C29;FILTROS/RESPUESTOS;LUBRICANTES;ACEITES;KG;ZPAN;1000094238;SIN TRATAMIENTO;;;;;24/9/2026;24/8/2026;;10158366
00365 RIO TINTO;1001794;ZSTO;ACEITE HIPOIDAL X 205L;YPF S.A. // YPF S.A.;80W90 // 123092;U365;365;V1;2;4;C29;FILTROS/RESPUESTOS;LUBRICANTES;ACEITES;KG;ZPAN;1000094238;SIN TRATAMIENTO;;;;;24/9/2026;24/8/2026;;10158366
00365 RIO TINTO;1001804;ZSTO;GRASA LITIO LIMIT MO-2 (NEGRA) X 180 KG;YPF S.A. // YPF S.A. //;LIMIT MO-2 // 628793 // GADUS S2 V220;U365;365;V1;2;4;C29;FILTROS/RESPUESTOS;LUBRICANTES;GRASA;KG;ZPAN;1000093421;SIN TRATAMIENTO;;;;;10/9/2026;10/8/2026;;10157053
00365 RIO TINTO;1001819;ZSTO;REFRIGERANTE VOLVO VCS X20LT;VOLVO CONS // // // VOLVO CONS // VOLVO CONS;VCS // 11715729 // 22567335 // 24078856 // 54486166;U365;365;V1;14;30;C29;FILTROS/RESPUESTOS;LUBRICANTES;VOLVO EC 480D - PL 3005D;KG;ZPAN;1000094316;SIN TRATAMIENTO;;;;;25/9/2026;25/8/2026;;10158483
00365 RIO TINTO;1001827;ZSTO;CUBIERTA 12.00 R20 FG85 (lineal);PIRELLI NE // MICHELIN A // GOOD YEAR;FG85 // XZY3 // G686MSS;U365;365;V1;12;25;C03;EQUIPOS;CUBIERTAS;IVECO TRAKKER;KG;ZPAN;1000093421;ADJUDICADO;4500135717;;;;10/9/2026;10/8/2026;C03;10157053
00365 RIO TINTO;1001842;ZSTO;PROTECTOR P CAMARA 12.00;;;U365;365;V1;27;58;C03;EQUIPOS;CUBIERTAS;CUBIERTAS;KG;ZPAN;1000093421;ADJUDICADO;4500135634;;;;10/9/2026;10/8/2026;C03;10157053
00365 RIO TINTO;1001876;ZSTO;CINTA EMBALAR TRANSPARENTE 48MM X 100 MT;SCOTCH;;U365;365;V1;15;32;C17;INSUMOS A;LIBRERIA;CINTAS ADHESIVAS;KG;ZPAN;1000094238;SIN TRATAMIENTO;;;;;24/9/2026;24/8/2026;;10158366
00365 RIO TINTO;1001885;ZSTO;BOLSAS RESIDUOS XUN 102X130 VERDE;;;U365;365;V1;533;1153;C17;INSUMOS A;LIMPIEZA;LIMPIEZA /SEGURIDAD;KG;ZPAN;1000094098;SIN TRATAMIENTO;;;;;21/9/2026;21/8/2026;;10158165
00365 RIO TINTO;1001888;ZSTO;BOLSAS RESIDUOS XUN 102X130 NEGRA;;;U365;365;V1;533;1153;C17;INSUMOS A;LIMPIEZA;LIMPIEZA /SEGURIDAD;KG;ZPAN;1000094238;SIN TRATAMIENTO;;;;;24/9/2026;24/8/2026;;10158366
00365 RIO TINTO;1001891;ZSTO;PANOABSORVENTE PARAHIDROCARBUROXPAQ100;;;U365;365;V1;9;19;C17;INSUMOS A;LIMPIEZA;MANTENIMIENTO TALLER;KG;ZPAN;1000093966;SIN TRATAMIENTO;;;;;19/9/2026;19/8/2026;;10157939
00365 RIO TINTO;1001893;ZSTO;BOLSARESIDUPLASTICA60X90NEGRAXROLLOX10UN;;;U365;365;V1;46;99;C17;INSUMOS A;LIMPIEZA;BOLSAS;KG;ZPAN;1000094238;SIN TRATAMIENTO;;;;;24/9/2026;24/8/2026;;10158366
00365 RIO TINTO;1001952;ZSTO;TRAPO LIMPIO (BOLSAX10KG) XUN;;MÚLT. 10 KG;U365;365;V1;14;30;C27;FERRETERIA MR01;FERRETERIA;ACCESORIOS;KG;ZPAN;1000094238;SIN TRATAMIENTO;;;;;24/9/2026;24/8/2026;;10158366
00365 RIO TINTO;1001956;ZSTO;MASILLA POXILINA 10MIN. X 250 GRS XUN;POXILINA;;U365;365;V1;2;3;C27;FERRETERIA MR01;FERRETERIA;ADHESIVOS/SELLADORES/LUBRICANT;KG;ZPAN;1000094316;SIN TRATAMIENTO;;;;;25/9/2026;25/8/2026;;10158483
00365 RIO TINTO;1002058;ZSTO;CAMPERA ABRIGO T. L ROJA CON LOGO;No aplica;CON REFLECTIVO T. L;U365;365;V1;17;37;C28;SEGURIDAD/ROPA/EPP;ROPA;INDUMENTARIA;KG;ZPAN;1000093876;ADJUDICADO;4500136284;;;;18/9/2026;18/8/2026;C28;10157758
00365 RIO TINTO;1002060;ZSTO;CAMPERA ABRIGO T. XXL ROJA CON LOGO;No aplica;CON REFLECTIVO T. XXL;U365;365;V1;12;25;C28;SEGURIDAD/ROPA/EPP;ROPA;INDUMENTARIA;KG;ZPAN;1000094316;ADJUDICADO;4500136693;;;;25/9/2026;25/8/2026;C28;10158483
00365 RIO TINTO;1002063;ZSTO;CAMPERA DESCARNE T.XL;;;U365;365;V1;6;13;C28;SEGURIDAD/ROPA/EPP;SEGURIDAD;INDUMENTARIA;KG;ZPAN;1000093777;SIN TRATAMIENTO;;;;;14/9/2026;14/8/2026;;10157619
00365 RIO TINTO;1002180;ZSTO;CORREA TOPADOR XUN;CATERPILLA;2414981;U365;365;V1;2;3;C29;FILTROS/RESPUESTOS;CORREAS;D6T;KG;ZPAN;1000093048;DESPACHADO;4500134932;21/8/2026;21/8/2026;24/8/2026;4/9/2026;4/8/2026;C29;10156483
00365 RIO TINTO;1002186;ZSTO;CORREA VENTILADOR;VOLVO CONS;VOE20459311;U365;365;V1;2;3;C29;FILTROS/RESPUESTOS;CORREAS;VOLVO EC 480D;KG;ZPAN;1000094316;SIN TRATAMIENTO;;;;;25/9/2026;25/8/2026;;10158483
00365 RIO TINTO;1002187;ZSTO;CORREA ALTERNADOR;VOLVO CONS;VOE15142467;U365;365;V1;2;3;C29;FILTROS/RESPUESTOS;CORREAS;VOLVO EC 480D;KG;ZPAN;1000093048;ADJUDICADO;4500135089;;;;4/9/2026;4/8/2026;C29;10156483
00365 RIO TINTO;1002188;ZSTO;CORREA ACCESORIO;;8PK1445;U365;365;V1;2;3;C29;FILTROS/RESPUESTOS;CORREAS;CAMION VW 17-210 VOLCADOR;KG;ZPAN;1000093048;ADJUDICADO;4500135206;;;;4/9/2026;4/8/2026;C29;10156483
00365 RIO TINTO;1002207;ZSTO;CORREA ALTERNADOR;HAULOTTE G // No aplica // CONTINENTA;4000053460 // 2614B543 // AVX 13X1188;U365;365;V1;4;8;C29;FILTROS/RESPUESTOS;CORREAS;HAULOTTE 4014 /4017;KG;ZPAN;1000089261;ADJUDICADO;4500129529;;;;10/9/2026;29/5/2026;C29;10151231
00365 RIO TINTO;1002228;ZSTO;INSERTO PATIN DE CIRCULO;JOHN DEERE // //;T141732 // T418904 // T453854;U365;365;V1;21;49;C29;FILTROS/RESPUESTOS;DESGASTE;JD 770 / JD 670D;KG;ZPAN;1000093354;PICKEADO;4500135404;25/8/2026;25/8/2026;;10/9/2026;9/8/2026;C03;10156972
00365 RIO TINTO;1002300;ZSTO;CANTONERAS X UN;CATERPILLA;8E5529;U365;365;V1;2;4;C29;FILTROS/RESPUESTOS;DESGASTE;CAT 140K;KG;ZPAN;1000093421;DESPACHADO;4500135614;21/8/2026;21/8/2026;24/8/2026;10/9/2026;10/8/2026;C29;10157053
00365 RIO TINTO;1002302;ZSTO;BRAZO ESCARIFICADOR CAT;CATERPILLA // No aplica // CATERPILLA;9F5124 // 19572189 // 1957218;U365;365;V1;16;35;C29;FILTROS/RESPUESTOS;DESGASTE;DIENTES/UÑAS/CUCHILLAS;KG;ZPAN;1000091116;ADJUDICADO;4500131911;;;;10/9/2026;1/7/2026;C03;10153643
00365 RIO TINTO;1002363;ZSTO;DIENTE X UN;JOHN DEERE // JOHN DEERE;TK250LD // 250LD;U365;365;V1;2;4;C29;FILTROS/RESPUESTOS;DESGASTE;544K;KG;ZPAN;1000093876;PICKEADO;4500136238;25/8/2026;25/8/2026;;18/9/2026;18/8/2026;C29;10157758
00365 RIO TINTO;1002444;ZSTO;CUCHILLA;CATERPILLA;7D1576;U365;365;V1;4;8;C29;FILTROS/RESPUESTOS;DESGASTE;CAT 140K;KG;ZPAN;1000091116;ADJUDICADO;4500131915;;;;10/9/2026;1/7/2026;C29;10153643
00365 RIO TINTO;1002491;ZSTO;FILTRO ACEITE MOTOR;CATERPILLA // No aplica;2698325 // 4621171;U365;365;V1;2;3;C29;FILTROS/RESPUESTOS;FILTROS;CAT 938H;KG;ZPAN;1000094238;ADJUDICADO;4500136603;;;;24/9/2026;24/8/2026;C29;10158366
00365 RIO TINTO;1002546;ZSTO;FILTRO HIDRAULICO;JOHN DEERE //;AT308274 // AT367840;U365;365;V1;4;8;C29;FILTROS/RESPUESTOS;FILTROS;FILTROS;KG;ZPAN;1000092296;RECEPCIONADO;4500134121;31/7/2026;;;10/9/2026;22/7/2026;C29;10155372
00365 RIO TINTO;1002606;ZSTO;FILTRO COMBUSTIBLE X UN;JOHN DEERE;AT365869;U365;365;V1;6;12;C29;FILTROS/RESPUESTOS;FILTROS;JD 850J;KG;ZPAN;1000094098;SIN TRATAMIENTO;;;;;21/9/2026;21/8/2026;;10158165
00365 RIO TINTO;1002610;ZSTO;FILTRO AIRE SECUNDARIO;JOHN DEERE;AT175224;U365;365;V1;6;12;C29;FILTROS/RESPUESTOS;FILTROS;JD 850J;KG;ZPAN;1000094098;SIN TRATAMIENTO;;;;;21/9/2026;21/8/2026;;10158165
00365 RIO TINTO;1002700;ZSTO;FILTRO DE ACEITE MOTOR;FLEETGUARD;LF670;U365;365;V1;3;6;C29;FILTROS/RESPUESTOS;FILTROS;OBSOLETO;KG;ZPAN;1000093777;ADJUDICADO;4500136519;;;;14/9/2026;14/8/2026;C29;10157619
00365 RIO TINTO;1002703;ZSTO;FILTRO DE ACEITE MOTOR;FLEETGUARD;LF777;U365;365;V1;2;3;C29;FILTROS/RESPUESTOS;FILTROS;FILTROS;KG;ZPAN;1000094316;SIN TRATAMIENTO;;;;;25/9/2026;25/8/2026;;10158483
00365 RIO TINTO;1002705;ZSTO;FILTRO AIRE XUN;CATERPILLA;6I2502;U365;365;V1;3;6;C29;FILTROS/RESPUESTOS;FILTROS;FILTROS;KG;ZPAN;1000093966;ADJUDICADO;4500136603;;;;19/9/2026;19/8/2026;C29;10157939
00365 RIO TINTO;1002734;ZSTO;FILTRO AIRE SECUNDARIO;CATERPILLA // DONALDSON;2456376 // P782108;U365;365;V1;6;12;C29;FILTROS/RESPUESTOS;FILTROS;CAT 140K;KG;ZPAN;1000094098;ADJUDICADO;4500136603;;;;21/9/2026;21/8/2026;C29;10158165
00365 RIO TINTO;1002736;ZSTO;FILTRO TANQUE HIDRAULICO XUN;CATERPILLA;1R0774;U365;365;V1;4;8;C29;FILTROS/RESPUESTOS;FILTROS;CAT 416E // 140K;KG;ZPAN;1000094098;ADJUDICADO;4500136603;;;;21/9/2026;21/8/2026;C29;10158165
00365 RIO TINTO;1002738;ZSTO;Filtro Aceite Motor;FLEETGUARD // DONALDSON;LF3345 // P558616;U365;365;V1;6;12;C29;FILTROS/RESPUESTOS;FILTROS;ONAN 40DGCA;KG;ZPAN;1000093876;ADJUDICADO;4500136519;;;;18/9/2026;18/8/2026;C29;10157758
00365 RIO TINTO;1002771;ZSTO;FILTRO DE ACEITE;CATERPILLA;1R1807;U365;365;V1;5;10;C29;FILTROS/RESPUESTOS;FILTROS;CAT;KG;ZPAN;1000094098;ADJUDICADO;4500136603;;;;21/9/2026;21/8/2026;C29;10158165
00365 RIO TINTO;1002818;ZSTO;FILTRO GASOIL;LEVAS BOSC // PARKER RAC // LEVAS BOSC // BOMAG GMBH // DONALDSON;5825010 // R160T // 5825010 // 5825015 // P551026;U365;365;V1;4;8;C29;FILTROS/RESPUESTOS;FILTROS;FILTROS;KG;ZPAN;1000094238;SIN TRATAMIENTO;;;;;24/9/2026;24/8/2026;;10158366
00365 RIO TINTO;1002920;ZSTO;FILTRO TRAMPA DE AGUA;CNH INDUST;2992662;U365;365;V1;5;10;C29;FILTROS/RESPUESTOS;FILTROS;DAILY;KG;ZPAN;1000093421;DESPACHADO;4500135804;19/8/2026;19/8/2026;24/8/2026;10/9/2026;10/8/2026;C29;10157053
00365 RIO TINTO;1002931;ZSTO;FILTRO ACEITE;VOLVO CONS // VOLVO CONS // VOLVO CONS // FLEETGUARD // VOLVO MAQU;P21707133 // VOE478736 // 23658092 // LF667 // 17533660;U365;365;V1;36;77;C29;FILTROS/RESPUESTOS;FILTROS;VOLVO 330 // VOLVO L260H;KG;ZPAN;1000094316;SIN TRATAMIENTO;;;;;25/9/2026;25/8/2026;;10158483
00365 RIO TINTO;1002932;ZSTO;FILTRO ACEITE;VOLVO CONS // VOLVO CONS;P21707132 // VOE477556;U365;365;V1;18;39;C29;FILTROS/RESPUESTOS;FILTROS;VOLVO L260H;KG;ZPAN;1000093652;DESPACHADO;4500135810;19/8/2026;19/8/2026;24/8/2026;13/9/2026;13/8/2026;C29;10157429
00365 RIO TINTO;1003027;ZSTO;ELEMENTO FILTRO DE ACEITE;FLEETGUARD // No aplica // // BALDWIN //;LF16061 // P556615 // DBL7349 // B7362 // LF3806;U365;365;V1;11;23;C29;FILTROS/RESPUESTOS;FILTROS;ONAN C66D5;KG;ZPAN;1000086986;ADJUDICADO;4500125822;;;;10/9/2026;21/4/2026;C29;10148194
00365 RIO TINTO;1003032;ZSTO;FILTRO TRAMPA DE AGUA;CATERPILLA;4385386;U365;365;V1;4;8;C29;FILTROS/RESPUESTOS;FILTROS;CAT;KG;ZPAN;1000093966;ADJUDICADO;4500136603;;;;19/9/2026;19/8/2026;C29;10157939
00365 RIO TINTO;1003033;ZSTO;FILTRO DE ACEITE MOTOR;CATERPILLA;3223155;U365;365;V1;4;8;C29;FILTROS/RESPUESTOS;FILTROS;CAT 323;KG;ZPAN;1000093966;ADJUDICADO;4500136603;;;;19/9/2026;19/8/2026;C29;10157939
00365 RIO TINTO;1003057;ZSTO;ELEMENTO FILTRO DE AIRE PRIMARIO;JOHN DEERE;AT175223;U365;365;V1;6;12;C29;FILTROS/RESPUESTOS;FILTROS;MOTONIVELADORA JD 770 G;KG;ZPAN;1000093876;SIN TRATAMIENTO;;;;;18/9/2026;18/8/2026;;10157758
00365 RIO TINTO;1003058;ZSTO;KIT FILTRO COMBUSTIBLE COMPLETO;JOHN DEERE // JOHN DEERE;RE525523 // RE52090652323;U365;365;V1;6;12;C29;FILTROS/RESPUESTOS;FILTROS;MOTONIVELADORA JD 770 G;KG;ZPAN;1000093876;SIN TRATAMIENTO;;;;;18/9/2026;18/8/2026;;10157758
00365 RIO TINTO;1003069;ZSTO;SECANTE CSA 2018;CATERPILLA //;2032389 // 5879321;U365;365;V1;5;10;C29;FILTROS/RESPUESTOS;FILTROS;CAT 140 K;KG;ZPAN;1000094098;ADJUDICADO;4500136603;;;;21/9/2026;21/8/2026;C29;10158165
00365 RIO TINTO;1003087;ZSTO;FILTRO COMBUSTIBLE;TOYOTA ARG //;233900L07000 // 233900L100;U365;365;V1;2;3;C29;FILTROS/RESPUESTOS;FILTROS;HILUX 2017;KG;ZPAN;1000093048;ADJUDICADO;4500134826;;;;4/9/2026;4/8/2026;C29;10156483
00365 RIO TINTO;1003095;ZSTO;FILTRO TRAMPA DE AGUA COMBUSTIBLE;PARKER RAC //;21925732 // 23662435;U365;365;V1;15;32;C29;FILTROS/RESPUESTOS;FILTROS;VOLVO FM460;KG;ZPAN;1000093652;DESPACHADO;4500135810;19/8/2026;19/8/2026;24/8/2026;13/9/2026;13/8/2026;C29;10157429
00365 RIO TINTO;1003121;ZSTO;FILTRO DE UREA;VOLVO CONS;82269261;U365;365;V1;9;19;C29;FILTROS/RESPUESTOS;FILTROS;VOLVO 330;KG;ZPAN;1000093777;ADJUDICADO;4500136481;;;;14/9/2026;14/8/2026;C29;10157619
00365 RIO TINTO;1003167;ZSTO;FILTRO TRAMPA DE AGUA;CATERPILLA;4395037;U365;365;V1;2;3;C29;FILTROS/RESPUESTOS;FILTROS;CHIEFTAIN 2100 X;KG;ZPAN;1000094238;ADJUDICADO;4500136603;;;;24/9/2026;24/8/2026;C29;10158366
00365 RIO TINTO;1003183;ZSTO;FILTRO DE ACEITE MOTOR;DBT S.A. // // DONALDSON // // // // FLEETGUARD;3035098 // LF3925 // P502067 // T 600 // W67/1 // W671 // LF3925;U365;365;V1;3;6;C29;FILTROS/RESPUESTOS;FILTROS;HIMOINSA LTA 8 V LED;KG;ZPAN;1000093777;ADJUDICADO;4500136530;;;;14/9/2026;14/8/2026;C29;10157619
00365 RIO TINTO;1003215;ZSTO;FILTRO DE AIRE PRIMARIO;CATERPILLA //;3862099 // 5771435;U365;365;V1;2;3;C29;FILTROS/RESPUESTOS;FILTROS;CAT 815 K;KG;ZPAN;1000094238;ADJUDICADO;4500136603;;;;24/9/2026;24/8/2026;C29;10158366
00365 RIO TINTO;1003216;ZSTO;FILTRO DE AIRE SECUNDARIO;CATERPILLA;3318108;U365;365;V1;2;3;C29;FILTROS/RESPUESTOS;FILTROS;CAT 815 K;KG;ZPAN;1000094238;ADJUDICADO;4500136603;;;;24/9/2026;24/8/2026;C29;10158366
00365 RIO TINTO;1003219;ZSTO;FILTRO VENTILACION DE CARTER;CATERPILLA;2735711;U365;365;V1;2;3;C29;FILTROS/RESPUESTOS;FILTROS;CAT 815 K;KG;ZPAN;1000094238;ADJUDICADO;4500136603;;;;24/9/2026;24/8/2026;C29;10158366
00365 RIO TINTO;1003238;ZSTO;FILTRO TRAMPA DE AGUA;CATERPILLA //;4367077 // SN40863;U365;365;V1;4;8;C29;FILTROS/RESPUESTOS;FILTROS;CAT 140K;KG;ZPAN;1000094098;ADJUDICADO;4500136603;;;;21/9/2026;21/8/2026;C29;10158165
00365 RIO TINTO;1003246;ZSTO;FILTRO DE TANQUE HIDRAULICO;REMOLQUES // HIFI FILTE;14896990 // SH 93214;U365;365;V1;6;12;C29;FILTROS/RESPUESTOS;FILTROS;VOLCADORA OMBU;KG;ZPAN;1000092736;DESPACHADO PARCIAL;4500134365;10/8/2026;10/8/2026;11/8/2026;10/9/2026;29/7/2026;C29;10156017
00365 RIO TINTO;1003247;ZSTO;FILTRO DE VENTEO TANQUE HIDRAULICO;FILPLUS // No aplica;MSA07 // TAP0126;U365;365;V1;6;12;C29;FILTROS/RESPUESTOS;FILTROS;VOLCADORA OMBU;KG;ZPAN;1000092736;DESPACHADO;4500134365;10/8/2026;10/8/2026;11/8/2026;29/8/2026;29/7/2026;C29;10156017
00365 RIO TINTO;1003278;ZSTO;FILTRO DE ACEITE MOTOR;TEREX // BALDWIN // //;RPTX07049700120 // B7177 // NRPSANB222100000303 // LF3970;U365;365;V1;2;3;C29;FILTROS/RESPUESTOS;FILTROS;TEREX RT 35;KG;ZPAN;1000093048;ADJUDICADO;4500134901;;;;4/9/2026;4/8/2026;C29;10156483
00365 RIO TINTO;1003300;ZSTO;FILTRO DOSIFICACION DE UREA (COLADOR);VOLVO CONS;21954674;U365;365;V1;8;17;C29;FILTROS/RESPUESTOS;FILTROS;VOLVO 460 FMX;KG;ZPAN;1000093652;DESPACHADO;4500135810;19/8/2026;19/8/2026;24/8/2026;13/9/2026;13/8/2026;C29;10157429
00365 RIO TINTO;1003373;ZSTO;FILTROAIREACONDCABINAEXTERIORINTERIOR;VOLVO CONS;21758906;U365;365;V1;9;19;C29;FILTROS/RESPUESTOS;FILTROS;VOLVO FM460;KG;ZPAN;1000093777;ADJUDICADO;4500136481;;;;14/9/2026;14/8/2026;C29;10157619
00365 RIO TINTO;1003904;ZSTO;SUPLEMENTO GUIA;CATERPILLA // CATERPILLA //;5T8366 / 446-1524 // 4461524 // 4461524;U365;365;V1;8;16;C29;FILTROS/RESPUESTOS;REPUESTOS;CAT 140H;KG;ZPAN;1000091116;ADJUDICADO;4500131911;;;;10/9/2026;1/7/2026;C03;10153643
00365 RIO TINTO;1003953;ZSTO;BATERIA 12V 75AMP;MOURA;M30LD;U365;365;V1;9;19;C03;EQUIPOS;REPUESTOS;hilux 2017 en adelante;KG;ZPAN;1000094238;SIN TRATAMIENTO;;;;;24/9/2026;24/8/2026;;10158366
00365 RIO TINTO;1003957;ZSTO;BATERIA 12V 110 AMP  318X162X220;MOURA;ME100HA;U365;365;V1;11;23;C29;FILTROS/RESPUESTOS;REPUESTOS;BOMAG;KG;ZPAN;1000093228;PICKEADO;4500135602;26/8/2026;26/8/2026;;6/9/2026;6/8/2026;C29;10156742
00365 RIO TINTO;1004030;ZSTO;LAMPARA 24V-5W S CULOTE XUN;;PHILIPS-OSRAM;U365;365;V1;5;10;C29;FILTROS/RESPUESTOS;REPUESTOS;ELECTRICIDAD AUTOMOTOR;KG;ZPAN;1000093421;DESPACHADO;4500135397;19/8/2026;19/8/2026;24/8/2026;10/9/2026;10/8/2026;C29;10157053
00365 RIO TINTO;1004687;ZSTO;TUERCA DE RUEDA VOLVO;VOLVO CONS;21303956;U365;365;V1;17;37;C29;FILTROS/RESPUESTOS;REPUESTOS;VOLVO 460 FMX;KG;ZPAN;1000090982;DESPACHADO;4500131647;2/7/2026;2/7/2026;8/7/2026;29/7/2026;29/6/2026;C29;10153500
00365 RIO TINTO;1009477;ZSTO;"PANTALON TERMICO ""ROJO"" T XL";;;U365;365;V1;24;51;C28;SEGURIDAD/ROPA/EPP;ROPA;INDUMENTARIA -15;KG;ZPAN;1000093777;ADJUDICADO;4500136284;;;;14/9/2026;14/8/2026;C28;10157619
00365 RIO TINTO;1015783;ZSSD;CINTA REFLECTIVA ROJA X MTS;;;U365;365;V1;356;769;C27;FERRETERIA MR01;SEGURIDAD;SEÑALIZACION;KG;ZPAN;1000093876;SIN TRATAMIENTO;;;;;18/9/2026;18/8/2026;;10157758
00365 RIO TINTO;1015963;ZSCD;ANTEOJO ECOLINE GRIS H/C;LIBUS;LIBUS-ECOLINE//DEPASCALE-UCU112B;U365;365;V1;89;192;C28;SEGURIDAD/ROPA/EPP;SEGURIDAD;EPP;KG;ZPAN;1000094316;ADJUDICADO;4500136693;;;;25/9/2026;25/8/2026;C28;10158483
00365 RIO TINTO;1016076;ZSTO;SEGMENTO E/ PORTAUÑAS BALDE-50/60BPE120;VOLVO CONS // VOLVO CONS;VOE14619306 // 50/60BPE120;U365;365;V1;9;19;C29;FILTROS/RESPUESTOS;DESGASTE;VOLVO EC 480D;KG;ZPAN;1000091116;ADJUDICADO;4500132229;;;;10/9/2026;1/7/2026;C29;10153643
00365 RIO TINTO;1016098;ZSTO;FILTRO DE AIRE PRIMARIO;VOLVO MAQU;17500260;U365;365;V1;3;6;C29;FILTROS/RESPUESTOS;FILTROS;VOLVO EC 480D;KG;ZPAN;1000090609;ADJUDICADO;4500130988;;;;10/9/2026;22/6/2026;C29;10152961
00365 RIO TINTO;1016195;ZSTO;CUBIERTA DELANTERO 13 R 22.5 I;PIRELLI NE //;FG:01 // S811;U365;365;V1;4;8;C03;EQUIPOS;CUBIERTAS;CAMION;KG;ZPAN;1000090904;ADJUDICADO;4500132246;;;;10/9/2026;26/6/2026;C03;10153405
00365 RIO TINTO;1016479;ZSCD;PROTECTOR SOLAR CREMA 60FPS X120ML;;VILLENEUVE - BABY & KIDS;U365;365;V1;178;385;C28;SEGURIDAD/ROPA/EPP;SEGURIDAD;INSUMO;KG;ZPAN;1000093421;ADJUDICADO;4500135707;;;;10/9/2026;10/8/2026;C28;10157053
00365 RIO TINTO;1016496;ZSSD;GUANTE DE ALTO IMPACTO;;MÚLT. 12U;U365;365;V1;86;185;C28;SEGURIDAD/ROPA/EPP;SEGURIDAD;ACCESORIO SEGURIDAD;KG;ZPAN;1000094238;SIN TRATAMIENTO;;;;;24/9/2026;24/8/2026;;10158366
00365 RIO TINTO;1016646;ZSSD;CMASTRA FILTRO DE AIRE SECUNDARIO;CNH INDUST;DONALDSON P777875/CNH 98128076AS;U365;365;V1;6;12;AGV;COMPRAS AGV;REPUESTOS;FILTROS;KG;ZPAN;1000094098;SIN TRATAMIENTO;;;;;21/9/2026;21/8/2026;;10158165
00365 RIO TINTO;1016647;ZSSD;CMASTRA TRAMPA DE AGUA;MAHLE FILT; FPT 5801586769;U365;365;V1;6;12;AGV;COMPRAS AGV;REPUESTOS;FILTROS;KG;ZPAN;1000094098;SIN TRATAMIENTO;;;;;21/9/2026;21/8/2026;;10158165
00365 RIO TINTO;1016648;ZSSD;CMASTRA TRAMPA DE AGUA (CUADRADO);DONALDSON;P550904;U365;365;V1;6;12;AGV;COMPRAS AGV;REPUESTOS;FILTROS;KG;ZPAN;1000094098;SIN TRATAMIENTO;;;;;21/9/2026;21/8/2026;;10158165
00365 RIO TINTO;1016649;ZSSD;CMASTRA FILTRO DE COMBUSTIBLE;DONALDSON;FPT 5801586769/MAHLE KC171/P763995;U365;365;V1;6;12;AGV;COMPRAS AGV;REPUESTOS;FILTROS;KG;ZPAN;1000094098;SIN TRATAMIENTO;;;;;21/9/2026;21/8/2026;;10158165
00365 RIO TINTO;1016655;ZSSD;CMASTRA CORREA ALTERNADOR;REPUESTOS;12PK1815;U365;365;V1;4;8;AGV;COMPRAS AGV;REPUESTOS;CORREAS;KG;ZPAN;1000080831;ADJUDICADO;4500119588;;;;2/2/2026;12/1/2026;AGV;10140109
00365 RIO TINTO;1016708;ZSTO;Filtro A/A Cabina Interior;SANY HEAVY;RPSAN141502000077;U365;365;V1;6;12;C29;FILTROS/RESPUESTOS;FILTROS;CAMION FUERA DE RUTA SANY SKT 90S;KG;ZPAN;1000082288;CUMPLIDO PARCIAL;4500119710;12/8/2026;21/2/2026;12/8/2026;17/2/2026;3/2/2026;C29;10142059
00365 RIO TINTO;1016712;ZSTO;Filtro Combustible c/ Sensor;SANY HEAVY //;RPSAN160604020017 // P 550778;U365;365;V1;12;25;C29;FILTROS/RESPUESTOS;FILTROS;CAMION FUERA DE RUTA SANY SKT 90S;KG;ZPAN;1000093421;CUMPLIDO PARCIAL;4500135396;13/8/2026;13/8/2026;18/8/2026;10/9/2026;10/8/2026;C29;10157053
00365 RIO TINTO;1016713;ZSTO;Filtro Aceite Motor;SANY HEAVY // // // MANN;RPSAN60327523 // SO6193 // WP1169 // WP1169;U365;365;V1;12;25;C29;FILTROS/RESPUESTOS;FILTROS;CAMION FUERA DE RUTA SANY SKT 90S;KG;ZPAN;1000093048;ADJUDICADO;4500134901;;;;4/9/2026;4/8/2026;C29;10156483
00365 RIO TINTO;1016715;ZSTO;Filtro Hidraulico Direccion;SANY HEAVY //;RPSAN60345316 // SH75010;U365;365;V1;3;6;C29;FILTROS/RESPUESTOS;FILTROS;CAMION FUERA DE RUTA SANY SKT 90S;KG;ZPAN;1000091523;CUMPLIDO PARCIAL;4500132402;16/7/2026;16/7/2026;21/7/2026;8/8/2026;8/7/2026;C29;10154210
00365 RIO TINTO;1016938;ZSSD;SILICONA LIQUIDA BRILLO SILICONADO X5LT;;;U365;365;V1;5;10;C17;INSUMOS A;LIMPIEZA;LIMPIEZA /SEGURIDAD;KG;ZPAN;1000094238;SIN TRATAMIENTO;;;;;24/9/2026;24/8/2026;;10158366
00365 RIO TINTO;1017035;ZSSD;GOMA DE BORRAR LAPIZ;;;U365;365;V1;6;12;C17;INSUMOS A;LIBRERIA;LIBRERIA;KG;ZPAN;1000094238;SIN TRATAMIENTO;;;;;24/9/2026;24/8/2026;;10158366
00365 RIO TINTO;1017108;ZSSD;ESTACA 1PGX1PGX1 MTS;;;U365;365;V1;711;1538;C22;INSUMOS C;MADERA;ESTACAS;KG;ZPAN;1000094238;SIN TRATAMIENTO;;;;;24/9/2026;24/8/2026;;10158366
00365 RIO TINTO;1017138;ZSSD;ADHESIVO ALTA TEMPERAT TIP FASTIX X100GR;;;U365;365;V1;3;6;C27;FERRETERIA MR01;EQUIPOS;ADHESIVOS;KG;ZPAN;1000094238;SIN TRATAMIENTO;;;;;24/9/2026;24/8/2026;;10158366
00365 RIO TINTO;1017948;ZSTO;Conjunto Respiradero;CATERPILLA;1833873;U365;365;V1;3;6;C29;FILTROS/RESPUESTOS;REPUESTOS;140K;KG;ZPAN;1000094098;ADJUDICADO;4500136603;;;;21/9/2026;21/8/2026;C29;10158165
00365 RIO TINTO;1017963;ZSTO;John Deere Hydrau™ Hydraulic System Oil3;JOHN DEERE;TY27367 X 19LTS;U365;365;V1;2;3;L01;ACEITES;LUBRICANTES;JD670G;KG;ZPAN;1000093599;DESPACHADO;4500136072;22/8/2026;22/8/2026;24/8/2026;13/9/2026;13/8/2026;L01;10157351
00365 RIO TINTO;1018107;ZSTO;Filtro Cabina Exterior;CATERPILLA // CATERPILLA;4572836 // 593-1532;U365;365;V1;2;3;AGV;COMPRAS AGV;FILTROS;CAT 815-F;KG;ZPAN;1000093048;DESPACHADO;4500135614;21/8/2026;21/8/2026;24/8/2026;10/9/2026;4/8/2026;C29;10156483
00365 RIO TINTO;1018128;ZSTO;Filtro Cabina Exterior;VOLVO MAQU;84425617;U365;365;V1;6;12;C29;FILTROS/RESPUESTOS;FILTROS;VOLVO 460 FMX;KG;ZPAN;1000093652;DESPACHADO;4500135810;19/8/2026;19/8/2026;24/8/2026;13/9/2026;13/8/2026;C29;10157429
00365 RIO TINTO;1018268;ZSSD;CORREA DE COMPRESOR A/A;LEVAS BOSC;4PK1157;U365;365;V1;5;10;AGV;COMPRAS AGV;REPUESTOS;CORREAS;KG;ZPAN;1000080831;ADJUDICADO;4500119588;;;;2/2/2026;12/1/2026;AGV;10140109
00365 RIO TINTO;1018427;ZSTO;Correa A/A;CATERPILLA;1749030;U365;365;V1;2;3;C29;FILTROS/RESPUESTOS;CORREAS;CAT D6T;KG;ZPAN;1000092609;ADJUDICADO;4500134261;;;;10/9/2026;27/7/2026;C29;10155821
00365 RIO TINTO;1018497;ZSSD;FILTRO COMBUSTIBLE;FLEETGUARD;FF5052;U365;365;V1;12;25;AGV;COMPRAS AGV;REPUESTOS;FILTROS;KG;ZPAN;1000093777;ADJUDICADO;4500136711;;;;14/9/2026;14/8/2026;AGV;10157619
00365 RIO TINTO;1018507;ZSTO;Filtro Cabina - Habitaculo;COMPACTADO //;05579415 // SC50347;U365;365;V1;2;3;C29;FILTROS/RESPUESTOS;FILTROS;BOMAG BW213;KG;ZPAN;1000093652;DESPACHADO;4500135812;20/8/2026;20/8/2026;24/8/2026;13/9/2026;13/8/2026;C29;10157429
00365 RIO TINTO;1018510;ZSTO;Filtro Hidraulico;COMPACTADO;5825002;U365;365;V1;2;3;C29;FILTROS/RESPUESTOS;FILTROS;BOMAG;KG;ZPAN;1000093048;ADJUDICADO;4500134899;;;;4/9/2026;4/8/2026;C29;10156483
00365 RIO TINTO;1018578;ZSSD;CUCHILLAS KOMATSU (5 AGUJEROS);IGARRETA M;12Y-72-11220;U365;365;V1;2;3;C29;FILTROS/RESPUESTOS;REPUESTOS;KOMATSU;KG;ZPAN;1000093048;ADJUDICADO;4500135060;;;;4/9/2026;4/8/2026;C29;10156483
00365 RIO TINTO;1018590;ZSSD;FILTRO ACEITE MOTOR;FLEETGUARD;FS1015;U365;365;V1;3;6;C29;FILTROS/RESPUESTOS;REPUESTOS;FILTROS;KG;ZPAN;1000093652;ADJUDICADO;4500136519;;;;13/9/2026;13/8/2026;C29;10157429
00365 RIO TINTO;1018597;ZSSD;CORREA DE COMPRESOR;IGARRETA M;6732-82-3430;U365;365;V1;2;4;C29;FILTROS/RESPUESTOS;REPUESTOS;CORREAS;KG;ZPAN;1000090982;ADJUDICADO;4500132298;;;;10/9/2026;29/6/2026;C29;10153500
00365 RIO TINTO;1018847;ZSSD;FILTRO DE COMBUSTIBLE;FLEETGUARD;FF5688;U365;365;V1;8;16;AGV;COMPRAS AGV;REPUESTOS;FILTROS;KG;ZPAN;1000093966;SIN TRATAMIENTO;;;;;19/9/2026;19/8/2026;;10157939
00365 RIO TINTO;1018850;ZSSD;FILTRO INTERNO (A/A);KOBELCO CO;LQ50V01007P1;U365;365;V1;4;8;AGV;COMPRAS AGV;REPUESTOS;FILTROS;KG;ZPAN;1000094316;SIN TRATAMIENTO;;;;;25/9/2026;25/8/2026;;10158483
00365 RIO TINTO;1018851;ZSSD;FILTRO TANQUE DE COMBUSTIBLE;KOBELCO CO;VH23303EV010;U365;365;V1;6;12;AGV;COMPRAS AGV;REPUESTOS;FILTROS;KG;ZPAN;1000093652;SIN TRATAMIENTO;;;;;13/9/2026;13/8/2026;;10157429
00365 RIO TINTO;1018855;ZSSD;FILTRO COLADOR TANQUE DE COMBUSTIBLE;KOBELCO CO;YN50V00029P1;U365;365;V1;5;10;AGV;COMPRAS AGV;REPUESTOS;FILTROS;KG;ZPAN;1000074118;ADJUDICADO;4500111062;;;;4/10/2025;16/9/2025;AGV;10131113
00365 RIO TINTO;1018863;ZSSD;CORREA VENTILADOR;KOBELCO CO;VHSZ91049259;U365;365;V1;9;19;AGV;COMPRAS AGV;REPUESTOS;CORREAS;KG;ZPAN;1000089024;CUMPLIDO PARCIAL;4500133081;6/8/2026;;;26/6/2026;26/5/2026;AGV;10150954
00365 RIO TINTO;1018864;ZSSD;CORREA ALTERNADOR;KOBELCO CO;VHSZ91049258;U365;365;V1;6;12;AGV;COMPRAS AGV;REPUESTOS;AUTOMOTOR;KG;ZPAN;1000073104;ADJUDICADO;4500111070;;;;19/9/2025;1/9/2025;AGV;10129814
00365 RIO TINTO;1018897;ZSSD;FILTRO DE COMBUSTIBLE;FLEETGUARD;FF5688;U365;365;V1;4;8;AGV;COMPRAS AGV;REPUESTOS;FILTROS;KG;ZPAN;1000092143;ADJUDICADO;4500135205;;;;20/8/2026;20/7/2026;AGV;10155124
00365 RIO TINTO;1018900;ZSSD;FILTRO EXTERNO (A/A);KOBELCO CO;LQ50V01009P1;U365;365;V1;6;12;AGV;COMPRAS AGV;REPUESTOS;FILTROS;KG;ZPAN;1000094316;SIN TRATAMIENTO;;;;;25/9/2026;25/8/2026;;10158483
00365 RIO TINTO;1018901;ZSSD;FILTRO HIDRAULICO (STRAINER);KOBELCO CO;LC50V00006S001;U365;365;V1;3;6;AGV;COMPRAS AGV;REPUESTOS;FILTROS;KG;ZPAN;1000093652;SIN TRATAMIENTO;;;;;13/9/2026;13/8/2026;;10157429
00365 RIO TINTO;1018902;ZSSD;FILTRO DEL RESPIRADERO;KOBELCO CO;YN57V00012S002;U365;365;V1;2;4;AGV;COMPRAS AGV;REPUESTOS;FILTROS;KG;ZPAN;1000093652;SIN TRATAMIENTO;;;;;13/9/2026;13/8/2026;;10157429
00365 RIO TINTO;1018903;ZSSD;FILTRO COLADOR TANQUE DE COMBUSTIBLE;KOBELCO CO;YN50V00029P1;U365;365;V1;3;6;AGV;COMPRAS AGV;REPUESTOS;FILTROS;KG;ZPAN;1000074118;CUMPLIDO PARCIAL;4500111062;21/5/2026;;;4/10/2025;16/9/2025;AGV;10131113
00365 RIO TINTO;1018909;ZSSD;FILTRO DE CABINA (A/A);SANY HEAVY;60250669;U365;365;V1;2;3;AGV;COMPRAS AGV;REPUESTOS;FILTRO;KG;ZPAN;1000093048;ADJUDICADO;4500135943;;;;4/9/2026;4/8/2026;AGV;10156483
00365 RIO TINTO;1018911;ZSSD;FILTRO COLADOR COMBUSTIBLE;SANY HEAVY;60117826;U365;365;V1;2;4;AGV;COMPRAS AGV;REPUESTOS;FILTROS;KG;ZPAN;1000070808;ADJUDICADO;4500114367;;;;6/8/2025;23/7/2025;AGV;10126793
00365 RIO TINTO;1018914;ZSSD;FILTRO DEL RESPIRADERO;SANY HEAVY;60186788;U365;365;V1;2;3;AGV;COMPRAS AGV;REPUESTOS;FILTRO;KG;ZPAN;1000093048;ADJUDICADO;4500135943;;;;4/9/2026;4/8/2026;AGV;10156483
00365 RIO TINTO;1018917;ZSSD;FILTRO HIDRAULICO RETORNO;SANY HEAVY;60210416;U365;365;V1;2;3;AGV;COMPRAS AGV;REPUESTOS;FILTRO;KG;ZPAN;1000093048;ADJUDICADO;4500135943;;;;4/9/2026;4/8/2026;AGV;10156483
00365 RIO TINTO;1018918;ZSSD;FILTRO LINEA PILOTO DE BOMBA;SANY HEAVY;A222100000119;U365;365;V1;2;3;C29;FILTROS/RESPUESTOS;REPUESTOS;FILTRO;KG;ZPAN;1000093048;ADJUDICADO;4500134901;;;;4/9/2026;4/8/2026;C29;10156483
00365 RIO TINTO;1018921;ZSSD;FILTRO SECANTE DE FRENOS;CNH INDUST;5801962827;U365;365;V1;4;8;AGV;COMPRAS AGV;FILTROS;FILTROS;KG;ZPAN;1000093421;SIN TRATAMIENTO;;;;;10/9/2026;10/8/2026;;10157053
00365 RIO TINTO;1022808;ZSTO;CORREA ALTERNADOR;;185-5872;U365;365;V1;4;8;C03;EQUIPOS;CORREAS;CORREAS;KG;ZPAN;1000094098;SIN TRATAMIENTO;;;;;21/9/2026;21/8/2026;;10158165
00365 RIO TINTO;1023166;ZSTO;INSERTO PATIN DE CIRCULO;;T453855 SUB FOR T418899;U365;365;V1;26;61;C03;EQUIPOS;;;KG;ZPAN;1000094098;SIN TRATAMIENTO;;;;;21/9/2026;21/8/2026;;10158165
00365 RIO TINTO;1025994;ZSSD;FILTRO DE AIRE SECUNDARIO;KOBELCO CO;YN11P00029S002;U365;365;V1;5;10;AGV;COMPRAS AGV;REPUESTOS;FILTROS;KG;ZPAN;1000093966;SIN TRATAMIENTO;;;;;19/9/2026;19/8/2026;;10157939
00365 RIO TINTO;1027639;ZSSD;UÑA;KOMATSU HO;202-70-12130;U365;365;V1;6;12;C29;FILTROS/RESPUESTOS;DESGASTE;KOMATSU;KG;ZPAN;1000093876;ADJUDICADO;4500136291;;;;18/9/2026;18/8/2026;C29;10157758
00365 RIO TINTO;1027761;ZSTO;FILTRO DE AIRE PRIMARIO;CNH;CNH47931042;U365;365;V1;2;3;C29;FILTROS/RESPUESTOS;FILTROS;?;KG;ZPAN;1000093048;SIN TRATAMIENTO;;;;;4/9/2026;4/8/2026;;10156483
00365 RIO TINTO;1027762;ZSTO;FILTRO DE AIRE SECUNDARIO;CNH;CNH47931043;U365;365;V1;2;4;C29;FILTROS/RESPUESTOS;FILTROS;?;KG;ZPAN;1000091116;SIN TRATAMIENTO;;;;;1/8/2026;1/7/2026;;10153643
00365 RIO TINTO;1027764;ZSTO;CORREA A/A;SKF;4PK1025;U365;365;V1;2;3;C29;FILTROS/RESPUESTOS;CORREAS;?;KG;ZPAN;1000093048;DESPACHADO;4500134937;22/8/2026;22/8/2026;24/8/2026;4/9/2026;4/8/2026;C29;10156483
00365 RIO TINTO;1027766;ZSTO;FILTRO COMB.;CNH;CNH5802104260;U365;365;V1;2;3;C29;FILTROS/RESPUESTOS;FILTROS;?;KG;ZPAN;1000093048;SIN TRATAMIENTO;;;;;4/9/2026;4/8/2026;;10156483
00365 RIO TINTO;1027768;ZSTO;FILTRO COLADOR TANQUE HIDRAULICO;CNH;CNH47906175;U365;365;V1;2;3;C29;FILTROS/RESPUESTOS;FILTROS;?;KG;ZPAN;1000093048;SIN TRATAMIENTO;;;;;4/9/2026;4/8/2026;;10156483
00365 RIO TINTO;1027769;ZSTO;FILTRO HIDRAULICO;CNH;CNH V204010/60156;U365;365;V1;2;3;C29;FILTROS/RESPUESTOS;FILTROS;?;KG;ZPAN;1000093048;SIN TRATAMIENTO;;;;;4/9/2026;4/8/2026;;10156483
00365 RIO TINTO;1027886;ZSSD;FILTRO DE COMBUSTIBLE;KOBELCO CO;KX437D;U365;365;V1;3;6;AGV;COMPRAS AGV;REPUESTOS;FILTROS;KG;ZPAN;1000093966;SIN TRATAMIENTO;;;;;19/9/2026;19/8/2026;;10157939
00365 RIO TINTO;1028162;ZSSD;CORREA COMPRESOR A/A;DISTRIBUID;217638 - (6PK1115);U365;365;V1;2;3;C29;FILTROS/RESPUESTOS;CORREAS;AIRE ACONDICIONADO;KG;ZPAN;1000093048;ADJUDICADO;4500135402;;;;4/9/2026;4/8/2026;C29;10156483
00365 RIO TINTO;1028201;ZSSD;CORREA ALTERNADOR;;04122-22279 (22X1950) - SHANTUI;U365;365;V1;2;3;C29;FILTROS/RESPUESTOS;CORREAS;?;KG;ZPAN;1000093048;ADJUDICADO;4500135585;;;;4/9/2026;4/8/2026;C29;10156483
00365 RIO TINTO;1028209;ZSSD;CANTONERA IZQUIERDA SHANTUI;HENSLEY;175-71-22272 - SHANTUI;U365;365;V1;2;3;AGV;COMPRAS AGV;REPUESTOS;?;KG;ZPAN;1000093048;SIN TRATAMIENTO;;;;;4/9/2026;4/8/2026;;10156483
00365 RIO TINTO;1028210;ZSSD;CANTONERA DERECHA;;175-71-22282 - SHANTUI;U365;365;V1;2;3;AGV;COMPRAS AGV;DESGASTE;?;KG;ZPAN;1000093048;SIN TRATAMIENTO;;;;;4/9/2026;4/8/2026;;10156483
00365 RIO TINTO;1028213;ZSSD;FILTRO COLADOR COMBUSTIBLE;KOMATSU HO;07056-18416 - SHANTUI;U365;365;V1;2;3;C03;EQUIPOS;REPUESTOS;FILTRO;KG;ZPAN;1000092143;ADJUDICADO;4500133336;;;;10/9/2026;20/7/2026;C03;10155124
00365 RIO TINTO;1028214;ZSSD;FILTRO DE RETORNO HIDRAULICO;;175-49-11222 - SHANTUI;U365;365;V1;2;3;C29;FILTROS/RESPUESTOS;REPUESTOS;FILTRO;KG;ZPAN;1000092143;ADJUDICADO;4500133336;;;;10/9/2026;20/7/2026;C03;10155124
00365 RIO TINTO;1029358;ZSTO;CORREA MOTOR;;07W903137;U365;365;V1;2;4;C03;EQUIPOS;CORREAS;?;KG;ZPAN;1000093271;DESPACHADO;4500135034;21/8/2026;21/8/2026;24/8/2026;28/8/2026;6/8/2026;C03;10156805
00365 RIO TINTO;1029359;ZSTO;CORREA A/A;;07W145933;U365;365;V1;2;4;C03;EQUIPOS;CORREAS;?;KG;ZPAN;1000093271;DESPACHADO;4500135034;21/8/2026;21/8/2026;24/8/2026;28/8/2026;6/8/2026;C03;10156805
00365 RIO TINTO;1029485;ZSSD;FILTRO AIRE PRIMARIO;FLEETGUARD;AF25551;U365;365;V1;6;12;AGV;COMPRAS AGV;REPUESTOS;FILTRO;KG;ZPAN;1000093777;SIN TRATAMIENTO;;;;;14/9/2026;14/8/2026;;10157619
00365 RIO TINTO;1029692;ZSTO;FILTRO DE ACEITE DE LA TRANSMISION;;6194313M1;U365;365;V1;2;3;AGV;COMPRAS AGV;REPUESTOS;FILTRO;KG;ZPAN;1000089812;SIN TRATAMIENTO;;;;;8/7/2026;8/6/2026;;10151904
00365 RIO TINTO;1030021;ZSSD;KIT FILTRO PRIMARIO Y SECUNDARIO;SANY INTER;860152043;U365;365;V1;2;4;AGV;COMPRAS AGV;REPUESTOS;FILTRO;KG;ZPAN;1000091116;SIN TRATAMIENTO;;;;;1/8/2026;1/7/2026;;10153643
00365 RIO TINTO;1030026;ZSSD;CORREA MOTOR;TADEMAQ EQ;860140395 (8PK1630);U365;365;V1;2;3;AGV;COMPRAS AGV;CORREAS;?;KG;ZPAN;1000093048;SIN TRATAMIENTO;;;;;4/9/2026;4/8/2026;;10156483
00365 RIO TINTO;1030031;ZSSD;FILTRO TANQUE HIDRAULICO;TADEMAQ EQ;803165595;U365;365;V1;2;3;AGV;COMPRAS AGV;REPUESTOS;FILTRO;KG;ZPAN;1000093048;SIN TRATAMIENTO;;;;;4/9/2026;4/8/2026;;10156483
00365 RIO TINTO;1033367;ZSSD;KIT FILTRO PRIMARIO Y SECUNDARIO;WEICHAI HE;612600115646;U365;365;V1;2;3;AGV;COMPRAS AGV;;;KG;ZPAN;1000094181;SIN TRATAMIENTO;;;;;20/9/2026;23/8/2026;;10158295
00365 RIO TINTO;1033369;ZSSD;FILTRO DE COMBUSTIBLE;WEICHAI HE;1000422382;U365;365;V1;4;8;AGV;COMPRAS AGV;FILTROS;?;KG;ZPAN;1000091116;ADJUDICADO;4500136711;;;;1/8/2026;1/7/2026;AGV;10153643
00365 RIO TINTO;1033377;ZSSD;CORREA DE ALTERNADOR;WEICHAI HE;8PK890;U365;365;V1;2;3;AGV;COMPRAS AGV;CORREAS;?;KG;ZPAN;1000091116;SIN TRATAMIENTO;;;;;1/8/2026;1/7/2026;;10153643
00365 RIO TINTO;1033378;ZSSD;CORREA DE BOMBA DE AGUA;WEICHAI HE;10PK1313;U365;365;V1;2;3;AGV;COMPRAS AGV;CORREAS;?;KG;ZPAN;1000093048;SIN TRATAMIENTO;;;;;4/9/2026;4/8/2026;;10156483
00365 RIO TINTO;1033415;ZSTO;FILTRO HIDRAULICO;;EA1761 /  P171543 // EA1761 /  P171543;U365;365;V1;2;3;C29;FILTROS/RESPUESTOS;FILTROS;HIDROGRUA PALFINGER PKB32080;KG;ZPAN;1000093048;ADJUDICADO;4500134949;;;;4/9/2026;4/8/2026;C29;10156483
00365 RIO TINTO;1034220;ZSTO;JUNTA LATERAL MOTOR 6 CILINDROS;;3284623;U365;365;V1;2;3;C03;EQUIPOS;REPUESTOS;CUMMINS 4;KG;ZPAN;1000093048;ADJUDICADO;4500135352;;;;4/9/2026;4/8/2026;C03;10156483
00365 RIO TINTO;1034628;ZSTO;JUNTA DE BALANCINES;;3027433 // 119718-11310;U365;365;V1;2;3;C03;EQUIPOS;REPUESTOS;HIMOINSA LTA 8 V LED;KG;ZPAN;1000093048;ADJUDICADO;4500136112;;;;4/9/2026;4/8/2026;AGV;10156483
00365 RIO TINTO;1034629;ZSTO;JUNTA TAPA PRINCIPAL;DBT S.A. //;3036097 // 119717-11331;U365;365;V1;2;3;C03;EQUIPOS;REPUESTOS;HIMOINSA LTA 8 V LED;KG;ZPAN;1000093048;ADJUDICADO;4500136112;;;;4/9/2026;4/8/2026;AGV;10156483
00365 RIO TINTO;1042668;ZSTO;FILTRO DE ACEITE MOTOR;;DZ118283;U365;365;V1;4;8;C29;FILTROS/RESPUESTOS;FILTROS;AUTOMOTOR;KG;ZPAN;1000094098;SIN TRATAMIENTO;;;;;21/9/2026;21/8/2026;;10158165
00365 RIO TINTO;1042779;ZSTO;CORREA ALTERNADOR;SERVICAM R;8PK1546;U365;365;V1;2;4;AGV;COMPRAS AGV;CORREAS;?;KG;ZPAN;1000073641;ADJUDICADO;4500110665;;;;23/9/2025;9/9/2025;AGV;10130533
00365 RIO TINTO;1042782;ZSTO;FILTRO DE CABINA;SANY INTER;60305487;U365;365;V1;2;3;AGV;COMPRAS AGV;REPUESTOS;FILTRO;KG;ZPAN;1000093048;ADJUDICADO;4500135943;;;;4/9/2026;4/8/2026;AGV;10156483
00365 RIO TINTO;1042786;ZSTO;FILTRO HIDRAULICO DE ALTA PRESION;HIFI FILTE;60247816 / HIFI SH85069;U365;365;V1;2;4;AGV;COMPRAS AGV;REPUESTOS;FILTRO;KG;ZPAN;1000078730;ADJUDICADO;4500116346;;;;22/12/2025;1/12/2025;AGV;10137152
00365 RIO TINTO;1042787;ZSTO;FILTRO TRANSMISION;SANY INTER;SANY 130299000006A;U365;365;V1;2;3;AGV;COMPRAS AGV;REPUESTOS;FILTRO;KG;ZPAN;1000093048;ADJUDICADO;4500135943;;;;4/9/2026;4/8/2026;AGV;10156483
00365 RIO TINTO;1042870;ZSTO;CORREA;;8X-5922;U365;365;V1;2;4;C03;EQUIPOS;REPUESTOS;CORREAS;KG;ZPAN;1000094098;SIN TRATAMIENTO;;;;;21/9/2026;21/8/2026;;10158165
00365 RIO TINTO;1048886;ZSTO;FILTRO AIRE PRIMARIO ADMISION;SANY HEAVY;400-038-9991;U365;365;V1;7;14;C29;FILTROS/RESPUESTOS;REPUESTOS;FILTRO;KG;ZPAN;1000091116;SIN TRATAMIENTO;;;;;1/8/2026;1/7/2026;;10153643
00365 RIO TINTO;1055555;ZSSD;FENOLICO COMUN 18MM 2.44X1.22 MTS;;;U365;365;V1;46;99;C22;INSUMOS C;MADERA;?;KG;ZPAN;1000094238;SIN TRATAMIENTO;;;;;24/9/2026;24/8/2026;;10158366
00365 RIO TINTO;1055829;ZSCD;PANTALON JEAN C/LOGO T.48;;;U365;365;V1;24;51;C28;SEGURIDAD/ROPA/EPP;ROPA;INDUMENTARIA;KG;ZPAN;1000094098;ADJUDICADO;4500136451;;;;21/9/2026;21/8/2026;C28;10158165
00365 RIO TINTO;1055830;ZSCD;PANTALON JEAN C/LOGO T.46;;;U365;365;V1;24;51;C28;SEGURIDAD/ROPA/EPP;ROPA;INDUMENTARIA;KG;ZPAN;1000094098;ADJUDICADO;4500136451;;;;21/9/2026;21/8/2026;C28;10158165
00365 RIO TINTO;1055852;ZSCD;CAMPERA 2 PIEL C/LOGO T. L;;;U365;365;V1;15;32;C28;SEGURIDAD/ROPA/EPP;SEGURIDAD;INDUMENTARIA;KG;ZPAN;1000093652;ADJUDICADO;4500135870;;;;13/9/2026;13/8/2026;C28;10157429
00365 RIO TINTO;1055931;ZSTO;PROTECTOR P/CAMARA 14.00 R25;;PROTECTOR 14.00 R25;U365;365;V1;4;8;C03;EQUIPOS;CUBIERTAS;CUBIERTAS;KG;ZPAN;1000094316;SIN TRATAMIENTO;;;;;25/9/2026;25/8/2026;;10158483
00365 RIO TINTO;1056101;ZSTO;CEPILLO VIOLIN P/LAVAR COCHES;;;U365;365;V1;26;61;C17;INSUMOS A;LIMPIEZA;INSUMOS;KG;ZPAN;1000094025;SIN TRATAMIENTO;;;;;20/9/2026;20/8/2026;;10158042
00365 RIO TINTO;1056434;ZSCD;ANTEOJO OSCURO WS K2;;;U365;365;V1;223;481;C28;SEGURIDAD/ROPA/EPP;SEGURIDAD;ACCESORIO SEGURIDAD;KG;ZPAN;1000093876;SIN TRATAMIENTO;;;;;18/9/2026;18/8/2026;;10157758
00365 RIO TINTO;1056558;ZSTO;UÑA DE PENETRACION;;9W8452WTL (138-6458);U365;365;V1;9;19;AGV;COMPRAS AGV;DESGASTE;?;KG;ZPAN;1000093767;SIN TRATAMIENTO;;;;;4/9/2026;14/8/2026;;10157559
00365 RIO TINTO;1056563;ZSTO;PASADOR;;CAT 1U1458 / 8E0468;U365;365;V1;9;19;AGV;COMPRAS AGV;DESGASTE;CAT;KG;ZPAN;1000093767;SIN TRATAMIENTO;;;;;4/9/2026;14/8/2026;;10157559
00365 RIO TINTO;1056566;ZSTO;RETEN;;CAT 8E6359 / 8E8469;U365;365;V1;9;19;AGV;COMPRAS AGV;DESGASTE;CAT;KG;ZPAN;1000093767;SIN TRATAMIENTO;;;;;4/9/2026;14/8/2026;;10157559
00365 RIO TINTO;1057008;ZSTO;FILTRO HIDRAULICO DE RETORNO;WEICHAI HE;2223-60-02200;U365;365;V1;2;3;AGV;COMPRAS AGV;FILTROS;?;KG;ZPAN;1000093048;SIN TRATAMIENTO;;;;;4/9/2026;4/8/2026;;10156483
00365 RIO TINTO;1057013;ZSTO;FILTRO HIDRAULICO DE SUCCION;WEICHAI HE;SHANTUI 115U-60-02000;U365;365;V1;2;3;AGV;COMPRAS AGV;FILTROS;?;KG;ZPAN;1000093048;SIN TRATAMIENTO;;;;;4/9/2026;4/8/2026;;10156483
00365 RIO TINTO;1057052;ZSTO;CORREA DE ALTERNADOR, BOMBA DE AGUA Y CI;;SANY 60311214 / 8981529060;U365;365;V1;2;3;AGV;COMPRAS AGV;CORREAS;?;KG;ZPAN;1000093048;ADJUDICADO;4500135943;;;;4/9/2026;4/8/2026;AGV;10156483
00365 RIO TINTO;1057053;ZSTO;CORREA DE COMPRESOR A/A;;SANY A230106000403 O AV13X1215;U365;365;V1;2;3;AGV;COMPRAS AGV;CORREAS;?;KG;ZPAN;1000093048;ADJUDICADO;4500135943;;;;4/9/2026;4/8/2026;AGV;10156483
00365 RIO TINTO;1057054;ZSTO;FILTRO HIDRAULICO;;SANY GLQ009369720 O 60201950;U365;365;V1;2;3;AGV;COMPRAS AGV;FILTROS;?;KG;ZPAN;1000093048;SIN TRATAMIENTO;;;;;4/9/2026;4/8/2026;;10156483
00365 RIO TINTO;1057055;ZSTO;FILTRO HIDRAULICO DE SUCCION;;SANY 60210024 O 60274030 O HIFI SH60034;U365;365;V1;2;3;AGV;COMPRAS AGV;FILTROS;?;KG;ZPAN;1000093048;ADJUDICADO;4500135943;;;;4/9/2026;4/8/2026;AGV;10156483
00365 RIO TINTO;1057056;ZSTO;FILTRO HIDRAULICO DE ALTA PRESION;;SANY A222100000119 O HIFI SH60376;U365;365;V1;2;3;AGV;COMPRAS AGV;FILTROS;?;KG;ZPAN;1000093048;ADJUDICADO;4500135943;;;;4/9/2026;4/8/2026;AGV;10156483
00365 RIO TINTO;1057057;ZSTO;FILTRO HIDRAULICO EN PLATAFORMA;;SANY 60239649;U365;365;V1;2;3;AGV;COMPRAS AGV;FILTROS;?;KG;ZPAN;1000093048;ADJUDICADO;4500135943;;;;4/9/2026;4/8/2026;AGV;10156483
00365 RIO TINTO;1057142;ZSTO;PASADOR;;09244-02496;U365;365;V1;6;12;AGV;COMPRAS AGV;DESGASTE;?;KG;ZPAN;1000093876;SIN TRATAMIENTO;;;;;18/9/2026;18/8/2026;;10157758
00365 RIO TINTO;1057360;ZSCD;"MOTOBOMBA DIESEL 4""";;MARCA: HUSQVARNA / MODELO: W100D;U365;365;V1;4;8;C10;COMPRAS EQ.MENORES;HERRAMIENTAS A EXPLOSION;?;KG;ZPAN;1000094238;SIN TRATAMIENTO;;;;;24/9/2026;24/8/2026;;10158366
00365 RIO TINTO;1057556;ZSTO;FILTRO TRAMPA DE AGUA;;SANY 60307173 / A1401460 / HIFI SN25205;U365;365;V1;2;3;AGV;COMPRAS AGV;FILTROS;?;KG;ZPAN;1000093048;SIN TRATAMIENTO;;;;;4/9/2026;4/8/2026;;10156483
00365 RIO TINTO;1057566;ZSTO;FILTRO INTERNO CABINA;;SANY 141502000382B / P500287 / SC80025;U365;365;V1;2;3;AGV;COMPRAS AGV;FILTROS;?;KG;ZPAN;1000093048;ADJUDICADO;4500135943;;;;4/9/2026;4/8/2026;AGV;10156483
00365 RIO TINTO;1057580;ZSTO;FILTRO DE BOMBA HIDRAULICA;REPUESTOS;SANY 60097451 / P566652 / HF6864 /;U365;365;V1;2;3;AGV;COMPRAS AGV;FILTROS;?;KG;ZPAN;1000093048;ADJUDICADO;4500135943;;;;4/9/2026;4/8/2026;AGV;10156483
00365 RIO TINTO;1057581;ZSTO;FILTRO HIDRAULICO;REPUESTOS;SANY B222100000451 / HF30279 / HF30100;U365;365;V1;2;3;AGV;COMPRAS AGV;FILTROS;?;KG;ZPAN;1000093048;ADJUDICADO;4500135943;;;;4/9/2026;4/8/2026;AGV;10156483
00365 RIO TINTO;1057584;ZSTO;FILTRO TRAMPA DE AGUA;REPUESTOS;CNH87803443 / FS19972 / SN70242;U365;365;V1;2;3;AGV;COMPRAS AGV;FILTROS;?;KG;ZPAN;1000093048;SIN TRATAMIENTO;;;;;4/9/2026;4/8/2026;;10156483
00365 RIO TINTO;1057596;ZSTO;CORREA DE COMPRESOR A/A;SANY INTER;CNH84591722 (4PK1165);U365;365;V1;2;3;AGV;COMPRAS AGV;CORREAS;?;KG;ZPAN;1000091058;CUMPLIDO PARCIAL;4500133842;28/7/2026;;;14/7/2026;30/6/2026;AGV;10153588
00365 RIO TINTO;1057598;ZSTO;CORREA DEL VENTILADOR;SANY INTER;CNH47610667 (8PK1445);U365;365;V1;2;3;AGV;COMPRAS AGV;CORREAS;?;KG;ZPAN;1000093048;SIN TRATAMIENTO;;;;;4/9/2026;4/8/2026;;10156483
00372 UTE 372 GEO POSCO II;1001682;ZSTO;MAMEL. 1°CAL. DESC. LAMIN.BLANCO 60GR.XL;;FABRICANTE:DUPONT | MODELO:TYVEK 500;U003;372;RE;80;150;C28;SEGURIDAD/ROPA/EPP;SEGURIDAD;INDUMENTARIA;KG;ZPAN;1000094168;ADJUDICADO;4500136544;;;;12/9/2026;22/8/2026;C01;10158281
00372 UTE 372 GEO POSCO II;1001869;ZSTO;MARCADORINDUSTRIAL-AMARILLOXUN;UNIPAINT;MÚLT. 10U;U003;372;RE;25;38;C17;INSUMOS A;LIBRERIA;ESCRITURA;KG;ZPAN;1000093817;DESPACHADO;4500136021;20/8/2026;20/8/2026;25/8/2026;10/9/2026;16/8/2026;C17;10157658
00372 UTE 372 GEO POSCO II;1001888;ZSTO;BOLSAS RESIDUOS XUN 102X130 NEGRA;;;U003;372;V1;120;250;C17;INSUMOS A;LIMPIEZA;LIMPIEZA /SEGURIDAD;KG;ZPAN;1000094168;ADJUDICADO;4500136464;;;;12/9/2026;22/8/2026;C01;10158281
00372 UTE 372 GEO POSCO II;1001952;ZSTO;TRAPO LIMPIO (BOLSAX10KG) XUN;;MÚLT. 10 KG;U003;372;V1;6;10;C27;FERRETERIA MR01;FERRETERIA;ACCESORIOS;KG;ZPAN;1000092737;ADJUDICADO;4500136085;;;;29/8/2026;29/7/2026;C27;10156019
00372 UTE 372 GEO POSCO II;1001963;ZSTO;CINTA AISLADORA VERDE X10MT;;;U003;372;RE;6;10;C27;FERRETERIA MR01;FERRETERIA;INSUMOS;KG;ZPAN;1000094338;SIN TRATAMIENTO;;;;;16/9/2026;26/8/2026;;10158504
00372 UTE 372 GEO POSCO II;1001969;ZSTO;ESMALTE SINT. AEROSOL BLANCO X440CC;;KUWAIT-SINTEPLAST;U003;372;V1;21;42;C22;INSUMOS C;PINTURAS;PINTURA AEROSOL;KG;ZPAN;1000093817;DESPACHADO;4500136021;20/8/2026;20/8/2026;25/8/2026;10/9/2026;16/8/2026;C17;10157658
00372 UTE 372 GEO POSCO II;1002016;ZSTO;PANTALON JEAN T.48;;;U003;372;V1;8;12;C28;SEGURIDAD/ROPA/EPP;ROPA;INDUMENTARIA;KG;ZPAN;1000094169;ADJUDICADO;4500136455;;;;5/9/2026;22/8/2026;C28;10158282
00372 UTE 372 GEO POSCO II;1002051;ZSTO;CAMPERA 2 PIEL T. L;;;U003;372;V1;8;13;C28;SEGURIDAD/ROPA/EPP;SEGURIDAD;INDUMENTARIA;KG;ZPAN;1000094169;ADJUDICADO;4500136455;;;;5/9/2026;22/8/2026;C28;10158282
00372 UTE 372 GEO POSCO II;1002052;ZSTO;CAMPERA 2 PIEL T. XL;;;U003;372;V1;8;13;C28;SEGURIDAD/ROPA/EPP;SEGURIDAD;INDUMENTARIA;KG;ZPAN;1000094169;ADJUDICADO;4500136455;;;;5/9/2026;22/8/2026;C28;10158282
00372 UTE 372 GEO POSCO II;1003953;ZSTO;BATERIA 12V 75AMP;MOURA;M30LD;U003;372;RE;1;3;C03;EQUIPOS;REPUESTOS;hilux 2017 en adelante;KG;ZPAN;1000093817;DESPACHADO;4500136022;25/8/2026;25/8/2026;25/8/2026;10/9/2026;16/8/2026;C03;10157658
00372 UTE 372 GEO POSCO II;1009481;ZSTO;ANTEOJO GRIS H/C;LIBUS // 3M // MSA // STEELPRO //;ARGON HC // SECUREFIT SF402AF // MSA MOVE SMOKE // STEELPRO ODYSSEY SMOKE // DEPASCALE-UCU022E;U003;372;V1;49;110;C28;SEGURIDAD/ROPA/EPP;SEGURIDAD;INDUMENTARIA;KG;ZPAN;1000094338;SIN TRATAMIENTO;;;;;16/9/2026;26/8/2026;;10158504
00372 UTE 372 GEO POSCO II;1015983;ZSCD;CAMISA JEAN T.44;;;U003;372;V1;6;8;C28;SEGURIDAD/ROPA/EPP;ROPA;INDUMENTARIA;KG;ZPAN;1000094169;ADJUDICADO;4500136455;;;;5/9/2026;22/8/2026;C28;10158282
00372 UTE 372 GEO POSCO II;1026185;ZSSD;GUANTE ANTICORTE GRADO 5 C/CERTIFICADO;;MÚLT. 12U;U003;372;V1;18;30;C28;SEGURIDAD/ROPA/EPP;SEGURIDAD;GUANTES;KG;ZPAN;1000094168;ADJUDICADO;4500136544;;;;12/9/2026;22/8/2026;C01;10158281
00372 UTE 372 GEO POSCO II;1027150;ZSSD;CEPILLO BRONCE CON MANGO 3X19;;;U003;372;RE;6;10;C27;FERRETERIA MR01;FERRETERIA;INSUMOS;KG;ZPAN;1000092737;ADJUDICADO;4500136324;;;;29/8/2026;29/7/2026;C27;10156019
00372 UTE 372 GEO POSCO II;1034629;ZSTO;JUNTA TAPA PRINCIPAL;DBT S.A. //;3036097 // 119717-11331;U003;372;RE;3;4;C29;FILTROS/RESPUESTOS;REPUESTOS;HIMOINSA LTA 8 V LED;KG;ZPAN;1000083454;ADJUDICADO;4500121620;;;;14/8/2026;23/2/2026;C29;10143591
00374 TERMINAL PUNTA COLORADA;1001673;ZSTO;ALAMBRE 1.42MM NEGRO RECOCIDO P ATAR XKG;;MÚLT. 45/50 KG;MR01;374;RE;2100;2100;C08;ACERO;ACEROS;ALAMBRES;KG;ZPAN;1000093424;ADJUDICADO;4500136378;;;;8/9/2026;10/8/2026;C08;10157056
00374 TERMINAL PUNTA COLORADA;1001675;ZSTO;CLAVOS P.PARIS 2 XKG;;MÚLT. 30 KG;MR01;374;RE;120;120;C08;ACERO;ACEROS;CLAVOS;KG;ZPAS;1000093862;EMBALADO PARCIAL;;;20/8/2026;;8/9/2026;18/8/2026;;
00374 TERMINAL PUNTA COLORADA;1001679;ZSTO;FICHA T.STECK MACHO 220V 16A 2P T XUN;;;MR01;374;V1;6;12;C11;ELECTRICIDAD;ELECTRICIDAD;FICHAS;KG;ZPAS;1000093862;EMBALADO;;;20/8/2026;;8/9/2026;18/8/2026;;
00374 TERMINAL PUNTA COLORADA;1001682;ZSTO;MAMEL. 1°CAL. DESC. LAMIN.BLANCO 60GR.XL;;FABRICANTE:DUPONT | MODELO:TYVEK 500;MR01;374;RE;450;450;C28;SEGURIDAD/ROPA/EPP;SEGURIDAD;INDUMENTARIA;KG;ZPAS;1000093862;EMBALADO;;;20/8/2026;;8/9/2026;18/8/2026;;
00374 TERMINAL PUNTA COLORADA;1001683;ZSTO;RESPIRADOR PARA POLVOSTIPON95CAJAX20UN;;;MR01;374;RE;14;14;C28;SEGURIDAD/ROPA/EPP;SEGURIDAD;ACCESORIO SEGURIDAD;KG;ZPAS;1000093862;EMBALADO;;;20/8/2026;;8/9/2026;18/8/2026;;
00374 TERMINAL PUNTA COLORADA;1001684;ZSTO;DELANTALDESCARNE0.60X1.20CONREFUERZO;;;MR01;374;RE;15;15;C28;SEGURIDAD/ROPA/EPP;SEGURIDAD;INDUMENTARIA;KG;ZPAS;1000093786;PICKEADO;;;25/8/2026;;4/9/2026;14/8/2026;;
00374 TERMINAL PUNTA COLORADA;1001686;ZSTO;ANTEOJO GRIS;LIBUS // 3M // MSA // STEELPRO;ECOLINEHC (MÚLT. 10U) // SECUREFIT SF202AF GRIS // MSA PERSPECTA SMOKE // STEELPRO SPY SMOKE;MR01;374;RE;1120;1120;C28;SEGURIDAD/ROPA/EPP;SEGURIDAD;ACCESORIO SEGURIDAD;KG;ZPAS;1000093862;EMBALADO;;;20/8/2026;;8/9/2026;18/8/2026;;
00374 TERMINAL PUNTA COLORADA;1001688;ZSTO;TAPON AUDITIVO FOAM CON CORDON;LIBUS;FOAM;MR01;374;RE;150;150;C28;SEGURIDAD/ROPA/EPP;SEGURIDAD;ACCESORIO SEGURIDAD;KG;ZPAS;1000093862;EMBALADO;;;20/8/2026;;8/9/2026;18/8/2026;;
00374 TERMINAL PUNTA COLORADA;1001695;ZSTO;MANGA DESCARNE;;;MR01;374;RE;19;19;C28;SEGURIDAD/ROPA/EPP;SEGURIDAD;INDUMENTARIA;KG;ZPAS;1000093862;EMBALADO;;;20/8/2026;;8/9/2026;18/8/2026;;
00374 TERMINAL PUNTA COLORADA;1001696;ZSTO;POLAINA DESCARNE;;;MR01;374;RE;17;17;C28;SEGURIDAD/ROPA/EPP;SEGURIDAD;INDUMENTARIA;KG;ZPAS;1000093786;CUMPLIDO PARCIAL;;;18/8/2026;21/8/2026;4/9/2026;14/8/2026;;
00374 TERMINAL PUNTA COLORADA;1001697;ZSTO;GUANTE VAQUETA MEDIO PASEO T.10;;MÚLT. 12U;MR01;374;RE;1800;1800;C28;SEGURIDAD/ROPA/EPP;SEGURIDAD;GUANTE;KG;ZPAS;1000093862;EMBALADO;;;20/8/2026;;8/9/2026;18/8/2026;;
00374 TERMINAL PUNTA COLORADA;1001699;ZSTO;CASCO CARCAZA BLANCO;LIBUS // 3M // MSA // STEELPRO //;MILENIUM // H-700 BLANCO // V-GARD BLANCO // STEELPRO SAFETY BLANCO // DEPASCALE-UCU1111PC;MR01;374;RE;35;35;C28;SEGURIDAD/ROPA/EPP;SEGURIDAD;ACCESORIO SEGURIDAD;KG;ZPAS;1000093862;EMBALADO;;;20/8/2026;;8/9/2026;18/8/2026;;
00374 TERMINAL PUNTA COLORADA;1001700;ZSTO;CASCO CARCAZA AMARILLO;LIBUS // 3M // MSA // STEELPRO //;MILENIUM // H-700 AMARILLO // V-GARD AMARILLO // STEELPRO SAFETY AMARILLO // DEPASCALE-UCU1112PC;MR01;374;RE;80;80;C28;SEGURIDAD/ROPA/EPP;SEGURIDAD;ACCESORIO SEGURIDAD;KG;ZPAS;1000093862;EMBALADO;;;20/8/2026;;8/9/2026;18/8/2026;;
00374 TERMINAL PUNTA COLORADA;1001701;ZSTO;GUANTE NITRILO AZUL PUÑO ELASTIZADO;;;MR01;374;RE;20;20;C28;SEGURIDAD/ROPA/EPP;SEGURIDAD;GUANTE;KG;ZPAS;1000093862;EMBALADO;;;20/8/2026;;8/9/2026;18/8/2026;;
00374 TERMINAL PUNTA COLORADA;1001702;ZSTO;GUANTE SOLDADOR COSTURA KEVLAR;;;MR01;374;RE;21;21;C28;SEGURIDAD/ROPA/EPP;SEGURIDAD;GUANTE;KG;ZPAS;1000093862;PICKEADO;;;25/8/2026;;8/9/2026;18/8/2026;;
00374 TERMINAL PUNTA COLORADA;1001706;ZSTO;GUANTE LATEX USO MEDICINAL CAJA X 100 UN;;;MR01;374;RE;4;4;C28;SEGURIDAD/ROPA/EPP;SEGURIDAD;GUANTE;KG;ZPAS;1000093862;PICKEADO;;;25/8/2026;;8/9/2026;18/8/2026;;
00374 TERMINAL PUNTA COLORADA;1001707;ZSTO;CHALECOGRAFANARANJACONREFLETIVOT.XLC2;;MÚLT. 12U;MR01;374;RE;100;100;C28;SEGURIDAD/ROPA/EPP;SEGURIDAD;INDUMENTARIA;KG;ZPAS;1000093862;EMBALADO;;;20/8/2026;;8/9/2026;18/8/2026;;
00374 TERMINAL PUNTA COLORADA;1001708;ZSTO;GUANTE POLIAMIDA LAMINADO PALMAPU-TALLE9;;MÚLT. 12U;MR01;374;RE;2000;2000;C28;SEGURIDAD/ROPA/EPP;SEGURIDAD;GUANTE;KG;ZPAS;1000093862;EMBALADO;;;20/8/2026;;8/9/2026;18/8/2026;;
00374 TERMINAL PUNTA COLORADA;1001717;ZSTO;PROTECTOR FACIAL BURBUJA INCOLORO;LIBUS // 3M // MSA // STEELPRO //;901386 // VISOR WP96 + SOPORTE // MSA VISOR CLEAR // STEELPRO BURBUJA CLEAR // DEPASCALE-BILVEX 002121;MR01;374;RE;120;120;C28;SEGURIDAD/ROPA/EPP;SEGURIDAD;ACCESORIO SEGURIDAD;KG;ZPAS;1000093862;PICKEADO;;;25/8/2026;;8/9/2026;18/8/2026;;
00374 TERMINAL PUNTA COLORADA;1001718;ZSTO;RODILLERA SOLDADOR;;;MR01;374;RE;85;85;C28;SEGURIDAD/ROPA/EPP;SEGURIDAD;ACCESORIO SEGURIDAD;KG;ZPAS;1000093862;EMBALADO;;;20/8/2026;;8/9/2026;18/8/2026;;
00374 TERMINAL PUNTA COLORADA;1001726;ZSTO;SUSPENSION CREMALLERA;LIBUS // 3M // MSA // STEELPRO //;MILENIUM // SUSPENSIÓN RATCHET H-700 // FAS-TRAC III // RATCHET STEELPRO // DEPASCALE-UCU2120PC ARNES FAS TRACK III;MR01;374;RE;200;200;C28;SEGURIDAD/ROPA/EPP;SEGURIDAD;ACCESORIO SEGURIDAD;KG;ZPAS;1000093862;EMBALADO;;;20/8/2026;;8/9/2026;18/8/2026;;
00374 TERMINAL PUNTA COLORADA;1001727;ZSTO;PROTECTOR AUDITIVO COPA P/CASCO;LIBUS // 3M // MSA // STEELPRO //;L300 // PELTOR X4P3E // LEFT/RIGHT CAP MOUNTED // CM-502 CASCO // DEPASCALE-NRR23 VERISHIELD VS110DH;MR01;374;RE;100;100;C28;SEGURIDAD/ROPA/EPP;SEGURIDAD;ACCESORIO SEGURIDAD;KG;ZPAS;1000093862;EMBALADO;;;20/8/2026;;8/9/2026;18/8/2026;;
00374 TERMINAL PUNTA COLORADA;1001728;ZSTO;ADAPTADOR PROTECTOR FACIAL AUDITIVO;LIBUS // 3M // MSA // STEELPRO;902493 // ADAPTADOR VISOR PELTOR // ADAPTADOR VISOR PELTOR // UNIVERSAL STEELPRO;MR01;374;RE;70;70;C28;SEGURIDAD/ROPA/EPP;SEGURIDAD;ACCESORIO SEGURIDAD;KG;ZPAS;1000093862;SIN TRATAMIENTO;;;;;8/9/2026;18/8/2026;;
00374 TERMINAL PUNTA COLORADA;1001737;ZSTO;CRIQUETTENSORCONFAJA9METROSX10CMSGPLANO;;;MR01;374;RE;8;8;C27;FERRETERIA MR01;SEGURIDAD;LOGISTICA;KG;ZPAS;1000093862;PICKEADO;;;25/8/2026;;8/9/2026;18/8/2026;;
00374 TERMINAL PUNTA COLORADA;1001745;ZSTO;BOTA GOMA P.ACERO N 41;;;MR01;374;RE;20;20;C28;SEGURIDAD/ROPA/EPP;SEGURIDAD;CALZADO;KG;ZPAS;1000093862;EMBALADO;;;20/8/2026;;8/9/2026;18/8/2026;;
00374 TERMINAL PUNTA COLORADA;1001746;ZSTO;BOTA GOMA P.ACERO N 42;;;MR01;374;RE;20;20;C28;SEGURIDAD/ROPA/EPP;SEGURIDAD;CALZADO;KG;ZPAS;1000093862;EMBALADO;;;20/8/2026;;8/9/2026;18/8/2026;;
00374 TERMINAL PUNTA COLORADA;1001747;ZSTO;BOTA GOMA P.ACERO N 43;;;MR01;374;RE;18;18;C28;SEGURIDAD/ROPA/EPP;SEGURIDAD;CALZADO;KG;ZPAS;1000093862;EMBALADO;;;20/8/2026;;8/9/2026;18/8/2026;;
00374 TERMINAL PUNTA COLORADA;1001772;ZSTO;BANDERIN ROJO Y BLANCO 500MM X 700MM XUN;;;MR01;374;V1;2;4;C28;SEGURIDAD/ROPA/EPP;SEGURIDAD;SEÑALIZACION;KG;ZPAS;1000093976;PICKEADO;;;21/8/2026;;8/9/2026;19/8/2026;;
00374 TERMINAL PUNTA COLORADA;1001774;ZSTO;ESLINGA SINTETICA 4MTS 4TN CERTIFICADA;;;MR01;374;RE;7;7;C27;FERRETERIA MR01;SEGURIDAD;LOGISTICA;KG;ZPAS;1000093862;EMBALADO PARCIAL;;;20/8/2026;;8/9/2026;18/8/2026;;
00374 TERMINAL PUNTA COLORADA;1001798;ZSTO;ACEITE HIDRAULICO X 20 LTS;TOTAL;AZOLLA32;MR01;374;V1;1;2;L01;ACEITES;LUBRICANTES;ACEITES;KG;ZPAS;1000094329;SIN TRATAMIENTO;;;;;14/9/2026;25/8/2026;;
00374 TERMINAL PUNTA COLORADA;1001815;ZSTO;AGUA DESMINERALIZADA X 20L;;;MR01;374;V1;15;30;L02;FLUIDOS;LUBRICANTES;ADITIVOS;KG;ZPAS;1000094329;SIN TRATAMIENTO;;;;;14/9/2026;25/8/2026;;
00374 TERMINAL PUNTA COLORADA;1001865;ZSTO;MARCADORINDUSTRIAL-VERDEXUN;UNIPAINT;MÚLT. 10U;MR01;374;RE;60;60;C17;INSUMOS A;LIBRERIA;ESCRITURA;KG;ZPAS;1000093862;EMBALADO;;;20/8/2026;;8/9/2026;18/8/2026;;
00374 TERMINAL PUNTA COLORADA;1001866;ZSTO;MARCADOR INDUSTRIAL-NEGROXUN;UNIPAINT;MÚLT. 10U;MR01;374;RE;300;300;C17;INSUMOS A;LIBRERIA;ESCRITURA;KG;ZPAS;1000093862;EMBALADO;;;20/8/2026;;8/9/2026;18/8/2026;;
00374 TERMINAL PUNTA COLORADA;1001867;ZSTO;MARCADOR INDUSTRIAL-BLANCOXUN;UNIPAINT;MÚLT. 10U;MR01;374;RE;240;240;C17;INSUMOS A;LIBRERIA;ESCRITURA;KG;ZPAS;1000093862;EMBALADO;;;20/8/2026;;8/9/2026;18/8/2026;;
00374 TERMINAL PUNTA COLORADA;1001868;ZSTO;FILMSTRECHMANUALXBOBINAx2,70KG;;MEDIDAS 0,50X200METROSX2;MR01;374;RE;10;10;C17;INSUMOS A;LIBRERIA;CINTAS ADHESIVAS;KG;ZPAS;1000093862;EMBALADO;;;20/8/2026;;8/9/2026;18/8/2026;;
00374 TERMINAL PUNTA COLORADA;1001869;ZSTO;MARCADORINDUSTRIAL-AMARILLOXUN;UNIPAINT;MÚLT. 10U;MR01;374;RE;220;220;C17;INSUMOS A;LIBRERIA;ESCRITURA;KG;ZPAS;1000093862;EMBALADO;;;20/8/2026;;8/9/2026;18/8/2026;;
00374 TERMINAL PUNTA COLORADA;1001871;ZSTO;RESMA DE HOJA A4 70GR. X UN;;;MR01;374;RE;76;76;C17;INSUMOS A;LIBRERIA;PAPEL;KG;ZPAS;1000093862;EMBALADO;;;20/8/2026;;8/9/2026;18/8/2026;;
00374 TERMINAL PUNTA COLORADA;1001876;ZSTO;CINTA EMBALAR TRANSPARENTE 48MM X 100 MT;SCOTCH;;MR01;374;RE;74;74;C17;INSUMOS A;LIBRERIA;CINTAS ADHESIVAS;KG;ZPAS;1000094303;SIN TRATAMIENTO;;;;;14/9/2026;25/8/2026;;
00374 TERMINAL PUNTA COLORADA;1001877;ZSTO;CINTA EMBALAR MARRON 48MM X 100 MT;;;MR01;374;RE;35;35;C17;INSUMOS A;LIBRERIA;CINTAS ADHESIVAS;KG;ZPAS;1000093668;CUMPLIDO PARCIAL;;;14/8/2026;21/8/2026;3/9/2026;13/8/2026;;
00374 TERMINAL PUNTA COLORADA;1001878;ZSTO;CINTA DE ENMASCARAR 48MM X ROLLO;SCOTCH;;MR01;374;RE;140;140;C17;INSUMOS A;LIBRERIA;CINTAS ADHESIVAS;KG;ZPAS;1000093862;EMBALADO;;;20/8/2026;;8/9/2026;18/8/2026;;
00374 TERMINAL PUNTA COLORADA;1001880;ZSTO;MARCADOR INDUSTRIAL - AZUL UNIPAINT X UN;UNIPAINT;MÚLT. 10U;MR01;374;RE;200;200;C17;INSUMOS A;LIBRERIA;ESCRITURA;KG;ZPAS;1000093668;CUMPLIDO PARCIAL;;;14/8/2026;;3/9/2026;13/8/2026;;
00374 TERMINAL PUNTA COLORADA;1001881;ZSTO;MARCADOR INDUSTRIAL - ROJO UNIPAINT X UN;UNIPAINT;MÚLT. 10U;MR01;374;RE;240;240;C17;INSUMOS A;LIBRERIA;ESCRITURA;KG;ZPAS;1000093862;EMBALADO;;;20/8/2026;;8/9/2026;18/8/2026;;
00374 TERMINAL PUNTA COLORADA;1001885;ZSTO;BOLSAS RESIDUOS XUN 102X130 VERDE;;;MR01;374;RE;750;750;C17;INSUMOS A;LIMPIEZA;LIMPIEZA /SEGURIDAD;KG;ZPAS;1000093862;EMBALADO;;;20/8/2026;;8/9/2026;18/8/2026;;
00374 TERMINAL PUNTA COLORADA;1001887;ZSTO;BOLSAS RESIDUOS XUN 102X130 AMARILLA;;;MR01;374;RE;1120;1120;C17;INSUMOS A;LIMPIEZA;LIMPIEZA /SEGURIDAD;KG;ZPAS;1000093862;EMBALADO;;;20/8/2026;;8/9/2026;18/8/2026;;
00374 TERMINAL PUNTA COLORADA;1001888;ZSTO;BOLSAS RESIDUOS XUN 102X130 NEGRA;;;MR01;374;RE;400;400;C17;INSUMOS A;LIMPIEZA;LIMPIEZA /SEGURIDAD;KG;ZPAS;1000093862;EMBALADO;;;20/8/2026;;8/9/2026;18/8/2026;;
00374 TERMINAL PUNTA COLORADA;1001891;ZSTO;PANOABSORVENTE PARAHIDROCARBUROXPAQ100;;;MR01;374;RE;9;9;C17;INSUMOS A;LIMPIEZA;MANTENIMIENTO TALLER;KG;ZPAS;1000093862;EMBALADO;;;20/8/2026;;8/9/2026;18/8/2026;;
00374 TERMINAL PUNTA COLORADA;1001893;ZSTO;BOLSARESIDUPLASTICA60X90NEGRAXROLLOX10UN;;;MR01;374;RE;90;90;C17;INSUMOS A;LIMPIEZA;BOLSAS;KG;ZPAS;1000093786;PICKEADO;;;21/8/2026;;4/9/2026;14/8/2026;;
00374 TERMINAL PUNTA COLORADA;1001894;ZSTO;ALCOHOL EN GEL X LITRO;;;MR01;374;RE;20;20;C17;INSUMOS A;LIMPIEZA;ALCOHOL EN GEL;KG;ZPAS;1000093862;EMBALADO;;;20/8/2026;;8/9/2026;18/8/2026;;
00374 TERMINAL PUNTA COLORADA;1001895;ZSTO;ALCOHOL LIQUIDO X LITRO;;;MR01;374;RE;30;30;C17;INSUMOS A;LIMPIEZA;ALCOHOL LIQUIDO;KG;ZPAS;1000093862;EMBALADO;;;20/8/2026;;8/9/2026;18/8/2026;;
00374 TERMINAL PUNTA COLORADA;1001896;ZSTO;PULVERIZADOR P ALCOHOL LIQUIDO 500 ML;;;MR01;374;RE;13;13;C17;INSUMOS A;LIMPIEZA;DIFUSOR;KG;ZPAS;1000093862;EMBALADO;;;20/8/2026;;8/9/2026;18/8/2026;;
00374 TERMINAL PUNTA COLORADA;1001907;ZSTO;PAPEL HIGIENICO SIMPLE X 50MT X 4UN;ELEGANTE // ELITE;ELITE - 6607 // 6607;MR01;374;V1;36;90;C17;INSUMOS A;LIMPIEZA;INSUMOS;KG;ZPAS;1000093462;CUMPLIDO PARCIAL;;;12/8/2026;;1/9/2026;11/8/2026;;
00374 TERMINAL PUNTA COLORADA;1001911;ZSTO;CABO MADERA P/ESCOBILLON;;;MR01;374;V1;10;15;C17;INSUMOS A;LIMPIEZA;INSUMOS;KG;ZPAS;1000094329;SIN TRATAMIENTO;;;;;14/9/2026;25/8/2026;;
00374 TERMINAL PUNTA COLORADA;1001915;ZSTO;REJILLA DE COCINA;;;MR01;374;V1;60;80;C17;INSUMOS A;LIMPIEZA;INSUMOS;KG;ZPAS;1000094249;PICKEADO;;;25/8/2026;;11/9/2026;24/8/2026;;
00374 TERMINAL PUNTA COLORADA;1001916;ZSTO;FRANELA;;;MR01;374;V1;60;80;C17;INSUMOS A;LIMPIEZA;INSUMOS;KG;ZPAS;1000094249;PICKEADO;;;25/8/2026;;11/9/2026;24/8/2026;;
00374 TERMINAL PUNTA COLORADA;1001918;ZSTO;ESCOBA PLASTICO S/CABO;;;MR01;374;V1;10;15;C17;INSUMOS A;LIMPIEZA;INSUMOS;KG;ZPAS;1000094037;PICKEADO;;;21/8/2026;;9/9/2026;20/8/2026;;
00374 TERMINAL PUNTA COLORADA;1001923;ZSTO;AGROPOL 100 MIC 4X50MTS;;;MR01;374;RE;20;20;C27;FERRETERIA MR01;FERRETERIA;INSUMOS;KG;ZPAS;1000092673;CUMPLIDO PARCIAL;;;29/7/2026;31/7/2026;18/8/2026;28/7/2026;;
00374 TERMINAL PUNTA COLORADA;1001927;ZSTO;DISCO CORTE 178X1.6X22 SECUR EXTRA  x UN;TYROLIT;178X16X222;MR01;374;RE;500;500;C27;FERRETERIA MR01;FERRETERIA;ABRASIVOS/DISCOS;KG;ZPAS;1000093862;EMBALADO;;;20/8/2026;;8/9/2026;18/8/2026;;
00374 TERMINAL PUNTA COLORADA;1001943;ZSTO;ADHESIVO CIANO 20 G XUN;CIANO;;MR01;374;RE;13;13;C27;FERRETERIA MR01;FERRETERIA;ADHESIVOS;KG;ZPAS;1000093862;EMBALADO;;;20/8/2026;;8/9/2026;18/8/2026;;
00374 TERMINAL PUNTA COLORADA;1001949;ZSTO;CANDADO 30MM XUN;;;MR01;374;RE;16;16;C27;FERRETERIA MR01;FERRETERIA;ACCESORIOS;KG;ZPAS;1000093862;EMBALADO;;;20/8/2026;;8/9/2026;18/8/2026;;
00374 TERMINAL PUNTA COLORADA;1001950;ZSTO;CANDADO 38-40MM XUN;;;MR01;374;RE;20;20;C27;FERRETERIA MR01;FERRETERIA;ACCESORIOS;KG;ZPAS;1000093862;EMBALADO;;;20/8/2026;;8/9/2026;18/8/2026;;
00374 TERMINAL PUNTA COLORADA;1001951;ZSTO;CANDADO 50MM XUN;;;MR01;374;RE;20;20;C27;FERRETERIA MR01;FERRETERIA;ACCESORIOS;KG;ZPAS;1000093862;EMBALADO;;;20/8/2026;;8/9/2026;18/8/2026;;
00374 TERMINAL PUNTA COLORADA;1001952;ZSTO;TRAPO LIMPIO (BOLSAX10KG) XUN;;MÚLT. 10 KG;MR01;374;RE;15;15;C27;FERRETERIA MR01;FERRETERIA;ACCESORIOS;KG;ZPAS;1000093862;EMBALADO;;;20/8/2026;;8/9/2026;18/8/2026;;
00374 TERMINAL PUNTA COLORADA;1001960;ZSTO;CINTA AISLADORA AMARILLO X10MT;;;MR01;374;RE;50;50;C27;FERRETERIA MR01;FERRETERIA;INSUMOS;KG;ZPAS;1000093862;EMBALADO;;;20/8/2026;;8/9/2026;18/8/2026;;
00374 TERMINAL PUNTA COLORADA;1001961;ZSTO;CINTA AISLADORA NEGRA X10MT;;;MR01;374;RE;51;51;C27;FERRETERIA MR01;FERRETERIA;INSUMOS;KG;ZPAS;1000093862;EMBALADO;;;20/8/2026;;8/9/2026;18/8/2026;;
00374 TERMINAL PUNTA COLORADA;1001963;ZSTO;CINTA AISLADORA VERDE X10MT;;;MR01;374;RE;50;50;C27;FERRETERIA MR01;FERRETERIA;INSUMOS;KG;ZPAS;1000093862;EMBALADO;;;20/8/2026;;8/9/2026;18/8/2026;;
00374 TERMINAL PUNTA COLORADA;1001969;ZSTO;ESMALTE SINT. AEROSOL BLANCO X440CC;;KUWAIT-SINTEPLAST;MR01;374;RE;65;65;C22;INSUMOS C;PINTURAS;PINTURA AEROSOL;KG;ZPAS;1000093862;EMBALADO;;;20/8/2026;;8/9/2026;18/8/2026;;
00374 TERMINAL PUNTA COLORADA;1001970;ZSTO;ESMALTE SINT. AEROSOL NEGRO X440CC;;KUWAIT-SINTEPLAST;MR01;374;RE;45;45;C22;INSUMOS C;PINTURAS;PINTURA AEROSOL;KG;ZPAS;1000093862;EMBALADO;;;20/8/2026;;8/9/2026;18/8/2026;;
00374 TERMINAL PUNTA COLORADA;1001971;ZSTO;ESMALTE SINT. AEROSOL ROJO X 440CC;;KUWAIT-SINTEPLAST;MR01;374;RE;24;24;C22;INSUMOS C;PINTURAS;PINTURA AEROSOL;KG;ZPAS;1000093862;EMBALADO;;;20/8/2026;;8/9/2026;18/8/2026;;
00374 TERMINAL PUNTA COLORADA;1001972;ZSTO;ESMALTE SINT. AEROSOL VERDE X440CC;;KUWAIT-SINTEPLAST;MR01;374;RE;24;24;C22;INSUMOS C;PINTURAS;PINTURA AEROSOL;KG;ZPAS;1000093862;EMBALADO;;;20/8/2026;;8/9/2026;18/8/2026;;
00374 TERMINAL PUNTA COLORADA;1001984;ZSTO;CARETA PARA SOLDADOR X UN;;;MR01;374;RE;5;5;C27;FERRETERIA MR01;SOLDADURA;ACCESORIOS;KG;ZPAS;1000093862;EMBALADO;;;20/8/2026;;8/9/2026;18/8/2026;;
00374 TERMINAL PUNTA COLORADA;1001988;ZSTO;ELECTRODO AWS6013 X 3,25MM X KG;CONARCO;AWS6013;MR01;374;RE;60;60;C27;FERRETERIA MR01;SOLDADURA;ELECTRODOS;KG;ZPAS;1000093862;EMBALADO;;;20/8/2026;;8/9/2026;18/8/2026;;
00374 TERMINAL PUNTA COLORADA;1002000;ZSTO;CAMISA JEAN T.38 C LOGO;;;MR01;374;RE;25;25;C28;SEGURIDAD/ROPA/EPP;ROPA;INDUMENTARIA;KG;ZPAS;1000093862;EMBALADO;;;20/8/2026;;8/9/2026;18/8/2026;;
00374 TERMINAL PUNTA COLORADA;1002001;ZSTO;CAMISA JEAN T.40 C LOGO;;;MR01;374;RE;30;30;C28;SEGURIDAD/ROPA/EPP;ROPA;INDUMENTARIA;KG;ZPAS;1000093862;EMBALADO;;;20/8/2026;;8/9/2026;18/8/2026;;
00374 TERMINAL PUNTA COLORADA;1002002;ZSTO;CAMISA JEAN T.42 C LOGO;;;MR01;374;RE;43;43;C28;SEGURIDAD/ROPA/EPP;ROPA;INDUMENTARIA;KG;ZPAS;1000093862;EMBALADO;;;20/8/2026;;8/9/2026;18/8/2026;;
00374 TERMINAL PUNTA COLORADA;1002003;ZSTO;CAMISA JEAN T.44 C LOGO;;;MR01;374;RE;35;35;C28;SEGURIDAD/ROPA/EPP;ROPA;INDUMENTARIA;KG;ZPAS;1000093862;EMBALADO;;;20/8/2026;;8/9/2026;18/8/2026;;
00374 TERMINAL PUNTA COLORADA;1002004;ZSTO;CAMISA JEAN T.46 C LOGO;;;MR01;374;RE;44;44;C28;SEGURIDAD/ROPA/EPP;ROPA;INDUMENTARIA;KG;ZPAS;1000093862;EMBALADO;;;20/8/2026;;8/9/2026;18/8/2026;;
00374 TERMINAL PUNTA COLORADA;1002006;ZSTO;CAMISA JEAN T.50 C LOGO;;;MR01;374;RE;15;15;C28;SEGURIDAD/ROPA/EPP;ROPA;INDUMENTARIA;KG;ZPAS;1000093862;EMBALADO;;;20/8/2026;;8/9/2026;18/8/2026;;
00374 TERMINAL PUNTA COLORADA;1002007;ZSTO;CAMISA JEAN T.52 C LOGO;;;MR01;374;RE;14;14;C28;SEGURIDAD/ROPA/EPP;ROPA;INDUMENTARIA;KG;ZPAS;1000093862;EMBALADO;;;20/8/2026;;8/9/2026;18/8/2026;;
00374 TERMINAL PUNTA COLORADA;1002008;ZSTO;CAMISA JEAN T.54 C LOGO;;;MR01;374;RE;8;8;C28;SEGURIDAD/ROPA/EPP;ROPA;INDUMENTARIA;KG;ZPAS;1000093862;EMBALADO;;;20/8/2026;;8/9/2026;18/8/2026;;
00374 TERMINAL PUNTA COLORADA;1002011;ZSTO;PANTALON JEAN T.38;;;MR01;374;RE;10;10;C28;SEGURIDAD/ROPA/EPP;ROPA;INDUMENTARIA;KG;ZPAS;1000093862;EMBALADO;;;20/8/2026;;8/9/2026;18/8/2026;;
00374 TERMINAL PUNTA COLORADA;1002012;ZSTO;PANTALON JEAN T.40;;;MR01;374;RE;30;30;C28;SEGURIDAD/ROPA/EPP;ROPA;INDUMENTARIA;KG;ZPAS;1000093862;EMBALADO;;;20/8/2026;;8/9/2026;18/8/2026;;
00374 TERMINAL PUNTA COLORADA;1002013;ZSTO;PANTALON JEAN T.42;;;MR01;374;RE;30;30;C28;SEGURIDAD/ROPA/EPP;ROPA;INDUMENTARIA;KG;ZPAS;1000093862;EMBALADO;;;20/8/2026;;8/9/2026;18/8/2026;;
00374 TERMINAL PUNTA COLORADA;1002014;ZSTO;PANTALON JEAN T.44;;;MR01;374;RE;40;40;C28;SEGURIDAD/ROPA/EPP;ROPA;INDUMENTARIA;KG;ZPAS;1000093862;EMBALADO;;;20/8/2026;;8/9/2026;18/8/2026;;
00374 TERMINAL PUNTA COLORADA;1002015;ZSTO;PANTALON JEAN T.46;;;MR01;374;RE;30;30;C28;SEGURIDAD/ROPA/EPP;ROPA;INDUMENTARIA;KG;ZPAS;1000093862;EMBALADO;;;20/8/2026;;8/9/2026;18/8/2026;;
00374 TERMINAL PUNTA COLORADA;1002016;ZSTO;PANTALON JEAN T.48;;;MR01;374;RE;32;32;C28;SEGURIDAD/ROPA/EPP;ROPA;INDUMENTARIA;KG;ZPAS;1000093862;EMBALADO;;;20/8/2026;;8/9/2026;18/8/2026;;
00374 TERMINAL PUNTA COLORADA;1002017;ZSTO;PANTALON JEAN T.50;;;MR01;374;RE;20;20;C28;SEGURIDAD/ROPA/EPP;ROPA;INDUMENTARIA;KG;ZPAS;1000093862;EMBALADO;;;20/8/2026;;8/9/2026;18/8/2026;;
00374 TERMINAL PUNTA COLORADA;1002018;ZSTO;PANTALON JEAN T.52;;;MR01;374;RE;20;20;C28;SEGURIDAD/ROPA/EPP;ROPA;INDUMENTARIA;KG;ZPAS;1000093862;EMBALADO;;;20/8/2026;;8/9/2026;18/8/2026;;
00374 TERMINAL PUNTA COLORADA;1002019;ZSTO;PANTALON JEAN T.54;;;MR01;374;RE;15;15;C28;SEGURIDAD/ROPA/EPP;ROPA;INDUMENTARIA;KG;ZPAS;1000093862;EMBALADO;;;20/8/2026;;8/9/2026;18/8/2026;;
00374 TERMINAL PUNTA COLORADA;1002020;ZSTO;PANTALON JEAN T.56;;;MR01;374;RE;10;10;C28;SEGURIDAD/ROPA/EPP;ROPA;INDUMENTARIA;KG;ZPAS;1000093862;EMBALADO;;;20/8/2026;;8/9/2026;18/8/2026;;
00374 TERMINAL PUNTA COLORADA;1002021;ZSTO;PANTALON JEAN T.58;;;MR01;374;RE;8;8;C28;SEGURIDAD/ROPA/EPP;ROPA;INDUMENTARIA;KG;ZPAS;1000093862;EMBALADO;;;20/8/2026;;8/9/2026;18/8/2026;;
00374 TERMINAL PUNTA COLORADA;1002045;ZSTO;CAMISETA PRIMERA PIEL T.L;;;MR01;374;RE;41;41;C28;SEGURIDAD/ROPA/EPP;SEGURIDAD;INDUMENTARIA;KG;ZPAS;1000093862;EMBALADO;;;20/8/2026;;8/9/2026;18/8/2026;;
00374 TERMINAL PUNTA COLORADA;1002049;ZSTO;CAMPERA 2 PIEL T. S;;;MR01;374;RE;22;22;C28;SEGURIDAD/ROPA/EPP;SEGURIDAD;INDUMENTARIA;KG;ZPAS;1000093862;EMBALADO;;;20/8/2026;;8/9/2026;18/8/2026;;
00374 TERMINAL PUNTA COLORADA;1002050;ZSTO;CAMPERA 2 PIEL T. M;;;MR01;374;RE;27;27;C28;SEGURIDAD/ROPA/EPP;SEGURIDAD;INDUMENTARIA;KG;ZPAS;1000093862;EMBALADO;;;20/8/2026;;8/9/2026;18/8/2026;;
00374 TERMINAL PUNTA COLORADA;1002052;ZSTO;CAMPERA 2 PIEL T. XL;;;MR01;374;RE;35;35;C28;SEGURIDAD/ROPA/EPP;SEGURIDAD;INDUMENTARIA;KG;ZPAS;1000093862;EMBALADO;;;20/8/2026;;8/9/2026;18/8/2026;;
00374 TERMINAL PUNTA COLORADA;1002053;ZSTO;CAMPERA 2 PIEL T. XXL;;;MR01;374;RE;50;50;C28;SEGURIDAD/ROPA/EPP;SEGURIDAD;INDUMENTARIA;KG;ZPAS;1000093862;EMBALADO PARCIAL;;;20/8/2026;;8/9/2026;18/8/2026;;
00374 TERMINAL PUNTA COLORADA;1002056;ZSTO;CAMPERA ABRIGO T. S ROJA CON LOGO;No aplica;CON REFLECTIVO T. S;MR01;374;RE;26;26;C28;SEGURIDAD/ROPA/EPP;ROPA;INDUMENTARIA;KG;ZPAS;1000093862;EMBALADO;;;20/8/2026;;8/9/2026;18/8/2026;;
00374 TERMINAL PUNTA COLORADA;1002057;ZSTO;CAMPERA ABRIGO T. M ROJA CON LOGO;No aplica;CON REFLECTIVO T. M;MR01;374;RE;31;31;C28;SEGURIDAD/ROPA/EPP;ROPA;INDUMENTARIA;KG;ZPAS;1000093862;EMBALADO;;;20/8/2026;;8/9/2026;18/8/2026;;
00374 TERMINAL PUNTA COLORADA;1002058;ZSTO;CAMPERA ABRIGO T. L ROJA CON LOGO;No aplica;CON REFLECTIVO T. L;MR01;374;RE;50;50;C28;SEGURIDAD/ROPA/EPP;ROPA;INDUMENTARIA;KG;ZPAS;1000093862;EMBALADO PARCIAL;;;20/8/2026;;8/9/2026;18/8/2026;;
00374 TERMINAL PUNTA COLORADA;1002059;ZSTO;CAMPERA ABRIGO T. XL ROJA CON LOGO;No aplica;CON REFLECTIVO T. XL;MR01;374;RE;45;45;C28;SEGURIDAD/ROPA/EPP;ROPA;INDUMENTARIA;KG;ZPAS;1000093668;CUMPLIDO PARCIAL;;;14/8/2026;;3/9/2026;13/8/2026;;
00374 TERMINAL PUNTA COLORADA;1002060;ZSTO;CAMPERA ABRIGO T. XXL ROJA CON LOGO;No aplica;CON REFLECTIVO T. XXL;MR01;374;RE;35;35;C28;SEGURIDAD/ROPA/EPP;ROPA;INDUMENTARIA;KG;ZPAS;1000093862;EMBALADO;;;20/8/2026;;8/9/2026;18/8/2026;;
00374 TERMINAL PUNTA COLORADA;1002061;ZSTO;CAMPERA ABRIGO T. XXXL ROJA CON LOGO;No aplica;CON REFLECTIVO T. XXXL;MR01;374;RE;25;25;C28;SEGURIDAD/ROPA/EPP;ROPA;INDUMENTARIA;KG;ZPAS;1000093862;EMBALADO;;;20/8/2026;;8/9/2026;18/8/2026;;
00374 TERMINAL PUNTA COLORADA;1002066;ZSTO;PANTALON PRIMERA PIEL T.L;;;MR01;374;RE;45;45;C28;SEGURIDAD/ROPA/EPP;SEGURIDAD;INDUMENTARIA;KG;ZPAS;1000093862;EMBALADO;;;20/8/2026;;8/9/2026;18/8/2026;;
00374 TERMINAL PUNTA COLORADA;1002067;ZSTO;PANTALON PRIMERA PIEL T.XL;;;MR01;374;RE;45;45;C28;SEGURIDAD/ROPA/EPP;SEGURIDAD;INDUMENTARIA;KG;ZPAS;1000088592;CUMPLIDO PARCIAL;;;21/5/2026;21/5/2026;8/6/2026;18/5/2026;;
00374 TERMINAL PUNTA COLORADA;1002068;ZSTO;PANTALON PRIMERA PIEL T.XXL;;;MR01;374;RE;30;30;C28;SEGURIDAD/ROPA/EPP;SEGURIDAD;INDUMENTARIA;KG;ZPAS;1000093862;EMBALADO;;;20/8/2026;;8/9/2026;18/8/2026;;
00374 TERMINAL PUNTA COLORADA;1002070;ZSTO;CAMPERA DESCARNE T.XXL;;;MR01;374;RE;6;6;C28;SEGURIDAD/ROPA/EPP;SEGURIDAD;INDUMENTARIA;KG;ZPAS;1000093862;EMBALADO;;;20/8/2026;;8/9/2026;18/8/2026;;
00374 TERMINAL PUNTA COLORADA;1002071;ZSTO;CAMPERA DESCARNE T.XXXL;;;MR01;374;RE;12;12;C28;SEGURIDAD/ROPA/EPP;SEGURIDAD;INDUMENTARIA;KG;ZPAS;1000093862;EMBALADO;;;20/8/2026;;8/9/2026;18/8/2026;;
00374 TERMINAL PUNTA COLORADA;1002240;ZSTO;TRABA RIPPER XUN;CATERPILLA;1140358;MR01;374;V1;4;8;G05;AJUSTE;DESGASTE;D6T;KG;ZPAS;1000093889;EMBALADO;;;20/8/2026;;7/9/2026;18/8/2026;;
00374 TERMINAL PUNTA COLORADA;1002338;ZSTO;RIPPER UNA X UN;CATERPILLA;6Y0359;MR01;374;V1;6;12;G03;RIPPER;DESGASTE;D6T;KG;ZPAS;1000093889;EMBALADO;;;20/8/2026;;7/9/2026;18/8/2026;;
00374 TERMINAL PUNTA COLORADA;1002591;ZSTO;FILTRO DE COMBUSTIBLE PRINCIPAL XU;KOMATSU HO // KOMATSU HO // // //;6754716130 // 6754796140 // FF5614 // P550881 // WK950/21 // 6754716140;MR01;374;V1;4;7;F06;FILTRO COMBUSTIBLE;FILTROS;PC350LC8;KG;ZPAS;1000093976;PICKEADO;;;21/8/2026;;8/9/2026;19/8/2026;;
00374 TERMINAL PUNTA COLORADA;1002592;ZSTO;FILTRO ACEITE MOTOR XUN;KOMATSU HO // KOMATSU HO // DONALDSON;6736515142 // DBL7349 // P550909;MR01;374;V1;5;8;F03;FILTRO ACEITE;FILTROS;FILTROS;KG;ZPAS;1000093889;EMBALADO;;;20/8/2026;;7/9/2026;18/8/2026;;
00374 TERMINAL PUNTA COLORADA;1002624;ZSTO;FILTRO GASOIL;ATLAS COPC // No aplica // No aplica // FLEETGUARD // DONALDSON;2657828816 // 219659 // 9414101756 // FS19732 // P550848;MR01;374;V1;2;3;F06;FILTRO COMBUSTIBLE;FILTROS;GROVE RT540E;KG;ZPAS;1000093976;PICKEADO;;;21/8/2026;;8/9/2026;19/8/2026;;
00374 TERMINAL PUNTA COLORADA;1002629;ZSTO;FILTRO ACEITE GROVE 540E;MANITOWOK // No aplica // FLEETGUARD // DONALDSON;9414101679 // 3937736 // LF3970 // P550428;MR01;374;V1;1;2;F03;FILTRO ACEITE;FILTROS;GROVE RT540E;KG;ZPAS;1000093976;PICKEADO;;;21/8/2026;;8/9/2026;19/8/2026;;
00374 TERMINAL PUNTA COLORADA;1002639;ZSTO;FILTRO DEPOSITO DIRECCION HIDRAULICA;CNH INDUST // DONALDSON // No aplica // No aplica;1902137 // P550309 // T1100145397 // V600;MR01;374;V1;2;3;F07;FILTRO FLUIDO HIDR;FILTROS;VOLVO 330 // VW26310/IVECO/26280-19360;KG;ZPAS;1000094120;PICKEADO;;;25/8/2026;;10/9/2026;21/8/2026;;
00374 TERMINAL PUNTA COLORADA;1002877;ZSTO;FILTRO EL. HIDR. PILOTO;KOMATSU HO;20Y6251691;MR01;374;V1;2;3;F07;FILTRO FLUIDO HIDR;FILTROS;KMS 155AX6;KG;ZPAS;1000093889;EMBALADO;;;20/8/2026;;7/9/2026;18/8/2026;;
00374 TERMINAL PUNTA COLORADA;1002994;ZSTO;PERKINS FILTRO ACEITE;HAULOTTE G // PERKINS // DONALDSON;2427003080 // 2654407 // P554407;MR01;374;V1;2;5;F03;FILTRO ACEITE;FILTROS;HAULOTTE HTL 4014/4017/4010;KG;ZPAS;1000094120;PICKEADO;;;25/8/2026;;10/9/2026;21/8/2026;;
00374 TERMINAL PUNTA COLORADA;1003001;ZSTO;FILTRO DE AIRE PRIMARIO;FLEETGUARD // DONALDSON // FLEETGUARD;2324005070 // P828889 // AF25557;MR01;374;V1;2;5;F04;FILTRO AIRE;FILTROS;HAULOTTE HTL 4014/4017/4010;KG;ZPAS;1000094120;PICKEADO;;;25/8/2026;;10/9/2026;21/8/2026;;
00374 TERMINAL PUNTA COLORADA;1003039;ZSTO;FILTRO SECADOR DE AIRE;SCANIA ARG // SCANIA ARG // SCANIA ARG // SCANIA ARG;2307617 // 2081360 // 2484686 // 2562323;MR01;374;V1;2;2;F11;FILTRO SECADOR DE;FILTROS;CAMION TRACTOR SCANIA G410;KG;ZPAS;1000094120;PICKEADO;;;25/8/2026;;10/9/2026;21/8/2026;;
00374 TERMINAL PUNTA COLORADA;1003090;ZSTO;FILTRO DE AIRE SECUNDARIO;FLEETGUARD // DONALDSON;AF25904 // P500970;MR01;374;V1;5;8;F04;FILTRO AIRE;FILTROS;SULLAIR C22D5;KG;ZPAS;1000094120;PICKEADO;;;25/8/2026;;10/9/2026;21/8/2026;;
00374 TERMINAL PUNTA COLORADA;1003091;ZSTO;FILTRO ACEITE MOTOR;FLEETGUARD // DONALDSON;LF16087 // P554408;MR01;374;V1;5;8;F03;FILTRO ACEITE;FILTROS;SULLAIR C22D5;KG;ZPAS;1000094120;PICKEADO;;;25/8/2026;;10/9/2026;21/8/2026;;
00374 TERMINAL PUNTA COLORADA;1003104;ZSTO;FILTRO DE AIRE PRIMARIO;CATERPILLA // DONALDSON;225220 // P119373;MR01;374;V1;2;3;F04;FILTRO AIRE;FILTROS;TEREX;KG;ZPAS;1000093976;PICKEADO;;;21/8/2026;;8/9/2026;19/8/2026;;
00374 TERMINAL PUNTA COLORADA;1003105;ZSTO;FILTRO DE AIRE SECUNDARIO;CATERPILLA // DONALDSON;225221 // P182046;MR01;374;V1;2;3;F04;FILTRO AIRE;FILTROS;TEREX;KG;ZPAS;1000093976;PICKEADO;;;21/8/2026;;8/9/2026;19/8/2026;;
00374 TERMINAL PUNTA COLORADA;1003138;ZSTO;FILTRO DE COMBUSTIBLE;KOMATSU HO // KOMATSU HO;6003193750 // 6003113750;MR01;374;V1;6;11;F06;FILTRO COMBUSTIBLE;FILTROS;KOMATSU PC 200-8;KG;ZPAS;1000093307;EMBALADO;;;10/8/2026;;28/8/2026;7/8/2026;;
00374 TERMINAL PUNTA COLORADA;1003139;ZSTO;FILTRO HIDRAULICO;KOMATSU HO;2076071183;MR01;374;V1;2;3;F07;FILTRO FLUIDO HIDR;FILTROS;KOMATSU PC 200-8;KG;ZPAS;1000093889;EMBALADO;;;20/8/2026;;7/9/2026;18/8/2026;;
00374 TERMINAL PUNTA COLORADA;1003140;ZSTO;FILTRO DE LINEA DE M;KOMATSU HO // No aplica // No aplica;20Y9701820 // 1,62071E+12 // 1620706311046;MR01;374;V1;2;3;F07;FILTRO FLUIDO HIDR;FILTROS;KOMATSU PC 200-8;KG;ZPAS;1000093889;EMBALADO;;;20/8/2026;;7/9/2026;18/8/2026;;
00374 TERMINAL PUNTA COLORADA;1003171;ZSTO;FILTRO DE AIRE SECUNDARIO;FLEETGUARD // FILPLUS;AF26086 // MSA26086;MR01;374;V1;6;10;F04;FILTRO AIRE;FILTROS;FILTRO AIRE;KG;ZPAS;1000093976;PICKEADO;;;21/8/2026;;8/9/2026;19/8/2026;;
00374 TERMINAL PUNTA COLORADA;1003197;ZSTO;FILTRO AIRE;FILPLUS;A8116;MR01;374;V1;3;6;F04;FILTRO AIRE;FILTROS;IS VENTEC 6TK/2TB/AY/TECEL/11,;KG;ZPAS;1000094120;PICKEADO PARCIAL;;;25/8/2026;;10/9/2026;21/8/2026;;
00374 TERMINAL PUNTA COLORADA;1003199;ZSTO;FILTRO AIRE;DONALDSON;C065003;MR01;374;V1;3;6;F04;FILTRO AIRE;FILTROS;IS VENTEC 6TK/2TB/AY/TECEL/11,;KG;ZPAS;1000094120;PICKEADO PARCIAL;;;25/8/2026;;10/9/2026;21/8/2026;;
00374 TERMINAL PUNTA COLORADA;1003200;ZSTO;FILTRO HIDRAULICO;DONALDSON;P567075;MR01;374;V1;2;3;F07;FILTRO FLUIDO HIDR;FILTROS;IS VENTEC 6TK/2TB/AY/TECEL/11,;KG;ZPAS;1000094120;PICKEADO;;;25/8/2026;;10/9/2026;21/8/2026;;
00374 TERMINAL PUNTA COLORADA;1003282;ZSTO;FILTRO COLADOR DE TANQUE COMBUSTIBLE;TEREX;RPTX0906040353;MR01;374;V1;2;2;F06;FILTRO COMBUSTIBLE;FILTROS;TEREX RT 35;KG;ZPAS;1000094329;SIN TRATAMIENTO;;;;;14/9/2026;25/8/2026;;
00374 TERMINAL PUNTA COLORADA;1003290;ZSTO;FILTRO CENTRAL HIDRAULICO;DONALDSON //;P164174 // P164166;MR01;374;V1;2;3;F07;FILTRO FLUIDO HIDR;FILTROS;PLATAFORMA DE MANTENIMIENTO VE;KG;ZPAS;1000094120;PICKEADO;;;25/8/2026;;10/9/2026;21/8/2026;;
00374 TERMINAL PUNTA COLORADA;1003359;ZSTO;FILTRO DE AIRE PRIMARIO;KOMATSU HO //;2A59791551 // AF55884;MR01;374;V1;3;5;F10;FILTRO HVAC;FILTROS;KOMATSU PC 200-8;KG;ZPAS;1000093976;SIN TRATAMIENTO;;;;;8/9/2026;19/8/2026;;
00374 TERMINAL PUNTA COLORADA;1003364;ZSTO;FILTRO AIRE SECUNDARIO;FLEETGUARD // KOMATSU HO // DONALDSON // // DARMET;AF26114 // 6001854120 // P533781 // TR9988 // VP-2741;MR01;374;V1;5;8;F04;FILTRO AIRE;FILTROS;FLEETGUARD;KG;ZPAS;1000093889;EMBALADO;;;20/8/2026;;7/9/2026;18/8/2026;;
00374 TERMINAL PUNTA COLORADA;1003365;ZSTO;FILTRO AIRE PRIMARIO;FLEETGUARD // KOMATSU HO // DONALDSON //;AF25667 // 6001854110 // P532966 // VP2740;MR01;374;V1;5;8;F04;FILTRO AIRE;FILTROS;FLEETGUARD;KG;ZPAS;1000093889;EMBALADO;;;20/8/2026;;7/9/2026;18/8/2026;;
00374 TERMINAL PUNTA COLORADA;1003373;ZSTO;FILTROAIREACONDCABINAEXTERIORINTERIOR;VOLVO CONS;21758906;MR01;374;V1;4;9;F10;FILTRO HVAC;FILTROS;VOLVO FM460;KG;ZPAS;1000093889;EMBALADO;;;20/8/2026;;7/9/2026;18/8/2026;;
00374 TERMINAL PUNTA COLORADA;1003839;ZSTO;JUNTA TORICA FILTRO PILOTO;KOMATSU HO;7067671390;MR01;374;V1;2;2;C29;FILTROS/RESPUESTOS;REPUESTOS;KOMATSU PC 200-8;KG;ZPAS;1000093889;SIN TRATAMIENTO;;;;;7/9/2026;18/8/2026;;
00374 TERMINAL PUNTA COLORADA;1003953;ZSTO;BATERIA 12V 75AMP;MOURA;M30LD;MR01;374;V1;4;6;C03;EQUIPOS;REPUESTOS;hilux 2017 en adelante;KG;ZPAS;1000094120;PICKEADO;;;25/8/2026;;10/9/2026;21/8/2026;;
00374 TERMINAL PUNTA COLORADA;1004040;ZSTO;LAMPARA 24V-H3 70W X UN;;PK22S;MR01;374;V1;10;20;C29;FILTROS/RESPUESTOS;REPUESTOS;ELECTRICIDAD AUTOMOTOR;KG;ZPAS;1000093889;EMBALADO;;;20/8/2026;;7/9/2026;18/8/2026;;
00374 TERMINAL PUNTA COLORADA;1004044;ZSTO;ALARMA RETROCESO (INTELIGENTE);;B250 // BOC 12505 DZE;MR01;374;V1;2;5;C29;FILTROS/RESPUESTOS;REPUESTOS;ELECTRICIDAD DE TALLER;KG;ZPAS;1000093786;SIN TRATAMIENTO;;;;;4/9/2026;14/8/2026;;
00374 TERMINAL PUNTA COLORADA;1015780;ZSSD;CINTA METRICA X 10 MTS;;;MR01;374;RE;100;100;C27;FERRETERIA MR01;FERRETERIA;FERRETERIA;KG;ZPAN;1000093867;SIN TRATAMIENTO;;;;;8/9/2026;18/8/2026;;10157733
00374 TERMINAL PUNTA COLORADA;1015788;ZSSD;DESODORANTE LÍQUIDO PARA PISO X 5 LTS;;;MR01;374;RE;95;95;C17;INSUMOS A;LIMPIEZA;LIMPIEZA /SEGURIDAD;KG;ZPAN;1000093867;PICKEADO;4500136417;25/8/2026;25/8/2026;;8/9/2026;18/8/2026;C17;10157733
00374 TERMINAL PUNTA COLORADA;1015801;ZSSD;GUANTES LATEX TALLE M;;;MR01;374;V1;12;24;C17;INSUMOS A;SEGURIDAD;GUANTE;KG;ZPAN;1000093977;ADJUDICADO;4500136431;;;;19/9/2026;19/8/2026;C17;10157943
00374 TERMINAL PUNTA COLORADA;1015855;ZSSD;PRECINTO PLASTICO AL-5 X 300MM;;MÚLT. 100U;MR01;374;RE;15;15;C27;FERRETERIA MR01;FERRETERIA;INSUMOS;KG;ZPAN;1000093867;SIN TRATAMIENTO;;;;;8/9/2026;18/8/2026;;10157733
00374 TERMINAL PUNTA COLORADA;1016537;ZSTO;KIT FILTRO DE AIRE PRIMARIO Y SECUNDARIO;KOMATSU HO // DARMET;6001855100 // VP-3722 + VP-3723;MR01;374;V1;2;2;F04;FILTRO AIRE;FILTROS;PC2000;KG;ZPAS;1000093889;EMBALADO;;;20/8/2026;;7/9/2026;18/8/2026;;
00374 TERMINAL PUNTA COLORADA;1016894;ZSTO;MAMEL. 1°CAL. DESC. LAMIN.BLANCO 60GRXXL;;FABRICANTE DUPONT/MODELO TIVEK 500;MR01;374;RE;700;700;C28;SEGURIDAD/ROPA/EPP;SEGURIDAD;INDUMENTARIA;KG;ZPAS;1000093862;EMBALADO;;;20/8/2026;;8/9/2026;18/8/2026;;
00374 TERMINAL PUNTA COLORADA;1016911;ZSSD;CINTA METRICA X20MT;;;MR01;374;RE;10;10;C27;FERRETERIA MR01;FERRETERIA;INSUMOS;KG;ZPAN;1000093787;ADJUDICADO;4500136389;;;;14/9/2026;14/8/2026;C27;10157625
00374 TERMINAL PUNTA COLORADA;1016919;ZSSD;LUBRICANTE MULTIUSO WD-40 440CC;;;MR01;374;RE;90;90;C27;FERRETERIA MR01;FERRETERIA;ADHESIVOS/SELLADORES/LUBRICANT;KG;ZPAN;1000093867;SIN TRATAMIENTO;;;;;8/9/2026;18/8/2026;;10157733
00374 TERMINAL PUNTA COLORADA;1016922;ZSSD;CHOCLA 30MT;;;MR01;374;V1;60;100;C27;FERRETERIA MR01;FERRETERIA;FERRETERIA;KG;ZPAS;1000093423;SIN TRATAMIENTO;;;;;31/8/2026;10/8/2026;;
00374 TERMINAL PUNTA COLORADA;1016927;ZSSD;CLAVERA SIMPLE;;;MR01;374;RE;50;50;C27;FERRETERIA MR01;FERRETERIA;?;KG;ZPAN;1000093867;SIN TRATAMIENTO;;;;;8/9/2026;18/8/2026;;10157733
00374 TERMINAL PUNTA COLORADA;1016928;ZSSD;FRATACHO PLASTICO C GOMA ESPUMA 30CM;;;MR01;374;RE;22;22;C27;FERRETERIA MR01;FERRETERIA;FERRETERIA;KG;ZPAN;1000093867;SIN TRATAMIENTO;;;;;8/9/2026;18/8/2026;;10157733
00374 TERMINAL PUNTA COLORADA;1016929;ZSSD;FRATACHO MADERA 30CM XUN;;;MR01;374;RE;30;30;C27;FERRETERIA MR01;FERRETERIA;INSUMOS;KG;ZPAN;1000093867;SIN TRATAMIENTO;;;;;8/9/2026;18/8/2026;;10157733
00374 TERMINAL PUNTA COLORADA;1016931;ZSSD;CARRETILLA 75LT REFORZADA C RUEDA NEUMAT;;;MR01;374;RE;10;10;C27;FERRETERIA MR01;FERRETERIA;FERRETERIA;KG;ZPAN;1000093867;SIN TRATAMIENTO;;;;;8/9/2026;18/8/2026;;10157733
00374 TERMINAL PUNTA COLORADA;1016950;ZSSD;ARRANCAMOTOR AEROSOL WURTH START-RAPID;;;MR01;374;RE;15;15;C27;FERRETERIA MR01;FERRETERIA;INSUMOS;KG;ZPAN;1000091003;SIN TRATAMIENTO;;;;;29/7/2026;29/6/2026;;10153518
00374 TERMINAL PUNTA COLORADA;1016954;ZSSD;TANZA 0.80MM -COLOR ROJO- XROLLO;;;MR01;374;RE;50;50;C27;FERRETERIA MR01;FERRETERIA;ACCESORIOS;KG;ZPAN;1000093424;ADJUDICADO;4500136386;;;;8/9/2026;10/8/2026;C27;10157056
00374 TERMINAL PUNTA COLORADA;1016955;ZSSD;SOGA NAUTICA 10MM;;MÚLT. 100 MTS;MR01;374;RE;600;600;C27;FERRETERIA MR01;FERRETERIA;ACCESORIOS;KG;ZPAN;1000093867;SIN TRATAMIENTO;;;;;8/9/2026;18/8/2026;;10157733
00374 TERMINAL PUNTA COLORADA;1016964;ZSSD;RESALTADOR AMARILLO PUNTA CHANFLEADA;;MÚLT. 10U;MR01;374;RE;30;30;C17;INSUMOS A;LIBRERIA;ESCRITURA;KG;ZPAN;1000093867;ADJUDICADO;4500136220;;;;8/9/2026;18/8/2026;374;10157733
00374 TERMINAL PUNTA COLORADA;1016965;ZSSD;PORTABLOCK ACRILICO C CLIP SUPERIOR;;;MR01;374;RE;35;35;C17;INSUMOS A;LIBRERIA;ACCESORIOS;KG;ZPAN;1000092675;CUMPLIDO PARCIAL;4500134044;29/7/2026;29/7/2026;29/7/2026;31/8/2026;28/7/2026;374;10155948
00374 TERMINAL PUNTA COLORADA;1016973;ZSSD;MAZA MINERO 3 KG;;;MR01;374;RE;6;6;C27;FERRETERIA MR01;FERRETERIA;HERRAMIENTA MANUAL;KG;ZPAN;1000093787;ADJUDICADO;4500136386;;;;14/9/2026;14/8/2026;C27;10157625
00374 TERMINAL PUNTA COLORADA;1016982;ZSSD;FOLIO A4 ST X100;;;MR01;374;RE;24;24;C17;INSUMOS A;LIBRERIA;PAPEL;KG;ZPAN;1000093056;ADJUDICADO;4500134922;;;;12/9/2026;4/8/2026;374;10156486
00374 TERMINAL PUNTA COLORADA;1016983;ZSSD;CUCHARA ALBANIL FORJADA 7PG;;;MR01;374;RE;30;30;C27;FERRETERIA MR01;FERRETERIA;HERRAMIENTA MANUAL;KG;ZPAN;1000093867;SIN TRATAMIENTO;;;;;8/9/2026;18/8/2026;;10157733
00374 TERMINAL PUNTA COLORADA;1016988;ZSSD;CINTA METRICA 3MT;;;MR01;374;RE;102;102;C27;FERRETERIA MR01;FERRETERIA;INSUMOS;KG;ZPAN;1000093867;SIN TRATAMIENTO;;;;;8/9/2026;18/8/2026;;10157733
00374 TERMINAL PUNTA COLORADA;1017005;ZSSD;CADENA PLASTICA ROJA Y BLANCA X ML;;MÚLT. 50/100 MTS;MR01;374;RE;1000;1000;C28;SEGURIDAD/ROPA/EPP;SEGURIDAD;SEGURIDAD;KG;ZPAN;1000093867;ADJUDICADO;4500136334;;;;8/9/2026;18/8/2026;C28;10157733
00374 TERMINAL PUNTA COLORADA;1017006;ZSSD;APRIETAPAPEL 32MM;;MÚLT. 12U;MR01;374;CL;20;40;C17;INSUMOS A;LIBRERIA;ACCESORIOS;KG;ZPAN;1000093056;ADJUDICADO;4500134922;;;;12/9/2026;4/8/2026;374;10156486
00374 TERMINAL PUNTA COLORADA;1017021;ZSSD;CUADERNO ESPIRAL CUAD A4 T.DURA 80 HJ;;;MR01;374;RE;14;14;C17;INSUMOS A;LIBRERIA;LIBRERIA;KG;ZPAN;1000092995;ADJUDICADO;4500134922;;;;12/9/2026;3/8/2026;374;10156422
00374 TERMINAL PUNTA COLORADA;1017031;ZSSD;GUANTES ALTO IMPACTO X PAR;;MÚLT. 12U;MR01;374;RE;750;750;C28;SEGURIDAD/ROPA/EPP;INDUMENTARIA;EPP;KG;ZPAN;1000093867;ADJUDICADO;4500136334;;;;8/9/2026;18/8/2026;C28;10157733
00374 TERMINAL PUNTA COLORADA;1017034;ZSSD;TIJERA 17 CM C MANGO PLASTICO;;;MR01;374;RE;10;10;C17;INSUMOS A;LIBRERIA;ACCESORIOS;KG;ZPAN;1000093056;ADJUDICADO;4500134922;;;;12/9/2026;4/8/2026;374;10156486
00374 TERMINAL PUNTA COLORADA;1017050;ZSSD;BOBINA PAPEL 25CM 400MT;;;MR01;374;RE;40;40;C17;INSUMOS A;LIMPIEZA;LIMPIEZA /SEGURIDAD;KG;ZPAN;1000093867;ADJUDICADO;4500136277;;;;8/9/2026;18/8/2026;374;10157733
00374 TERMINAL PUNTA COLORADA;1017084;ZSSD;CEPILLO ACERO 4X19 C MANGO MADERA;;;MR01;374;RE;16;16;C27;FERRETERIA MR01;LIMPIEZA;INSUMOS;KG;ZPAN;1000093424;ADJUDICADO;4500136386;;;;8/9/2026;10/8/2026;C27;10157056
00374 TERMINAL PUNTA COLORADA;1017086;ZSSD;AZADA CON CABO;;;MR01;374;RE;20;20;C27;FERRETERIA MR01;FERRETERIA;HERRAMIENTA MANUAL;KG;ZPAN;1000093669;ADJUDICADO;4500136386;;;;13/9/2026;13/8/2026;C27;10157445
00374 TERMINAL PUNTA COLORADA;1017092;ZSSD;MAZA DE GOMA 1KG;;;MR01;374;V1;2;4;C27;FERRETERIA MR01;FERRETERIA;HERRAMIENTAS;KG;ZPAN;1000093787;ADJUDICADO;4500136386;;;;14/9/2026;14/8/2026;C27;10157625
00374 TERMINAL PUNTA COLORADA;1017096;ZSSD;SERRUCHO COSTILLA 9DPP - 20PG;;;MR01;374;RE;11;11;C27;FERRETERIA MR01;FERRETERIA;INSUMOS;KG;ZPAN;1000093867;SIN TRATAMIENTO;;;;;8/9/2026;18/8/2026;;10157733
00374 TERMINAL PUNTA COLORADA;1017148;ZSSD;BARRETA SACACLAVOS 19X400;;;MR01;374;V1;2;4;C27;FERRETERIA MR01;FERRETERIA;INSUMOS;KG;ZPAN;1000093977;SIN TRATAMIENTO;;;;;19/9/2026;19/8/2026;;10157943
00374 TERMINAL PUNTA COLORADA;1017149;ZSSD;BARRETA SACACLAVOS 19X600;;;MR01;374;RE;8;8;C27;FERRETERIA MR01;FERRETERIA;INSUMOS;KG;ZPAN;1000093867;SIN TRATAMIENTO;;;;;8/9/2026;18/8/2026;;10157733
00374 TERMINAL PUNTA COLORADA;1017212;ZSSD;DISCO COPA DESBASTE HORMIGON AMOL 4 1 2P;;;MR01;374;V1;10;20;C27;FERRETERIA MR01;DESGASTE;INSUMOS;KG;ZPAN;1000093787;ADJUDICADO;4500136386;;;;14/9/2026;14/8/2026;C27;10157625
00374 TERMINAL PUNTA COLORADA;1017214;ZSSD;DISCO DIAMANTADO P AMOLADORA 7PG;;;MR01;374;RE;50;50;C27;FERRETERIA MR01;FERRETERIA;ABRASIVOS/DISCOS;KG;ZPAN;1000093787;ADJUDICADO;4500136386;;;;14/9/2026;14/8/2026;C27;10157625
00374 TERMINAL PUNTA COLORADA;1017224;ZSSD;LAPIZ CARPINTERO;;;MR01;374;RE;150;150;C27;FERRETERIA MR01;FERRETERIA;FERRETERIA;KG;ZPAN;1000093867;SIN TRATAMIENTO;;;;;8/9/2026;18/8/2026;;10157733
00374 TERMINAL PUNTA COLORADA;1017974;ZSTO;LIMPIACONTACTOS AEROSOL X240ML;;440CC 350G DELTA;MR01;374;RE;12;12;C27;FERRETERIA MR01;INSUMOS;INFORMATICA;KG;ZPAS;1000093862;EMBALADO;;;20/8/2026;;8/9/2026;18/8/2026;;
00374 TERMINAL PUNTA COLORADA;1022037;ZSTO;CORREA MOTOR;;5741438;MR01;374;V1;4;6;C29;FILTROS/RESPUESTOS;REPUESTOS;BOMAG BW100 AD-5;KG;ZPAS;1000093238;SIN TRATAMIENTO;;;;;27/8/2026;6/8/2026;;
00374 TERMINAL PUNTA COLORADA;1022107;ZSTO;Filtro Admision Primario;JOHN DEERE;AT338105;MR01;374;V1;2;2;F04;FILTRO AIRE;FILTROS;MINICARGADORA JD 324G;KG;ZPAS;1000093976;PICKEADO;;;21/8/2026;;8/9/2026;19/8/2026;;
00374 TERMINAL PUNTA COLORADA;1022108;ZSTO;Filtro Admision Secundario;JOHN DEERE;AT336803;MR01;374;V1;2;2;F04;FILTRO AIRE;FILTROS;MINICARGADORA JD 324G;KG;ZPAS;1000093976;SIN TRATAMIENTO;;;;;8/9/2026;19/8/2026;;
00374 TERMINAL PUNTA COLORADA;1022109;ZSTO;Filtro Aceite Hidraulico;JOHN DEERE;AT435649;MR01;374;V1;2;2;F07;FILTRO FLUIDO HIDR;FILTROS;MINICARGADORA JD 324G;KG;ZPAS;1000093976;PICKEADO;;;21/8/2026;;8/9/2026;19/8/2026;;
00374 TERMINAL PUNTA COLORADA;1022112;ZSTO;Filtro Recirculacion de Cabina;JOHN DEERE;AT359416;MR01;374;V1;2;2;F05;FILTRO AIRE CABINA;FILTROS;MINICARGADORA JD 324G;KG;ZPAS;1000093976;PICKEADO;;;21/8/2026;;8/9/2026;19/8/2026;;
00374 TERMINAL PUNTA COLORADA;1022269;ZSTO;Filtro Aceite Motor;JOHN DEERE;MIU800650;MR01;374;V1;2;2;F03;FILTRO ACEITE;FILTROS;MINICARGADORA JD 324G;KG;ZPAS;1000093976;SIN TRATAMIENTO;;;;;8/9/2026;19/8/2026;;
00374 TERMINAL PUNTA COLORADA;1025949;ZSSD;MECHA ACERO RAPIDO D10 MM;;;MR01;374;RE;12;12;C27;FERRETERIA MR01;FERRETERIA;INSUMOS;KG;ZPAN;1000093867;SIN TRATAMIENTO;;;;;8/9/2026;18/8/2026;;10157733
00374 TERMINAL PUNTA COLORADA;1025950;ZSSD;MECHA ACERO RAPIDO D6 MM;;;MR01;374;RE;12;12;C27;FERRETERIA MR01;FERRETERIA;INSUMOS;KG;ZPAN;1000093867;SIN TRATAMIENTO;;;;;8/9/2026;18/8/2026;;10157733
00374 TERMINAL PUNTA COLORADA;1025951;ZSSD;MECHA ACERO RAPIDO D8 MM;;;MR01;374;RE;12;12;C27;FERRETERIA MR01;FERRETERIA;HERRAMIENTAS;KG;ZPAN;1000093867;SIN TRATAMIENTO;;;;;8/9/2026;18/8/2026;;10157733
00374 TERMINAL PUNTA COLORADA;1026934;ZSCD;PLOMADA 500GR;;;MR01;374;RE;7;7;C27;FERRETERIA MR01;FERRETERIA;FERRETERIA;KG;ZPAN;1000093867;SIN TRATAMIENTO;;;;;8/9/2026;18/8/2026;;10157733
00374 TERMINAL PUNTA COLORADA;1026942;ZSCD;ESCUADRA ALBANIL 45° 20CMx30CM METAL;;;MR01;374;RE;7;7;C27;FERRETERIA MR01;FERRETERIA;HERRAMIENTAS;KG;ZPAN;1000093867;SIN TRATAMIENTO;;;;;8/9/2026;18/8/2026;;10157733
00374 TERMINAL PUNTA COLORADA;1026943;ZSCD;ESCUADRA ALBANIL 90° 60CMx90CM METAL;;;MR01;374;RE;7;7;C27;FERRETERIA MR01;FERRETERIA;HERRAMIENTAS;KG;ZPAN;1000093867;SIN TRATAMIENTO;;;;;8/9/2026;18/8/2026;;10157733
00374 TERMINAL PUNTA COLORADA;1027149;ZSSD;DISCO FLAP TYROLIT 115x22 GRANO 80;;;MR01;374;RE;45;45;C27;FERRETERIA MR01;FERRETERIA;?;KG;ZPAN;1000093787;ADJUDICADO;4500136386;;;;14/9/2026;14/8/2026;C27;10157625
00374 TERMINAL PUNTA COLORADA;1027855;ZSTO;KIT POLI-V AMAROK;;045903119+03G145276+038903315+03L903137 // S13625340243+F-551406.07+F-552285+950330;MR01;374;V1;1;2;C03;EQUIPOS;EQUIPOS;INSUMO;KG;ZPAS;1000094120;PICKEADO;;;25/8/2026;;10/9/2026;21/8/2026;;
00374 TERMINAL PUNTA COLORADA;1035319;ZSSD;"ARCO SIERRA 12"" 300MM";;;MR01;374;RE;20;20;C27;FERRETERIA MR01;FERRETERIA;INSUMOS;KG;ZPAN;1000093867;SIN TRATAMIENTO;;;;;8/9/2026;18/8/2026;;10157733
00374 TERMINAL PUNTA COLORADA;1036100;ZSTO;CONO FLEX. C/REFLECT. Y BASE CAUCHO 70CM;;NARANJA DE PVC FLEXIBLE CON MEMORIA-70CM;MR01;374;RE;160;160;C28;SEGURIDAD/ROPA/EPP;SEGURIDAD;SEÑALIZACION;KG;ZPAS;1000093862;EMBALADO;;;20/8/2026;;8/9/2026;18/8/2026;;
00374 TERMINAL PUNTA COLORADA;1041530;ZSSD;PRECINTO PLASTICO AL-2 X 104MM X 100UN;;;MR01;374;RE;50;50;C27;FERRETERIA MR01;FERRETERIA;INSUMOS;KG;ZPAN;1000093867;SIN TRATAMIENTO;;;;;8/9/2026;18/8/2026;;10157733
00374 TERMINAL PUNTA COLORADA;1041531;ZSCD;DISCO P SIERRA CIRCULAR D9PG 24 DIENTES;;;MR01;374;RE;20;20;C27;FERRETERIA MR01;FERRETERIA;INSUMOS;KG;ZPAN;1000093867;SIN TRATAMIENTO;;;;;8/9/2026;18/8/2026;;10157733
00374 TERMINAL PUNTA COLORADA;1041939;ZSCD;MAMELUCO GRAFA AZUL C/LOGO Y REFL. T.XL;;;MR01;374;RE;11;11;C28;SEGURIDAD/ROPA/EPP;INDUMENTARIA;EPP;KG;ZPAN;1000093867;ADJUDICADO;4500136579;;;;8/9/2026;18/8/2026;374;10157733
00374 TERMINAL PUNTA COLORADA;1041940;ZSCD;MAMELUCO GRAFA AZUL C/LOGO Y REFL. T.XXL;;;MR01;374;RE;10;10;C28;SEGURIDAD/ROPA/EPP;INDUMENTARIA;EPP;KG;ZPAN;1000092675;ADJUDICADO;4500136579;;;;31/8/2026;28/7/2026;374;10155948
00374 TERMINAL PUNTA COLORADA;1042516;ZSCD;BOTIN CONW 53 BAF MARRON P.ACER N42;;;MR01;374;RE;70;70;C28;SEGURIDAD/ROPA/EPP;SEGURIDAD;CALZADO;KG;ZPAN;1000093867;CUMPLIDO PARCIAL;4500136270;24/8/2026;24/8/2026;24/8/2026;8/9/2026;18/8/2026;374;10157733
00374 TERMINAL PUNTA COLORADA;1042798;ZSCD;GUANTE LÁTEX NEGRO INDUSTRIAL T10;;;MR01;374;RE;450;450;C28;SEGURIDAD/ROPA/EPP;INDUMENTARIA;EPP;KG;ZPAN;1000093867;CUMPLIDO PARCIAL;4500136333;26/8/2026;26/8/2026;26/8/2026;8/9/2026;18/8/2026;C28;10157733
00374 TERMINAL PUNTA COLORADA;1047245;ZSCD;MAZA MINERO 1KG C/ CABO PLASTICO;;;MR01;374;RE;10;10;C27;FERRETERIA MR01;FERRETERIA;HERRAMIENTA MANUAL;KG;ZPAN;1000093867;SIN TRATAMIENTO;;;;;8/9/2026;18/8/2026;;10157733
00374 TERMINAL PUNTA COLORADA;1047258;ZSCD;MECHA ACERO RAPIDO D12MM;;;MR01;374;RE;20;20;C27;FERRETERIA MR01;FERRETERIA;ACCESORIOS;KG;ZPAN;1000093867;SIN TRATAMIENTO;;;;;8/9/2026;18/8/2026;;10157733
00374 TERMINAL PUNTA COLORADA;1047270;ZSCD;MECHA WIDIA SDS PLUS Ø10MM 220MM;;;MR01;374;V1;2;4;C27;FERRETERIA MR01;FERRETERIA;ACCESORIOS;KG;ZPAN;1000093787;ADJUDICADO;4500136386;;;;14/9/2026;14/8/2026;C27;10157625
00374 TERMINAL PUNTA COLORADA;1047272;ZSCD;MECHA WIDIA SDS PLUS Ø16MM 220MM;;;MR01;374;V1;2;4;C27;FERRETERIA MR01;FERRETERIA;ACCESORIOS;KG;ZPAN;1000093787;ADJUDICADO;4500136386;;;;14/9/2026;14/8/2026;C27;10157625
00374 TERMINAL PUNTA COLORADA;1047275;ZSCD;MECHA WIDIA SDS PLUS Ø25MM 220MM;;;MR01;374;V1;2;4;C27;FERRETERIA MR01;FERRETERIA;ACCESORIOS;KG;ZPAN;1000091003;SIN TRATAMIENTO;;;;;29/7/2026;29/6/2026;;10153518
00374 TERMINAL PUNTA COLORADA;1047284;ZSCD;MECHA WIDIA SDS PLUS Ø10MM 450MM;;;MR01;374;V1;2;4;C27;FERRETERIA MR01;FERRETERIA;ACCESORIOS;KG;ZPAN;1000093787;ADJUDICADO;4500136386;;;;14/9/2026;14/8/2026;C27;10157625
00374 TERMINAL PUNTA COLORADA;1047286;ZSCD;MECHA WIDIA SDS PLUS Ø16MM 450MM;;;MR01;374;V1;2;4;C27;FERRETERIA MR01;FERRETERIA;ACCESORIOS;KG;ZPAN;1000093424;ADJUDICADO;4500136386;;;;10/9/2026;10/8/2026;C27;10157056
00374 TERMINAL PUNTA COLORADA;1047287;ZSCD;MECHA WIDIA SDS PLUS Ø18MM 450MM;;;MR01;374;V1;2;4;C27;FERRETERIA MR01;FERRETERIA;ACCESORIOS;KG;ZPAN;1000093424;ADJUDICADO;4500136386;;;;10/9/2026;10/8/2026;C27;10157056
00374 TERMINAL PUNTA COLORADA;1047474;ZSCD;SOGA NAUTICA 16MM;;;MR01;374;RE;400;400;C27;FERRETERIA MR01;FERRETERIA;?;KG;ZPAN;1000093867;SIN TRATAMIENTO;;;;;8/9/2026;18/8/2026;;10157733
00374 TERMINAL PUNTA COLORADA;1047508;ZSCD;MARTILLO LAYHER P/ANDAMISTA;;;MR01;374;V1;2;6;C27;FERRETERIA MR01;FERRETERIA;HERRAMIENTAS MANUALES;KG;ZPAN;1000092675;SIN TRATAMIENTO;;;;;28/8/2026;28/7/2026;;10155948
00374 TERMINAL PUNTA COLORADA;1047509;ZSCD;"CEPILLO DE ACERO RIZADO P/AMOLADORA  4""";;;MR01;374;V1;10;20;C27;FERRETERIA MR01;REPUESTOS;HERRAMIENTAS ELECTRICAS;KG;ZPAN;1000093977;SIN TRATAMIENTO;;;;;19/9/2026;19/8/2026;;10157943
00374 TERMINAL PUNTA COLORADA;1047512;ZSCD;"CEPILLO DE ACERO TRENZADO P/AMOLADORA 4""";;;MR01;374;V1;5;10;C27;FERRETERIA MR01;REPUESTOS;HERRAMIENTAS ELECTRICAS;KG;ZPAN;1000093787;ADJUDICADO;4500136389;;;;14/9/2026;14/8/2026;C27;10157625
00374 TERMINAL PUNTA COLORADA;1047520;ZSCD;CINCEL PLANO C/ENCASTRE SDS MAX 400MM;;;MR01;374;V1;4;8;C27;FERRETERIA MR01;FERRETERIA;HERRAMIENTAS MANUALES;KG;ZPAN;1000093977;SIN TRATAMIENTO;;;;;19/9/2026;19/8/2026;;10157943
00374 TERMINAL PUNTA COLORADA;1047521;ZSCD;CINCEL PUNTA C/ENCASTRE SDS MAX 400MM;;;MR01;374;V1;4;8;C27;FERRETERIA MR01;FERRETERIA;HERRAMIENTAS MANUALES;KG;ZPAN;1000093977;SIN TRATAMIENTO;;;;;19/9/2026;19/8/2026;;10157943
00374 TERMINAL PUNTA COLORADA;1047702;ZSCD;CHALECO REFLECTIVO NARANJA C2 C/LOGO T.L;;;MR01;374;RE;65;65;C28;SEGURIDAD/ROPA/EPP;INDUMENTARIA;EPP;KG;ZPAN;1000093056;CUMPLIDO PARCIAL;4500135528;14/8/2026;14/8/2026;14/8/2026;4/9/2026;4/8/2026;C28;10156486
00374 TERMINAL PUNTA COLORADA;1047983;ZSCD;TENAZA ARMADOR 1/2 CORTE L.30CM MIN.;;;MR01;374;RE;75;75;C27;FERRETERIA MR01;FERRETERIA;HERRAMIENTAS;KG;ZPAN;1000093867;SIN TRATAMIENTO;;;;;8/9/2026;18/8/2026;;10157733
00374 TERMINAL PUNTA COLORADA;1048036;ZSCD;PRENSA SARGENTO 80CM;;BREMEN 8 PZ PULGADA WHITWORTH 7695;MR01;374;V1;2;6;C27;FERRETERIA MR01;FERRETERIA;HERRAMIENTAS;KG;ZPAN;1000093977;SIN TRATAMIENTO;;;;;19/9/2026;19/8/2026;;10157943
00374 TERMINAL PUNTA COLORADA;1048843;ZSCD;CARTUCHO TONER RICOH IM460F;;133;MR01;374;V1;2;3;C05;INFORMÁT.-HARDWARE;LIBRERIA;?;KG;ZPAN;1000093977;ADJUDICADO;4500136608;;;;19/9/2026;19/8/2026;C27;10157943
00374 TERMINAL PUNTA COLORADA;1049436;ZSCD;MARTILLO CARPINTERO C/CABO DE FIBRA;;;MR01;374;RE;45;45;C27;FERRETERIA MR01;FERRETERIA;?;KG;ZPAN;1000093867;SIN TRATAMIENTO;;;;;8/9/2026;18/8/2026;;10157733
00374 TERMINAL PUNTA COLORADA;1054305;ZSCD;AEROSOL BASE AGUA ROJO X440CC;;;MR01;374;RE;150;150;C22;INSUMOS C;INSUMOS;?;KG;ZPAN;1000093867;EMBALADO;4500136226;21/8/2026;21/8/2026;;8/9/2026;18/8/2026;C22;10157733
00374 TERMINAL PUNTA COLORADA;1054307;ZSCD;AEROSOL BASE AGUA NEGRO X440CC;;;MR01;374;V1;12;24;C22;INSUMOS C;INSUMOS;?;KG;ZPAN;1000093977;PICKEADO;4500136311;24/8/2026;24/8/2026;;19/9/2026;19/8/2026;C22;10157943
00374 TERMINAL PUNTA COLORADA;1055223;ZSCD;MAZA VOLEO AC. FORJ. C/CABO PLAST. 10KG;;;MR01;374;V1;2;4;C27;FERRETERIA MR01;FERRETERIA;?;KG;ZPAN;1000093977;SIN TRATAMIENTO;;;;;19/9/2026;19/8/2026;;10157943
00374 TERMINAL PUNTA COLORADA;1055257;ZSTO;PALA ANCHA;;;MR01;374;V1;5;10;C20;CALIDAD;EIME;?;KG;ZPAN;1000093977;INCOMPLETO;;;;;19/9/2026;19/8/2026;;10157943
00374 TERMINAL PUNTA COLORADA;1056088;ZSTO;BOLIGRAFO TRAZO GRUESO NEGRO;;;MR01;374;V1;75;100;C17;INSUMOS A;LIBRERIA;ESCRITURA;KG;ZPAS;1000094249;PICKEADO;;;25/8/2026;;11/9/2026;24/8/2026;;
00374 TERMINAL PUNTA COLORADA;1056101;ZSTO;CEPILLO VIOLIN P/LAVAR COCHES;;;MR01;374;V1;15;30;C17;INSUMOS A;LIMPIEZA;INSUMOS;KG;ZPAS;1000093668;EMBALADO;;;20/8/2026;;3/9/2026;13/8/2026;;
00374 TERMINAL PUNTA COLORADA;1056106;ZSTO;LOCK ESPIRAL CUADRIC A5 X70HS;;;MR01;374;V1;24;48;C17;INSUMOS A;LIBRERIA;ESCRITURA;KG;ZPAS;1000094249;PICKEADO;;;25/8/2026;;11/9/2026;24/8/2026;;
00374 TERMINAL PUNTA COLORADA;1057960;ZSTO;FILTRO HIDRAULICO SUCCION;;07993092  (BOMAG);MR01;374;V1;3;5;C29;FILTROS/RESPUESTOS;FILTROS;BOMAG;KG;ZPAS;1000093238;CUMPLIDO PARCIAL;;;6/8/2026;7/8/2026;27/8/2026;6/8/2026;;
00374 TERMINAL PUNTA COLORADA;1058148;ZSCD;LAVANDINA EN GEL X 5LTS;;;MR01;374;V1;10;20;C17;INSUMOS A;LIMPIEZA;INSUMOS;KG;ZPAN;1000094038;PICKEADO;4500136417;25/8/2026;25/8/2026;;20/9/2026;20/8/2026;C17;10158050
00378 YPF – Oleoducto Cnel. Pringle;1002592;ZSTO;FILTRO ACEITE MOTOR XUN;KOMATSU HO // KOMATSU HO // DONALDSON;6736515142 // DBL7349 // P550909;MR01;378;V1;5;10;F03;FILTRO ACEITE;FILTROS;FILTROS;KG;ZPAS;1000091335;CUMPLIDO PARCIAL;;;8/7/2026;14/7/2026;24/7/2026;3/7/2026;;
00378 YPF – Oleoducto Cnel. Pringle;1002727;ZSTO;FILTRO AIRE CABINA XUN;KOMATSU HO // DONALDSON;17M9113530 // P500138;MR01;378;V1;4;8;F05;FILTRO AIRE CABINA;FILTROS;KMS 155AX6;KG;ZPAS;1000091335;DESPACHADO;;;8/7/2026;13/7/2026;24/7/2026;3/7/2026;;
00378 YPF – Oleoducto Cnel. Pringle;1002766;ZSTO;FILTRO COMBUSTIBLE;KOMATSU HO // //;4216035170 // AF4167 // P502574;MR01;378;V1;7;14;F06;FILTRO COMBUSTIBLE;FILTROS;WA600;KG;ZPAS;1000091335;DESPACHADO;;;8/7/2026;13/7/2026;24/7/2026;3/7/2026;;
00378 YPF – Oleoducto Cnel. Pringle;1002939;ZSTO;FILTRO HIDRAULICO PILOTO;VOLVO CONS // VOLVO CONS;VOE14532686 // 14711981;MR01;378;V1;1;2;F07;FILTRO FLUIDO HIDR;FILTROS;VOLVO EC 480D;KG;ZPAS;1000091335;DESPACHADO;;;8/7/2026;13/7/2026;24/7/2026;3/7/2026;;
00378 YPF – Oleoducto Cnel. Pringle;1016982;ZSSD;FOLIO A4 ST X100;;;MR01;378;RE;4;4;C17;INSUMOS A;LIBRERIA;PAPEL;KG;ZPAN;1000093565;DESPACHADO;4500135992;21/8/2026;21/8/2026;25/8/2026;2/9/2026;12/8/2026;C17;10157284
00378 YPF – Oleoducto Cnel. Pringle;1001684;ZSTO;DELANTALDESCARNE0.60X1.20CONREFUERZO;;;MR01;378;RE;40;40;C28;SEGURIDAD/ROPA/EPP;SEGURIDAD;INDUMENTARIA;KG;ZPAS;1000093583;CUMPLIDO PARCIAL;;;14/8/2026;25/8/2026;2/9/2026;12/8/2026;;
00378 YPF – Oleoducto Cnel. Pringle;1001728;ZSTO;ADAPTADOR PROTECTOR FACIAL AUDITIVO;LIBUS // 3M // MSA // STEELPRO;902493 // ADAPTADOR VISOR PELTOR // ADAPTADOR VISOR PELTOR // UNIVERSAL STEELPRO;MR01;378;RE;40;40;C28;SEGURIDAD/ROPA/EPP;SEGURIDAD;ACCESORIO SEGURIDAD;KG;ZPAS;1000093583;CUMPLIDO PARCIAL;;;18/8/2026;20/8/2026;2/9/2026;12/8/2026;;
00378 YPF – Oleoducto Cnel. Pringle;1001742;ZSTO;BOTA GOMA P.ACERO N 38;;;MR01;378;V1;2;4;C28;SEGURIDAD/ROPA/EPP;SEGURIDAD;CALZADO;KG;ZPAS;1000093583;CUMPLIDO PARCIAL;;;14/8/2026;18/8/2026;2/9/2026;12/8/2026;;
00378 YPF – Oleoducto Cnel. Pringle;1001750;ZSTO;BOTA GOMA P.ACERO N 46;;;MR01;378;V1;2;4;C28;SEGURIDAD/ROPA/EPP;SEGURIDAD;CALZADO;KG;ZPAS;1000093583;CUMPLIDO PARCIAL;;;14/8/2026;18/8/2026;2/9/2026;12/8/2026;;
00378 YPF – Oleoducto Cnel. Pringle;1001775;ZSTO;ESLINGA SINTETICA 8MTS 6TN CERTIFICADA;;;MR01;378;V1;4;8;C27;FERRETERIA MR01;SEGURIDAD;LOGISTICA;KG;ZPAS;1000093583;CUMPLIDO PARCIAL;;;14/8/2026;18/8/2026;2/9/2026;12/8/2026;;
00378 YPF – Oleoducto Cnel. Pringle;1001777;ZSTO;ESLINGA SINTETICA 6MTS 4TN CERTIFICADA;;;MR01;378;RE;8;8;C27;FERRETERIA MR01;SEGURIDAD;SERVICIOS GENERALES;KG;ZPAS;1000093583;CUMPLIDO PARCIAL;;;14/8/2026;18/8/2026;2/9/2026;12/8/2026;;
00378 YPF – Oleoducto Cnel. Pringle;1001872;ZSTO;RESMA DE HOJA A3 75GR. X UN;;;MR01;378;RE;10;10;C17;INSUMOS A;LIBRERIA;PAPEL;KG;ZPAS;1000093583;CUMPLIDO PARCIAL;;;14/8/2026;18/8/2026;2/9/2026;12/8/2026;;
00378 YPF – Oleoducto Cnel. Pringle;1001893;ZSTO;BOLSARESIDUPLASTICA60X90NEGRAXROLLOX10UN;;;MR01;378;RE;150;150;C17;INSUMOS A;LIMPIEZA;BOLSAS;KG;ZPAS;1000093583;CUMPLIDO PARCIAL;;;14/8/2026;25/8/2026;2/9/2026;12/8/2026;;
00378 YPF – Oleoducto Cnel. Pringle;1001903;ZSTO;LAVANDINA X 5 LTS;;;MR01;378;RE;18;18;C17;INSUMOS A;LIMPIEZA;INSUMOS;KG;ZPAS;1000093583;SIN TRATAMIENTO;;;;;2/9/2026;12/8/2026;;
00378 YPF – Oleoducto Cnel. Pringle;1001918;ZSTO;ESCOBA PLASTICO S/CABO;;;MR01;378;V1;5;10;C17;INSUMOS A;LIMPIEZA;INSUMOS;KG;ZPAS;1000093583;CUMPLIDO PARCIAL;;;14/8/2026;25/8/2026;2/9/2026;12/8/2026;;
00378 YPF – Oleoducto Cnel. Pringle;1001923;ZSTO;AGROPOL 100 MIC 4X50MTS;;;MR01;378;RE;5;5;C27;FERRETERIA MR01;FERRETERIA;INSUMOS;KG;ZPAS;1000093583;SIN TRATAMIENTO;;;;;2/9/2026;12/8/2026;;
00378 YPF – Oleoducto Cnel. Pringle;1001985;ZSTO;VIDRIOP CARETASOLDADOR50X105MMINCOLORO;;;MR01;378;V1;500;700;C27;FERRETERIA MR01;SOLDADURA;ACCESORIOS;KG;ZPAS;1000093583;DESPACHADO PARCIAL;;;21/8/2026;25/8/2026;2/9/2026;12/8/2026;;
00378 YPF – Oleoducto Cnel. Pringle;1001994;ZSTO;ELECTRODO AWS7018 X 2,50 MM X KG;CONARCO;AWS7018;MR01;378;RE;80;80;C27;FERRETERIA MR01;SOLDADURA;ELECTRODOS;KG;ZPAS;1000093583;CUMPLIDO PARCIAL;;;14/8/2026;18/8/2026;2/9/2026;12/8/2026;;
00378 YPF – Oleoducto Cnel. Pringle;1002062;ZSTO;CAMPERA DESCARNE T.L;;;MR01;378;V1;12;24;C28;SEGURIDAD/ROPA/EPP;SEGURIDAD;INDUMENTARIA;KG;ZPAS;1000093583;CUMPLIDO PARCIAL;;;14/8/2026;18/8/2026;2/9/2026;12/8/2026;;
00378 YPF – Oleoducto Cnel. Pringle;1002063;ZSTO;CAMPERA DESCARNE T.XL;;;MR01;378;RE;24;24;C28;SEGURIDAD/ROPA/EPP;SEGURIDAD;INDUMENTARIA;KG;ZPAS;1000093583;CUMPLIDO PARCIAL;;;14/8/2026;18/8/2026;2/9/2026;12/8/2026;;
00378 YPF – Oleoducto Cnel. Pringle;1003397;ZSTO;AMORTIGUADOR TRASERO;FORD;;MR01;378;V1;1;2;C29;FILTROS/RESPUESTOS;REPUESTOS;F-100;KG;ZPAS;1000093583;CUMPLIDO PARCIAL;;;14/8/2026;18/8/2026;2/9/2026;12/8/2026;;
00378 YPF – Oleoducto Cnel. Pringle;1003651;ZSTO;PASTILLAS DE FRENO;TOYOTA ARG;044650K401;MR01;378;V1;6;12;C29;FILTROS/RESPUESTOS;REPUESTOS;HILUX 2019;KG;ZPAS;1000093583;CUMPLIDO PARCIAL;;;14/8/2026;25/8/2026;2/9/2026;12/8/2026;;
00378 YPF – Oleoducto Cnel. Pringle;1001929;ZSTO;DISCO 178X4,8X22,23TYROLIT OASECUR XUN;TYROLIT;178X48X222;MR01;378;RE;80;80;C27;FERRETERIA MR01;FERRETERIA;ABRASIVOS/DISCOS;KG;ZPAN;1000093838;DESPACHADO;4500135996;20/8/2026;20/8/2026;25/8/2026;28/8/2026;17/8/2026;378;10157682
00378 YPF – Oleoducto Cnel. Pringle;1001682;ZSTO;MAMEL. 1°CAL. DESC. LAMIN.BLANCO 60GR.XL;;FABRICANTE:DUPONT | MODELO:TYVEK 500;MR01;378;RE;129;129;C28;SEGURIDAD/ROPA/EPP;SEGURIDAD;INDUMENTARIA;KG;ZPAS;1000093975;DESPACHADO;;;21/8/2026;25/8/2026;2/9/2026;19/8/2026;;
00378 YPF – Oleoducto Cnel. Pringle;1001686;ZSTO;ANTEOJO GRIS;LIBUS // 3M // MSA // STEELPRO;ECOLINEHC (MÚLT. 10U) // SECUREFIT SF202AF GRIS // MSA PERSPECTA SMOKE // STEELPRO SPY SMOKE;MR01;378;RE;253;253;C28;SEGURIDAD/ROPA/EPP;SEGURIDAD;ACCESORIO SEGURIDAD;KG;ZPAS;1000093975;DESPACHADO;;;21/8/2026;25/8/2026;2/9/2026;19/8/2026;;
00378 YPF – Oleoducto Cnel. Pringle;1001687;ZSTO;ANTEOJO INCOLORO;LIBUS // 3M // MSA // STEELPRO //;ECOLINEHC (MÚLT. 10U) // SECUREFIT SF201AF CLEAR // MSA PERSPECTA CLEAR // STEELPRO SPY CLEAR // DEPASCALE-UCU111B;MR01;378;RE;109;109;C28;SEGURIDAD/ROPA/EPP;SEGURIDAD;ACCESORIO SEGURIDAD;KG;ZPAS;1000093975;DESPACHADO;;;21/8/2026;25/8/2026;2/9/2026;19/8/2026;;
00378 YPF – Oleoducto Cnel. Pringle;1001697;ZSTO;GUANTE VAQUETA MEDIO PASEO T.10;;MÚLT. 12U;MR01;378;RE;282;282;C28;SEGURIDAD/ROPA/EPP;SEGURIDAD;GUANTE;KG;ZPAS;1000093975;SIN TRATAMIENTO;;;;;2/9/2026;19/8/2026;;
00378 YPF – Oleoducto Cnel. Pringle;1001699;ZSTO;CASCO CARCAZA BLANCO;LIBUS // 3M // MSA // STEELPRO //;MILENIUM // H-700 BLANCO // V-GARD BLANCO // STEELPRO SAFETY BLANCO // DEPASCALE-UCU1111PC;MR01;378;RE;29;29;C28;SEGURIDAD/ROPA/EPP;SEGURIDAD;ACCESORIO SEGURIDAD;KG;ZPAS;1000093975;DESPACHADO;;;21/8/2026;25/8/2026;2/9/2026;19/8/2026;;
00378 YPF – Oleoducto Cnel. Pringle;1001700;ZSTO;CASCO CARCAZA AMARILLO;LIBUS // 3M // MSA // STEELPRO //;MILENIUM // H-700 AMARILLO // V-GARD AMARILLO // STEELPRO SAFETY AMARILLO // DEPASCALE-UCU1112PC;MR01;378;RE;50;50;C28;SEGURIDAD/ROPA/EPP;SEGURIDAD;ACCESORIO SEGURIDAD;KG;ZPAS;1000093975;DESPACHADO;;;21/8/2026;25/8/2026;2/9/2026;19/8/2026;;
00378 YPF – Oleoducto Cnel. Pringle;1001702;ZSTO;GUANTE SOLDADOR COSTURA KEVLAR;;;MR01;378;RE;101;101;C28;SEGURIDAD/ROPA/EPP;SEGURIDAD;GUANTE;KG;ZPAS;1000093975;DESPACHADO PARCIAL;;;24/8/2026;25/8/2026;2/9/2026;19/8/2026;;
00378 YPF – Oleoducto Cnel. Pringle;1001709;ZSTO;CINTA PELIGRO 200 MT ROJA BLANCA NYLON;;;MR01;378;RE;5;5;C28;SEGURIDAD/ROPA/EPP;SEGURIDAD;SEÑALIZACION;KG;ZPAS;1000093975;DESPACHADO;;;21/8/2026;25/8/2026;2/9/2026;19/8/2026;;
00378 YPF – Oleoducto Cnel. Pringle;1001710;ZSTO;CINTA DEMARCAR PELIGRO ECOLOGICA;;;MR01;378;RE;20;20;C28;SEGURIDAD/ROPA/EPP;SEGURIDAD;SEÑALIZACION;KG;ZPAS;1000093975;DESPACHADO;;;21/8/2026;25/8/2026;2/9/2026;19/8/2026;;
00378 YPF – Oleoducto Cnel. Pringle;1001718;ZSTO;RODILLERA SOLDADOR;;;MR01;378;RE;10;10;C28;SEGURIDAD/ROPA/EPP;SEGURIDAD;ACCESORIO SEGURIDAD;KG;ZPAS;1000093975;DESPACHADO;;;21/8/2026;25/8/2026;2/9/2026;19/8/2026;;
00378 YPF – Oleoducto Cnel. Pringle;1001727;ZSTO;PROTECTOR AUDITIVO COPA P/CASCO;LIBUS // 3M // MSA // STEELPRO //;L300 // PELTOR X4P3E // LEFT/RIGHT CAP MOUNTED // CM-502 CASCO // DEPASCALE-NRR23 VERISHIELD VS110DH;MR01;378;RE;34;34;C28;SEGURIDAD/ROPA/EPP;SEGURIDAD;ACCESORIO SEGURIDAD;KG;ZPAS;1000093975;DESPACHADO;;;21/8/2026;25/8/2026;2/9/2026;19/8/2026;;
00378 YPF – Oleoducto Cnel. Pringle;1001743;ZSTO;BOTA GOMA P.ACERO N 39;;;MR01;378;RE;3;3;C28;SEGURIDAD/ROPA/EPP;SEGURIDAD;CALZADO;KG;ZPAS;1000093975;DESPACHADO;;;21/8/2026;25/8/2026;2/9/2026;19/8/2026;;
00378 YPF – Oleoducto Cnel. Pringle;1001745;ZSTO;BOTA GOMA P.ACERO N 41;;;MR01;378;RE;17;17;C28;SEGURIDAD/ROPA/EPP;SEGURIDAD;CALZADO;KG;ZPAS;1000093975;DESPACHADO;;;21/8/2026;25/8/2026;2/9/2026;19/8/2026;;
00378 YPF – Oleoducto Cnel. Pringle;1001746;ZSTO;BOTA GOMA P.ACERO N 42;;;MR01;378;RE;20;20;C28;SEGURIDAD/ROPA/EPP;SEGURIDAD;CALZADO;KG;ZPAS;1000093975;DESPACHADO;;;21/8/2026;25/8/2026;2/9/2026;19/8/2026;;
00378 YPF – Oleoducto Cnel. Pringle;1001747;ZSTO;BOTA GOMA P.ACERO N 43;;;MR01;378;RE;16;16;C28;SEGURIDAD/ROPA/EPP;SEGURIDAD;CALZADO;KG;ZPAS;1000093975;DESPACHADO;;;21/8/2026;25/8/2026;2/9/2026;19/8/2026;;
00378 YPF – Oleoducto Cnel. Pringle;1001868;ZSTO;FILMSTRECHMANUALXBOBINAx2,70KG;;MEDIDAS 0,50X200METROSX2;MR01;378;RE;17;17;C17;INSUMOS A;LIBRERIA;CINTAS ADHESIVAS;KG;ZPAS;1000093975;DESPACHADO;;;21/8/2026;25/8/2026;2/9/2026;19/8/2026;;
00378 YPF – Oleoducto Cnel. Pringle;1001871;ZSTO;RESMA DE HOJA A4 70GR. X UN;;;MR01;378;RE;40;40;C17;INSUMOS A;LIBRERIA;PAPEL;KG;ZPAS;1000093975;DESPACHADO;;;21/8/2026;25/8/2026;2/9/2026;19/8/2026;;
00378 YPF – Oleoducto Cnel. Pringle;1001877;ZSTO;CINTA EMBALAR MARRON 48MM X 100 MT;;;MR01;378;RE;24;24;C17;INSUMOS A;LIBRERIA;CINTAS ADHESIVAS;KG;ZPAS;1000093975;SIN TRATAMIENTO;;;;;2/9/2026;19/8/2026;;
00378 YPF – Oleoducto Cnel. Pringle;1001878;ZSTO;CINTA DE ENMASCARAR 48MM X ROLLO;SCOTCH;;MR01;378;RE;14;14;C17;INSUMOS A;LIBRERIA;CINTAS ADHESIVAS;KG;ZPAS;1000093975;DESPACHADO;;;21/8/2026;25/8/2026;2/9/2026;19/8/2026;;
00378 YPF – Oleoducto Cnel. Pringle;1001895;ZSTO;ALCOHOL LIQUIDO X LITRO;;;MR01;378;RE;14;14;C17;INSUMOS A;LIMPIEZA;ALCOHOL LIQUIDO;KG;ZPAS;1000093975;SIN TRATAMIENTO;;;;;2/9/2026;19/8/2026;;
00378 YPF – Oleoducto Cnel. Pringle;1001904;ZSTO;DETERGENTE X 5 LTS;;;MR01;378;RE;9;9;C17;INSUMOS A;LIMPIEZA;INSUMOS;KG;ZPAS;1000093975;DESPACHADO PARCIAL;;;21/8/2026;25/8/2026;2/9/2026;19/8/2026;;
00378 YPF – Oleoducto Cnel. Pringle;1001926;ZSTO;DISCO CORTE 114X3.2X22.23 TYROLIT S x UN;TYROLIT;114X32X222;MR01;378;RE;100;100;C27;FERRETERIA MR01;FERRETERIA;ABRASIVOS/DISCOS;KG;ZPAS;1000093975;DESPACHADO;;;21/8/2026;25/8/2026;2/9/2026;19/8/2026;;
00378 YPF – Oleoducto Cnel. Pringle;1001927;ZSTO;DISCO CORTE 178X1.6X22 SECUR EXTRA  x UN;TYROLIT;178X16X222;MR01;378;RE;320;320;C27;FERRETERIA MR01;FERRETERIA;ABRASIVOS/DISCOS;KG;ZPAS;1000093975;DESPACHADO;;;21/8/2026;25/8/2026;2/9/2026;19/8/2026;;
00378 YPF – Oleoducto Cnel. Pringle;1001931;ZSTO;DISCO LIJA ESMERIL 178x22 GRANO 36;;"C&#24;176GRADO36";MR01;378;RE;200;200;C27;FERRETERIA MR01;FERRETERIA;ABRASIVOS/DISCOS;KG;ZPAS;1000093975;DESPACHADO;;;21/8/2026;25/8/2026;2/9/2026;19/8/2026;;
00378 YPF – Oleoducto Cnel. Pringle;1001933;ZSTO;DISCO 114x1,6x222 REFORZADO x UN;TYROLIT;114X16X222;MR01;378;RE;71;71;C27;FERRETERIA MR01;FERRETERIA;ABRASIVOS/DISCOS;KG;ZPAS;1000093975;DESPACHADO;;;21/8/2026;25/8/2026;2/9/2026;19/8/2026;;
00378 YPF – Oleoducto Cnel. Pringle;1001934;ZSTO;DISCO C D O A 114X4.8X22.2 SECUR x UN;TYROLIT;114X48X222;MR01;378;RE;112;112;C27;FERRETERIA MR01;FERRETERIA;ABRASIVOS/DISCOS;KG;ZPAS;1000093975;DESPACHADO PARCIAL;;;21/8/2026;25/8/2026;2/9/2026;19/8/2026;;
00378 YPF – Oleoducto Cnel. Pringle;1001943;ZSTO;ADHESIVO CIANO 20 G XUN;CIANO;;MR01;378;RE;11;11;C27;FERRETERIA MR01;FERRETERIA;ADHESIVOS;KG;ZPAS;1000093975;DESPACHADO PARCIAL;;;21/8/2026;25/8/2026;2/9/2026;19/8/2026;;
00378 YPF – Oleoducto Cnel. Pringle;1001949;ZSTO;CANDADO 30MM XUN;;;MR01;378;RE;9;9;C27;FERRETERIA MR01;FERRETERIA;ACCESORIOS;KG;ZPAS;1000093975;DESPACHADO;;;21/8/2026;25/8/2026;2/9/2026;19/8/2026;;
00378 YPF – Oleoducto Cnel. Pringle;1001950;ZSTO;CANDADO 38-40MM XUN;;;MR01;378;RE;8;8;C27;FERRETERIA MR01;FERRETERIA;ACCESORIOS;KG;ZPAS;1000093975;DESPACHADO;;;21/8/2026;25/8/2026;2/9/2026;19/8/2026;;
00378 YPF – Oleoducto Cnel. Pringle;1001952;ZSTO;TRAPO LIMPIO (BOLSAX10KG) XUN;;MÚLT. 10 KG;MR01;378;RE;12;12;C27;FERRETERIA MR01;FERRETERIA;ACCESORIOS;KG;ZPAS;1000093975;DESPACHADO;;;21/8/2026;25/8/2026;2/9/2026;19/8/2026;;
00378 YPF – Oleoducto Cnel. Pringle;1001961;ZSTO;CINTA AISLADORA NEGRA X10MT;;;MR01;378;RE;25;25;C27;FERRETERIA MR01;FERRETERIA;INSUMOS;KG;ZPAS;1000093975;DESPACHADO;;;21/8/2026;25/8/2026;2/9/2026;19/8/2026;;
00378 YPF – Oleoducto Cnel. Pringle;1002071;ZSTO;CAMPERA DESCARNE T.XXXL;;;MR01;378;RE;13;13;C28;SEGURIDAD/ROPA/EPP;SEGURIDAD;INDUMENTARIA;KG;ZPAS;1000093975;DESPACHADO;;;21/8/2026;25/8/2026;2/9/2026;19/8/2026;;
00378 YPF – Oleoducto Cnel. Pringle;1001886;ZSTO;BOLSAS RESIDUOS XUN 102X130 AZUL;;;MR01;378;V1;70;100;C17;INSUMOS A;LIMPIEZA;LIMPIEZA /SEGURIDAD;KG;ZPAS;1000094033;DESPACHADO;;;21/8/2026;25/8/2026;9/9/2026;20/8/2026;;
00378 YPF – Oleoducto Cnel. Pringle;1001716;ZSTO;TAPON AUDITIVO;LIBUS // 3M // MSA // STEELPRO //;QUANTUM-REUSABLE (MÚLT. 50U) // ULTRAFIT UF-01-000 // MSA WAVEFIT // STEELPRO REUSABLE PLUG // DEPASCALE-UCU010T;MR01;378;V1;40;80;C28;SEGURIDAD/ROPA/EPP;SEGURIDAD;ACCESORIO SEGURIDAD;KG;ZPAS;1000094115;DESPACHADO;;;24/8/2026;25/8/2026;21/9/2026;21/8/2026;;
00378 YPF – Oleoducto Cnel. Pringle;1003026;ZSTO;FILTRO SEPARADOR DE AGUA;FLEETGUARD // FLEETGUARD // DONALDSON;FS19652 // FS1280 // P551329;MR01;378;V1;3;6;F13;FILTRO TRAMPA DE A;FILTROS;ONAN C66D5;KG;ZPAS;1000094115;DESPACHADO;;;24/8/2026;25/8/2026;21/9/2026;21/8/2026;;
00378 YPF – Oleoducto Cnel. Pringle;1003027;ZSTO;ELEMENTO FILTRO DE ACEITE;FLEETGUARD // No aplica // // BALDWIN //;LF16061 // P556615 // DBL7349 // B7362 // LF3806;MR01;378;V1;2;4;F03;FILTRO ACEITE;FILTROS;ONAN C66D5;KG;ZPAS;1000094115;DESPACHADO;;;24/8/2026;25/8/2026;21/9/2026;21/8/2026;;
00377-YPF 3° loop;1001804;ZSTO;GRASA LITIO LIMIT MO-2 (NEGRA) X 180 KG;YPF S.A. // YPF S.A. //;LIMIT MO-2 // 628793 // GADUS S2 V220;MR01;377;V1;1;2;L03;GRASAS;LUBRICANTES;GRASA;KG;ZPAS;1000089382;DESPACHADO;;;3/6/2026;9/6/2026;19/6/2026;1/6/2026;;
00377-YPF 3° loop;1001851;ZSTO;MOUSE INALAMBRICO;;MARCA: LOGITECH/MICROSOFT;MR01;377;V1;5;10;C05;INFORMÁT.-HARDWARE;INFORMATICA;HARDWARE;KG;ZPAS;1000089382;CUMPLIDO PARCIAL;;;3/6/2026;18/6/2026;19/6/2026;1/6/2026;;
00377-YPF 3° loop;1001877;ZSTO;CINTA EMBALAR MARRON 48MM X 100 MT;;;MR01;377;V1;13;25;C17;INSUMOS A;LIBRERIA;CINTAS ADHESIVAS;KG;ZPAS;1000089382;DESPACHADO;;;3/6/2026;9/6/2026;19/6/2026;1/6/2026;;
00377-YPF 3° loop;1002070;ZSTO;CAMPERA DESCARNE T.XXL;;;MR01;377;V1;15;25;C28;SEGURIDAD/ROPA/EPP;SEGURIDAD;INDUMENTARIA;KG;ZPAS;1000089382;DESPACHADO;;;3/6/2026;9/6/2026;19/6/2026;1/6/2026;;
00377-YPF 3° loop;1002838;ZSTO;FILTRO ACEITE;TOYOTA ARG // TOYOTA ARG;909152000300 // 90915YZZD2;MR01;377;V1;10;15;F03;FILTRO ACEITE;FILTROS;PARA HILUX;KG;ZPAS;1000089382;DESPACHADO;;;3/6/2026;9/6/2026;19/6/2026;1/6/2026;;
00377-YPF 3° loop;1003245;ZSTO;FILTRO DE AIRE PRIMARIO;VOLKSWAGEN // FRAMM // MANN;2S2129620 // CA-9369 // C21470;MR01;377;V1;2;4;F04;FILTRO AIRE;FILTROS;VW 13-180;KG;ZPAS;1000089382;DESPACHADO;;;3/6/2026;9/6/2026;19/6/2026;1/6/2026;;
00377-YPF 3° loop;1003365;ZSTO;FILTRO AIRE PRIMARIO;FLEETGUARD // KOMATSU HO // DONALDSON //;AF25667 // 6001854110 // P532966 // VP2740;MR01;377;V1;2;3;F04;FILTRO AIRE;FILTROS;FLEETGUARD;KG;ZPAS;1000089382;DESPACHADO;;;3/6/2026;9/6/2026;19/6/2026;1/6/2026;;
00377-YPF 3° loop;1003953;ZSTO;BATERIA 12V 75AMP;MOURA;M30LD;MR01;377;V1;3;4;C03;EQUIPOS;REPUESTOS;hilux 2017 en adelante;KG;ZPAS;1000089382;DESPACHADO;;;3/6/2026;9/6/2026;19/6/2026;1/6/2026;;
00377-YPF 3° loop;1001821;ZSTO;ACEITE 75W 90  X 20 LT;YPF S.A.;75W 90 ;MR01;377;V1;1;2;L01;ACEITES;LUBRICANTES;ACEITES;KG;ZPAS;1000089434;DESPACHADO;;;3/6/2026;9/6/2026;23/6/2026;2/6/2026;;
00377-YPF 3° loop;1001686;ZSTO;ANTEOJO GRIS;LIBUS // 3M // MSA // STEELPRO;ECOLINEHC (MÚLT. 10U) // SECUREFIT SF202AF GRIS // MSA PERSPECTA SMOKE // STEELPRO SPY SMOKE;MR01;377;V1;180;350;C28;SEGURIDAD/ROPA/EPP;SEGURIDAD;ACCESORIO SEGURIDAD;KG;ZPAS;1000089559;CUMPLIDO PARCIAL;;;4/6/2026;18/6/2026;24/6/2026;3/6/2026;;
00377-YPF 3° loop;1001787;ZSTO;ACEITE ISO 68 HIDRAULICO X 205L;YPF S.A. // YPF S.A.;BP68 // 135592;MR01;377;V1;1;2;L01;ACEITES;LUBRICANTES;ACEITES;KG;ZPAS;1000089559;DESPACHADO;;;4/6/2026;9/6/2026;24/6/2026;3/6/2026;;
00377-YPF 3° loop;1004038;ZSTO;LAMPARA 24V-21W P PAREJA XUN;;BA15S;MR01;377;V1;10;15;C29;FILTROS/RESPUESTOS;REPUESTOS;ELECTRICIDAD AUTOMOTOR;KG;ZPAS;1000089559;DESPACHADO;;;4/6/2026;9/6/2026;24/6/2026;3/6/2026;;
00377-YPF 3° loop;1001727;ZSTO;PROTECTOR AUDITIVO COPA P/CASCO;LIBUS // 3M // MSA // STEELPRO //;L300 // PELTOR X4P3E // LEFT/RIGHT CAP MOUNTED // CM-502 CASCO // DEPASCALE-NRR23 VERISHIELD VS110DH;MR01;377;V1;15;30;C28;SEGURIDAD/ROPA/EPP;SEGURIDAD;ACCESORIO SEGURIDAD;KG;ZPAS;1000089636;DESPACHADO;;;5/6/2026;9/6/2026;25/6/2026;4/6/2026;;
00377-YPF 3° loop;1002164;ZSTO;CORREA MOTOR VW 31-320 CONSTELATION XUN;CONTINENTA;8PK1980;MR01;377;V1;1;2;C29;FILTROS/RESPUESTOS;CORREAS;VW 31-320 CONSTELATION;KG;ZPAS;1000089636;DESPACHADO;;;5/6/2026;9/6/2026;25/6/2026;4/6/2026;;
00377-YPF 3° loop;1002322;ZSTO;TUERCA X UN;CATERPILLA;2J3506;MR01;377;V1;30;60;G05;AJUSTE;DESGASTE;CAT 980H, 140K;KG;ZPAS;1000089723;DESPACHADO;;;8/6/2026;9/6/2026;26/6/2026;5/6/2026;;
00377-YPF 3° loop;1027021;ZSTO;Aceite Caja de Engranaje 85W90 GL-5;VOLVO MAQU;BALDE DE 20LTS;MR01;377;V1;1;2;C29;FILTROS/RESPUESTOS;LUBRICANTES;?;KG;ZPAS;1000089723;DESPACHADO;;;8/6/2026;9/6/2026;26/6/2026;5/6/2026;;
00377-YPF 3° loop;1013681;ZSSD;MAMELUCO IGNIFUGO T.XL C/LOGO;;;MR01;377;V1;10;20;C28;SEGURIDAD/ROPA/EPP;SEGURIDAD;ROPA;KG;ZPAN;1000091398;ADJUDICADO;4500132490;;;;6/8/2026;6/7/2026;C28;10154001
00377-YPF 3° loop;1004308;ZSTO;ACEITE HIDRAULICO X 20LT;BECHEM SUD;ATF;MR01;377;V1;1;2;C29;FILTROS/RESPUESTOS;LUBRICANTES;LUBRICANTES;KG;ZPAS;1000092163;EMBALADO;;;25/8/2026;;7/8/2026;20/7/2026;;
00377-YPF 3° loop;1003026;ZSTO;FILTRO SEPARADOR DE AGUA;FLEETGUARD // FLEETGUARD // DONALDSON;FS19652 // FS1280 // P551329;MR01;377;V1;3;6;F13;FILTRO TRAMPA DE A;FILTROS;ONAN C66D5;KG;ZPAS;1000092481;CUMPLIDO PARCIAL;;;28/7/2026;4/8/2026;13/8/2026;24/7/2026;;
00377-YPF 3° loop;1003094;ZSTO;FILTRO DE DRENAJE BOMBA;VOLVO CONS // No aplica //;21392404 // 7632141111 // 20580233;MR01;377;V1;1;2;F07;FILTRO FLUIDO HIDR;FILTROS;VOLVO 330 // VOLVO FM460;KG;ZPAS;1000092481;DESPACHADO;;;28/7/2026;30/7/2026;13/8/2026;24/7/2026;;
00377-YPF 3° loop;1003119;ZSTO;FILTRO DE AIRE PRIMARIO;VOLVO MAQU;21436535;MR01;377;V1;2;4;F04;FILTRO AIRE;FILTROS;VOLVO 330;KG;ZPAS;1000092481;DESPACHADO;;;28/7/2026;30/7/2026;13/8/2026;24/7/2026;;
00377-YPF 3° loop;1003120;ZSTO;FILTRO DE COMBUSTIBLE;VOLVO CONS;22095097;MR01;377;V1;2;4;F06;FILTRO COMBUSTIBLE;FILTROS;VOLVO 330;KG;ZPAS;1000092481;DESPACHADO;;;28/7/2026;30/7/2026;13/8/2026;24/7/2026;;
00377-YPF 3° loop;1003121;ZSTO;FILTRO DE UREA;VOLVO CONS;82269261;MR01;377;V1;1;2;F09;FILTRO DE UREA;FILTROS;VOLVO 330;KG;ZPAS;1000092481;DESPACHADO;;;28/7/2026;30/7/2026;13/8/2026;24/7/2026;;
00377-YPF 3° loop;1003124;ZSTO;FILTRO DE TRANSMISION CAJA DE CAMBIOS;VOLVO CONS;21479106;MR01;377;V1;1;2;F03;FILTRO ACEITE;FILTROS;VOLVO 330;KG;ZPAS;1000092481;DESPACHADO;;;28/7/2026;30/7/2026;13/8/2026;24/7/2026;;
00377-YPF 3° loop;1003125;ZSTO;FILTRO SECADOR DE AIRE;VOLVO CONS;21620181;MR01;377;V1;2;3;F11;FILTRO SECADOR DE;FILTROS;VOLVO 330;KG;ZPAS;1000092481;DESPACHADO;;;28/7/2026;30/7/2026;13/8/2026;24/7/2026;;
00377-YPF 3° loop;1003164;ZSTO;FILTRO DE BOMBA SIST. UREA;VOLVO CONS;20877958;MR01;377;V1;1;2;F09;FILTRO DE UREA;FILTROS;VOLVO 330;KG;ZPAS;1000092481;DESPACHADO;;;28/7/2026;30/7/2026;13/8/2026;24/7/2026;;
00377-YPF 3° loop;1003169;ZSTO;FILTRO TRAMPA DE AGUA;SUDAMERICA // //;24226451 // 22752360 // 24226451;MR01;377;V1;2;4;F13;FILTRO TRAMPA DE A;FILTROS;VOLVO 330;KG;ZPAS;1000092481;DESPACHADO;;;28/7/2026;30/7/2026;13/8/2026;24/7/2026;;
00377-YPF 3° loop;1003213;ZSTO;ELEMENTO FILTRO DE ACEITE;FLEETGUARD // DONALDSON //;LF9028 // DBL7349 // P558615;MR01;377;V1;2;4;F03;FILTRO ACEITE;FILTROS;ONAN C 150 D5 4;KG;ZPAS;1000092481;DESPACHADO;;;28/7/2026;30/7/2026;13/8/2026;24/7/2026;;
00377-YPF 3° loop;1003241;ZSTO;MANN CF1651;MANN //;CF1651 // P750003;MR01;377;V1;2;3;F14;GENERICOS FILTROS;FILTROS;VOLVO 330;KG;ZPAS;1000092481;DESPACHADO;;;28/7/2026;30/7/2026;13/8/2026;24/7/2026;;
00377-YPF 3° loop;1013680;ZSSD;MAMELUCO IGNIFUGO T.L C/LOGO;;;MR01;377;V1;10;20;C28;SEGURIDAD/ROPA/EPP;SEGURIDAD;ROPA;KG;ZPAN;1000092484;CUMPLIDO PARCIAL;4500133963;25/8/2026;25/8/2026;25/8/2026;24/8/2026;24/7/2026;C28;10155643
00377-YPF 3° loop;1016914;ZSSD;PINCEL CERDA NB 10;;;MR01;377;V1;5;10;C22;INSUMOS C;FERRETERIA;INSUMOS;KG;ZPAN;1000093180;ADJUDICADO;4500135335;;;;5/9/2026;5/8/2026;C22;10156652
00377-YPF 3° loop;1013679;ZSSD;MAMELUCO IGNIFUGO T.M C/LOGO;;;MR01;377;V1;10;20;C28;SEGURIDAD/ROPA/EPP;SEGURIDAD;ROPA;KG;ZPAN;1000093408;ADJUDICADO;4500135842;;;;10/9/2026;10/8/2026;C28;10157042
00377-YPF 3° loop;1029480;ZSTO;CORREA B-45;;B-45 DUNLOP;MR01;377;V1;1;2;C29;FILTROS/RESPUESTOS;CORREAS;CAMIONES REGADORES;KG;ZPAN;1000093408;PICKEADO;4500135795;22/8/2026;22/8/2026;;10/9/2026;10/8/2026;C29;10157042
00377-YPF 3° loop;1001985;ZSTO;VIDRIOP CARETASOLDADOR50X105MMINCOLORO;;;MR01;377;V1;250;400;C27;FERRETERIA MR01;SOLDADURA;ACCESORIOS;KG;ZPAS;1000093458;CUMPLIDO PARCIAL;;;12/8/2026;;1/9/2026;11/8/2026;;
00377-YPF 3° loop;1017055;ZSSD;ZAPATILLA ELECTRICA 6 TOMAS C CABLE 3M;;DE 4 TOMAS;MR01;377;V1;4;8;C11;ELECTRICIDAD;ELECTRICIDAD;ACCESORIOS;KG;ZPAN;1000093655;ADJUDICADO;4500136132;;;;13/9/2026;13/8/2026;C11;10157434
00377-YPF 3° loop;1001706;ZSTO;GUANTE LATEX USO MEDICINAL CAJA X 100 UN;;;MR01;377;V1;3;6;C28;SEGURIDAD/ROPA/EPP;SEGURIDAD;GUANTE;KG;ZPAS;1000093779;CUMPLIDO PARCIAL;;;18/8/2026;;4/9/2026;14/8/2026;;
00377-YPF 3° loop;1001900;ZSTO;TRAPO DE PISO;;;MR01;377;V1;12;24;C17;INSUMOS A;LIMPIEZA;INSUMOS;KG;ZPAS;1000093881;SIN TRATAMIENTO;;;;;7/9/2026;18/8/2026;;
00377-YPF 3° loop;1003088;ZSTO;FILTRO AIRE;TOYOTA ARG // TOYOTA ARG;178010L04000 // 178010E030;MR01;377;V1;7;14;F04;FILTRO AIRE;FILTROS;HILUX 2017;KG;ZPAS;1000093881;CUMPLIDO PARCIAL;;;19/8/2026;;7/9/2026;18/8/2026;;
00377-YPF 3° loop;1027326;ZSSD;MATAFUEGO ABC X1KG;;;MR01;377;V1;5;10;C28;SEGURIDAD/ROPA/EPP;SEGURIDAD;INSUMOS;KG;ZPAS;1000093881;SIN TRATAMIENTO;;;;;7/9/2026;18/8/2026;;
00377-YPF 3° loop;1015844;ZSSD;PILA ALCALINA AA –ENERGIZER X UN;;;MR01;377;V1;16;32;C27;FERRETERIA MR01;FERRETERIA;INSUMOS;KG;ZPAN;1000093883;SIN TRATAMIENTO;;;;;18/9/2026;18/8/2026;;10157767
00377-YPF 3° loop;1016920;ZSSD;SOGA NAUTICA 12MM;;MÚLT. 100 MTS;MR01;377;V1;200;400;C27;FERRETERIA MR01;FERRETERIA;FERRETERIA;KG;ZPAN;1000093883;SIN TRATAMIENTO;;;;;18/9/2026;18/8/2026;;10157767
00377-YPF 3° loop;1001674;ZSTO;CLAVOS P.PARIS 1 XKG;;MÚLT. 30 KG;MR01;377;V1;5;10;C08;ACERO;ACEROS;CLAVOS;KG;ZPAS;1000093969;PICKEADO;;;21/8/2026;;8/9/2026;19/8/2026;;
00377-YPF 3° loop;1001815;ZSTO;AGUA DESMINERALIZADA X 20L;;;MR01;377;V1;7;14;L02;FLUIDOS;LUBRICANTES;ADITIVOS;KG;ZPAS;1000093969;PICKEADO;;;21/8/2026;;8/9/2026;19/8/2026;;
00377-YPF 3° loop;1001909;ZSTO;LUSTRAMUEBLES X360ML;;;MR01;377;V1;12;24;C17;INSUMOS A;LIMPIEZA;INSUMOS;KG;ZPAS;1000093969;PICKEADO;;;21/8/2026;;8/9/2026;19/8/2026;;
00377-YPF 3° loop;1002396;ZSTO;TRABA DE UNA;No aplica;KH23P // 206920B750;MR01;377;V1;10;16;G05;AJUSTE;DESGASTE;EXCAVADORA KOMATSU PC 240;KG;ZPAS;1000093969;PICKEADO;;;21/8/2026;;8/9/2026;19/8/2026;;
00377-YPF 3° loop;1003089;ZSTO;FILTRO DE CABINA;TOYOTA ARG;871390K080;MR01;377;V1;7;14;F05;FILTRO AIRE CABINA;FILTROS;HILUX 2017;KG;ZPAS;1000093969;PICKEADO;;;21/8/2026;;8/9/2026;19/8/2026;;
00377-YPF 3° loop;1004016;ZSTO;LAMPARA 12V-H1 55W X UN;;P145S;MR01;377;V1;10;15;C29;FILTROS/RESPUESTOS;REPUESTOS;ELECTRICIDAD AUTOMOTOR;KG;ZPAS;1000093969;PICKEADO;;;21/8/2026;;8/9/2026;19/8/2026;;
00377-YPF 3° loop;1016955;ZSSD;SOGA NAUTICA 10MM;;MÚLT. 100 MTS;MR01;377;V1;200;400;C27;FERRETERIA MR01;FERRETERIA;ACCESORIOS;KG;ZPAN;1000093970;SIN TRATAMIENTO;;;;;19/9/2026;19/8/2026;;10157940
00377-YPF 3° loop;1001684;ZSTO;DELANTALDESCARNE0.60X1.20CONREFUERZO;;;MR01;377;V1;20;30;C28;SEGURIDAD/ROPA/EPP;SEGURIDAD;INDUMENTARIA;KG;ZPAS;1000094030;PICKEADO;;;25/8/2026;;9/9/2026;20/8/2026;;
00377-YPF 3° loop;1001717;ZSTO;PROTECTOR FACIAL BURBUJA INCOLORO;LIBUS // 3M // MSA // STEELPRO //;901386 // VISOR WP96 + SOPORTE // MSA VISOR CLEAR // STEELPRO BURBUJA CLEAR // DEPASCALE-BILVEX 002121;MR01;377;V1;40;80;C28;SEGURIDAD/ROPA/EPP;SEGURIDAD;ACCESORIO SEGURIDAD;KG;ZPAS;1000094030;PICKEADO;;;25/8/2026;;9/9/2026;20/8/2026;;
00377-YPF 3° loop;1001867;ZSTO;MARCADOR INDUSTRIAL-BLANCOXUN;UNIPAINT;MÚLT. 10U;MR01;377;V1;37;60;C17;INSUMOS A;LIBRERIA;ESCRITURA;KG;ZPAS;1000094030;PICKEADO;;;21/8/2026;;9/9/2026;20/8/2026;;
00377-YPF 3° loop;1001869;ZSTO;MARCADORINDUSTRIAL-AMARILLOXUN;UNIPAINT;MÚLT. 10U;MR01;377;V1;21;40;C17;INSUMOS A;LIBRERIA;ESCRITURA;KG;ZPAS;1000094030;PICKEADO;;;21/8/2026;;9/9/2026;20/8/2026;;
00377-YPF 3° loop;1001879;ZSTO;CINTA DE ENMASCARAR 24 MM XROLLO;;;MR01;377;V1;11;21;C17;INSUMOS A;LIBRERIA;CINTAS ADHESIVAS;KG;ZPAS;1000094030;PICKEADO;;;21/8/2026;;9/9/2026;20/8/2026;;
00377-YPF 3° loop;1001881;ZSTO;MARCADOR INDUSTRIAL - ROJO UNIPAINT X UN;UNIPAINT;MÚLT. 10U;MR01;377;V1;25;48;C17;INSUMOS A;LIBRERIA;ESCRITURA;KG;ZPAS;1000094030;PICKEADO;;;21/8/2026;;9/9/2026;20/8/2026;;
00377-YPF 3° loop;1001927;ZSTO;DISCO CORTE 178X1.6X22 SECUR EXTRA  x UN;TYROLIT;178X16X222;MR01;377;V1;350;500;C27;FERRETERIA MR01;FERRETERIA;ABRASIVOS/DISCOS;KG;ZPAS;1000094030;PICKEADO;;;21/8/2026;;9/9/2026;20/8/2026;;
00377-YPF 3° loop;1004033;ZSTO;LAMPARA 24V-5W C CULOTE X UN;;BA15S;MR01;377;V1;10;15;C29;FILTROS/RESPUESTOS;REPUESTOS;ELECTRICIDAD AUTOMOTOR;KG;ZPAS;1000094030;PICKEADO;;;21/8/2026;;9/9/2026;20/8/2026;;
00377-YPF 3° loop;1013682;ZSSD;MAMELUCO IGNIFUGO T.XXL C/LOGO;;;MR01;377;V1;10;20;C28;SEGURIDAD/ROPA/EPP;SEGURIDAD;ROPA;KG;ZPAN;1000094031;ADJUDICADO;4500136296;;;;20/9/2026;20/8/2026;C28;10158045
00377-YPF 3° loop;1001682;ZSTO;MAMEL. 1°CAL. DESC. LAMIN.BLANCO 60GR.XL;;FABRICANTE:DUPONT | MODELO:TYVEK 500;MR01;377;V1;100;200;C28;SEGURIDAD/ROPA/EPP;SEGURIDAD;INDUMENTARIA;KG;ZPAS;1000094112;PICKEADO;;;25/8/2026;;10/9/2026;21/8/2026;;
00377-YPF 3° loop;1001902;ZSTO;PERFUMINA X 5 LTS;;;MR01;377;V1;5;10;C17;INSUMOS A;LIMPIEZA;INSUMOS;KG;ZPAS;1000094112;PICKEADO PARCIAL;;;25/8/2026;;10/9/2026;21/8/2026;;
00377-YPF 3° loop;1016919;ZSSD;LUBRICANTE MULTIUSO WD-40 440CC;;;MR01;377;V1;15;30;C27;FERRETERIA MR01;FERRETERIA;ADHESIVOS/SELLADORES/LUBRICANT;KG;ZPAN;1000094114;SIN TRATAMIENTO;;;;;21/9/2026;21/8/2026;;10158180
00377-YPF 3° loop;1017008;ZSSD;ADHESIVO SINTETICO 50GR;;VOLIGOMA;MR01;377;V1;10;20;C17;INSUMOS A;FERRETERIA;ADHESIVOS;KG;ZPAN;1000094114;SIN TRATAMIENTO;;;;;21/9/2026;21/8/2026;;10158180
00377-YPF 3° loop;1001675;ZSTO;CLAVOS P.PARIS 2 XKG;;MÚLT. 30 KG;MR01;377;V1;5;10;C08;ACERO;ACEROS;CLAVOS;KG;ZPAS;1000094240;SIN TRATAMIENTO;;;;;11/9/2026;24/8/2026;;
00377-YPF 3° loop;1001676;ZSTO;CLAVOS P.PARIS 2 1 2 XKG;;MÚLT. 30 KG;MR01;377;V1;5;10;C08;ACERO;ACEROS;CLAVOS;KG;ZPAS;1000094240;PICKEADO;;;25/8/2026;;11/9/2026;24/8/2026;;
00377-YPF 3° loop;1001710;ZSTO;CINTA DEMARCAR PELIGRO ECOLOGICA;;;MR01;377;V1;15;30;C28;SEGURIDAD/ROPA/EPP;SEGURIDAD;SEÑALIZACION;KG;ZPAS;1000094240;PICKEADO PARCIAL;;;25/8/2026;;11/9/2026;24/8/2026;;
00377-YPF 3° loop;1001962;ZSTO;CINTA AISLADORA ROJA X10MT;;;MR01;377;V1;10;20;C27;FERRETERIA MR01;FERRETERIA;INSUMOS;KG;ZPAS;1000094240;PICKEADO;;;25/8/2026;;11/9/2026;24/8/2026;;
00377-YPF 3° loop;1001987;ZSTO;ELECTRODO 3,25 MM X KG;CONARCO;AWS6010;MR01;377;V1;15;30;C27;FERRETERIA MR01;SOLDADURA;ELECTRODOS;KG;ZPAS;1000094240;PICKEADO;;;25/8/2026;;11/9/2026;24/8/2026;;
00377-YPF 3° loop;1002274;ZSTO;CUCHILLA 7′ X 8″ X 5/8″ X 3/4″;FERNANDEZ;7D1158;MR01;377;V1;3;6;C29;FILTROS/RESPUESTOS;DESGASTE;CAT 140K;KG;ZPAS;1000094240;PICKEADO;;;25/8/2026;;11/9/2026;24/8/2026;;
00377-YPF 3° loop;1002639;ZSTO;FILTRO DEPOSITO DIRECCION HIDRAULICA;CNH INDUST // DONALDSON // No aplica // No aplica;1902137 // P550309 // T1100145397 // V600;MR01;377;V1;2;3;F07;FILTRO FLUIDO HIDR;FILTROS;VOLVO 330 // VW26310/IVECO/26280-19360;KG;ZPAS;1000094240;PICKEADO;;;25/8/2026;;11/9/2026;24/8/2026;;
00377-YPF 3° loop;1003102;ZSTO;FILTRO DE COMBUSTIBLE;VOLKSWAGEN // HENGST // VOLKSWAGEN;2V5201512 // E422KP D98 // FF 5629;MR01;377;V1;4;6;F06;FILTRO COMBUSTIBLE;FILTROS;FILTROS;KG;ZPAS;1000094240;PICKEADO;;;25/8/2026;;11/9/2026;24/8/2026;;
00377-YPF 3° loop;1003341;ZSTO;FILTRO SECADOR AIRE;WABCO // FLEETGUARD // // HENGST //;4324100202 // AF27817 // P781466 // T250W // TB1374X;MR01;377;V1;2;4;F11;FILTRO SECADOR DE;FILTROS;VW (WACO);KG;ZPAS;1000094240;PICKEADO;;;25/8/2026;;11/9/2026;24/8/2026;;
00377-YPF 3° loop;1016303;ZSTO;Filtro Cartucho Combustible de linea Cau;RACORD //;2020SMA // P552020;MR01;377;V1;1;2;F06;FILTRO COMBUSTIBLE;FILTROS;CAT 950L;KG;ZPAS;1000094240;PICKEADO;;;25/8/2026;;11/9/2026;24/8/2026;;
00377-YPF 3° loop;1016304;ZSTO;Filtro Aceite Motor;VOLKSWAGEN // VOLKSWAGEN;61.05504-0131 // 07W115436C;MR01;377;V1;2;4;F03;FILTRO ACEITE;FILTROS;CAT 950L;KG;ZPAS;1000094240;PICKEADO;;;25/8/2026;;11/9/2026;24/8/2026;;
00377-YPF 3° loop;1017974;ZSTO;LIMPIACONTACTOS AEROSOL X240ML;;440CC 350G DELTA;MR01;377;V1;5;10;C27;FERRETERIA MR01;INSUMOS;INFORMATICA;KG;ZPAS;1000094240;PICKEADO;;;25/8/2026;;11/9/2026;24/8/2026;;
00377-YPF 3° loop;1018604;ZSTO;FILTRO LINEA HIDRAULICA;DONALDSON;P550252;MR01;377;V1;1;2;F07;FILTRO FLUIDO HIDR;FILTROS;PLATAFORMA DE MANTENIMIENTO VE;KG;ZPAS;1000094240;PICKEADO;;;25/8/2026;;11/9/2026;24/8/2026;;
00377-YPF 3° loop;1029358;ZSTO;CORREA MOTOR;;07W903137;MR01;377;V1;1;2;C03;EQUIPOS;CORREAS;?;KG;ZPAS;1000094240;SIN TRATAMIENTO;;;;;11/9/2026;24/8/2026;;
00377-YPF 3° loop;1026177;ZSTO;PULLEY SUB-ASSY (16603-0C013);TOYOTA ARG;16603-0C013;MR01;377;V1;3;6;C03;EQUIPOS;REPUESTOS;TOYOTA HILUX;KG;ZPAN;1000094242;SIN TRATAMIENTO;;;;;24/9/2026;24/8/2026;;10158368
00377-YPF 3° loop;1001964;ZSTO;CINTA AISLADORA BLANCA;;;MR01;377;V1;15;30;C27;FERRETERIA MR01;FERRETERIA;INSUMOS;KG;ZPAS;1000094317;SIN TRATAMIENTO;;;;;14/9/2026;25/8/2026;;
00377-YPF 3° loop;1004020;ZSTO;LAMPARA 12V-H4 P43T X UN;;P43T38;MR01;377;V1;10;15;C29;FILTROS/RESPUESTOS;REPUESTOS;ELECTRICIDAD AUTOMOTOR;KG;ZPAS;1000094317;SIN TRATAMIENTO;;;;;14/9/2026;25/8/2026;;
00377-YPF 3° loop;1004030;ZSTO;LAMPARA 24V-5W S CULOTE XUN;;PHILIPS-OSRAM;MR01;377;V1;10;15;C29;FILTROS/RESPUESTOS;REPUESTOS;ELECTRICIDAD AUTOMOTOR;KG;ZPAS;1000094317;SIN TRATAMIENTO;;;;;14/9/2026;25/8/2026;;
00377-YPF 3° loop;1009472;ZSTO;GUANTE VAQUETA MEDIO PASEO-FORRADO X PAR;;TALLE 10;MR01;377;V1;100;200;C28;SEGURIDAD/ROPA/EPP;SEGURIDAD;INDUMENTARIA;KG;ZPAS;1000094317;SIN TRATAMIENTO;;;;;14/9/2026;25/8/2026;;
00377-YPF 3° loop;1017003;ZSSD;BATERIA 9V;;;MR01;377;V1;5;10;C27;FERRETERIA MR01;FERRETERIA;BATERIAS;KG;ZPAN;1000094319;SIN TRATAMIENTO;;;;;25/9/2026;25/8/2026;;10158485
00223 Comp Amb Santa Fe;1001673;ZSTO;ALAMBRE 1.42MM NEGRO RECOCIDO P ATAR XKG;;MÚLT. 45/50 KG;MR01;223;V1;30;68;C08;ACERO;ACEROS;ALAMBRES;KG;SIN PEDIDO;;;;;;;;;;
00223 Comp Amb Santa Fe;1001744;ZSTO;BOTA GOMA P.ACERO N 40;;;MR01;223;V1;2;3;C28;SEGURIDAD/ROPA/EPP;SEGURIDAD;CALZADO;KG;SIN PEDIDO;;;;;;;;;;
00223 Comp Amb Santa Fe;1001745;ZSTO;BOTA GOMA P.ACERO N 41;;;MR01;223;V1;2;3;C28;SEGURIDAD/ROPA/EPP;SEGURIDAD;CALZADO;KG;SIN PEDIDO;;;;;;;;;;
00223 Comp Amb Santa Fe;1001747;ZSTO;BOTA GOMA P.ACERO N 43;;;MR01;223;V1;2;3;C28;SEGURIDAD/ROPA/EPP;SEGURIDAD;CALZADO;KG;SIN PEDIDO;;;;;;;;;;
00223 Comp Amb Santa Fe;1001748;ZSTO;BOTA GOMA P.ACERO N 44;;;MR01;223;V1;2;3;C28;SEGURIDAD/ROPA/EPP;SEGURIDAD;CALZADO;KG;SIN PEDIDO;;;;;;;;;;
00223 Comp Amb Santa Fe;1001757;ZSTO;BOTIN MARRON/NEGRO FLOR P.ACERO N 41;CONWORK // BORIS // VORAN // CALZADOS A // // //;53BAF // 3305 T41 // CRONOS N T41 // ESCORPIO PRUS 1050 T41 // RINGO MOD BOLT TALLE 41 // RINGO-MOD PUNCH TALLE 41 // SKIWAY MOD. 3243 T41;MR01;223;V1;1;2;C28;SEGURIDAD/ROPA/EPP;SEGURIDAD;CALZADO;KG;SIN PEDIDO;;;;;;;;;;
00223 Comp Amb Santa Fe;1001760;ZSTO;BOTINMARRON/NEGRO FLOR P.ACERO N 44;CONWORK // BORIS // VORAN // CALZADOS A // //;53BAF // 3305 T44 // CRONOS N T44 // ESCORPIO PRUS 1050 T44 // RINGO MOD BOLT TALLE 44 // RINGO-MOD PUNCH TALLE 44;MR01;223;V1;2;3;C28;SEGURIDAD/ROPA/EPP;SEGURIDAD;CALZADO;KG;SIN PEDIDO;;;;;;;;;;
00223 Comp Amb Santa Fe;1001767;ZSTO;ZAPATILLA P.ACERO N 43;FUNCIONAL // CONWORK // VORAN;LANDERBROWN // 655ZA N43 // ENERGY N43;MR01;223;V1;1;2;C28;SEGURIDAD/ROPA/EPP;SEGURIDAD;CALZADO;KG;SIN PEDIDO;;;;;;;;;;
00223 Comp Amb Santa Fe;1001791;ZSTO;ACEITE SAE 30 X 205L;YPF S.A. // YPF S.A. // YPF S.A.;151692 // FT SUPER 30 TR;MR01;223;V1;1;2;L01;ACEITES;LUBRICANTES;ACEITES;KG;SIN PEDIDO;;;;;;;;;;
00223 Comp Amb Santa Fe;1001796;ZSTO;ACEITE MOTOR 2T X 1 LT;;;MR01;223;V1;1;2;C27;FERRETERIA MR01;LUBRICANTES;ACEITES;KG;SIN PEDIDO;;;;;;;;;;
00223 Comp Amb Santa Fe;1001801;ZSTO;ACEITE 80W X 205L;M-LUBE;GXA;MR01;223;V1;1;2;L01;ACEITES;LUBRICANTES;ACEITES;KG;SIN PEDIDO;;;;;;;;;;
00223 Comp Amb Santa Fe;1001805;ZSTO;GRASA PARA RODAMIENTO X1KG;SKF // SHELL PLC. //;LGWA2MA // GADAUS S2 V220 2 // MOBILGREASE MP;MR01;223;V1;1;2;L03;GRASAS;LUBRICANTES;GRASA;KG;SIN PEDIDO;;;;;;;;;;
00223 Comp Amb Santa Fe;1001823;ZSTO;ACEITE F50 5W40 X 20 L;ELAION // YPF S.A. // ELAION;F50 5W40 // 151792 // FS540;MR01;223;V1;1;2;L01;ACEITES;LUBRICANTES;AMAROK-HILUX;KG;SIN PEDIDO;;;;;;;;;;
00223 Comp Amb Santa Fe;1001842;ZSTO;PROTECTOR P CAMARA 12.00;;;MR01;223;V1;4;9;C52;CAMARAS;CUBIERTAS;CUBIERTAS;KG;SIN PEDIDO;;;;;;;;;;
00223 Comp Amb Santa Fe;1002009;ZSTO;CAMISA JEAN T.56 C LOGO;;;MR01;223;V1;2;3;C28;SEGURIDAD/ROPA/EPP;ROPA;INDUMENTARIA;KG;SIN PEDIDO;;;;;;;;;;
00223 Comp Amb Santa Fe;1002017;ZSTO;PANTALON JEAN T.50;;;MR01;223;V1;2;3;C28;SEGURIDAD/ROPA/EPP;ROPA;INDUMENTARIA;KG;SIN PEDIDO;;;;;;;;;;
00223 Comp Amb Santa Fe;1002018;ZSTO;PANTALON JEAN T.52;;;MR01;223;V1;1;2;C28;SEGURIDAD/ROPA/EPP;ROPA;INDUMENTARIA;KG;SIN PEDIDO;;;;;;;;;;
00223 Comp Amb Santa Fe;1002022;ZSTO;PANTALON JEAN T.60;;;MR01;223;V1;1;2;C28;SEGURIDAD/ROPA/EPP;ROPA;INDUMENTARIA;KG;SIN PEDIDO;;;;;;;;;;
00223 Comp Amb Santa Fe;1002046;ZSTO;CAMISETA PRIMERA PIEL T.XL;;;MR01;223;V1;1;2;C28;SEGURIDAD/ROPA/EPP;SEGURIDAD;INDUMENTARIA;KG;SIN PEDIDO;;;;;;;;;;
00223 Comp Amb Santa Fe;1002086;ZSTO;TRAJE DE LLUVIA T.L;;;MR01;223;V1;2;3;C28;SEGURIDAD/ROPA/EPP;ROPA;INDUMENTARIA;KG;SIN PEDIDO;;;;;;;;;;
00223 Comp Amb Santa Fe;1002090;ZSTO;CAPA DE LLUVIA T.XL;;;MR01;223;V1;1;2;C28;SEGURIDAD/ROPA/EPP;ROPA;INDUMENTARIA;KG;SIN PEDIDO;;;;;;;;;;
00223 Comp Amb Santa Fe;1002515;ZSTO;FILTRO ACEITE XUN;JOHN DEERE // JOHN DEERE //;RE521420 // DZ101884 // DZ118283;MR01;223;V1;1;2;F03;FILTRO ACEITE;FILTROS;JD 850J;KG;SIN PEDIDO;;;;;;;;;;
00223 Comp Amb Santa Fe;1002529;ZSTO;FILTRO HIDRAULICO DE RETORNO XUN;JOHN DEERE // JOHN DEERE;AT335977 // AT545968;MR01;223;V1;2;3;F07;FILTRO FLUIDO HIDR;FILTROS;JD 544K;KG;SIN PEDIDO;;;;;;;;;;
00223 Comp Amb Santa Fe;1002541;ZSTO;FILTRO DE LINEA XUN;JOHN DEERE;AT101565;MR01;223;V1;1;2;F04;FILTRO AIRE;FILTROS;JOHN DEERE;KG;SIN PEDIDO;;;;;;;;;;
00223 Comp Amb Santa Fe;1002546;ZSTO;FILTRO HIDRAULICO;JOHN DEERE //;AT308274 // AT367840;MR01;223;V1;1;2;F04;FILTRO AIRE;FILTROS;FILTROS;KG;SIN PEDIDO;;;;;;;;;;
00223 Comp Amb Santa Fe;1002547;ZSTO;FILTRO HIDRAULICO X UN;CATERPILLA // CATERPILLA;1262081 // 1799806;MR01;223;V1;1;2;F07;FILTRO FLUIDO HIDR;FILTROS;CAT 336 DLME, 390;KG;SIN PEDIDO;;;;;;;;;;
00223 Comp Amb Santa Fe;1002566;ZSTO;FILTRO LINEA COMBUSTIBLE;FLEETGUARD // FLEETGUARD // FLEETGUARD // FLEETGUARD // DONALDSON //;FF5079 // 4080720 // FF5006 // FS5288 // P550090 // P550974;MR01;223;V1;2;3;F07;FILTRO FLUIDO HIDR;FILTROS;FILTROS;KG;SIN PEDIDO;;;;;;;;;;
00223 Comp Amb Santa Fe;1002569;ZSTO;FILTRO RESPIRADERO TANQUE HIDRAULICO XUN;JOHN DEERE;AM39653;MR01;223;V1;2;3;F04;FILTRO AIRE;FILTROS;JD 544K;KG;SIN PEDIDO;;;;;;;;;;
00223 Comp Amb Santa Fe;1002606;ZSTO;FILTRO COMBUSTIBLE X UN;JOHN DEERE;AT365869;MR01;223;V1;1;2;F06;FILTRO COMBUSTIBLE;FILTROS;JD 850J;KG;SIN PEDIDO;;;;;;;;;;
00223 Comp Amb Santa Fe;1002607;ZSTO;FILTRO RETORNO ACEITE HIDRAULICO;JOHN DEERE;T175002;MR01;223;V1;1;2;F07;FILTRO FLUIDO HIDR;FILTROS;JD 850J;KG;SIN PEDIDO;;;;;;;;;;
00223 Comp Amb Santa Fe;1002612;ZSTO;FILTRO AIRE JOHN DEERE;JOHN DEERE // No aplica // JOHN DEERE;AL177184 // 119095 // AL225552;MR01;223;V1;2;3;F04;FILTRO AIRE;FILTROS;JD 6615;KG;SIN PEDIDO;;;;;;;;;;
00223 Comp Amb Santa Fe;1002705;ZSTO;FILTRO AIRE XUN;CATERPILLA;6I2502;MR01;223;V1;1;2;F04;FILTRO AIRE;FILTROS;FILTROS;KG;SIN PEDIDO;;;;;;;;;;
00223 Comp Amb Santa Fe;1002727;ZSTO;FILTRO AIRE CABINA XUN;KOMATSU HO // DONALDSON;17M9113530 // P500138;MR01;223;V1;1;2;F05;FILTRO AIRE CABINA;FILTROS;KMS 155AX6;KG;SIN PEDIDO;;;;;;;;;;
00223 Comp Amb Santa Fe;1002738;ZSTO;Filtro Aceite Motor;FLEETGUARD // DONALDSON;LF3345 // P558616;MR01;223;RE;2;2;F03;FILTRO ACEITE;FILTROS;ONAN 40DGCA;KG;SIN PEDIDO;;;;;;;;;;
00223 Comp Amb Santa Fe;1002740;ZSTO;FILTRO HIDRAULICO;CATERPILLA;937521;MR01;223;V1;1;2;F07;FILTRO FLUIDO HIDR;FILTROS;CAT 330;KG;SIN PEDIDO;;;;;;;;;;
00223 Comp Amb Santa Fe;1002746;ZSTO;UNIDAD SELLO FILTRO HIDRAULICO;CATERPILLA;5I8670;MR01;223;V1;1;2;C29;FILTROS/RESPUESTOS;FILTROS;CAT 330;KG;SIN PEDIDO;;;;;;;;;;
00223 Comp Amb Santa Fe;1002766;ZSTO;FILTRO COMBUSTIBLE;KOMATSU HO // //;4216035170 // AF4167 // P502574;MR01;223;V1;1;2;F06;FILTRO COMBUSTIBLE;FILTROS;WA600;KG;SIN PEDIDO;;;;;;;;;;
00223 Comp Amb Santa Fe;1002807;ZSTO;FILTRO;MANN // MANN;V733S // CF 600;MR01;223;RE;2;2;C29;FILTROS/RESPUESTOS;FILTROS;GRUPO ELECTROGENO ONAN 40-DG;KG;SIN PEDIDO;;;;;;;;;;
00223 Comp Amb Santa Fe;1002838;ZSTO;FILTRO ACEITE;TOYOTA ARG // TOYOTA ARG;909152000300 // 90915YZZD2;MR01;223;V1;2;3;F03;FILTRO ACEITE;FILTROS;PARA HILUX;KG;SIN PEDIDO;;;;;;;;;;
00223 Comp Amb Santa Fe;1002873;ZSTO;FILTRO DE AIRE;DARMET;V733;MR01;223;RE;2;2;F04;FILTRO AIRE;FILTROS;GRUPO ELECTROGENO ONAN 40-DG;KG;SIN PEDIDO;;;;;;;;;;
00223 Comp Amb Santa Fe;1002889;ZSTO;FILTRO COMBUSTIBLE;BOMAG GMBH // HIFI FILTE;5717961 // SN909110;MR01;223;V1;1;2;F06;FILTRO COMBUSTIBLE;FILTROS;BOMAG;KG;SIN PEDIDO;;;;;;;;;;
00223 Comp Amb Santa Fe;1002901;ZSTO;FILTRO ACEITE;FLEETGUARD // DONALDSON // KOMATSU HO;LF9009 // P553000 // 6742014540;MR01;223;V1;1;2;F03;FILTRO ACEITE;FILTROS;VW 31-320 - 19360;KG;SIN PEDIDO;;;;;;;;;;
00223 Comp Amb Santa Fe;1002908;ZSTO;FILTRO TRANSIMISION HIDRAULICO XUN;JOHN DEERE;AT367635;MR01;223;V1;1;2;F07;FILTRO FLUIDO HIDR;FILTROS;JD 524;KG;SIN PEDIDO;;;;;;;;;;
00223 Comp Amb Santa Fe;1002922;ZSTO;FILTRO ACEITE TRANSMISIÓN DIFERENCIAL;JOHN DEERE;AT335492;MR01;223;V1;1;2;F03;FILTRO ACEITE;FILTROS;JD 644K, 544K;KG;SIN PEDIDO;;;;;;;;;;
00223 Comp Amb Santa Fe;1002923;ZSTO;FILTRO COMBUSTIBLE;BOMAG GMBH // DONALDSON;5716779 // P554620;MR01;223;V1;1;2;F06;FILTRO COMBUSTIBLE;FILTROS;BW24RH;KG;SIN PEDIDO;;;;;;;;;;
00223 Comp Amb Santa Fe;1003026;ZSTO;FILTRO SEPARADOR DE AGUA;FLEETGUARD // FLEETGUARD // DONALDSON;FS19652 // FS1280 // P551329;MR01;223;V1;1;2;F13;FILTRO TRAMPA DE A;FILTROS;ONAN C66D5;KG;SIN PEDIDO;;;;;;;;;;
00223 Comp Amb Santa Fe;1003057;ZSTO;ELEMENTO FILTRO DE AIRE PRIMARIO;JOHN DEERE;AT175223;MR01;223;V1;1;2;F04;FILTRO AIRE;FILTROS;MOTONIVELADORA JD 770 G;KG;SIN PEDIDO;;;;;;;;;;
00223 Comp Amb Santa Fe;1003058;ZSTO;KIT FILTRO COMBUSTIBLE COMPLETO;JOHN DEERE // JOHN DEERE;RE525523 // RE52090652323;MR01;223;V1;1;2;F06;FILTRO COMBUSTIBLE;FILTROS;MOTONIVELADORA JD 770 G;KG;SIN PEDIDO;;;;;;;;;;
00223 Comp Amb Santa Fe;1003087;ZSTO;FILTRO COMBUSTIBLE;TOYOTA ARG //;233900L07000 // 233900L100;MR01;223;V1;1;2;F06;FILTRO COMBUSTIBLE;FILTROS;HILUX 2017;KG;SIN PEDIDO;;;;;;;;;;
00223 Comp Amb Santa Fe;1003088;ZSTO;FILTRO AIRE;TOYOTA ARG // TOYOTA ARG;178010L04000 // 178010E030;MR01;223;V1;1;2;F04;FILTRO AIRE;FILTROS;HILUX 2017;KG;SIN PEDIDO;;;;;;;;;;
00223 Comp Amb Santa Fe;1003089;ZSTO;FILTRO DE CABINA;TOYOTA ARG;871390K080;MR01;223;V1;1;2;F05;FILTRO AIRE CABINA;FILTROS;HILUX 2017;KG;SIN PEDIDO;;;;;;;;;;
00223 Comp Amb Santa Fe;1003094;ZSTO;FILTRO DE DRENAJE BOMBA;VOLVO CONS // No aplica //;21392404 // 7632141111 // 20580233;MR01;223;V1;1;2;F07;FILTRO FLUIDO HIDR;FILTROS;VOLVO 330 // VOLVO FM460;KG;SIN PEDIDO;;;;;;;;;;
00223 Comp Amb Santa Fe;1003125;ZSTO;FILTRO SECADOR DE AIRE;VOLVO CONS;21620181;MR01;223;V1;1;2;F11;FILTRO SECADOR DE;FILTROS;VOLVO 330;KG;SIN PEDIDO;;;;;;;;;;
00223 Comp Amb Santa Fe;1003126;ZSTO;FILTRO SECADO DE AIRE;VOLVO CONS // VOLVO CONS // VOLVO CONS //;21412848 // 22223804 // 23260134 // 23690622;MR01;223;V1;2;3;F11;FILTRO SECADOR DE;FILTROS;VOLVO FM460;KG;SIN PEDIDO;;;;;;;;;;
00223 Comp Amb Santa Fe;1003138;ZSTO;FILTRO DE COMBUSTIBLE;KOMATSU HO // KOMATSU HO;6003193750 // 6003113750;MR01;223;V1;1;2;F06;FILTRO COMBUSTIBLE;FILTROS;KOMATSU PC 200-8;KG;SIN PEDIDO;;;;;;;;;;
00223 Comp Amb Santa Fe;1003139;ZSTO;FILTRO HIDRAULICO;KOMATSU HO;2076071183;MR01;223;V1;1;2;F07;FILTRO FLUIDO HIDR;FILTROS;KOMATSU PC 200-8;KG;SIN PEDIDO;;;;;;;;;;
00223 Comp Amb Santa Fe;1003233;ZSTO;FILTRO HIDRAULICO VENTILACION;KOMATSU HO;22B6011160;MR01;223;V1;1;2;F07;FILTRO FLUIDO HIDR;FILTROS;KOM D155 AX-6;KG;SIN PEDIDO;;;;;;;;;;
00223 Comp Amb Santa Fe;1003246;ZSTO;FILTRO DE TANQUE HIDRAULICO;REMOLQUES // HIFI FILTE;14896990 // SH 93214;MR01;223;V1;1;2;F07;FILTRO FLUIDO HIDR;FILTROS;VOLCADORA OMBU;KG;SIN PEDIDO;;;;;;;;;;
00223 Comp Amb Santa Fe;1003276;ZSTO;FILTRO TANQUE HIDRAULICO;PARKER // No aplica //;921999 // K22001 // P551551;MR01;223;V1;1;2;F07;FILTRO FLUIDO HIDR;FILTROS;VOLCADORA MILICIC // VOLVO 330;KG;SIN PEDIDO;;;;;;;;;;
00223 Comp Amb Santa Fe;1003302;ZSTO;FILTRO ACEITE CAJA DE CAMBIO;VOLVO CONS // VOLVO CONS;20779040 // 24283117;MR01;223;V1;1;2;F03;FILTRO ACEITE;FILTROS;VOLVO 460 FMX;KG;SIN PEDIDO;;;;;;;;;;
00223 Comp Amb Santa Fe;1003359;ZSTO;FILTRO DE AIRE PRIMARIO;KOMATSU HO //;2A59791551 // AF55884;MR01;223;V1;1;2;F10;FILTRO HVAC;FILTROS;KOMATSU PC 200-8;KG;SIN PEDIDO;;;;;;;;;;
00223 Comp Amb Santa Fe;1016537;ZSTO;KIT FILTRO DE AIRE PRIMARIO Y SECUNDARIO;KOMATSU HO // DARMET;6001855100 // VP-3722 + VP-3723;MR01;223;V1;1;2;F04;FILTRO AIRE;FILTROS;PC2000;KG;SIN PEDIDO;;;;;;;;;;
00314 CASA Olavarría;1001916;ZSTO;FRANELA;;;MR01;314;V1;17;30;C17;INSUMOS A;LIMPIEZA;INSUMOS;KG;SIN PEDIDO;;;;;;;;;;
00314 CASA Olavarría;1015779;ZSSD;CIF EN CREMA X 900 CC;;;MR01;314;V1;4;8;C17;INSUMOS A;LIMPIEZA;LIMPIEZA /SEGURIDAD;KG;SIN PEDIDO;;;;;;;;;;
00314 CASA Olavarría;1015788;ZSSD;DESODORANTE LÍQUIDO PARA PISO X 5 LTS;;;MR01;314;V1;13;23;C17;INSUMOS A;LIMPIEZA;LIMPIEZA /SEGURIDAD;KG;SIN PEDIDO;;;;;;;;;;
00314 CASA Olavarría;1027149;ZSSD;DISCO FLAP TYROLIT 115x22 GRANO 80;;;MR01;314;V1;8;15;C27;FERRETERIA MR01;FERRETERIA;?;KG;SIN PEDIDO;;;;;;;;;;
00314 CASA Olavarría;1001795;ZSTO;ACEITE 85W140 X 205L;YPF S.A. // YPF S.A.;85W140 // 123192;MM01;26;RE;1;2;L01;ACEITES;LUBRICANTES;ACEITES;KG;SIN PEDIDO;;;;;;;;;;
00314 CASA Olavarría;1001801;ZSTO;ACEITE 80W X 205L;M-LUBE;GXA;MM01;26;RE;1;2;L01;ACEITES;LUBRICANTES;ACEITES;KG;SIN PEDIDO;;;;;;;;;;
00314 CASA Olavarría;1002101;ZSTO;CORREA ALTERNADOR STRAL;CNH // CNH;5801361410 // 500341810;MM01;26;RE;1;2;C03;EQUIPOS;CORREAS;AUTOMOTOR;KG;SIN PEDIDO;;;;;;;;;;
00314 CASA Olavarría;1002113;ZSTO;CORREA DISTRIBUCION ORIG TORRE WACK;;WAN5000155697;MM01;26;RE;1;2;C29;FILTROS/RESPUESTOS;CORREAS;TORRE ILUMINACION DAYCO113;KG;SIN PEDIDO;;;;;;;;;;
00314 CASA Olavarría;1002114;ZSTO;CORREA ALTERNADOR 850MM ORIG;LOMBARDINI;WAN5200002703;MM01;26;RE;1;2;C29;FILTROS/RESPUESTOS;CORREAS;TORRE WACKER;KG;SIN PEDIDO;;;;;;;;;;
00314 CASA Olavarría;1002164;ZSTO;CORREA MOTOR VW 31-320 CONSTELATION XUN;CONTINENTA;8PK1980;MM01;26;RE;1;2;C29;FILTROS/RESPUESTOS;CORREAS;VW 31-320 CONSTELATION;KG;SIN PEDIDO;;;;;;;;;;
00314 CASA Olavarría;1002186;ZSTO;CORREA VENTILADOR;VOLVO CONS;VOE20459311;MM01;26;RE;1;2;C29;FILTROS/RESPUESTOS;CORREAS;VOLVO EC 480D;KG;SIN PEDIDO;;;;;;;;;;
00314 CASA Olavarría;1002204;ZSTO;CORREA ALTERNADOR;;3032915 // AV 13X890;MM01;26;RE;1;2;C03;EQUIPOS;CORREAS;HIMOINSA LTA 8 V LED;KG;SIN PEDIDO;;;;;;;;;;
00314 CASA Olavarría;1002211;ZSTO;CORREA VENTILADOR;;10PK1448-20712530 // 10PK1448-24635977;MM01;26;RE;1;2;C29;FILTROS/RESPUESTOS;CORREAS;PLATAFORMA DE MANTENIMIENTO VE;KG;SIN PEDIDO;;;;;;;;;;
00314 CASA Olavarría;1002212;ZSTO;CORREA DE ALTERNADOR;CATERPILLA // No aplica //;8PK1537 // 22275091 // 8PK1535 // 8PK-1540;MM01;26;RE;1;2;C29;FILTROS/RESPUESTOS;CORREAS;PLATAFORMA DE MANTENIMIENTO VE;KG;SIN PEDIDO;;;;;;;;;;
00314 CASA Olavarría;1002217;ZSTO;CORREA;VOLVO CONS;VOE22281893;MM01;26;RE;1;2;C29;FILTROS/RESPUESTOS;CORREAS;VOLVO EC 480D;KG;SIN PEDIDO;;;;;;;;;;
00314 CASA Olavarría;1002339;ZSTO;PUNTA DAEMO CONICA X UN (GRUESA MART G;DAEMO ENGI;B36312140000;MM01;26;V1;1;2;C29;FILTROS/RESPUESTOS;DESGASTE;DAEMO 300;KG;SIN PEDIDO;;;;;;;;;;
00314 CASA Olavarría;1003381;ZSTO;PICO AUTOMATICODEDESPACHDECOMBUSTIBLE3 4;;;MM01;26;RE;1;2;C13;FERRETERÍA MM01;REPUESTOS;?;KG;SIN PEDIDO;;;;;;;;;;
00314 CASA Olavarría;1003428;ZSTO;TENSOR CORREA AUXILIAR;TOYOTA ARG // TOYOTA ARG;166200L02000K // 1662030031;MM01;26;RE;1;2;C29;FILTROS/RESPUESTOS;REPUESTOS;HILUX;KG;SIN PEDIDO;;;;;;;;;;
00314 CASA Olavarría;1003429;ZSTO;POLEA CORREA AUXILIAR;TOYOTA ARG;884400K172;MM01;26;RE;1;2;C29;FILTROS/RESPUESTOS;REPUESTOS;HILUX 3.0 2010;KG;SIN PEDIDO;;;;;;;;;;
00314 CASA Olavarría;1003433;ZSTO;BOMBA DE AGUA;TOYOTA ARG;16100-69357;MM01;26;RE;1;2;C29;FILTROS/RESPUESTOS;REPUESTOS;HILUX 3.0 2010;KG;SIN PEDIDO;;;;;;;;;;
00314 CASA Olavarría;1003456;ZSTO;INTERRUPTOR;CNH INDUST;41200567FI;MM01;26;RE;1;2;C29;FILTROS/RESPUESTOS;REPUESTOS;LUZ INTER. E TECH TRAKKER;KG;SIN PEDIDO;;;;;;;;;;
00314 CASA Olavarría;1003460;ZSTO;LLAVE TECLA BALIZA;CNH;500388626;MM01;26;RE;1;2;C29;FILTROS/RESPUESTOS;REPUESTOS;IVECO TRAKKER T380;KG;SIN PEDIDO;;;;;;;;;;
00314 CASA Olavarría;1003461;ZSTO;TUBO GOMA INFERIOR RADIADOR;CNH INDUST //;41270112 // 5801693272;MM01;26;RE;1;2;C29;FILTROS/RESPUESTOS;REPUESTOS;IVECO TRAKKER T380;KG;SIN PEDIDO;;;;;;;;;;
00314 CASA Olavarría;1003470;ZSTO;VALVULA OLEOHIDRAULICA N 1799 XUN;;;MM01;26;RE;1;2;C29;FILTROS/RESPUESTOS;REPUESTOS;CAJA VOLCADORA;KG;SIN PEDIDO;;;;;;;;;;
00314 CASA Olavarría;1003502;ZSTO;RODAMIENTO BLINDADO DE VOLANTE;SKF;63052RS1;MM01;26;RE;1;2;C29;FILTROS/RESPUESTOS;REPUESTOS;SKF;KG;SIN PEDIDO;;;;;;;;;;
00314 CASA Olavarría;1003504;ZSTO;TOMA FUERZA NEUM. MULT. C PLATO;TER APLICA;ZF16s1301650;MM01;26;RE;1;2;C29;FILTROS/RESPUESTOS;REPUESTOS;VW 31-320;KG;SIN PEDIDO;;;;;;;;;;
00314 CASA Olavarría;1003511;ZSTO;EXTREMO DE DIRECCION;CNH;4833829;MM01;26;RE;1;2;C29;FILTROS/RESPUESTOS;REPUESTOS;IVECO TRACKKER;KG;SIN PEDIDO;;;;;;;;;;
00314 CASA Olavarría;1003512;ZSTO;EXTREMO DE DIRECCION;CNH;4833830;MM01;26;RE;1;2;C29;FILTROS/RESPUESTOS;REPUESTOS;IVECO TRACKKER;KG;SIN PEDIDO;;;;;;;;;;
00314 CASA Olavarría;1003565;ZSTO;RETEN CORTECO;CORTECO //;12011379B // 40000690;MM01;26;RE;1;2;C29;FILTROS/RESPUESTOS;REPUESTOS;IVECO TRAKKER T380;KG;SIN PEDIDO;;;;;;;;;;
00314 CASA Olavarría;1003661;ZSTO;O-RING (G);DAEMO ENGI;0070010500G;MM01;26;RE;1;2;C29;FILTROS/RESPUESTOS;REPUESTOS;DAEMO B180, B210, B250, B300;KG;SIN PEDIDO;;;;;;;;;;
00314 CASA Olavarría;1003665;ZSTO;WASHER NORD LOCK;DAEMO ENGI;015E1024000;MM01;26;RE;1;2;C29;FILTROS/RESPUESTOS;REPUESTOS;DAEMO B180, B210, B250, B300;KG;SIN PEDIDO;;;;;;;;;;
00314 CASA Olavarría;1003680;ZSTO;DAMPERSIDE;DAEMO ENGI;B00081221;MM01;26;RE;1;2;C29;FILTROS/RESPUESTOS;REPUESTOS;DAEMO B250, B300;KG;SIN PEDIDO;;;;;;;;;;
00314 CASA Olavarría;1003689;ZSTO;COVERFRONT;DAEMO ENGI;B30610040;MM01;26;RE;1;2;C29;FILTROS/RESPUESTOS;REPUESTOS;DAEMO B300;KG;SIN PEDIDO;;;;;;;;;;
00314 CASA Olavarría;1003692;ZSTO;HELI COLI;DAEMO ENGI;019B10300270;MM01;26;RE;1;2;C29;FILTROS/RESPUESTOS;REPUESTOS;DAEMO B300;KG;SIN PEDIDO;;;;;;;;;;
00314 CASA Olavarría;1003742;ZSTO;COUMPLING SCREW;DAEMO ENGI;00605A0000002;MM01;26;RE;1;2;C29;FILTROS/RESPUESTOS;REPUESTOS;DAEMO B-Series;KG;SIN PEDIDO;;;;;;;;;;
00314 CASA Olavarría;1003751;ZSTO;CORREA;KOMATSU HO;6245-61-3360;MM01;26;RE;1;2;C29;FILTROS/RESPUESTOS;REPUESTOS;D465-7EO;KG;SIN PEDIDO;;;;;;;;;;
00314 CASA Olavarría;1003773;ZSTO;SENSOR;KOMATSU HO;ND499000-6160;MM01;26;RE;1;2;C29;FILTROS/RESPUESTOS;REPUESTOS;D465-7EO;KG;SIN PEDIDO;;;;;;;;;;
00314 CASA Olavarría;1003786;ZSTO;SENSOR;KOMATSU HO;566-88-66141;MM01;26;RE;1;2;C29;FILTROS/RESPUESTOS;REPUESTOS;D465-7EO;KG;SIN PEDIDO;;;;;;;;;;
00314 CASA Olavarría;1003814;ZSTO;LAMPARA;KOMATSU HO;561-86-87410;MM01;26;RE;1;2;C29;FILTROS/RESPUESTOS;REPUESTOS;D465-7EO;KG;SIN PEDIDO;;;;;;;;;;
00314 CASA Olavarría;1003824;ZSTO;ESPEJO;KOMATSU HO;23W-P86-2890;MM01;26;RE;1;2;C29;FILTROS/RESPUESTOS;REPUESTOS;D465-7EO;KG;SIN PEDIDO;;;;;;;;;;
00314 CASA Olavarría;1003825;ZSTO;VIDRIO DE CABINA;KOMATSU HO;581-06-16431;MM01;26;RE;1;2;C29;FILTROS/RESPUESTOS;REPUESTOS;D465-7EO;KG;SIN PEDIDO;;;;;;;;;;
00314 CASA Olavarría;1003832;ZSTO;RETEN MAZA TRASERA (SEC) TRAKKER 380;CNH;42127773;MM01;26;RE;1;2;C29;FILTROS/RESPUESTOS;REPUESTOS;IVECO;KG;SIN PEDIDO;;;;;;;;;;
00314 CASA Olavarría;1004070;ZSTO;HOJA DE LIMPIA PARABRISA;VOLVO CONS;VOE11205856;MM01;26;RE;1;2;C29;FILTROS/RESPUESTOS;REPUESTOS;VOLVO EC 480D;KG;SIN PEDIDO;;;;;;;;;;
00314 CASA Olavarría;1004071;ZSTO;TERMOSTATO;VOLVO CONS;VOE21412639;MM01;26;RE;1;2;C29;FILTROS/RESPUESTOS;REPUESTOS;VOLVO EC 480D;KG;SIN PEDIDO;;;;;;;;;;
00314 CASA Olavarría;1004242;ZSTO;FUNDA BUTACA-BUTACA CUERINA NEGRA;;PARA MODELO TOYOTA HILUX 2019/2024;MM01;26;RE;1;2;C29;FILTROS/RESPUESTOS;REPUESTOS;HILUX 2019 // TOYOTA HILUX;KG;SIN PEDIDO;;;;;;;;;;
00314 CASA Olavarría;1004266;ZSTO;KIT EMBRAGUE;CNH // CNH;5801291663 // 500055485;MM01;26;RE;1;2;C29;FILTROS/RESPUESTOS;REPUESTOS;IVECO TRAKKER T380;KG;SIN PEDIDO;;;;;;;;;;
00314 CASA Olavarría;1004282;ZSTO;KIT SELLO MARTILLO;DAEMO ENGI;B36680041;MM01;26;RE;1;2;C29;FILTROS/RESPUESTOS;REPUESTOS;DAEMO B300;KG;SIN PEDIDO;;;;;;;;;;
00314 CASA Olavarría;1004459;ZSTO;EXTREMO DIRECCION IZQ/DER XUN;CATERPILLA;1313736;MM01;26;RE;1;2;C29;FILTROS/RESPUESTOS;REPUESTOS;CAT;KG;SIN PEDIDO;;;;;;;;;;
00314 CASA Olavarría;1004605;ZSTO;CORTADOR CENTRAL;;2571782;MM01;26;RE;1;2;C29;FILTROS/RESPUESTOS;DESGASTE;DESGASTE;KG;SIN PEDIDO;;;;;;;;;;
00314 CASA Olavarría;1013372;ZSCD;1141452030-JUNTA;;;MM01;26;RE;1;2;C29;FILTROS/RESPUESTOS;REPUESTOS;HITACHI 870;KG;SIN PEDIDO;;;;;;;;;;
00314 CASA Olavarría;1013409;ZSCD;21296849 SENSORES ABS DEL;;;MM01;26;RE;1;2;C29;FILTROS/RESPUESTOS;REPUESTOS;VOLVO FM460-L260H;KG;SIN PEDIDO;;;;;;;;;;
00314 CASA Olavarría;1013476;ZSCD;4653861-JUEGO DE RETENES;;;MM01;26;RE;1;2;C29;FILTROS/RESPUESTOS;REPUESTOS;HITACHI 870;KG;SIN PEDIDO;;;;;;;;;;
00314 CASA Olavarría;1013478;ZSCD;4709228-COMPRESOR;;;MM01;26;RE;1;2;C29;FILTROS/RESPUESTOS;REPUESTOS;HITACHI 870;KG;SIN PEDIDO;;;;;;;;;;
00314 CASA Olavarría;1013522;ZSCD;ACEITE DIFERENCIALES VOLVO97312 x 205LTS;SHELL PLC.;SPIRAX S6 GXME 75W90;MM01;26;RE;1;2;C29;FILTROS/RESPUESTOS;LUBRICANTES;LUBRICANTES;KG;SIN PEDIDO;;;;;;;;;;
00314 CASA Olavarría;1013528;ZSCD;CONTROL FYA00016095 (EX FYA00016270) XUN;;;MM01;26;RE;1;2;C29;FILTROS/RESPUESTOS;REPUESTOS;HITACHI 870;KG;SIN PEDIDO;;;;;;;;;;
00314 CASA Olavarría;1013540;ZSCD;INTERRUPTOR-1831610330;;;MM01;26;RE;1;2;C29;FILTROS/RESPUESTOS;REPUESTOS;HITACHI 870;KG;SIN PEDIDO;;;;;;;;;;
00314 CASA Olavarría;1013541;ZSCD;INTERRUPTOR-4477373;;;MM01;26;RE;1;2;C29;FILTROS/RESPUESTOS;REPUESTOS;HITACHI 870;KG;SIN PEDIDO;;;;;;;;;;
00314 CASA Olavarría;1013543;ZSCD;JUNTA-1137430361;;;MM01;26;RE;1;2;C29;FILTROS/RESPUESTOS;REPUESTOS;HITACHI 870;KG;SIN PEDIDO;;;;;;;;;;
00314 CASA Olavarría;1013544;ZSCD;JUNTA-1141451870;;;MM01;26;RE;1;2;C29;FILTROS/RESPUESTOS;REPUESTOS;HITACHI 870;KG;SIN PEDIDO;;;;;;;;;;
00314 CASA Olavarría;1013547;ZSCD;RELE-1825530391;;;MM01;26;RE;1;2;C29;FILTROS/RESPUESTOS;REPUESTOS;HITACHI 870;KG;SIN PEDIDO;;;;;;;;;;
00314 CASA Olavarría;1013550;ZSCD;RELE-8943795431;;;MM01;26;RE;1;2;C29;FILTROS/RESPUESTOS;REPUESTOS;HITACHI 870;KG;SIN PEDIDO;;;;;;;;;;
00314 CASA Olavarría;1013552;ZSCD;SENSOR-1815107131;;;MM01;26;RE;1;2;C29;FILTROS/RESPUESTOS;REPUESTOS;HITACHI 870;KG;SIN PEDIDO;;;;;;;;;;
00314 CASA Olavarría;1013559;ZSCD;UNIDAD DE CONTROL BASICO-FYA00011104;;;MM01;26;RE;1;2;C29;FILTROS/RESPUESTOS;REPUESTOS;KOMATSU HD465-7E1;KG;SIN PEDIDO;;;;;;;;;;
00314 CASA Olavarría;1013560;ZSCD;VALVE,RELIEF -4469380;;;MM01;26;RE;1;2;C29;FILTROS/RESPUESTOS;REPUESTOS;HITACHI 870;KG;SIN PEDIDO;;;;;;;;;;
00314 CASA Olavarría;1013578;ZSSD;FUSIBLE PLANO 10AMP. XUN;;;MM01;26;V1;8;15;C29;FILTROS/RESPUESTOS;REPUESTOS;ELECTRICIDAD AUTOMOTOR;KG;SIN PEDIDO;;;;;;;;;;
00314 CASA Olavarría;1013583;ZSSD;MINIFUSIBLE PLANO 15 AMP. XUN;;;MM01;26;V1;8;15;C29;FILTROS/RESPUESTOS;REPUESTOS;ELECTRICIDAD AUTOMOTOR;KG;SIN PEDIDO;;;;;;;;;;
00314 CASA Olavarría;1016078;ZSTO;CORREA MOTOR;CATERPILLA;2198689;MM01;26;RE;1;2;C29;FILTROS/RESPUESTOS;CORREAS;VOLVO EC 480D;KG;SIN PEDIDO;;;;;;;;;;
00314 CASA Olavarría;1016434;ZSTO;Kit Correa y Tensores;VOLVO MAQU // // //;20002072 // 20712530+22275091 // 22696301+21479276+21919687 // 22696301+21479276+24201573;MM01;26;RE;1;2;C03;EQUIPOS;REPUESTOS;VOLVO FM460;KG;SIN PEDIDO;;;;;;;;;;
00314 CASA Olavarría;1016436;ZSTO;Bomba de Direccion;VOLVO MAQU;24060142000;MM01;26;RE;1;2;C29;FILTROS/RESPUESTOS;REPUESTOS;VOLVO FM460;KG;SIN PEDIDO;;;;;;;;;;
00314 CASA Olavarría;1017809;ZSSD;CORREA POLI-V;;198-3611;MM01;26;RE;1;2;C29;FILTROS/RESPUESTOS;CORREAS;CAT 140K;KG;SIN PEDIDO;;;;;;;;;;
00314 CASA Olavarría;1017829;ZSSD;VISCOSO;;24017079;MM01;26;RE;1;2;C03;EQUIPOS;REPUESTOS;VOLVO;KG;SIN PEDIDO;;;;;;;;;;
00314 CASA Olavarría;1022036;ZSTO;CORREA;ONAN;8PK-1430;MM01;26;RE;1;2;C29;FILTROS/RESPUESTOS;REPUESTOS;ONAN C 150 D5 4;KG;SIN PEDIDO;;;;;;;;;;
00314 CASA Olavarría;1022592;ZSTO;DEPOSITO REFRIGERANTE;;22821828;MM01;26;RE;1;2;C03;EQUIPOS;REPUESTOS;VOLVO;KG;SIN PEDIDO;;;;;;;;;;
00314 CASA Olavarría;1022760;ZSTO;CONJUNTO PASADOR;;425-0275;MM01;26;RE;1;2;C03;EQUIPOS;REPUESTOS;CAT;KG;SIN PEDIDO;;;;;;;;;;
00314 CASA Olavarría;1024638;ZSTO;STARTER SWITCH;;14526158;MM01;26;RE;1;2;C03;EQUIPOS;REPUESTOS;VOLVO EC 480D;KG;SIN PEDIDO;;;;;;;;;;
00314 CASA Olavarría;1024751;ZSTO;TAPA TANQUE COMB.;;349-7059;MM01;26;RE;1;1;C03;EQUIPOS;REPUESTOS;CAT;KG;SIN PEDIDO;;;;;;;;;;
00314 CASA Olavarría;1027112;ZSTO;COMPRESOR A/C;VOLVO TRUC;84472607;MM01;26;RE;1;2;C03;EQUIPOS;REPUESTOS;VOLVO 460 FMX;KG;SIN PEDIDO;;;;;;;;;;
00314 CASA Olavarría;1027114;ZSTO;KIT DE EMBRAGUE FMX 460;;20002083 // KIT(2341664-23417523-24157502-1652986) // KIT(23491400-23441664-1652986-23417523);MM01;26;RE;1;2;C03;EQUIPOS;REPUESTOS;CAMION VOLVO FMX 460;KG;SIN PEDIDO;;;;;;;;;;
00314 CASA Olavarría;1027554;ZSSD;"escobilla bufalo c20 plus 500mm 20""";;;MM01;26;CL;1;1;C29;FILTROS/RESPUESTOS;REPUESTOS;IVECO;KG;SIN PEDIDO;;;;;;;;;;
00314 CASA Olavarría;1028721;ZSTO;TUBO AGUA COMPR STRALIS TRAKKER;;5801582266;MM01;26;RE;1;1;C03;EQUIPOS;REPUESTOS;IVECO STRALIS;KG;SIN PEDIDO;;;;;;;;;;
00314 CASA Olavarría;1029359;ZSTO;CORREA A/A;;07W145933;MM01;26;RE;1;1;C03;EQUIPOS;CORREAS;?;KG;SIN PEDIDO;;;;;;;;;;
00314 CASA Olavarría;1033158;ZSTO;BASE DE FILTRO CON BOMBIN;;VOE21023287;MM01;26;RE;1;1;C29;FILTROS/RESPUESTOS;REPUESTOS;?;KG;SIN PEDIDO;;;;;;;;;;
00314 CASA Olavarría;1034469;ZSTO;MANGUERA SUPERIOR DE RADIADOR;;5801693271;MM01;26;RE;1;2;C03;EQUIPOS;REPUESTOS;?;KG;SIN PEDIDO;;;;;;;;;;
00314 CASA Olavarría;1034630;ZSTO;FLEXIBLE;;20992763;MM01;26;RE;1;2;C03;EQUIPOS;REPUESTOS;VOLVO FM460;KG;SIN PEDIDO;;;;;;;;;;
00314 CASA Olavarría;1034645;ZSTO;VOLANTE DE INERCIA;;21630898;MM01;26;RE;1;2;C03;EQUIPOS;REPUESTOS;VOLVO FM460;KG;SIN PEDIDO;;;;;;;;;;
00314 CASA Olavarría;1034646;ZSTO;ELECTROVALVULA EMBRAGUE;;22327072;MM01;26;RE;1;2;C03;EQUIPOS;REPUESTOS;VOLVO FM460;KG;SIN PEDIDO;;;;;;;;;;
00314 CASA Olavarría;1034682;ZSTO;COMPRESOR A/A TRAKKER 410T;;540385146;MM01;26;RE;1;2;C03;EQUIPOS;REPUESTOS;IVECO;KG;SIN PEDIDO;;;;;;;;;;
00314 CASA Olavarría;1034930;ZSTO;SENSOR DE TRAMPA DE AGUA;;382-2001;MM01;26;RE;1;1;C03;EQUIPOS;;;KG;SIN PEDIDO;;;;;;;;;;
00314 CASA Olavarría;1035250;ZSCD;GRASA COBREADA BOMBEABLE X 23 KG.;M-LUBE;ROCK 11565;MM01;26;RE;1;2;L01;ACEITES;LUBRICANTES;PERFORADORA EPIROC;KG;SIN PEDIDO;;;;;;;;;;
00314 CASA Olavarría;1035260;ZSTO;MANGUERA FRENOS;;22938292;MM01;26;RE;1;2;C03;EQUIPOS;REPUESTOS;VOLVO FM460;KG;SIN PEDIDO;;;;;;;;;;
00314 CASA Olavarría;1035264;ZSTO;COMPRESOR 988H;;218-0324;MM01;26;RE;1;2;C03;EQUIPOS;REPUESTOS;CAT 988 H;KG;SIN PEDIDO;;;;;;;;;;
00314 CASA Olavarría;1035453;ZSTO;MOTOR LIMPIAPARABRISAS (V480);;VOE14675537;MM01;26;RE;1;2;C03;EQUIPOS;REPUESTOS;VOLVO EC 480D;KG;SIN PEDIDO;;;;;;;;;;
00314 CASA Olavarría;1035682;ZSTO;ALZA CRISTAL IZQUIERDO;;56B-54-14351;MM01;26;RE;1;2;C03;EQUIPOS;REPUESTOS;KOMATSU HD785;KG;SIN PEDIDO;;;;;;;;;;
00314 CASA Olavarría;1035684;ZSTO;MOTOR LIMPIAPARABRISAS;;56B-54-13220;MM01;26;RE;1;2;C03;EQUIPOS;REPUESTOS;KOMATSU HD785;KG;SIN PEDIDO;;;;;;;;;;
00314 CASA Olavarría;1036372;ZSTO;VARILLA MEDICION DE ACEITE MOTOR;;616-6274;MM01;26;RE;1;1;C03;EQUIPOS;REPUESTOS;?;KG;SIN PEDIDO;;;;;;;;;;
00314 CASA Olavarría;1036503;ZSTO;ACTUADOR;;VOE 14523019;MM01;26;RE;1;2;C03;EQUIPOS;REPUESTOS;?;KG;SIN PEDIDO;;;;;;;;;;
00314 CASA Olavarría;1036576;ZSTO;CILINDRO ASIENTO;;370-8065;MM01;26;RE;1;1;C03;EQUIPOS;REPUESTOS;CAT;KG;SIN PEDIDO;;;;;;;;;;
00314 CASA Olavarría;1036706;ZSSD;"BROCA T51 89MM 3 1/2"" RETRACTIL";;90510341;MM01;26;V1;5;9;C29;FILTROS/RESPUESTOS;DESGASTE;ATLAS COPCO ROC F9-11;KG;SIN PEDIDO;;;;;;;;;;
00314 CASA Olavarría;1042215;ZSTO;CILINDRO COLUMNA DIRECCION CAT 775;;332-7047;MM01;26;RE;1;1;C03;EQUIPOS;REPUESTOS;?;KG;SIN PEDIDO;;;;;;;;;;
00314 CASA Olavarría;1046441;ZSTO;BALANCÍN (ALTA);;VOE 11428010;MM01;26;RE;1;2;C03;EQUIPOS;REPUESTOS;?;KG;SIN PEDIDO;;;;;;;;;;
00314 CASA Olavarría;1046952;ZSTO;BLANCIN;;VOE 11428146;MM01;26;RE;1;2;C03;EQUIPOS;REPUESTOS;?;KG;SIN PEDIDO;;;;;;;;;;
00314 CASA Olavarría;1049388;ZSTO;525-1929;;525-1929;MM01;26;RE;1;2;C03;EQUIPOS;REPUESTOS;CAT;KG;SIN PEDIDO;;;;;;;;;;
00314 CASA Olavarría;1049393;ZSTO;BOMBA DE IMPLEMENTO;;485-9673;MM01;26;RE;1;1;C03;EQUIPOS;REPUESTOS;?;KG;SIN PEDIDO;;;;;;;;;;
00314 CASA Olavarría;1049394;ZSTO;BOMBA DE FRENO ;;594-0989;MM01;26;RE;1;1;C03;EQUIPOS;REPUESTOS;?;KG;SIN PEDIDO;;;;;;;;;;
00314 CASA Olavarría;1049866;ZSTO;TECLA COMANDO DE LUCES;;251-3539;MM01;26;RE;1;1;C03;EQUIPOS;REPUESTOS;CAT;KG;SIN PEDIDO;;;;;;;;;;
00314 CASA Olavarría;1049867;ZSTO;VALVULA DE ALIVIO;;316-0072;MM01;26;RE;1;1;C03;EQUIPOS;REPUESTOS;CAT;KG;SIN PEDIDO;;;;;;;;;;
00314 CASA Olavarría;1050448;ZSTO;BASE DE FILTRO;;354-8811;MM01;26;RE;1;1;C03;EQUIPOS;REPUESTOS;?;KG;SIN PEDIDO;;;;;;;;;;
00314 CASA Olavarría;1056786;ZSTO;VÁLVULA DE ALIVIO;;316-0073;MM01;26;RE;1;1;C03;EQUIPOS;REPUESTOS;CAT;KG;SIN PEDIDO;;;;;;;;;;
00314 CASA Olavarría;1057944;ZSTO;RADIADOR;;51141-10430;MM01;26;RE;1;1;C03;EQUIPOS;REPUESTOS;KOMATSU;KG;SIN PEDIDO;;;;;;;;;;
00314 CASA Olavarría;1058439;ZSTO;CUBIERTA 24.00 R35;MICHELIN A;XTRA LOAD GRIP;MM01;26;V1;6;12;C50;CUBIERTAS MINERIA;;;KG;SIN PEDIDO;;;;;;;;;;
00341 Mov. Suelos San Luis;1001686;ZSTO;ANTEOJO GRIS;LIBUS // 3M // MSA // STEELPRO;ECOLINEHC (MÚLT. 10U) // SECUREFIT SF202AF GRIS // MSA PERSPECTA SMOKE // STEELPRO SPY SMOKE;MR01;341;V1;96;120;C28;SEGURIDAD/ROPA/EPP;SEGURIDAD;ACCESORIO SEGURIDAD;KG;SIN PEDIDO;;;;;;;;;;
00341 Mov. Suelos San Luis;1001700;ZSTO;CASCO CARCAZA AMARILLO;LIBUS // 3M // MSA // STEELPRO //;MILENIUM // H-700 AMARILLO // V-GARD AMARILLO // STEELPRO SAFETY AMARILLO // DEPASCALE-UCU1112PC;MR01;341;V1;6;8;C28;SEGURIDAD/ROPA/EPP;SEGURIDAD;ACCESORIO SEGURIDAD;KG;SIN PEDIDO;;;;;;;;;;
00341 Mov. Suelos San Luis;1001879;ZSTO;CINTA DE ENMASCARAR 24 MM XROLLO;;;MR01;341;V1;4;6;C17;INSUMOS A;LIBRERIA;CINTAS ADHESIVAS;KG;SIN PEDIDO;;;;;;;;;;
00341 Mov. Suelos San Luis;1001985;ZSTO;VIDRIOP CARETASOLDADOR50X105MMINCOLORO;;;MR01;341;V1;1;2;C27;FERRETERIA MR01;SOLDADURA;ACCESORIOS;KG;SIN PEDIDO;;;;;;;;;;
00341 Mov. Suelos San Luis;1002004;ZSTO;CAMISA JEAN T.46 C LOGO;;;MR01;341;V1;3;5;C28;SEGURIDAD/ROPA/EPP;ROPA;INDUMENTARIA;KG;SIN PEDIDO;;;;;;;;;;
00341 Mov. Suelos San Luis;1002061;ZSTO;CAMPERA ABRIGO T. XXXL ROJA CON LOGO;No aplica;CON REFLECTIVO T. XXXL;MR01;341;V1;2;3;C28;SEGURIDAD/ROPA/EPP;ROPA;INDUMENTARIA;KG;SIN PEDIDO;;;;;;;;;;
00341 Mov. Suelos San Luis;1016910;ZSSD;CINTA METRICA X10MT CON PASACINTO;;;MR01;341;V1;2;3;C27;FERRETERIA MR01;FERRETERIA;INSUMOS;KG;SIN PEDIDO;;;;;;;;;;
00341 Mov. Suelos San Luis;1017037;ZSSD;MARCADOR P PIZARRA VERDE;;MÚLT. 10U;MR01;341;V1;3;5;C17;INSUMOS A;LIBRERIA;ESCRITURA;KG;SIN PEDIDO;;;;;;;;;;
00341 Mov. Suelos San Luis;1017050;ZSSD;BOBINA PAPEL 25CM 400MT;;;MR01;341;V1;7;10;C17;INSUMOS A;LIMPIEZA;LIMPIEZA /SEGURIDAD;KG;SIN PEDIDO;;;;;;;;;;
00341 Mov. Suelos San Luis;1017218;ZSSD;LAMPAZO;;;MR01;341;V1;6;8;C17;INSUMOS A;LIMPIEZA;LIMPIEZA /SEGURIDAD;KG;SIN PEDIDO;;;;;;;;;;
00341 Mov. Suelos San Luis;1017233;ZSSD;PAPEL HIGIENICO X72UN XUN;;;MR01;341;V1;4;6;C17;INSUMOS A;LIMPIEZA;LIMPIEZA /SEGURIDAD;KG;SIN PEDIDO;;;;;;;;;;
00341 Mov. Suelos San Luis;1056107;ZSTO;DEKASOL KAISER XLT;;;MR01;341;V1;12;15;C17;INSUMOS A;COMBUSTIBLE;COMBUSTIBLE;KG;SIN PEDIDO;;;;;;;;;;
00341 Mov. Suelos San Luis;1001814;ZSTO;LIQUIDO FRENO X1LT;WAGNER;;MM01;35;V1;1;2;L02;FLUIDOS;LUBRICANTES;ADITIVOS;KG;SIN PEDIDO;;;;;;;;;;
00341 Mov. Suelos San Luis;1003835;ZSTO;BROCAXUN;;90510344137;MM01;35;V1;1;2;C29;FILTROS/RESPUESTOS;REPUESTOS;?;KG;SIN PEDIDO;;;;;;;;;;
00341 Mov. Suelos San Luis;1003990;ZSTO;KITSEGURAIRECOMPRATLCOPCOXU;;3222188142;MM01;35;V1;2;3;C29;FILTROS/RESPUESTOS;REPUESTOS;?;KG;SIN PEDIDO;;;;;;;;;;
00341 Mov. Suelos San Luis;1003993;ZSTO;KITSEGURAIREMOTORATLCOPCOXUN;;3222188152;MM01;35;V1;2;3;C29;FILTROS/RESPUESTOS;REPUESTOS;?;KG;SIN PEDIDO;;;;;;;;;;
00341 Mov. Suelos San Luis;1004017;ZSTO;BROCA 4B FFCONCAV;;90510343137-6102-49-20;MM01;35;V1;1;1;C29;FILTROS/RESPUESTOS;REPUESTOS;?;KG;SIN PEDIDO;;;;;;;;;;
00341 Mov. Suelos San Luis;1004040;ZSTO;LAMPARA 24V-H3 70W X UN;;PK22S;MM01;35;V1;36;45;C29;FILTROS/RESPUESTOS;REPUESTOS;ELECTRICIDAD AUTOMOTOR;KG;SIN PEDIDO;;;;;;;;;;
00341 Mov. Suelos San Luis;1009535;ZSTO;FILTRO AIRE SIST COMB ATL COPCO;;3222118000;MM01;35;V1;2;3;C29;FILTROS/RESPUESTOS;FILTROS;ATLAS COPCO ROC F9-11;KG;SIN PEDIDO;;;;;;;;;;
00341 Mov. Suelos San Luis;1009541;ZSTO;FILTRO HIDRAU COMPR ATL COPCO x;ATLAS COPC;1202804002 // 6060011168;MM01;35;V1;4;6;C29;FILTROS/RESPUESTOS;FILTROS;ATLAS COPCO ROC F9-11;KG;SIN PEDIDO;;;;;;;;;;
00341 Mov. Suelos San Luis;1016074;ZSTO;UÑA BALDE HEAVY DUTY  - 66ARXE;VOLVO CONS;VOE14732402;MM01;35;V1;7;9;G04;UÑAS;DESGASTE;VOLVO EC 480D;KG;SIN PEDIDO;;;;;;;;;;
00341 Mov. Suelos San Luis;1029604;ZSTO;JGO BARREROS UNIVERSAL C/TELA 60cmX60cm;;680-049 . VER ANEXO;MM01;35;V1;3;6;C03;EQUIPOS;REPUESTOS;?;KG;SIN PEDIDO;;;;;;;;;;
00365 RIO TINTO;1000029;ZSTO;FILTRO HIDRAULICO DE ALTA PRESION;BOMAG GMBH // HIFI FILTE;5822004 // HD 081-111;U365;365;V1;2;3;C29;FILTROS/RESPUESTOS;FILTROS;BOMAG BW100 AD-13;KG;SIN PEDIDO;;;;;;;;;;
00365 RIO TINTO;1000041;ZSTO;BOTIQUIN 1ROS. AUXILIOS N 10;;;U365;365;V1;6;12;C28;SEGURIDAD/ROPA/EPP;SEGURIDAD;BOTIQUIN;KG;SIN PEDIDO;;;;;;;;;;
00365 RIO TINTO;1001717;ZSTO;PROTECTOR FACIAL BURBUJA INCOLORO;LIBUS // 3M // MSA // STEELPRO //;901386 // VISOR WP96 + SOPORTE // MSA VISOR CLEAR // STEELPRO BURBUJA CLEAR // DEPASCALE-BILVEX 002121;U365;365;V1;14;30;C28;SEGURIDAD/ROPA/EPP;SEGURIDAD;ACCESORIO SEGURIDAD;KG;SIN PEDIDO;;;;;;;;;;
00365 RIO TINTO;1001786;ZSTO;ACEITE ISO 46 HIDRAULICO  X 205L;YPF S.A. // YPF S.A.;BP46 // 135392;U365;365;V1;2;3;C29;FILTROS/RESPUESTOS;LUBRICANTES;ACEITES;KG;SIN PEDIDO;;;;;;;;;;
00365 RIO TINTO;1001790;ZSTO;ACEITE 15W40  X 205L;YPF S.A. // YPF S.A. // EXXON MOBI // CATERPILLA // SHELL PLC. // VOLVO MAQU;EXTRAVIDA XV300 // 189292 // DELVAC MX 15W40 APICI4 // DEO 15W40 // R4 15W40 APICI4 ACEAE5E7 // VDS3;U365;365;V1;11;23;C29;FILTROS/RESPUESTOS;LUBRICANTES;ACEITES;KG;SIN PEDIDO;;;;;;;;;;
00365 RIO TINTO;1001792;ZSTO;ACEITE SAE 50  X 205L;YPF S.A.;;U365;365;V1;2;3;C29;FILTROS/RESPUESTOS;LUBRICANTES;ACEITES;KG;SIN PEDIDO;;;;;;;;;;
00365 RIO TINTO;1001823;ZSTO;ACEITE F50 5W40 X 20 L;ELAION // YPF S.A. // ELAION;F50 5W40 // 151792 // FS540;U365;365;V1;2;3;C29;FILTROS/RESPUESTOS;LUBRICANTES;AMAROK-HILUX;KG;SIN PEDIDO;;;;;;;;;;
00365 RIO TINTO;1001848;ZSTO;KIT TECLADO MOUSE USB;;;U365;365;V1;4;8;C05;INFORMÁT.-HARDWARE;INFORMATICA;HARDWARE;KG;SIN PEDIDO;;;;;;;;;;
00365 RIO TINTO;1001871;ZSTO;RESMA DE HOJA A4 70GR. X UN;;;U365;365;V1;36;77;C17;INSUMOS A;LIBRERIA;PAPEL;KG;MOVIMIENTO 313 PENDIENTE;;;;;;;;;;
00365 RIO TINTO;1001872;ZSTO;RESMA DE HOJA A3 75GR. X UN;;;U365;365;V1;2;3;C17;INSUMOS A;LIBRERIA;PAPEL;KG;MOVIMIENTO 313 PENDIENTE;;;;;;;;;;
00365 RIO TINTO;1001879;ZSTO;CINTA DE ENMASCARAR 24 MM XROLLO;;;U365;365;V1;3;6;C17;INSUMOS A;LIBRERIA;CINTAS ADHESIVAS;KG;MOVIMIENTO 313 PENDIENTE;;;;;;;;;;
00365 RIO TINTO;1001896;ZSTO;PULVERIZADOR P ALCOHOL LIQUIDO 500 ML;;;U365;365;V1;27;58;C17;INSUMOS A;LIMPIEZA;DIFUSOR;KG;SIN PEDIDO;;;;;;;;;;
00365 RIO TINTO;1001898;ZSTO;BOBINA DE PAPEL 25 X 400MTS X UN;ELEGANTE // ELITE;1003 (MÚLT. 2U) // 6264;U365;365;V1;23;49;C17;INSUMOS A;LIMPIEZA;INSUMOS;KG;SIN PEDIDO;;;;;;;;;;
00365 RIO TINTO;1001915;ZSTO;REJILLA DE COCINA;;;U365;365;V1;17;40;C17;INSUMOS A;LIMPIEZA;INSUMOS;KG;SIN PEDIDO;;;;;;;;;;
00365 RIO TINTO;1001916;ZSTO;FRANELA;;;U365;365;V1;60;142;C17;INSUMOS A;LIMPIEZA;INSUMOS;KG;SIN PEDIDO;;;;;;;;;;
00365 RIO TINTO;1001929;ZSTO;DISCO 178X4,8X22,23TYROLIT OASECUR XUN;TYROLIT;178X48X222;U365;365;V1;15;32;C27;FERRETERIA MR01;FERRETERIA;ABRASIVOS/DISCOS;KG;SIN PEDIDO;;;;;;;;;;
00365 RIO TINTO;1002236;ZSTO;BULON PARA CUCHILLA XUN;CATERPILLA;5J4773;U365;365;V1;86;185;C29;FILTROS/RESPUESTOS;DESGASTE;CAT 140K // CAT 988H // CAT D6T;KG;SIN PEDIDO;;;;;;;;;;
00365 RIO TINTO;1002419;ZSTO;SEGMENTOS DE CORTE DERECHO;CATERPILLA;4T3045;U365;365;V1;2;3;C29;FILTROS/RESPUESTOS;DESGASTE;CAT 815 K;KG;SIN PEDIDO;;;;;;;;;;
00365 RIO TINTO;1002420;ZSTO;SEGMENTOS DE CORTE IZQUIERDO;CATERPILLA;4T3046;U365;365;V1;2;3;C29;FILTROS/RESPUESTOS;DESGASTE;CAT 815 K;KG;SIN PEDIDO;;;;;;;;;;
00365 RIO TINTO;1002480;ZSTO;FILTRO ACEITE;BOMAG GMBH // DONALDSON;5710640 // P553771;U365;365;V1;11;23;C29;FILTROS/RESPUESTOS;FILTROS;BOMAG 213/219;KG;SIN PEDIDO;;;;;;;;;;
00365 RIO TINTO;1002566;ZSTO;FILTRO LINEA COMBUSTIBLE;FLEETGUARD // FLEETGUARD // FLEETGUARD // FLEETGUARD // DONALDSON //;FF5079 // 4080720 // FF5006 // FS5288 // P550090 // P550974;U365;365;V1;9;19;C29;FILTROS/RESPUESTOS;FILTROS;FILTROS;KG;SIN PEDIDO;;;;;;;;;;
00365 RIO TINTO;1002704;ZSTO;FILTRO AIRE XUN;CATERPILLA;6I2501;U365;365;V1;3;6;C29;FILTROS/RESPUESTOS;FILTROS;FILTROS;KG;SIN PEDIDO;;;;;;;;;;
00365 RIO TINTO;1002706;ZSTO;FILTRO COMBUSTIBLE XUN;CATERPILLA // // //;1R0762 // FF5624 // P550625 // SN 55429;U365;365;V1;2;3;C29;FILTROS/RESPUESTOS;FILTROS;CAT 980H, CAT 336 DLME,988H;KG;SIN PEDIDO;;;;;;;;;;
00365 RIO TINTO;1002710;ZSTO;FILTRO DE AIRE;KOMATSU HO // // DARMET;6001855110 // P532503 // VP-3722;U365;365;V1;5;10;C29;FILTROS/RESPUESTOS;FILTROS;KOMATSU D65EX12;KG;SIN PEDIDO;;;;;;;;;;
00365 RIO TINTO;1002735;ZSTO;FILTRO AIRE PRIMARIO XUN;CATERPILLA // DONALDSON;2456375 // P782105;U365;365;V1;5;10;C29;FILTROS/RESPUESTOS;FILTROS;CAT;KG;SIN PEDIDO;;;;;;;;;;
00365 RIO TINTO;1002810;ZSTO;FILTRO CABINA CAT D6 XUN;CATERPILLA;6T5068;U365;365;V1;2;3;C29;FILTROS/RESPUESTOS;FILTROS;CAT D6;KG;SIN PEDIDO;;;;;;;;;;
00365 RIO TINTO;1002832;ZSTO;FILTRO COMBUSTIBLE;FLEETGUARD // FLEETGUARD // DONALDSON // MANN //;2RK127177A // FF5052 // P553004 // WK723 // DB0519;U365;365;V1;7;14;C29;FILTROS/RESPUESTOS;FILTROS;VW 26260 - ONAN;KG;SIN PEDIDO;;;;;;;;;;
00365 RIO TINTO;1002852;ZSTO;FILTRO TRANSMISION XUN;CATERPILLA // CATERPILLA;3283655 // 1R1809;U365;365;V1;2;3;C29;FILTROS/RESPUESTOS;FILTROS;CAT D6T, 980H;KG;SIN PEDIDO;;;;;;;;;;
00365 RIO TINTO;1002926;ZSTO;FILTRO AIRE SECUNDARIO;BOMAG GMBH // DONALDSON // // BALDWIN;5821148 // P780036 // CF5001 // RS3993;U365;365;V1;4;8;C29;FILTROS/RESPUESTOS;FILTROS;BOMAG BW24 RH;KG;SIN PEDIDO;;;;;;;;;;
00365 RIO TINTO;1002929;ZSTO;FILTRO HIDRAULICO;BOMAG GMBH // BOMAG GMBH;7993022 // 7993022;U365;365;V1;2;3;C29;FILTROS/RESPUESTOS;FILTROS;BOMAG BW24 RH;KG;SIN PEDIDO;;;;;;;;;;
00365 RIO TINTO;1002954;ZSTO;FILTRO ACEITE ORIGINAL;KOHLER;WAN5000155736;U365;365;V1;2;3;C29;FILTROS/RESPUESTOS;FILTROS;TORRE WACKER;KG;SIN PEDIDO;;;;;;;;;;
00365 RIO TINTO;1002981;ZSTO;FILTRO RESPIRADERO TAPA COMBUSTIBLE CSA;CATERPILLA;3507735;U365;365;V1;2;3;C29;FILTROS/RESPUESTOS;FILTROS;CAT 988K, 775G;KG;SIN PEDIDO;;;;;;;;;;
00365 RIO TINTO;1003026;ZSTO;FILTRO SEPARADOR DE AGUA;FLEETGUARD // FLEETGUARD // DONALDSON;FS19652 // FS1280 // P551329;U365;365;V1;11;23;C29;FILTROS/RESPUESTOS;FILTROS;ONAN C66D5;KG;SIN PEDIDO;;;;;;;;;;
00365 RIO TINTO;1003081;ZSTO;FILTRO DE AIRE;FLEETGUARD // No aplica // No aplica //;AF25910 // MSA25910 // P50955 // P500955;U365;365;V1;8;16;C29;FILTROS/RESPUESTOS;FILTROS;GRUPO ELECTROGENO CUMMINS C110;KG;SIN PEDIDO;;;;;;;;;;
00365 RIO TINTO;1003084;ZSTO;FILTRO HABITACULO MB SPRINTER;MERCEDES B // MANN // MERCEDES B //;a9068300318 // CU3569 // A9068300318 // LA307;U365;365;V1;2;3;C29;FILTROS/RESPUESTOS;FILTROS;MB SPRINTER;KG;SIN PEDIDO;;;;;;;;;;
00365 RIO TINTO;1003096;ZSTO;FILTRO DE AIRE TANQUE DE COMBUSTIBLE;VOLVO CONS // DONALDSON;21743197 // P954869;U365;365;V1;22;47;C29;FILTROS/RESPUESTOS;FILTROS;VOLVO 330 // VOLVO FM460;KG;MOVIMIENTO 313 PENDIENTE;;;;;;;;;;
00365 RIO TINTO;1003106;ZSTO;FILTRO DE AIRE SECUNDARIO;FLEETGUARD // //;AF25911 // SA18138 // P500956;U365;365;V1;6;12;C29;FILTROS/RESPUESTOS;FILTROS;C110D5;KG;MOVIMIENTO 313 PENDIENTE;;;;;;;;;;
00365 RIO TINTO;1003148;ZSTO;FILTRO DE LINEA COMBUSTIBLE;BOMAG GMBH // DONALDSON;5727894 // P550012;U365;365;V1;3;6;C29;FILTROS/RESPUESTOS;FILTROS;BOMAG BW100 AD-10;KG;SIN PEDIDO;;;;;;;;;;
00365 RIO TINTO;1003170;ZSTO;FILTRO DE AIRE PRIMARIO;FLEETGUARD // FILPLUS //;AF26085 // MSA26085 // FAI6085;U365;365;V1;4;8;C29;FILTROS/RESPUESTOS;FILTROS;FILTRO AIRE;KG;SIN PEDIDO;;;;;;;;;;
00365 RIO TINTO;1003171;ZSTO;FILTRO DE AIRE SECUNDARIO;FLEETGUARD // FILPLUS;AF26086 // MSA26086;U365;365;V1;4;8;C29;FILTROS/RESPUESTOS;FILTROS;FILTRO AIRE;KG;SIN PEDIDO;;;;;;;;;;
00365 RIO TINTO;1003177;ZSTO;FILTRO TRAMPA DE AGUA;CATERPILLA;4238524;U365;365;V1;2;3;C29;FILTROS/RESPUESTOS;FILTROS;CAT 950;KG;SIN PEDIDO;;;;;;;;;;
00365 RIO TINTO;1003179;ZSTO;FILTRO DE TRANSMISION (CARTUCHO);CATERPILLA;3761288;U365;365;V1;2;3;C29;FILTROS/RESPUESTOS;FILTROS;CAT 950;KG;SIN PEDIDO;;;;;;;;;;
00365 RIO TINTO;1003221;ZSTO;FILTRO DE AIRE SECUNDARIO;CNH;5801440583;U365;365;V1;2;3;C29;FILTROS/RESPUESTOS;FILTROS;IVECO TRAKKER 410 T 44 EUROTRO;KG;SIN PEDIDO;;;;;;;;;;
00365 RIO TINTO;1003237;ZSTO;FILTRO DE COMBUSTIBLE;CATERPILLA;5000480;U365;365;V1;6;12;C29;FILTROS/RESPUESTOS;FILTROS;CAT 140K;KG;SIN PEDIDO;;;;;;;;;;
00365 RIO TINTO;1003301;ZSTO;FILTRO DE TANQUE;VOLVO CONS // VOLVO CONS;21516229 // 23381562;U365;365;V1;12;25;C29;FILTROS/RESPUESTOS;FILTROS;VOLVO 460 FMX;KG;SIN PEDIDO;;;;;;;;;;
00365 RIO TINTO;1004317;ZSTO;ACEITE CAJA DE CAMBIOS x 205LTS;VOLVO CONS // TOTAL //;97307//85136284 // TRAXIUM GEAR 8 75W90 // 97315;U365;365;V1;2;3;C29;FILTROS/RESPUESTOS;LUBRICANTES;VOLVO;KG;SIN PEDIDO;;;;;;;;;;
00365 RIO TINTO;1004405;ZSTO;RESPIRADERO HIDRAULICO;;1915439;U365;365;V1;2;3;C29;FILTROS/RESPUESTOS;FILTROS;FILTRO HIDRAULICO;KG;SIN PEDIDO;;;;;;;;;;
00365 RIO TINTO;1009436;ZSTO;UREA AZUL 32 X BIN 1000LTS;YPF S.A. // YPF S.A. // AXION ENER // RAIZEN ARG;516385 // 810300000371 // L60866;U365;365;V1;2;4;L02;FLUIDOS;LUBRICANTES;ADITIVOS;KG;MOVIMIENTO 313 PENDIENTE;;;;;;;;;;
00365 RIO TINTO;1013522;ZSCD;ACEITE DIFERENCIALES VOLVO97312 x 205LTS;SHELL PLC.;SPIRAX S6 GXME 75W90;U365;365;V1;2;3;C29;FILTROS/RESPUESTOS;LUBRICANTES;LUBRICANTES;KG;SIN PEDIDO;;;;;;;;;;
00365 RIO TINTO;1016480;ZSCD;PROTECTOR SOLAR LABIAL 50FPS X4,8G;;NIVEA - SUN PROTECT;U365;365;V1;143;308;C28;SEGURIDAD/ROPA/EPP;SEGURIDAD;INSUMO;KG;SIN PEDIDO;;;;;;;;;;
00365 RIO TINTO;1016650;ZSSD;CMASTRA FILTRO ACEITE DE MOTOR;DONALDSON;IVECO 2992544/MAHLE OC474/DONAL P551037;U365;365;V1;6;12;AGV;COMPRAS AGV;REPUESTOS;FILTROS;KG;SIN PEDIDO;;;;;;;;;;
00365 RIO TINTO;1016653;ZSSD;CMASTRA FILTRO SECADOR DE AIRE;MAHLE FILT; AL12/AL24.;U365;365;V1;5;10;AGV;COMPRAS AGV;REPUESTOS;FILTROS;KG;SIN PEDIDO;;;;;;;;;;
00365 RIO TINTO;1016689;ZSSD;HC119FILTRO DE AIRE PRIMARIO;DONALDSON;P61333 / FLEETGUARD - AF25962;U365;365;V1;3;6;AGV;COMPRAS AGV;REPUESTOS;FILTROS;KG;SIN PEDIDO;;;;;;;;;;
00365 RIO TINTO;1016705;ZSTO;Filtro de Combustible;SANY HEAVY //;RPSAN160604020018 // P550529;U365;365;V1;12;25;C29;FILTROS/RESPUESTOS;FILTROS;CAMION FUERA DE RUTA SANY SKT 90S;KG;SIN PEDIDO;;;;;;;;;;
00365 RIO TINTO;1016707;ZSTO;Filtro Aceite Retorno Hidraulico;SANY HEAVY //;RPSAN60101256 // SH85029;U365;365;V1;3;6;C29;FILTROS/RESPUESTOS;FILTROS;CAMION FUERA DE RUTA SANY SKT 90S;KG;SIN PEDIDO;;;;;;;;;;
00365 RIO TINTO;1016709;ZSTO;Filtro A/A Cabina Exterior;SANY HEAVY;RPSAN141502000017;U365;365;V1;6;12;C29;FILTROS/RESPUESTOS;FILTROS;CAMION FUERA DE RUTA SANY SKT 90S;KG;SIN PEDIDO;;;;;;;;;;
00365 RIO TINTO;1016714;ZSTO;Filtro de Transmision;SANY HEAVY;RPSAN130202000093A023;U365;365;V1;3;6;C29;FILTROS/RESPUESTOS;FILTROS;CAMION FUERA DE RUTA SANY SKT 90S;KG;SIN PEDIDO;;;;;;;;;;
00365 RIO TINTO;1016976;ZSSD;MARCADOR P PIZARRA NEGRO;;MÚLT. 10U;U365;365;V1;23;49;C17;INSUMOS A;LIBRERIA;ESCRITURA;KG;MOVIMIENTO 313 PENDIENTE;;;;;;;;;;
00365 RIO TINTO;1017003;ZSSD;BATERIA 9V;;;U365;365;V1;8;16;C27;FERRETERIA MR01;FERRETERIA;BATERIAS;KG;SIN PEDIDO;;;;;;;;;;
00365 RIO TINTO;1017016;ZSSD;MARCADOR PERMANENTE NEGRO;;MÚLT. 10U;U365;365;V1;5;10;C17;INSUMOS A;LIBRERIA;ESCRITURA;KG;MOVIMIENTO 313 PENDIENTE;;;;;;;;;;
00365 RIO TINTO;1017037;ZSSD;MARCADOR P PIZARRA VERDE;;MÚLT. 10U;U365;365;V1;11;23;C17;INSUMOS A;LIBRERIA;ESCRITURA;KG;MOVIMIENTO 313 PENDIENTE;;;;;;;;;;
00365 RIO TINTO;1017222;ZSSD;LAPIZ A MINA 05 MM B;;;U365;365;V1;6;12;C17;INSUMOS A;LIBRERIA;INSUMOS;KG;MOVIMIENTO 313 PENDIENTE;;;;;;;;;;
00365 RIO TINTO;1018266;ZSSD;FILTRO DE AIRE SECUNDARIO;DONALDSON;P777875;U365;365;V1;5;10;AGV;COMPRAS AGV;FILTROS;FILTROS;KG;SIN PEDIDO;;;;;;;;;;
00365 RIO TINTO;1018495;ZSSD;FILTRO DE AIRE;DONALDSON;P776158;U365;365;V1;3;6;AGV;COMPRAS AGV;FILTROS;?;KG;SIN PEDIDO;;;;;;;;;;
00365 RIO TINTO;1018511;ZSTO;Filtro Separador;COMPACTADO;5722091;U365;365;V1;2;3;C29;FILTROS/RESPUESTOS;FILTROS;BOMAG;KG;SIN PEDIDO;;;;;;;;;;
00365 RIO TINTO;1018583;ZSSD;PASADORES UÑAS RIPPER KOMATSU;IGARRETA M;09244-02489;U365;365;V1;3;6;C29;FILTROS/RESPUESTOS;REPUESTOS;KOMATSU;KG;SIN PEDIDO;;;;;;;;;;
00365 RIO TINTO;1018609;ZSTO;CORREA MOTOR;JOHN DEERE;T452270;U365;365;V1;2;3;C29;FILTROS/RESPUESTOS;CORREAS;644K;KG;SIN PEDIDO;;;;;;;;;;
00365 RIO TINTO;1018843;ZSSD;PROTECTOR P/CAMARA 16.00 R25;UNIMAX LTÉ;;U365;365;V1;8;17;C03;EQUIPOS;CUBIERTAS;CUBIERTAS;KG;SIN PEDIDO;;;;;;;;;;
00365 RIO TINTO;1018892;ZSSD;FILTRO AIRE PRIMARIO;DONALDSON;P812362;U365;365;V1;4;8;AGV;COMPRAS AGV;REPUESTOS;FILTROS;KG;SIN PEDIDO;;;;;;;;;;
00365 RIO TINTO;1018896;ZSSD;FILTRO ACEITE MOTOR;FLEETGUARD // DONALDSON;LF16110 // P502364;U365;365;V1;9;19;AGV;COMPRAS AGV;REPUESTOS;FILTROS;KG;SIN PEDIDO;;;;;;;;;;
00365 RIO TINTO;1018898;ZSSD;FILTRO TRAMPA DE AGUA;FLEETGUARD;FF5786;U365;365;V1;4;8;AGV;COMPRAS AGV;REPUESTOS;FILTROS;KG;SIN PEDIDO;;;;;;;;;;
00365 RIO TINTO;1018899;ZSSD;FILTRO HIDRAULICO DE RETORNO;FLEETGUARD;HF35504;U365;365;V1;2;4;AGV;COMPRAS AGV;REPUESTOS;FILTROS;KG;SIN PEDIDO;;;;;;;;;;
00365 RIO TINTO;1022037;ZSTO;CORREA MOTOR;;5741438;U365;365;V1;2;3;C29;FILTROS/RESPUESTOS;REPUESTOS;BOMAG BW100 AD-5;KG;SIN PEDIDO;;;;;;;;;;
00365 RIO TINTO;1025993;ZSSD;FILTRO DE AIRE PRIMARIO;KOBELCO CO;YN11P00029S003;U365;365;V1;5;10;AGV;COMPRAS AGV;REPUESTOS;FILTROS;KG;SIN PEDIDO;;;;;;;;;;
00365 RIO TINTO;1025998;ZSSD;FILTRO HIDRAULICO;KOBELCO CO;YN52V01025R100;U365;365;V1;2;3;AGV;COMPRAS AGV;REPUESTOS;FILTRO;KG;SIN PEDIDO;;;;;;;;;;
00365 RIO TINTO;1027686;ZSTO;CORREA TRAPEZOIDAL;AGRONORTE;CQ51921;U365;365;V1;2;3;C03;EQUIPOS;REPUESTOS;?;KG;SIN PEDIDO;;;;;;;;;;
00365 RIO TINTO;1027763;ZSTO;FILTRO TRAMPA DE AGUA;DONALDSON;P551361;U365;365;V1;2;4;C29;FILTROS/RESPUESTOS;FILTROS;?;KG;SIN PEDIDO;;;;;;;;;;
00365 RIO TINTO;1028205;ZSSD;PLACA PROTECTORA RIPPER;;195-78-21230 - SHANTUI;U365;365;V1;2;3;C29;FILTROS/RESPUESTOS;REPUESTOS;?;KG;SIN PEDIDO;;;;;;;;;;
00365 RIO TINTO;1028215;ZSSD;FILTRO HIDRAULICO DE TRANSMISION;;175-60-27380 - SHANTUI;U365;365;V1;2;3;C29;FILTROS/RESPUESTOS;REPUESTOS;FILTRO;KG;SIN PEDIDO;;;;;;;;;;
00365 RIO TINTO;1028216;ZSSD;FILTRO HIDRAULICO;;175-49-11580 - SHANTUI;U365;365;V1;2;3;C29;FILTROS/RESPUESTOS;REPUESTOS;FILTRO;KG;SIN PEDIDO;;;;;;;;;;
00365 RIO TINTO;1029488;ZSSD;FILTRO COMBUSTIBLE;FLEETGUARD;FF5386;U365;365;V1;6;12;AGV;COMPRAS AGV;REPUESTOS;FILTRO;KG;SIN PEDIDO;;;;;;;;;;
00365 RIO TINTO;1035192;ZSTO;CUCHILLA DE CORTE DURA-MAX;;T157465;U365;365;V1;2;3;C03;EQUIPOS;DESGASTE;?;KG;MOVIMIENTO 313 PENDIENTE;;;;;;;;;;
00365 RIO TINTO;1042766;ZSTO;FILTRO AIRE SECUNDARIO ADMISION;SANY INTER;TURBO TR25130 / DONALDSON R004213;U365;365;V1;2;4;AGV;COMPRAS AGV;REPUESTOS;FILTRO;KG;SIN PEDIDO;;;;;;;;;;
00365 RIO TINTO;1046190;ZSTO;SELLO ANULAR;;130-0229;U365;365;V1;2;3;C03;EQUIPOS;REPUESTOS;CAT;KG;SIN PEDIDO;;;;;;;;;;
00365 RIO TINTO;1046970;ZSTO;SELLO ANULAR;;7D-7111;U365;365;V1;2;3;C03;EQUIPOS;REPUESTOS;CAT;KG;SIN PEDIDO;;;;;;;;;;
00365 RIO TINTO;1047057;ZSTO;FILTRO RESPIRADERO;;YN57V00010S002;U365;365;V1;2;4;AGV;COMPRAS AGV;REPUESTOS;FILTRO;KG;SIN PEDIDO;;;;;;;;;;
00365 RIO TINTO;1055929;ZSTO;CUBIERTA 14.00 R25 TRACCION;;MAXAM TRACCION 14.00 R25;U365;365;V1;4;8;C03;EQUIPOS;CUBIERTAS;CUBIERTAS;KG;MOVIMIENTO 313 PENDIENTE;;;;;;;;;;
00365 RIO TINTO;1057503;ZSTO;CORREA MOTOR;;CAT 528-7235 (8PK2733);U365;365;V1;2;3;C03;EQUIPOS;CORREAS;CAT;KG;SIN PEDIDO;;;;;;;;;;
00372 UTE 372 GEO POSCO II;1001697;ZSTO;GUANTE VAQUETA MEDIO PASEO T.10;;MÚLT. 12U;U003;372;RE;100;180;C28;SEGURIDAD/ROPA/EPP;SEGURIDAD;GUANTE;KG;SIN PEDIDO;;;;;;;;;;
00372 UTE 372 GEO POSCO II;1001699;ZSTO;CASCO CARCAZA BLANCO;LIBUS // 3M // MSA // STEELPRO //;MILENIUM // H-700 BLANCO // V-GARD BLANCO // STEELPRO SAFETY BLANCO // DEPASCALE-UCU1111PC;U003;372;RE;3;4;C28;SEGURIDAD/ROPA/EPP;SEGURIDAD;ACCESORIO SEGURIDAD;KG;SIN PEDIDO;;;;;;;;;;
00372 UTE 372 GEO POSCO II;1001754;ZSTO;BOTIN MARRON/NEGRO FLOR P.ACERO N 38;CONWORK // BORIS // VORAN // CALZADOS A // // //;53BAF // 3305 T38 // CRONOS N T38 // ESCORPIO PRUS 1050 T38 // RINGO MOD BOLT TALLE 38 // RINGO-MOD PUNCH TALLE 38 // SKIWAY MOD. 3243 T38;U003;372;V1;1;2;C28;SEGURIDAD/ROPA/EPP;SEGURIDAD;CALZADO;KG;SIN PEDIDO;;;;;;;;;;
00372 UTE 372 GEO POSCO II;1001756;ZSTO;BOTIN MARRON/NEGRO FLOR P.ACERO N 40;CONWORK // BORIS // VORAN // CALZADOS A // // //;53BAF // 3305 T40 // CRONOS N T40 // ESCORPIO PRUS 1050 T40 // RINGO MOD BOLT TALLE 40 // RINGO-MOD PUNCH TALLE 40 // SKIWAY MOD. 3243 T40;U003;372;V1;4;6;C28;SEGURIDAD/ROPA/EPP;SEGURIDAD;CALZADO;KG;SIN PEDIDO;;;;;;;;;;
00372 UTE 372 GEO POSCO II;1001757;ZSTO;BOTIN MARRON/NEGRO FLOR P.ACERO N 41;CONWORK // BORIS // VORAN // CALZADOS A // // //;53BAF // 3305 T41 // CRONOS N T41 // ESCORPIO PRUS 1050 T41 // RINGO MOD BOLT TALLE 41 // RINGO-MOD PUNCH TALLE 41 // SKIWAY MOD. 3243 T41;U003;372;V1;4;6;C28;SEGURIDAD/ROPA/EPP;SEGURIDAD;CALZADO;KG;SIN PEDIDO;;;;;;;;;;
00372 UTE 372 GEO POSCO II;1001758;ZSTO;BOTIN MARRON/NEGRO FLOR P.ACERO N 42;CONWORK // BORIS // VORAN // CALZADOS A // // //;53BAF // 3305 T42 // CRONOS N T42 // ESCORPIO PRUS 1050 T42 // RINGO MOD BOLT TALLE 42 // RINGO-MOD PUNCH TALLE 42 // SKIWAY MOD. 3243 T42;U003;372;V1;4;6;C28;SEGURIDAD/ROPA/EPP;SEGURIDAD;CALZADO;KG;SIN PEDIDO;;;;;;;;;;
00372 UTE 372 GEO POSCO II;1001759;ZSTO;BOTIN MARRON/NEGRO FLOR P.ACERO N 43;CONWORK // BORIS // VORAN // CALZADOS A // // //;53BAF // 3305 T43 // CRONOS N T43 // ESCORPIO PRUS 1050 T43 // RINGO MOD BOLT TALLE 43 // RINGO-MOD PUNCH TALLE 43 // SKIWAY MOD. 3243 T43;U003;372;V1;3;4;C28;SEGURIDAD/ROPA/EPP;SEGURIDAD;CALZADO;KG;SIN PEDIDO;;;;;;;;;;
00372 UTE 372 GEO POSCO II;1001760;ZSTO;BOTINMARRON/NEGRO FLOR P.ACERO N 44;CONWORK // BORIS // VORAN // CALZADOS A // //;53BAF // 3305 T44 // CRONOS N T44 // ESCORPIO PRUS 1050 T44 // RINGO MOD BOLT TALLE 44 // RINGO-MOD PUNCH TALLE 44;U003;372;V1;2;3;C28;SEGURIDAD/ROPA/EPP;SEGURIDAD;CALZADO;KG;SIN PEDIDO;;;;;;;;;;
00372 UTE 372 GEO POSCO II;1001772;ZSTO;BANDERIN ROJO Y BLANCO 500MM X 700MM XUN;;;U003;372;RE;2;4;C28;SEGURIDAD/ROPA/EPP;SEGURIDAD;SEÑALIZACION;KG;SIN PEDIDO;;;;;;;;;;
00372 UTE 372 GEO POSCO II;1001896;ZSTO;PULVERIZADOR P ALCOHOL LIQUIDO 500 ML;;;U003;372;RE;9;17;C17;INSUMOS A;LIMPIEZA;DIFUSOR;KG;SIN PEDIDO;;;;;;;;;;
00372 UTE 372 GEO POSCO II;1001914;ZSTO;CABO MADERA P/ESCOBA;;;U003;372;RE;2;3;C17;INSUMOS A;LIMPIEZA;INSUMOS;KG;SIN PEDIDO;;;;;;;;;;
00372 UTE 372 GEO POSCO II;1001933;ZSTO;DISCO 114x1,6x222 REFORZADO x UN;TYROLIT;114X16X222;U003;372;RE;26;50;C27;FERRETERIA MR01;FERRETERIA;ABRASIVOS/DISCOS;KG;SIN PEDIDO;;;;;;;;;;
00372 UTE 372 GEO POSCO II;1001943;ZSTO;ADHESIVO CIANO 20 G XUN;CIANO;;U003;372;V1;4;6;C27;FERRETERIA MR01;FERRETERIA;ADHESIVOS;KG;SIN PEDIDO;;;;;;;;;;
00372 UTE 372 GEO POSCO II;1001949;ZSTO;CANDADO 30MM XUN;;;U003;372;RE;2;4;C27;FERRETERIA MR01;FERRETERIA;ACCESORIOS;KG;SIN PEDIDO;;;;;;;;;;
00372 UTE 372 GEO POSCO II;1001950;ZSTO;CANDADO 38-40MM XUN;;;U003;372;RE;2;4;C27;FERRETERIA MR01;FERRETERIA;ACCESORIOS;KG;SIN PEDIDO;;;;;;;;;;
00372 UTE 372 GEO POSCO II;1001960;ZSTO;CINTA AISLADORA AMARILLO X10MT;;;U003;372;RE;6;10;C27;FERRETERIA MR01;FERRETERIA;INSUMOS;KG;SIN PEDIDO;;;;;;;;;;
00372 UTE 372 GEO POSCO II;1001968;ZSTO;ESMALTE SINT. AEROSOL AMARILLO X440CC;;KUWAIT-SINTEPLAST;U003;372;RE;10;30;C22;INSUMOS C;PINTURAS;PINTURA AEROSOL;KG;SIN PEDIDO;;;;;;;;;;
00372 UTE 372 GEO POSCO II;1001971;ZSTO;ESMALTE SINT. AEROSOL ROJO X 440CC;;KUWAIT-SINTEPLAST;U003;372;V1;40;60;C22;INSUMOS C;PINTURAS;PINTURA AEROSOL;KG;SIN PEDIDO;;;;;;;;;;
00372 UTE 372 GEO POSCO II;1002050;ZSTO;CAMPERA 2 PIEL T. M;;;U003;372;V1;6;8;C28;SEGURIDAD/ROPA/EPP;SEGURIDAD;INDUMENTARIA;KG;SIN PEDIDO;;;;;;;;;;
00372 UTE 372 GEO POSCO II;1002063;ZSTO;CAMPERA DESCARNE T.XL;;;U003;372;RE;1;1;C28;SEGURIDAD/ROPA/EPP;SEGURIDAD;INDUMENTARIA;KG;SIN PEDIDO;;;;;;;;;;
00372 UTE 372 GEO POSCO II;1002071;ZSTO;CAMPERA DESCARNE T.XXXL;;;U003;372;V1;1;1;C28;SEGURIDAD/ROPA/EPP;SEGURIDAD;INDUMENTARIA;KG;SIN PEDIDO;;;;;;;;;;
00372 UTE 372 GEO POSCO II;1002190;ZSTO;CORREA AIRE ACONDICIONADO;BOMAG GMBH;6312244;U003;372;RE;2;2;C29;FILTROS/RESPUESTOS;CORREAS;BOMAG 213 HD4;KG;SIN PEDIDO;;;;;;;;;;
00372 UTE 372 GEO POSCO II;1002202;ZSTO;CORREA PRINCIPAL;CATERPILLA;3508742;U003;372;RE;2;2;C29;FILTROS/RESPUESTOS;CORREAS;CORREAS;KG;SIN PEDIDO;;;;;;;;;;
00372 UTE 372 GEO POSCO II;1002207;ZSTO;CORREA ALTERNADOR;HAULOTTE G // No aplica // CONTINENTA;4000053460 // 2614B543 // AVX 13X1188;U003;372;RE;2;3;C29;FILTROS/RESPUESTOS;CORREAS;HAULOTTE 4014 /4017;KG;SIN PEDIDO;;;;;;;;;;
00372 UTE 372 GEO POSCO II;1002934;ZSTO;FILTRO PRIMARIO COMBUSTIBLE;VOLVO CONS;VOE11110683;U003;372;V1;2;3;F06;FILTRO COMBUSTIBLE;FILTROS;EC 480D - L220G - PL 3005D;KG;SIN PEDIDO;;;;;;;;;;
00372 UTE 372 GEO POSCO II;1003957;ZSTO;BATERIA 12V 110 AMP  318X162X220;MOURA;ME100HA;U003;372;RE;1;3;C29;FILTROS/RESPUESTOS;REPUESTOS;BOMAG;KG;SIN PEDIDO;;;;;;;;;;
00372 UTE 372 GEO POSCO II;1009476;ZSTO;"PANTALON TERMICO ""ROJO"" T L";;;U003;372;V1;8;10;C28;SEGURIDAD/ROPA/EPP;ROPA;INDUMENTARIA -15;KG;SIN PEDIDO;;;;;;;;;;
00372 UTE 372 GEO POSCO II;1009477;ZSTO;"PANTALON TERMICO ""ROJO"" T XL";;;U003;372;V1;6;8;C28;SEGURIDAD/ROPA/EPP;ROPA;INDUMENTARIA -15;KG;SIN PEDIDO;;;;;;;;;;
00372 UTE 372 GEO POSCO II;1009479;ZSTO;"PANTALON TERMICO ""ROJO"" T XXXL";;;U003;372;V1;4;6;C28;SEGURIDAD/ROPA/EPP;ROPA;INDUMENTARIA -15;KG;SIN PEDIDO;;;;;;;;;;
00372 UTE 372 GEO POSCO II;1016479;ZSCD;PROTECTOR SOLAR CREMA 60FPS X120ML;;VILLENEUVE - BABY & KIDS;U003;372;V1;70;110;C28;SEGURIDAD/ROPA/EPP;SEGURIDAD;INSUMO;KG;MOVIMIENTO 313 PENDIENTE;;;;;;;;;;
00372 UTE 372 GEO POSCO II;1016909;ZSSD;CINTA METRICA X5MT;;;U003;372;RE;1;2;C27;FERRETERIA MR01;FERRETERIA;INSUMOS;KG;SIN PEDIDO;;;;;;;;;;
00372 UTE 372 GEO POSCO II;1016919;ZSSD;LUBRICANTE MULTIUSO WD-40 440CC;;;U003;372;V1;9;17;C27;FERRETERIA MR01;FERRETERIA;ADHESIVOS/SELLADORES/LUBRICANT;KG;SIN PEDIDO;;;;;;;;;;
00372 UTE 372 GEO POSCO II;1016922;ZSSD;CHOCLA 30MT;;;U003;372;RE;4;6;C27;FERRETERIA MR01;FERRETERIA;FERRETERIA;KG;SIN PEDIDO;;;;;;;;;;
00372 UTE 372 GEO POSCO II;1016933;ZSSD;MAZA MINERO 1KG;;;U003;372;RE;1;1;C27;FERRETERIA MR01;FERRETERIA;HERRAMIENTA MANUAL;KG;SIN PEDIDO;;;;;;;;;;
00372 UTE 372 GEO POSCO II;1016934;ZSSD;MAZA MINERO 2KG;;;U003;372;RE;1;1;C27;FERRETERIA MR01;FERRETERIA;HERRAMIENTA MANUAL;KG;SIN PEDIDO;;;;;;;;;;
00372 UTE 372 GEO POSCO II;1016936;ZSSD;TENAZA ARMADOR 1 2 CORTE;;;U003;372;RE;1;1;C27;FERRETERIA MR01;FERRETERIA;HERRAMIENTAS;KG;SIN PEDIDO;;;;;;;;;;
00372 UTE 372 GEO POSCO II;1017049;ZSSD;TRAPO DE PISO REFORZADO;;;U003;372;RE;4;7;C17;INSUMOS A;LIMPIEZA;LIMPIEZA /SEGURIDAD;KG;SIN PEDIDO;;;;;;;;;;
00372 UTE 372 GEO POSCO II;1017063;ZSSD;ESCOBILLON TIPO BARRANDERO;;;U003;372;RE;2;4;C17;INSUMOS A;LIMPIEZA;?;KG;SIN PEDIDO;;;;;;;;;;
00372 UTE 372 GEO POSCO II;1017064;ZSSD;SECADOR DE PISO 50CM;;;U003;372;RE;2;4;C17;INSUMOS A;LIMPIEZA;LIMPIEZA /SEGURIDAD;KG;SIN PEDIDO;;;;;;;;;;
00372 UTE 372 GEO POSCO II;1017792;ZSTO;CORREA DE ALTERNADOR;JOHN DEERE // JOHN DEERE;T321428 // T496608;U003;372;RE;1;2;C29;FILTROS/RESPUESTOS;CORREAS;CORREAS;KG;SIN PEDIDO;;;;;;;;;;
00372 UTE 372 GEO POSCO II;1026177;ZSTO;PULLEY SUB-ASSY (16603-0C013);TOYOTA ARG;16603-0C013;U003;372;RE;1;2;C03;EQUIPOS;REPUESTOS;TOYOTA HILUX;KG;SIN PEDIDO;;;;;;;;;;
00372 UTE 372 GEO POSCO II;1033986;ZSCD;DISCO LIJA GRANO 60 DE 4 1/2 - DOBLE A;;"C&#24;176GRADO36";U003;372;V1;41;83;C27;FERRETERIA MR01;FERRETERIA;INSUMOS;KG;SIN PEDIDO;;;;;;;;;;
00372 UTE 372 GEO POSCO II;1042016;ZSCD;CAMPERA ABRIGO ROJA T.S;;;U003;372;V1;4;6;C28;SEGURIDAD/ROPA/EPP;ROPA;INDUMENTARIA;KG;SIN PEDIDO;;;;;;;;;;
00372 UTE 372 GEO POSCO II;1042017;ZSCD;CAMPERA ABRIGO ROJA T.M;;;U003;372;V1;4;6;C28;SEGURIDAD/ROPA/EPP;ROPA;INDUMENTARIA;KG;SIN PEDIDO;;;;;;;;;;
00372 UTE 372 GEO POSCO II;1042019;ZSCD;CAMPERA ABRIGO ROJA T.XL;;;U003;372;V1;8;10;C28;SEGURIDAD/ROPA/EPP;ROPA;INDUMENTARIA;KG;SIN PEDIDO;;;;;;;;;;
00372 UTE 372 GEO POSCO II;1042020;ZSCD;CAMPERA ABRIGO ROJA T.XXL;;;U003;372;V1;4;8;C28;SEGURIDAD/ROPA/EPP;ROPA;INDUMENTARIA;KG;SIN PEDIDO;;;;;;;;;;
00372 UTE 372 GEO POSCO II;1046210;ZSCD;BIG BAG;;;U003;372;RE;21;42;C22;INSUMOS C;ARENA;INSUMOS;KG;SIN PEDIDO;;;;;;;;;;
00372 UTE 372 GEO POSCO II;1046211;ZSCD;CARTUCHO GAS BUTANO 227GR.;;;U003;372;V1;12;25;C27;FERRETERIA MR01;FERRETERIA;INSUMOS;KG;SIN PEDIDO;;;;;;;;;;
00374 TERMINAL PUNTA COLORADA;1000009;ZSTO;FILTRO A A CABINA INTERIOR;NEW HOLLAN;84577445;MR01;374;V1;2;2;F10;FILTRO HVAC;FILTROS;FARMALL A-120;KG;SIN PEDIDO;;;;;;;;;;
00374 TERMINAL PUNTA COLORADA;1000030;ZSTO;FILTRO HIDRAULICO;PALFINGER //;EA1412 // MSA02 KIT;MR01;374;V1;2;2;F07;FILTRO FLUIDO HIDR;FILTROS;PKB15500;KG;SIN PEDIDO;;;;;;;;;;
00374 TERMINAL PUNTA COLORADA;1001674;ZSTO;CLAVOS P.PARIS 1 XKG;;MÚLT. 30 KG;MR01;374;RE;60;60;C08;ACERO;ACEROS;CLAVOS;KG;SIN PEDIDO;;;;;;;;;;
00374 TERMINAL PUNTA COLORADA;1001676;ZSTO;CLAVOS P.PARIS 2 1 2 XKG;;MÚLT. 30 KG;MR01;374;RE;220;220;C08;ACERO;ACEROS;CLAVOS;KG;SIN PEDIDO;;;;;;;;;;
00374 TERMINAL PUNTA COLORADA;1001710;ZSTO;CINTA DEMARCAR PELIGRO ECOLOGICA;;;MR01;374;RE;40;40;C28;SEGURIDAD/ROPA/EPP;SEGURIDAD;SEÑALIZACION;KG;SIN PEDIDO;;;;;;;;;;
00374 TERMINAL PUNTA COLORADA;1001778;ZSTO;YERBA MATE X 500GRS X UN;;;MR01;374;RE;1000;1000;C17;INSUMOS A;ALIMENTOS;?;KG;SIN PEDIDO;;;;;;;;;;
00374 TERMINAL PUNTA COLORADA;1001843;ZSTO;CUBIERTA 10-16.5;PIRELLI NE // BOBCAT // TITAN ARGE // GOOD YEAR //;PN16 // HEAVY DUTY // IT 323 10RP TL // IT 323 // TITAN HD2000 10T;MR01;374;V1;2;2;C49;CUBIERTAS INDUSTRI;CUBIERTAS;BOBCAT;KG;SIN PEDIDO;;;;;;;;;;
00374 TERMINAL PUNTA COLORADA;1001872;ZSTO;RESMA DE HOJA A3 75GR. X UN;;;MR01;374;RE;10;10;C17;INSUMOS A;LIBRERIA;PAPEL;KG;SIN PEDIDO;;;;;;;;;;
00374 TERMINAL PUNTA COLORADA;1001879;ZSTO;CINTA DE ENMASCARAR 24 MM XROLLO;;;MR01;374;RE;20;20;C17;INSUMOS A;LIBRERIA;CINTAS ADHESIVAS;KG;SIN PEDIDO;;;;;;;;;;
00374 TERMINAL PUNTA COLORADA;1001892;ZSTO;BOLSAS RESIDUOS XUN 102X130ROJA100MICXUN;;;MR01;374;RE;500;500;C17;INSUMOS A;LIMPIEZA;LIMPIEZA /SEGURIDAD;KG;SIN PEDIDO;;;;;;;;;;
00374 TERMINAL PUNTA COLORADA;1001933;ZSTO;DISCO 114x1,6x222 REFORZADO x UN;TYROLIT;114X16X222;MR01;374;RE;600;600;C27;FERRETERIA MR01;FERRETERIA;ABRASIVOS/DISCOS;KG;SIN PEDIDO;;;;;;;;;;
00374 TERMINAL PUNTA COLORADA;1001958;ZSTO;CINTA TEFLON 1/2 X 20MT;;;MR01;374;RE;6;6;C27;FERRETERIA MR01;FERRETERIA;INSUMOS;KG;SIN PEDIDO;;;;;;;;;;
00374 TERMINAL PUNTA COLORADA;1001959;ZSTO;CINTA TEFLON 3/4 X 20MT;;;MR01;374;RE;15;15;C27;FERRETERIA MR01;FERRETERIA;INSUMOS;KG;SIN PEDIDO;;;;;;;;;;
00374 TERMINAL PUNTA COLORADA;1001973;ZSTO;ESMALTE SINT. AEROSOL AZUL X440CC;;KUWAIT-SINTEPLAST;MR01;374;RE;24;24;C22;INSUMOS C;PINTURAS;PINTURA AEROSOL;KG;SIN PEDIDO;;;;;;;;;;
00374 TERMINAL PUNTA COLORADA;1001982;ZSTO;VIDRIOP CARETASOLDADOR50X105MMTINTE10;;;MR01;374;RE;10;10;C27;FERRETERIA MR01;SOLDADURA;ACCESORIOS;KG;SIN PEDIDO;;;;;;;;;;
00374 TERMINAL PUNTA COLORADA;1002005;ZSTO;CAMISA JEAN T.48 C LOGO;;;MR01;374;RE;30;30;C28;SEGURIDAD/ROPA/EPP;ROPA;INDUMENTARIA;KG;SIN PEDIDO;;;;;;;;;;
00374 TERMINAL PUNTA COLORADA;1002046;ZSTO;CAMISETA PRIMERA PIEL T.XL;;;MR01;374;RE;42;42;C28;SEGURIDAD/ROPA/EPP;SEGURIDAD;INDUMENTARIA;KG;SIN PEDIDO;;;;;;;;;;
00374 TERMINAL PUNTA COLORADA;1002047;ZSTO;CAMISETA PRIMERA PIEL T.XXL;;;MR01;374;RE;30;30;C28;SEGURIDAD/ROPA/EPP;SEGURIDAD;INDUMENTARIA;KG;SIN PEDIDO;;;;;;;;;;
00374 TERMINAL PUNTA COLORADA;1002115;ZSTO;CORREA MOTOR;CATERPILLA;2432143;MR01;374;V1;2;2;C29;FILTROS/RESPUESTOS;CORREAS;CAT 938 H;KG;SIN PEDIDO;;;;;;;;;;
00374 TERMINAL PUNTA COLORADA;1002123;ZSTO;CORREA;JOHN DEERE // JOHN DEERE;T197521 // T428724;MR01;374;V1;2;2;C29;FILTROS/RESPUESTOS;CORREAS;JD 544J;KG;SIN PEDIDO;;;;;;;;;;
00374 TERMINAL PUNTA COLORADA;1002164;ZSTO;CORREA MOTOR VW 31-320 CONSTELATION XUN;CONTINENTA;8PK1980;MR01;374;V1;2;2;C29;FILTROS/RESPUESTOS;CORREAS;VW 31-320 CONSTELATION;KG;SIN PEDIDO;;;;;;;;;;
00374 TERMINAL PUNTA COLORADA;1002174;ZSTO;CORREA A A X UN;KOMATSU HO;412021761;MR01;374;V1;2;2;C29;FILTROS/RESPUESTOS;CORREAS;PC350LC8;KG;SIN PEDIDO;;;;;;;;;;
00374 TERMINAL PUNTA COLORADA;1002195;ZSTO;CORREA DE ALTERNADOR;BOBCAT;7100104;MR01;374;V1;2;2;C29;FILTROS/RESPUESTOS;CORREAS;BOBCAT S530;KG;SIN PEDIDO;;;;;;;;;;
00374 TERMINAL PUNTA COLORADA;1002202;ZSTO;CORREA PRINCIPAL;CATERPILLA;3508742;MR01;374;V1;2;2;C29;FILTROS/RESPUESTOS;CORREAS;CORREAS;KG;SIN PEDIDO;;;;;;;;;;
00374 TERMINAL PUNTA COLORADA;1002204;ZSTO;CORREA ALTERNADOR;;3032915 // AV 13X890;MR01;374;V1;2;2;C03;EQUIPOS;CORREAS;HIMOINSA LTA 8 V LED;KG;SIN PEDIDO;;;;;;;;;;
00374 TERMINAL PUNTA COLORADA;1002205;ZSTO;CORREA DE ALTERNADOR;CNH //;1F504013617 // CNH-IVECO-504038672 // 5802350473;MR01;374;V1;2;2;C29;FILTROS/RESPUESTOS;CORREAS;DIECHI SAMSON 75.10;KG;SIN PEDIDO;;;;;;;;;;
00374 TERMINAL PUNTA COLORADA;1002270;ZSTO;PATIN CENTRAL DE VERTEDERA;CATERPILLA // CATERPILLA;1781685 // 4461527;MR01;374;V1;2;2;G01;CUCHILLAS;DESGASTE;CAT 140H;KG;SIN PEDIDO;;;;;;;;;;
00374 TERMINAL PUNTA COLORADA;1002365;ZSTO;CUCHILLA PARA BALDE 68;BOBCAT;PRPBO6716015;MR01;374;V1;1;1;G01;CUCHILLAS;DESGASTE;BOBCAT S530 /Á S185;KG;SIN PEDIDO;;;;;;;;;;
00374 TERMINAL PUNTA COLORADA;1002390;ZSTO;PORTA UNAS CENTRALES;;KH115020;MR01;374;V1;3;3;G04;UÑAS;DESGASTE;PC130-8 OM;KG;SIN PEDIDO;;;;;;;;;;
00374 TERMINAL PUNTA COLORADA;1002516;ZSTO;FILTRO ACEITE XUN;JOHN DEERE // DONALDSON // JOHN DEERE;RE59754 // P551352 // DZ118286;MR01;374;V1;2;2;F03;FILTRO ACEITE;FILTROS;JD 6615;KG;SIN PEDIDO;;;;;;;;;;
00374 TERMINAL PUNTA COLORADA;1002524;ZSTO;FILTRO ACEITE MOTOR;MANN // BALDWIN // FLEETGUARD //;W962 // B236 // LF4054 // 0986B01027;MR01;374;V1;2;2;F03;FILTRO ACEITE;FILTROS;FILTROS;KG;SIN PEDIDO;;;;;;;;;;
00374 TERMINAL PUNTA COLORADA;1002527;ZSTO;FILTRO AIRE CABINA;CATERPILLA // CATERPILLA;2457823 // 5460006;MR01;374;V1;2;2;F05;FILTRO AIRE CABINA;FILTROS;CAT 324DL;KG;SIN PEDIDO;;;;;;;;;;
00374 TERMINAL PUNTA COLORADA;1002552;ZSTO;COMBUSTIBLE J.D. XUN;JOHN DEERE // JOHN DEERE;DQ24057 // AT81478;MR01;374;V1;2;2;F06;FILTRO COMBUSTIBLE;FILTROS;JD 6615;KG;SIN PEDIDO;;;;;;;;;;
00374 TERMINAL PUNTA COLORADA;1002568;ZSTO;FILTRO HIDRAULICO J.D. XUN;JOHN DEERE //;AL156625 // AL221066;MR01;374;V1;2;2;F07;FILTRO FLUIDO HIDR;FILTROS;JD 6615;KG;SIN PEDIDO;;;;;;;;;;
00374 TERMINAL PUNTA COLORADA;1002580;ZSTO;FILTRO X UN;FLEETGUARD // DONALDSON // DONALDSON //;WF2071 // P552071 // P552070 // WF2070;MR01;374;V1;2;2;F14;GENERICOS FILTROS;FILTROS;FILTROS;KG;SIN PEDIDO;;;;;;;;;;
00374 TERMINAL PUNTA COLORADA;1002612;ZSTO;FILTRO AIRE JOHN DEERE;JOHN DEERE // No aplica // JOHN DEERE;AL177184 // 119095 // AL225552;MR01;374;V1;2;2;F04;FILTRO AIRE;FILTROS;JD 6615;KG;SIN PEDIDO;;;;;;;;;;
00374 TERMINAL PUNTA COLORADA;1002613;ZSTO;FILTRO AIRE;JOHN DEERE;AL150288;MR01;374;V1;2;2;F04;FILTRO AIRE;FILTROS;JD 6615;KG;SIN PEDIDO;;;;;;;;;;
00374 TERMINAL PUNTA COLORADA;1002642;ZSTO;FILTRO AIRE;MOTORCRAFT // //;RFA6B // C17308 // P619859;MR01;374;V1;2;2;F04;FILTRO AIRE;FILTROS;FILTROS;KG;SIN PEDIDO;;;;;;;;;;
00374 TERMINAL PUNTA COLORADA;1002650;ZSTO;FILTRO CORROSION KOMATSU XUN;KOMATSU HO;6004111191;MR01;374;V1;2;2;F02;FILTRO ANTICORROSI;FILTROS;PC350LC8;KG;SIN PEDIDO;;;;;;;;;;
00374 TERMINAL PUNTA COLORADA;1002658;ZSTO;FILTRO HIDRAULICO KMS 155AX6 XUN;KOMATSU HO // KOMATSU HO;2076071182 // 2076071181;MR01;374;V1;2;2;F07;FILTRO FLUIDO HIDR;FILTROS;KMS 155AX6 PC 350LC8;KG;SIN PEDIDO;;;;;;;;;;
00374 TERMINAL PUNTA COLORADA;1002660;ZSTO;FILTRO HIDRAULICO;JOHN DEERE // JOHN DEERE // JOHN DEERE;AL160316 // AL160771 // AL203061;MR01;374;V1;2;2;F07;FILTRO FLUIDO HIDR;FILTROS;JD 6615;KG;SIN PEDIDO;;;;;;;;;;
00374 TERMINAL PUNTA COLORADA;1002719;ZSTO;RESPIR. TQ. HIDRAULICO XUN;KOMATSU HO;20Y6021470;MR01;374;V1;2;2;F07;FILTRO FLUIDO HIDR;FILTROS;PC350LC8;KG;SIN PEDIDO;;;;;;;;;;
00374 TERMINAL PUNTA COLORADA;1002734;ZSTO;FILTRO AIRE SECUNDARIO;CATERPILLA // DONALDSON;2456376 // P782108;MR01;374;V1;2;2;F04;FILTRO AIRE;FILTROS;CAT 140K;KG;SIN PEDIDO;;;;;;;;;;
00374 TERMINAL PUNTA COLORADA;1002735;ZSTO;FILTRO AIRE PRIMARIO XUN;CATERPILLA // DONALDSON;2456375 // P782105;MR01;374;V1;2;2;F04;FILTRO AIRE;FILTROS;CAT;KG;SIN PEDIDO;;;;;;;;;;
00374 TERMINAL PUNTA COLORADA;1002736;ZSTO;FILTRO TANQUE HIDRAULICO XUN;CATERPILLA;1R0774;MR01;374;V1;2;2;F07;FILTRO FLUIDO HIDR;FILTROS;CAT 416E // 140K;KG;SIN PEDIDO;;;;;;;;;;
00374 TERMINAL PUNTA COLORADA;1002740;ZSTO;FILTRO HIDRAULICO;CATERPILLA;937521;MR01;374;V1;2;2;F07;FILTRO FLUIDO HIDR;FILTROS;CAT 330;KG;SIN PEDIDO;;;;;;;;;;
00374 TERMINAL PUNTA COLORADA;1002745;ZSTO;FILTRO AIRE CABINA;CATERPILLA // CATERPILLA // CATERPILLA;2931183 // 3050329 // 4I1278;MR01;374;V1;2;2;F05;FILTRO AIRE CABINA;FILTROS;CAT 336 DLME;KG;SIN PEDIDO;;;;;;;;;;
00374 TERMINAL PUNTA COLORADA;1002746;ZSTO;UNIDAD SELLO FILTRO HIDRAULICO;CATERPILLA;5I8670;MR01;374;V1;2;2;C29;FILTROS/RESPUESTOS;FILTROS;CAT 330;KG;SIN PEDIDO;;;;;;;;;;
00374 TERMINAL PUNTA COLORADA;1002781;ZSTO;FILTRO AIRE;JOHN DEERE;AL172780;MR01;374;V1;2;2;F04;FILTRO AIRE;FILTROS;JD 6615;KG;SIN PEDIDO;;;;;;;;;;
00374 TERMINAL PUNTA COLORADA;1002811;ZSTO;FILTRO TRAMPA DE AGUA;PARKER RAC;2R0127177;MR01;374;V1;2;2;F13;FILTRO TRAMPA DE A;FILTROS;FILTROS;KG;SIN PEDIDO;;;;;;;;;;
00374 TERMINAL PUNTA COLORADA;1002878;ZSTO;FILTRO RESPIRADERO TRANSMISION XUN;KOMATSU HO //;0703000252 // FS 127;MR01;374;V1;2;2;F04;FILTRO AIRE;FILTROS;KMS 155AX6;KG;SIN PEDIDO;;;;;;;;;;
00374 TERMINAL PUNTA COLORADA;1003019;ZSTO;FILTRO RESPIRADERO TANQUE HIDRAULICO;KOMATSU HO;2076051311;MR01;374;V1;2;2;F07;FILTRO FLUIDO HIDR;FILTROS;KOMATSU PC 350;KG;SIN PEDIDO;;;;;;;;;;
00374 TERMINAL PUNTA COLORADA;1003031;ZSTO;FILTRO DE COMBUSTIBLE;CATERPILLA;1R1804;MR01;374;V1;2;2;F06;FILTRO COMBUSTIBLE;FILTROS;CAT;KG;SIN PEDIDO;;;;;;;;;;
00374 TERMINAL PUNTA COLORADA;1003032;ZSTO;FILTRO TRAMPA DE AGUA;CATERPILLA;4385386;MR01;374;V1;2;2;F13;FILTRO TRAMPA DE A;FILTROS;CAT;KG;SIN PEDIDO;;;;;;;;;;
00374 TERMINAL PUNTA COLORADA;1003044;ZSTO;FILTRO HIDRAULICO DE RETORNO;CATERPILLA;3987171;MR01;374;V1;2;2;F07;FILTRO FLUIDO HIDR;FILTROS;CAT 312 D2L;KG;SIN PEDIDO;;;;;;;;;;
00374 TERMINAL PUNTA COLORADA;1003112;ZSTO;FILTRO HIDRAULICO;CNH // DONALDSON;47628831 // P164375;MR01;374;V1;2;2;F07;FILTRO FLUIDO HIDR;FILTROS;FARMALL A-120;KG;SIN PEDIDO;;;;;;;;;;
00374 TERMINAL PUNTA COLORADA;1003113;ZSTO;FILTRO HIDRAULICO;CNH // DONALDSON;47427164 // P551364;MR01;374;V1;2;2;F07;FILTRO FLUIDO HIDR;FILTROS;FARMALL A-120;KG;SIN PEDIDO;;;;;;;;;;
00374 TERMINAL PUNTA COLORADA;1003114;ZSTO;FILTRO HIDRAULICO;CNH // DONALDSON;47628830 // P551551;MR01;374;V1;2;2;F07;FILTRO FLUIDO HIDR;FILTROS;FARMALL A-120;KG;SIN PEDIDO;;;;;;;;;;
00374 TERMINAL PUNTA COLORADA;1003124;ZSTO;FILTRO DE TRANSMISION CAJA DE CAMBIOS;VOLVO CONS;21479106;MR01;374;V1;2;2;F03;FILTRO ACEITE;FILTROS;VOLVO 330;KG;SIN PEDIDO;;;;;;;;;;
00374 TERMINAL PUNTA COLORADA;1003125;ZSTO;FILTRO SECADOR DE AIRE;VOLVO CONS;21620181;MR01;374;V1;2;2;F11;FILTRO SECADOR DE;FILTROS;VOLVO 330;KG;SIN PEDIDO;;;;;;;;;;
00374 TERMINAL PUNTA COLORADA;1003157;ZSTO;KIT FILTROS AIRE PRIMARIO Y SECUNDARIO;KOMATSU HO //;6001852100 // 1106326;MR01;374;V1;2;2;F04;FILTRO AIRE;FILTROS;PC130-8 OM;KG;SIN PEDIDO;;;;;;;;;;
00374 TERMINAL PUNTA COLORADA;1003158;ZSTO;FILTRO DE COMBUSTIBLE;KOMATSU HO;6003193870;MR01;374;V1;2;2;F06;FILTRO COMBUSTIBLE;FILTROS;PC130-8 OM;KG;SIN PEDIDO;;;;;;;;;;
00374 TERMINAL PUNTA COLORADA;1003159;ZSTO;FILTRO TRAMPA DE AGUA;KOMATSU HO //;6003194110 // 6003114120;MR01;374;V1;2;2;F13;FILTRO TRAMPA DE A;FILTROS;PC130-8 OM;KG;SIN PEDIDO;;;;;;;;;;
00374 TERMINAL PUNTA COLORADA;1003160;ZSTO;FILTRO ACEITE MOTOR;KOMATSU HO;6002112111;MR01;374;V1;2;2;F03;FILTRO ACEITE;FILTROS;PC130-8 OM;KG;SIN PEDIDO;;;;;;;;;;
00374 TERMINAL PUNTA COLORADA;1003161;ZSTO;FILTRO DE RETORNO;PALFINGER // HIFI FILTE // HIFI FILTE // MAHLE FILT //;EA5811 // SF FILTER HY9784‑SET // SH55186 // D176945RN2010V17 // MDH8165;MR01;374;V1;2;2;F07;FILTRO FLUIDO HIDR;FILTROS;PALFINGER PK23500B (S406-SKA);KG;SIN PEDIDO;;;;;;;;;;
00374 TERMINAL PUNTA COLORADA;1003162;ZSTO;FILTRO EN LINEA DE PRESION;PALFINGER;EA4923;MR01;374;V1;2;2;F07;FILTRO FLUIDO HIDR;FILTROS;PALFINGER PK23500B (S406-SKA);KG;SIN PEDIDO;;;;;;;;;;
00374 TERMINAL PUNTA COLORADA;1003164;ZSTO;FILTRO DE BOMBA SIST. UREA;VOLVO CONS;20877958;MR01;374;V1;2;2;F09;FILTRO DE UREA;FILTROS;VOLVO 330;KG;SIN PEDIDO;;;;;;;;;;
00374 TERMINAL PUNTA COLORADA;1003206;ZSTO;FILTRO TRAMPA DE AGUA;VOLKSWAGEN // // //;2T2201847 // FS19727 // FS19624 // FS20047;MR01;374;V1;2;2;F13;FILTRO TRAMPA DE A;FILTROS;VW 19-360;KG;SIN PEDIDO;;;;;;;;;;
00374 TERMINAL PUNTA COLORADA;1003224;ZSTO;7ILTRO DE UREA A BOMBA;CNH // CNH;500055972 // 2997594;MR01;374;V1;2;2;F09;FILTRO DE UREA;FILTROS;IVECO TRAKKER 410 T 44 EUROTRO;KG;SIN PEDIDO;;;;;;;;;;
00374 TERMINAL PUNTA COLORADA;1003226;ZSTO;FILTRO TANQUE DE UREA;CNH;42555466;MR01;374;V1;2;2;F09;FILTRO DE UREA;FILTROS;IVECO TRAKKER 410 T 44 EUROTRO;KG;SIN PEDIDO;;;;;;;;;;
00374 TERMINAL PUNTA COLORADA;1003237;ZSTO;FILTRO DE COMBUSTIBLE;CATERPILLA;5000480;MR01;374;V1;2;2;F06;FILTRO COMBUSTIBLE;FILTROS;CAT 140K;KG;SIN PEDIDO;;;;;;;;;;
00374 TERMINAL PUNTA COLORADA;1003238;ZSTO;FILTRO TRAMPA DE AGUA;CATERPILLA //;4367077 // SN40863;MR01;374;V1;2;2;F13;FILTRO TRAMPA DE A;FILTROS;CAT 140K;KG;SIN PEDIDO;;;;;;;;;;
00374 TERMINAL PUNTA COLORADA;1003241;ZSTO;MANN CF1651;MANN //;CF1651 // P750003;MR01;374;V1;2;2;F14;GENERICOS FILTROS;FILTROS;VOLVO 330;KG;SIN PEDIDO;;;;;;;;;;
00374 TERMINAL PUNTA COLORADA;1003255;ZSTO;FILTRO HIDRAULICO;DIECI // //;BHC3012 // P171621 // P565244;MR01;374;V1;2;2;F07;FILTRO FLUIDO HIDR;FILTROS;DIECHI SAMSON 75.10;KG;SIN PEDIDO;;;;;;;;;;
00374 TERMINAL PUNTA COLORADA;1003257;ZSTO;FILTRO HIDRAULICO DE DEPOSITO;DIECI //;BHC0105 // SH77508;MR01;374;V1;2;2;F07;FILTRO FLUIDO HIDR;FILTROS;DIECHI SAMSON 75.10;KG;SIN PEDIDO;;;;;;;;;;
00374 TERMINAL PUNTA COLORADA;1003276;ZSTO;FILTRO TANQUE HIDRAULICO;PARKER // No aplica //;921999 // K22001 // P551551;MR01;374;V1;2;2;F07;FILTRO FLUIDO HIDR;FILTROS;VOLCADORA MILICIC // VOLVO 330;KG;SIN PEDIDO;;;;;;;;;;
00374 TERMINAL PUNTA COLORADA;1003283;ZSTO;FILTRO HIDRAULICO;TEREX;RPTX0906041039;MR01;374;V1;2;2;F07;FILTRO FLUIDO HIDR;FILTROS;TEREX RT 35;KG;SIN PEDIDO;;;;;;;;;;
00374 TERMINAL PUNTA COLORADA;1003299;ZSTO;FILTRO RETORNO TANQUE HIDRAULICO;UFI FILTER // DONALDSON;ESE11NCC // P565243;MR01;374;V1;2;2;F07;FILTRO FLUIDO HIDR;FILTROS;VOLCADORA BACO;KG;SIN PEDIDO;;;;;;;;;;
00374 TERMINAL PUNTA COLORADA;1003343;ZSTO;FILTRO COMBUSTIBLE;VOLKSWAGEN // FORD // MWM INTERN // // //;90541150027 // 6L5Z7A508AB // 905411510042 // P551523 // 2R0127177N // WK 962/13;MR01;374;V1;2;2;F06;FILTRO COMBUSTIBLE;FILTROS;VW 26.260;KG;SIN PEDIDO;;;;;;;;;;
00374 TERMINAL PUNTA COLORADA;1003379;ZSTO;PISTOLA DE ENGRASE NEUMATICA;VULCANO;MG301;MR01;374;V1;2;2;C27;FERRETERIA MR01;HERRAMIENTAS;HERRAMIENTAS MANUALES;KG;SIN PEDIDO;;;;;;;;;;
00374 TERMINAL PUNTA COLORADA;1003670;ZSTO;PIN PIN CHISEL;DAEMO ENGI //;B23510780 // B23510783;MR01;374;V1;2;2;C29;FILTROS/RESPUESTOS;REPUESTOS;DAEMO;KG;SIN PEDIDO;;;;;;;;;;
00374 TERMINAL PUNTA COLORADA;1003707;ZSTO;CORREA;CNH // No aplica;504049426 // 5802113881;MR01;374;V1;2;2;C29;FILTROS/RESPUESTOS;REPUESTOS;POLY V 12pk1835;KG;SIN PEDIDO;;;;;;;;;;
00374 TERMINAL PUNTA COLORADA;1003724;ZSTO;AMORTIGUADOR TRASERO DERECHO;TOYOTA ARG // TOYOTA ARG;485318Z021 / 485318Z019 // 485318Z019;MR01;374;V1;2;2;C29;FILTROS/RESPUESTOS;REPUESTOS;HILUX 2017;KG;SIN PEDIDO;;;;;;;;;;
00374 TERMINAL PUNTA COLORADA;1003725;ZSTO;AMORTIGUADOR TRASERO IZQUIERDO;TOYOTA ARG;4854109361;MR01;374;V1;2;2;C29;FILTROS/RESPUESTOS;REPUESTOS;HILUX 2017;KG;SIN PEDIDO;;;;;;;;;;
00374 TERMINAL PUNTA COLORADA;1003864;ZSTO;CORREA VENTILADOR xUN (jgox3);CATERPILLA;3196293;MR01;374;V1;2;2;C29;FILTROS/RESPUESTOS;REPUESTOS;CAT 140K;KG;SIN PEDIDO;;;;;;;;;;
00374 TERMINAL PUNTA COLORADA;1015790;ZSSD;ESPONJA P/LAVAR VAJILLA X UN;;;MR01;374;RE;26;26;C17;INSUMOS A;LIMPIEZA;LIMPIEZA /SEGURIDAD;KG;SIN PEDIDO;;;;;;;;;;
00374 TERMINAL PUNTA COLORADA;1015854;ZSSD;PRECINTO PLASTICO AL-4 X 200MM;;MÚLT. 100U;MR01;374;RE;10;10;C27;FERRETERIA MR01;FERRETERIA;INSUMOS;KG;SIN PEDIDO;;;;;;;;;;
00374 TERMINAL PUNTA COLORADA;1015866;ZSSD;TRAPO DE PISO X UN;;;MR01;374;RE;75;75;C17;INSUMOS A;LIMPIEZA;INSUMOS;KG;SIN PEDIDO;;;;;;;;;;
00374 TERMINAL PUNTA COLORADA;1016017;ZSCD;BOTIN CONW 53 BAF MARRON FLOR P.ACER N36;;;MR01;374;RE;7;7;C28;SEGURIDAD/ROPA/EPP;SEGURIDAD;CALZADO;KG;SIN PEDIDO;;;;;;;;;;
00374 TERMINAL PUNTA COLORADA;1016080;ZSCD;BOTIN CONW 53 BAF MARRON FLOR P.ACER N39;;;MR01;374;RE;15;15;C28;SEGURIDAD/ROPA/EPP;SEGURIDAD;CALZADO;KG;SIN PEDIDO;;;;;;;;;;
00374 TERMINAL PUNTA COLORADA;1016279;ZSTO;FILTRO LINEA HIDRAULICO;BOMAG GMBH // HIFI FILTE;07993094 // SH 52628;MR01;374;V1;2;2;F06;FILTRO COMBUSTIBLE;FILTROS;FILTRO COMB;KG;SIN PEDIDO;;;;;;;;;;
00374 TERMINAL PUNTA COLORADA;1016281;ZSTO;KIT TUERCA/BULON 30 U P/SEGMENTO CORTE;KOMATSU HO;1783205000;MR01;374;V1;2;2;G05;AJUSTE;DESGASTE;EXCAVADORA KOMATSU PC 240;KG;SIN PEDIDO;;;;;;;;;;
00374 TERMINAL PUNTA COLORADA;1016308;ZSTO;Correa de A/A;GOOD YEAR // POWER SPAN;13X1060 // A42;MR01;374;V1;2;2;C29;FILTROS/RESPUESTOS;CORREAS;CORREAS;KG;SIN PEDIDO;;;;;;;;;;
00374 TERMINAL PUNTA COLORADA;1016921;ZSSD;SOGA NAUTICA 8MM;;MÚLT. 100 MTS;MR01;374;RE;400;400;C27;FERRETERIA MR01;FERRETERIA;FERRETERIA;KG;SIN PEDIDO;;;;;;;;;;
00374 TERMINAL PUNTA COLORADA;1016960;ZSSD;RESALTADOR VERDE PUNTA CHANFLEADA;;MÚLT. 10U;MR01;374;RE;31;31;C17;INSUMOS A;LIBRERIA;ESCRITURA;KG;SIN PEDIDO;;;;;;;;;;
00374 TERMINAL PUNTA COLORADA;1016961;ZSSD;RESALTADOR ROSA PUNTA CHANFLEADA;;MÚLT. 10U;MR01;374;RE;31;31;C17;INSUMOS A;LIBRERIA;ESCRITURA;KG;SIN PEDIDO;;;;;;;;;;
00374 TERMINAL PUNTA COLORADA;1016962;ZSSD;RESALTADOR NARANJA PUNTA CHANFLEADA;;MÚLT. 10U;MR01;374;RE;30;30;C17;INSUMOS A;LIBRERIA;ESCRITURA;KG;SIN PEDIDO;;;;;;;;;;
00374 TERMINAL PUNTA COLORADA;1016963;ZSSD;RESALTADOR CELESTE PUNTA CHANFLEADA;;MÚLT. 10U;MR01;374;RE;25;25;C17;INSUMOS A;LIBRERIA;ESCRITURA;KG;SIN PEDIDO;;;;;;;;;;
00374 TERMINAL PUNTA COLORADA;1016967;ZSSD;PERFORADORA MET MIT 40-45 HJ C REGLA;;;MR01;374;CL;2;2;C17;INSUMOS A;LIBRERIA;LIBRERIA;KG;SIN PEDIDO;;;;;;;;;;
00374 TERMINAL PUNTA COLORADA;1016968;ZSSD;PERFORADORA MET MIT 20-25 HJ C REGLA;;;MR01;374;RE;2;2;C17;INSUMOS A;LIBRERIA;LIBRERIA;KG;SIN PEDIDO;;;;;;;;;;
00374 TERMINAL PUNTA COLORADA;1016971;ZSSD;NOTAS ADHESIVAS (POST IT) 38X54 MM;;MÚLT. 12U;MR01;374;RE;30;30;C17;INSUMOS A;LIBRERIA;PAPEL;KG;SIN PEDIDO;;;;;;;;;;
00374 TERMINAL PUNTA COLORADA;1016976;ZSSD;MARCADOR P PIZARRA NEGRO;;MÚLT. 10U;MR01;374;RE;20;20;C17;INSUMOS A;LIBRERIA;ESCRITURA;KG;SIN PEDIDO;;;;;;;;;;
00374 TERMINAL PUNTA COLORADA;1017003;ZSSD;BATERIA 9V;;;MR01;374;RE;11;11;C27;FERRETERIA MR01;FERRETERIA;BATERIAS;KG;SIN PEDIDO;;;;;;;;;;
00374 TERMINAL PUNTA COLORADA;1017008;ZSSD;ADHESIVO SINTETICO 50GR;;VOLIGOMA;MR01;374;RE;5;5;C17;INSUMOS A;FERRETERIA;ADHESIVOS;KG;SIN PEDIDO;;;;;;;;;;
00374 TERMINAL PUNTA COLORADA;1017011;ZSSD;CUADERNO ESPIRAL RAY A4 T.SEMIDURA 80 HJ;;;MR01;374;RE;13;13;C17;INSUMOS A;LIBRERIA;PAPEL;KG;SIN PEDIDO;;;;;;;;;;
00374 TERMINAL PUNTA COLORADA;1017019;ZSSD;ABROCHADORA PINZA N10;;;MR01;374;RE;7;7;C17;INSUMOS A;LIBRERIA;ACCESORIOS;KG;SIN PEDIDO;;;;;;;;;;
00374 TERMINAL PUNTA COLORADA;1017022;ZSSD;CUADERNO ESPIRAL CUAD A4 T.SEMIDURA 80HJ;;;MR01;374;RE;16;16;C17;INSUMOS A;LIBRERIA;PAPEL;KG;SIN PEDIDO;;;;;;;;;;
00374 TERMINAL PUNTA COLORADA;1017023;ZSSD;CUADERNO ESPIRAL RAY A4 T.DURA 80 HJ;;;MR01;374;RE;12;12;C17;INSUMOS A;LIBRERIA;ESCRITURA;KG;SIN PEDIDO;;;;;;;;;;
00374 TERMINAL PUNTA COLORADA;1017045;ZSSD;SECADOR DE PISO 30CM;;;MR01;374;RE;12;12;C17;INSUMOS A;LIMPIEZA;INSUMOS;KG;SIN PEDIDO;;;;;;;;;;
00374 TERMINAL PUNTA COLORADA;1017083;ZSSD;PILA ALCALINA AA;;;MR01;374;RE;30;30;C27;FERRETERIA MR01;FERRETERIA;INSUMOS;KG;SIN PEDIDO;;;;;;;;;;
00374 TERMINAL PUNTA COLORADA;1017220;ZSSD;REGLA PLASTICA 30 CM;;;MR01;374;RE;10;10;C17;INSUMOS A;LIBRERIA;ACCESORIOS;KG;SIN PEDIDO;;;;;;;;;;
00374 TERMINAL PUNTA COLORADA;1017792;ZSTO;CORREA DE ALTERNADOR;JOHN DEERE // JOHN DEERE;T321428 // T496608;MR01;374;V1;2;2;C29;FILTROS/RESPUESTOS;CORREAS;CORREAS;KG;SIN PEDIDO;;;;;;;;;;
00374 TERMINAL PUNTA COLORADA;1017948;ZSTO;Conjunto Respiradero;CATERPILLA;1833873;MR01;374;V1;2;2;F04;FILTRO AIRE;REPUESTOS;140K;KG;SIN PEDIDO;;;;;;;;;;
00374 TERMINAL PUNTA COLORADA;1017949;ZSTO;Correa de Alternador;KOMATSU HO // KOMATSU HO //;6732813531 // 8PK1700(ALTERNATIVO) // 6732-81-3531;MR01;374;V1;2;2;C29;FILTROS/RESPUESTOS;CORREAS;CORREAS;KG;SIN PEDIDO;;;;;;;;;;
00374 TERMINAL PUNTA COLORADA;1018257;ZSTO;FILTRO TRANSMISION;TEREX // TEREX //;H2650573 // RPTXH2650573 // P550445;MR01;374;V1;2;2;F03;FILTRO ACEITE;FILTROS;PC350LC8;KG;SIN PEDIDO;;;;;;;;;;
00374 TERMINAL PUNTA COLORADA;1018427;ZSTO;Correa A/A;CATERPILLA;1749030;MR01;374;V1;2;2;C29;FILTROS/RESPUESTOS;CORREAS;CAT D6T;KG;SIN PEDIDO;;;;;;;;;;
00374 TERMINAL PUNTA COLORADA;1022053;ZSTO;CORREA ALTERNADOR;KOMATSU HO;20Y-01-B4010;MR01;374;V1;2;2;C29;FILTROS/RESPUESTOS;REPUESTOS;KOMATSU PC-220;KG;SIN PEDIDO;;;;;;;;;;
00374 TERMINAL PUNTA COLORADA;1022061;ZSTO;CORREA ALTERNADOR DE 90AMP;KOMATSU HO;6741-61-1621;MR01;374;V1;2;2;C29;FILTROS/RESPUESTOS;REPUESTOS;KOMATSU D65EX15;KG;SIN PEDIDO;;;;;;;;;;
00374 TERMINAL PUNTA COLORADA;1022062;ZSTO;CORREA ALTERNADOR;KOMATSU HO;6743-61-1411;MR01;374;V1;2;2;C29;FILTROS/RESPUESTOS;REPUESTOS;KOMATSU PC 200-8;KG;SIN PEDIDO;;;;;;;;;;
00374 TERMINAL PUNTA COLORADA;1022110;ZSTO;Filtro Cabina aire fresco;JOHN DEERE;AT441536;MR01;374;V1;2;2;F05;FILTRO AIRE CABINA;FILTROS;MINICARGADORA JD 324G;KG;SIN PEDIDO;;;;;;;;;;
00374 TERMINAL PUNTA COLORADA;1022227;ZSTO;AMORTIGUADOR DELANTERO;SACHS;48510-8Z206;MR01;374;V1;2;2;C03;EQUIPOS;REPUESTOS;HILUX;KG;SIN PEDIDO;;;;;;;;;;
00374 TERMINAL PUNTA COLORADA;1022812;ZSTO;CORREA COMPRESOR A/A;;04120-21766;MR01;374;V1;2;2;C03;EQUIPOS;EQUIPOS;?;KG;SIN PEDIDO;;;;;;;;;;
00374 TERMINAL PUNTA COLORADA;1022823;ZSTO;CORREA POLY-V;;2V2903137A;MR01;374;V1;2;2;C03;EQUIPOS;CORREAS;?;KG;SIN PEDIDO;;;;;;;;;;
00374 TERMINAL PUNTA COLORADA;1022825;ZSTO;CORREAAPEZOIDAL;JOHN DEERE;R123307 // DZ119059;MR01;374;V1;2;2;C03;EQUIPOS;CORREAS;?;KG;SIN PEDIDO;;;;;;;;;;
00374 TERMINAL PUNTA COLORADA;1023822;ZSTO;PATIN CORTO;SERVICIOS;5T-8366;MR01;374;V1;2;2;C03;EQUIPOS;DESGASTE;CAT 140H;KG;SIN PEDIDO;;;;;;;;;;
00374 TERMINAL PUNTA COLORADA;1025339;ZSTO;CORREA VENTILADOR MOTOR;;5715360;MR01;374;V1;2;2;C03;EQUIPOS;CORREAS;?;KG;SIN PEDIDO;;;;;;;;;;
00374 TERMINAL PUNTA COLORADA;1025582;ZSTO;CORREA TRAPEZOIDAL;;6312244;MR01;374;V1;2;2;C03;EQUIPOS;CORREAS;?;KG;SIN PEDIDO;;;;;;;;;;
00374 TERMINAL PUNTA COLORADA;1026272;ZSCD;DELANTAL KEVLAR C TRIPLE PROT ABDOMINAL;;;MR01;374;RE;20;20;C28;SEGURIDAD/ROPA/EPP;INDUMENTARIA;INSUMOS;KG;SIN PEDIDO;;;;;;;;;;
00374 TERMINAL PUNTA COLORADA;1027157;ZSSD;CORREA ALTERNADOR;;8PK1230;MR01;374;V1;2;2;C03;EQUIPOS;CORREAS;?;KG;SIN PEDIDO;;;;;;;;;;
00374 TERMINAL PUNTA COLORADA;1027332;ZSTO;CORREA;JOHN DEERE;T230728;MR01;374;V1;2;2;C03;EQUIPOS;CORREAS;?;KG;SIN PEDIDO;;;;;;;;;;
00374 TERMINAL PUNTA COLORADA;1029327;ZSTO;CORREA MOTOR;;8PK1800;MR01;374;V1;2;2;C03;EQUIPOS;EQUIPOS;AUTOMOTOR;KG;SIN PEDIDO;;;;;;;;;;
00374 TERMINAL PUNTA COLORADA;1029358;ZSTO;CORREA MOTOR;;07W903137;MR01;374;V1;2;2;C03;EQUIPOS;CORREAS;?;KG;SIN PEDIDO;;;;;;;;;;
00374 TERMINAL PUNTA COLORADA;1029480;ZSTO;CORREA B-45;;B-45 DUNLOP;MR01;374;V1;2;2;C29;FILTROS/RESPUESTOS;CORREAS;CAMIONES REGADORES;KG;SIN PEDIDO;;;;;;;;;;
00374 TERMINAL PUNTA COLORADA;1029481;ZSTO;CORREA POLY V 4PK-1000;SKF;4PK1000 POLY V CONTINENTAL;MR01;374;V1;2;2;C29;FILTROS/RESPUESTOS;CORREAS;?;KG;SIN PEDIDO;;;;;;;;;;
00374 TERMINAL PUNTA COLORADA;1029584;ZSTO;CORREA TRAPEZOIDAL;;T437052;MR01;374;V1;2;3;C29;FILTROS/RESPUESTOS;CORREAS;?;KG;SIN PEDIDO;;;;;;;;;;
00374 TERMINAL PUNTA COLORADA;1033628;ZSTO;FILTRO HIDRAULICO;;07993110 / SH 52308;MR01;374;V1;2;2;F07;FILTRO FLUIDO HIDR;FILTROS;COMP BOMAG BW 219 DH-5;KG;SIN PEDIDO;;;;;;;;;;
00374 TERMINAL PUNTA COLORADA;1034240;ZSSD;CHALECO GRAFA NARANJA C/REFLECTIVO T.XXL;;;MR01;374;RE;65;65;C28;SEGURIDAD/ROPA/EPP;SEGURIDAD;INDUMENTARIA;KG;SIN PEDIDO;;;;;;;;;;
00374 TERMINAL PUNTA COLORADA;1034628;ZSTO;JUNTA DE BALANCINES;;3027433 // 119718-11310;MR01;374;V1;2;2;C29;FILTROS/RESPUESTOS;REPUESTOS;HIMOINSA LTA 8 V LED;KG;SIN PEDIDO;;;;;;;;;;
00374 TERMINAL PUNTA COLORADA;1034629;ZSTO;JUNTA TAPA PRINCIPAL;DBT S.A. //;3036097 // 119717-11331;MR01;374;V1;2;2;C29;FILTROS/RESPUESTOS;REPUESTOS;HIMOINSA LTA 8 V LED;KG;SIN PEDIDO;;;;;;;;;;
00374 TERMINAL PUNTA COLORADA;1041938;ZSCD;MAMELUCO GRAFA AZUL C/LOGO Y REFL. T.L;;;MR01;374;RE;8;8;C28;SEGURIDAD/ROPA/EPP;INDUMENTARIA;EPP;KG;SIN PEDIDO;;;;;;;;;;
00374 TERMINAL PUNTA COLORADA;1042118;ZSTO;CORREA MOTOR TRACTOR JD 6405;;L111601 // 82310 8203 TRACTOR JD 6615 DT CON 3 PUNT;MR01;374;V1;2;2;C03;EQUIPOS;CORREAS;JD 6405;KG;SIN PEDIDO;;;;;;;;;;
00374 TERMINAL PUNTA COLORADA;1042512;ZSCD;BOTIN CONW 53 BAF MARRON P.ACER N37;;;MR01;374;RE;8;8;C28;SEGURIDAD/ROPA/EPP;SEGURIDAD;CALZADO;KG;SIN PEDIDO;;;;;;;;;;
00374 TERMINAL PUNTA COLORADA;1042513;ZSCD;BOTIN CONW 53 BAF MARRON P.ACER N38;;;MR01;374;RE;12;12;C28;SEGURIDAD/ROPA/EPP;SEGURIDAD;CALZADO;KG;SIN PEDIDO;;;;;;;;;;
00374 TERMINAL PUNTA COLORADA;1042514;ZSCD;BOTIN CONW 53 BAF MARRON P.ACER N40;;;MR01;374;RE;45;45;C28;SEGURIDAD/ROPA/EPP;SEGURIDAD;CALZADO;KG;SIN PEDIDO;;;;;;;;;;
00374 TERMINAL PUNTA COLORADA;1042515;ZSCD;BOTIN CONW 53 BAF MARRON P.ACER N41;;;MR01;374;RE;65;65;C28;SEGURIDAD/ROPA/EPP;SEGURIDAD;CALZADO;KG;SIN PEDIDO;;;;;;;;;;
00374 TERMINAL PUNTA COLORADA;1042517;ZSCD;BOTIN CONW 53 BAF MARRON P.ACER N43;;;MR01;374;RE;45;45;C28;SEGURIDAD/ROPA/EPP;SEGURIDAD;CALZADO;KG;SIN PEDIDO;;;;;;;;;;
00374 TERMINAL PUNTA COLORADA;1042518;ZSCD;BOTIN CONW 53 BAF MARRON P.ACER N44;;;MR01;374;RE;18;18;C28;SEGURIDAD/ROPA/EPP;SEGURIDAD;CALZADO;KG;SIN PEDIDO;;;;;;;;;;
00374 TERMINAL PUNTA COLORADA;1042520;ZSCD;BOTIN CONW 53 BAF MARRON P.ACER N46;;;MR01;374;RE;4;4;C28;SEGURIDAD/ROPA/EPP;SEGURIDAD;CALZADO;KG;SIN PEDIDO;;;;;;;;;;
00374 TERMINAL PUNTA COLORADA;1046486;ZSTO;CORREA ALTERNADOR;;6205-61-3580;MR01;374;V1;2;2;C03;EQUIPOS;EQUIPOS;?;KG;SIN PEDIDO;;;;;;;;;;
00374 TERMINAL PUNTA COLORADA;1046936;ZSCD;GUANTE LATEX NEGRO INDUSTRIAL T8 XPAR;;;MR01;374;RE;13;13;C28;SEGURIDAD/ROPA/EPP;INDUMENTARIA;EPP;KG;SIN PEDIDO;;;;;;;;;;
00374 TERMINAL PUNTA COLORADA;1047449;ZSCD;CARTUCHO P/VAPOR S/ANEXO XPAR;;MARCA: 3M | COD: 6001;MR01;374;V1;2;2;C28;SEGURIDAD/ROPA/EPP;SEGURIDAD;EPP;KG;SIN PEDIDO;;;;;;;;;;
00374 TERMINAL PUNTA COLORADA;1047475;ZSCD;SOLUCION PEGAMENTO P/PARCHE 250CC;;;MR01;374;V1;2;2;C27;FERRETERIA MR01;FERRETERIA;INSUMOS;KG;SIN PEDIDO;;;;;;;;;;
00374 TERMINAL PUNTA COLORADA;1047504;ZSCD;"DISCO WIDIA DIAMANTADO P/AMOLADORA 4""";;;MR01;374;V1;25;50;C27;FERRETERIA MR01;REPUESTOS;HERRAMIENTAS ELECTRICAS;KG;SIN PEDIDO;;;;;;;;;;
00374 TERMINAL PUNTA COLORADA;1047700;ZSCD;CHALECO REFLECTIVO NARANJA C2 C/LOGO T.S;;;MR01;374;RE;30;30;C28;SEGURIDAD/ROPA/EPP;INDUMENTARIA;EPP;KG;SIN PEDIDO;;;;;;;;;;
00374 TERMINAL PUNTA COLORADA;1047701;ZSCD;CHALECO REFLECTIVO NARANJA C2 C/LOGO T.M;;;MR01;374;RE;40;40;C28;SEGURIDAD/ROPA/EPP;INDUMENTARIA;EPP;KG;SIN PEDIDO;;;;;;;;;;
00374 TERMINAL PUNTA COLORADA;1047703;ZSCD;CHALECO REFLECT. NARANJA C2 C/LOGO T.3XL;;;MR01;374;RE;16;16;C28;SEGURIDAD/ROPA/EPP;INDUMENTARIA;EPP;KG;SIN PEDIDO;;;;;;;;;;
00374 TERMINAL PUNTA COLORADA;1048842;ZSCD;CARTUCHO TONER NEXT ONE TN660/2370;;133;MR01;374;RE;4;4;C05;INFORMÁT.-HARDWARE;LIBRERIA;?;KG;SIN PEDIDO;;;;;;;;;;
00374 TERMINAL PUNTA COLORADA;1048856;ZSCD;BALDE PLASTICO 12LTS.;;;MR01;374;RE;6;6;C17;INSUMOS A;FERRETERIA;?;KG;SIN PEDIDO;;;;;;;;;;
00374 TERMINAL PUNTA COLORADA;1050293;ZSTO;FILTRO AIRE PRIMARIO - SANY SRC900T;;160602020025B;MR01;374;V1;2;2;C29;FILTROS/RESPUESTOS;EQUIPOS;?;KG;SIN PEDIDO;;;;;;;;;;
00374 TERMINAL PUNTA COLORADA;1050295;ZSTO;FILTRO AIRE SECUNDARIO - SANY SRC900T;;160602010040B001;MR01;374;V1;2;2;C29;FILTROS/RESPUESTOS;EQUIPOS;?;KG;SIN PEDIDO;;;;;;;;;;
00374 TERMINAL PUNTA COLORADA;1050296;ZSTO;FILTRO DE ACEITE - SANY SRC900T;;60034227;MR01;374;V1;2;2;C29;FILTROS/RESPUESTOS;EQUIPOS;?;KG;SIN PEDIDO;;;;;;;;;;
00374 TERMINAL PUNTA COLORADA;1050297;ZSTO;FILTRO COMBUSTIBLE  - SANY SRC900T;;131288000041A // 5289992 DCEC CUMMINS;MR01;374;V1;2;2;C29;FILTROS/RESPUESTOS;EQUIPOS;?;KG;SIN PEDIDO;;;;;;;;;;
00374 TERMINAL PUNTA COLORADA;1050298;ZSTO;FILTRO COMBUSTIBLE  - SANY SRC900T;;60252396;MR01;374;V1;2;2;C29;FILTROS/RESPUESTOS;EQUIPOS;?;KG;SIN PEDIDO;;;;;;;;;;
00374 TERMINAL PUNTA COLORADA;1050299;ZSTO;FILTRO TRAMPA DE AGUA  - SANY SRC900T;;60242352 // 400-880-9119 CUMMINS;MR01;374;V1;2;2;C29;FILTROS/RESPUESTOS;EQUIPOS;?;KG;SIN PEDIDO;;;;;;;;;;
00374 TERMINAL PUNTA COLORADA;1050300;ZSTO;FILTRO HIDRAULICO DE ALTA PRESION;;151501000058B001 (SANY SRC900T);MR01;374;V1;1;1;C29;FILTROS/RESPUESTOS;FILTROS;FILTROS;KG;SIN PEDIDO;;;;;;;;;;
00374 TERMINAL PUNTA COLORADA;1050304;ZSTO;FILTRO EXTERIOR CABINA  - SANY SRC900T;;60250669;MR01;374;V1;1;1;C29;FILTROS/RESPUESTOS;FILTROS;FILTROS;KG;SIN PEDIDO;;;;;;;;;;
00374 TERMINAL PUNTA COLORADA;1050306;ZSTO;FILTRO AIRE FRESCO - SANY SRC900T;;60278857;MR01;374;V1;1;1;C29;FILTROS/RESPUESTOS;FILTROS;FILTROS;KG;SIN PEDIDO;;;;;;;;;;
00374 TERMINAL PUNTA COLORADA;1054327;ZSSD;SIKA SEPAROL PRECAST X200LTS;;;MR01;374;V1;1;1;C22;INSUMOS C;HORMIGON;ADITIVO;KG;SIN PEDIDO;;;;;;;;;;
00377-YPF 3° loop;1001794;ZSTO;ACEITE HIPOIDAL X 205L;YPF S.A. // YPF S.A.;80W90 // 123092;MR01;377;V1;1;1;L01;ACEITES;LUBRICANTES;ACEITES;KG;SIN PEDIDO;;;;;;;;;;
00377-YPF 3° loop;1001798;ZSTO;ACEITE HIDRAULICO X 20 LTS;TOTAL;AZOLLA32;MR01;377;V1;1;1;L01;ACEITES;LUBRICANTES;ACEITES;KG;SIN PEDIDO;;;;;;;;;;
00377-YPF 3° loop;1002114;ZSTO;CORREA ALTERNADOR 850MM ORIG;LOMBARDINI;WAN5200002703;MR01;377;V1;2;2;C29;FILTROS/RESPUESTOS;CORREAS;TORRE WACKER;KG;SIN PEDIDO;;;;;;;;;;
00377-YPF 3° loop;1002115;ZSTO;CORREA MOTOR;CATERPILLA;2432143;MR01;377;V1;1;1;C29;FILTROS/RESPUESTOS;CORREAS;CAT 938 H;KG;SIN PEDIDO;;;;;;;;;;
00377-YPF 3° loop;1002123;ZSTO;CORREA;JOHN DEERE // JOHN DEERE;T197521 // T428724;MR01;377;V1;1;1;C29;FILTROS/RESPUESTOS;CORREAS;JD 544J;KG;SIN PEDIDO;;;;;;;;;;
00377-YPF 3° loop;1002205;ZSTO;CORREA DE ALTERNADOR;CNH //;1F504013617 // CNH-IVECO-504038672 // 5802350473;MR01;377;V1;1;1;C29;FILTROS/RESPUESTOS;CORREAS;DIECHI SAMSON 75.10;KG;SIN PEDIDO;;;;;;;;;;
00377-YPF 3° loop;1002474;ZSTO;ELEMENTO FILTRO XUN;SULLAIR AR // SULLAIR AR //;250028032 // 250026-982 // P565149;MR01;377;V1;1;1;F04;FILTRO AIRE;FILTROS;SULLAIR 185;KG;SIN PEDIDO;;;;;;;;;;
00377-YPF 3° loop;1002557;ZSTO;FILTRO COMBUSTIBLE XUN;JOHN DEERE;RE62418;MR01;377;V1;1;1;F06;FILTRO COMBUSTIBLE;FILTROS;JD 6615;KG;SIN PEDIDO;;;;;;;;;;
00377-YPF 3° loop;1002754;ZSTO;FILTRO A. U. COMPRESORA SULLAIR 185;SULLAIR AR // FLEETGUARD //;2250078031 // SE-1721 // OS 5194;MR01;377;V1;1;1;F04;FILTRO AIRE;FILTROS;FILTROS;KG;SIN PEDIDO;;;;;;;;;;
00377-YPF 3° loop;1003027;ZSTO;ELEMENTO FILTRO DE ACEITE;FLEETGUARD // No aplica // // BALDWIN //;LF16061 // P556615 // DBL7349 // B7362 // LF3806;MR01;377;V1;1;1;F03;FILTRO ACEITE;FILTROS;ONAN C66D5;KG;SIN PEDIDO;;;;;;;;;;
00377-YPF 3° loop;1003110;ZSTO;FILTRO DE COMBUSTIBLE;DONALDSON;47377748 // P556287;MR01;377;V1;1;1;F06;FILTRO COMBUSTIBLE;FILTROS;FARMALL A-120;KG;SIN PEDIDO;;;;;;;;;;
00377-YPF 3° loop;1003206;ZSTO;FILTRO TRAMPA DE AGUA;VOLKSWAGEN // // //;2T2201847 // FS19727 // FS19624 // FS20047;MR01;377;V1;1;1;F13;FILTRO TRAMPA DE A;FILTROS;VW 19-360;KG;SIN PEDIDO;;;;;;;;;;
00377-YPF 3° loop;1004011;ZSTO;LAMPARA 12V-5W S CULOTE X UN;;PHILIPS-OSRAM;MR01;377;V1;10;15;C03;EQUIPOS;REPUESTOS;ELECTRICIDAD AUTOMOTOR;KG;SIN PEDIDO;;;;;;;;;;
00377-YPF 3° loop;1004031;ZSTO;LAMPARA 24V-21 5W PATA PAREJ. X UN;;BA15D;MR01;377;V1;10;15;C29;FILTROS/RESPUESTOS;REPUESTOS;ELECTRICIDAD AUTOMOTOR;KG;SIN PEDIDO;;;;;;;;;;
00377-YPF 3° loop;1009436;ZSTO;UREA AZUL 32 X BIN 1000LTS;YPF S.A. // YPF S.A. // AXION ENER // RAIZEN ARG;516385 // 810300000371 // L60866;MR01;377;V1;1;1;L02;FLUIDOS;LUBRICANTES;ADITIVOS;KG;SIN PEDIDO;;;;;;;;;;
00377-YPF 3° loop;1013582;ZSSD;MINIFUSIBLE PLANO 10 AMP. XUN;;;MR01;377;V1;10;20;C29;FILTROS/RESPUESTOS;REPUESTOS;ELECTRICIDAD AUTOMOTOR;KG;SIN PEDIDO;;;;;;;;;;
00377-YPF 3° loop;1013583;ZSSD;MINIFUSIBLE PLANO 15 AMP. XUN;;;MR01;377;V1;10;20;C29;FILTROS/RESPUESTOS;REPUESTOS;ELECTRICIDAD AUTOMOTOR;KG;SIN PEDIDO;;;;;;;;;;
00377-YPF 3° loop;1023623;ZSTO;ACEITE MOBIL SHC 629 BEARING-GEAR X20L;PARANA MAQ;MOBIL SHC 629 SYNTHETIC X20L;MR01;377;V1;1;1;C03;EQUIPOS;LUBRICANTES;ACEITES;KG;SIN PEDIDO;;;;;;;;;;
00377-YPF 3° loop;1029132;ZSTO;Filtro Aceite Motor;;2992242;MR01;377;V1;1;1;C29;FILTROS/RESPUESTOS;FILTROS;MOTOBOMBA ANTONIK FC80/2;KG;SIN PEDIDO;;;;;;;;;;
00377-YPF 3° loop;1029137;ZSTO;Aceite 80W90 x 20 L;SHELL PLC.;SPIRAX S3 AX80W-90;MR01;377;V1;1;1;C03;EQUIPOS;LUBRICANTES;MOTOBOMBA ANTONIK FC80/2;KG;SIN PEDIDO;;;;;;;;;;
00377-YPF 3° loop;1033430;ZSTO;FILTRO DE ACEITE;;5801986263 // 500086363;MR01;377;V1;1;1;C29;FILTROS/RESPUESTOS;FILTROS;MOTOBOMBA STOCCO RTX 70.200;KG;SIN PEDIDO;;;;;;;;;;
00377-YPF 3° loop;1033432;ZSTO;CORREA MOTOR;SKF;8PK1400;MR01;377;V1;1;1;C29;FILTROS/RESPUESTOS;CORREAS;MOTOBOMBA STOCCO RTX 70.200;KG;SIN PEDIDO;;;;;;;;;;
00378 YPF – Oleoducto Cnel. Pringle;1001678;ZSTO;FICHA T.STECK HEMBRA 220V 16A 2P T X UN;;;MR01;378;RE;22;22;C11;ELECTRICIDAD;ELECTRICIDAD;FICHAS;KG;SIN PEDIDO;;;;;;;;;;
00378 YPF – Oleoducto Cnel. Pringle;1001679;ZSTO;FICHA T.STECK MACHO 220V 16A 2P T XUN;;;MR01;378;RE;22;22;C11;ELECTRICIDAD;ELECTRICIDAD;FICHAS;KG;SIN PEDIDO;;;;;;;;;;
00378 YPF – Oleoducto Cnel. Pringle;1001707;ZSTO;CHALECOGRAFANARANJACONREFLETIVOT.XLC2;;MÚLT. 12U;MR01;378;RE;10;10;C28;SEGURIDAD/ROPA/EPP;SEGURIDAD;INDUMENTARIA;KG;SIN PEDIDO;;;;;;;;;;
00378 YPF – Oleoducto Cnel. Pringle;1001708;ZSTO;GUANTE POLIAMIDA LAMINADO PALMAPU-TALLE9;;MÚLT. 12U;MR01;378;RE;85;85;C28;SEGURIDAD/ROPA/EPP;SEGURIDAD;GUANTE;KG;SIN PEDIDO;;;;;;;;;;
00378 YPF – Oleoducto Cnel. Pringle;1001744;ZSTO;BOTA GOMA P.ACERO N 40;;;MR01;378;RE;8;8;C28;SEGURIDAD/ROPA/EPP;SEGURIDAD;CALZADO;KG;SIN PEDIDO;;;;;;;;;;
00378 YPF – Oleoducto Cnel. Pringle;1001748;ZSTO;BOTA GOMA P.ACERO N 44;;;MR01;378;RE;10;10;C28;SEGURIDAD/ROPA/EPP;SEGURIDAD;CALZADO;KG;SIN PEDIDO;;;;;;;;;;
00378 YPF – Oleoducto Cnel. Pringle;1001774;ZSTO;ESLINGA SINTETICA 4MTS 4TN CERTIFICADA;;;MR01;378;RE;8;8;C27;FERRETERIA MR01;SEGURIDAD;LOGISTICA;KG;SIN PEDIDO;;;;;;;;;;
00378 YPF – Oleoducto Cnel. Pringle;1001778;ZSTO;YERBA MATE X 500GRS X UN;;;MR01;378;RE;79;79;C17;INSUMOS A;ALIMENTOS;?;KG;SIN PEDIDO;;;;;;;;;;
00378 YPF – Oleoducto Cnel. Pringle;1001786;ZSTO;ACEITE ISO 46 HIDRAULICO  X 205L;YPF S.A. // YPF S.A.;BP46 // 135392;MR01;378;V1;1;1;L01;ACEITES;LUBRICANTES;ACEITES;KG;SIN PEDIDO;;;;;;;;;;
00378 YPF – Oleoducto Cnel. Pringle;1001791;ZSTO;ACEITE SAE 30 X 205L;YPF S.A. // YPF S.A. // YPF S.A.;151692 // FT SUPER 30 TR;MR01;378;V1;1;1;L01;ACEITES;LUBRICANTES;ACEITES;KG;SIN PEDIDO;;;;;;;;;;
00378 YPF – Oleoducto Cnel. Pringle;1001866;ZSTO;MARCADOR INDUSTRIAL-NEGROXUN;UNIPAINT;MÚLT. 10U;MR01;378;RE;24;24;C17;INSUMOS A;LIBRERIA;ESCRITURA;KG;SIN PEDIDO;;;;;;;;;;
00378 YPF – Oleoducto Cnel. Pringle;1001867;ZSTO;MARCADOR INDUSTRIAL-BLANCOXUN;UNIPAINT;MÚLT. 10U;MR01;378;RE;42;42;C17;INSUMOS A;LIBRERIA;ESCRITURA;KG;SIN PEDIDO;;;;;;;;;;
00378 YPF – Oleoducto Cnel. Pringle;1001869;ZSTO;MARCADORINDUSTRIAL-AMARILLOXUN;UNIPAINT;MÚLT. 10U;MR01;378;RE;24;24;C17;INSUMOS A;LIBRERIA;ESCRITURA;KG;SIN PEDIDO;;;;;;;;;;
00378 YPF – Oleoducto Cnel. Pringle;1001876;ZSTO;CINTA EMBALAR TRANSPARENTE 48MM X 100 MT;SCOTCH;;MR01;378;RE;30;30;C17;INSUMOS A;LIBRERIA;CINTAS ADHESIVAS;KG;SIN PEDIDO;;;;;;;;;;
00378 YPF – Oleoducto Cnel. Pringle;1001881;ZSTO;MARCADOR INDUSTRIAL - ROJO UNIPAINT X UN;UNIPAINT;MÚLT. 10U;MR01;378;RE;24;24;C17;INSUMOS A;LIBRERIA;ESCRITURA;KG;SIN PEDIDO;;;;;;;;;;
00378 YPF – Oleoducto Cnel. Pringle;1001960;ZSTO;CINTA AISLADORA AMARILLO X10MT;;;MR01;378;RE;12;12;C27;FERRETERIA MR01;FERRETERIA;INSUMOS;KG;SIN PEDIDO;;;;;;;;;;
00378 YPF – Oleoducto Cnel. Pringle;1001962;ZSTO;CINTA AISLADORA ROJA X10MT;;;MR01;378;RE;6;6;C27;FERRETERIA MR01;FERRETERIA;INSUMOS;KG;SIN PEDIDO;;;;;;;;;;
00378 YPF – Oleoducto Cnel. Pringle;1001963;ZSTO;CINTA AISLADORA VERDE X10MT;;;MR01;378;RE;7;7;C27;FERRETERIA MR01;FERRETERIA;INSUMOS;KG;SIN PEDIDO;;;;;;;;;;
00378 YPF – Oleoducto Cnel. Pringle;1001969;ZSTO;ESMALTE SINT. AEROSOL BLANCO X440CC;;KUWAIT-SINTEPLAST;MR01;378;RE;28;28;C22;INSUMOS C;PINTURAS;PINTURA AEROSOL;KG;SIN PEDIDO;;;;;;;;;;
00378 YPF – Oleoducto Cnel. Pringle;1001970;ZSTO;ESMALTE SINT. AEROSOL NEGRO X440CC;;KUWAIT-SINTEPLAST;MR01;378;RE;24;24;C22;INSUMOS C;PINTURAS;PINTURA AEROSOL;KG;SIN PEDIDO;;;;;;;;;;
00378 YPF – Oleoducto Cnel. Pringle;1001971;ZSTO;ESMALTE SINT. AEROSOL ROJO X 440CC;;KUWAIT-SINTEPLAST;MR01;378;RE;25;25;C22;INSUMOS C;PINTURAS;PINTURA AEROSOL;KG;SIN PEDIDO;;;;;;;;;;
00378 YPF – Oleoducto Cnel. Pringle;1001993;ZSTO;ELECTRODO AWS7018 X 3,25 MM X KG;CONARCO;AWS7018;MR01;378;RE;80;80;C27;FERRETERIA MR01;SOLDADURA;ELECTRODOS;KG;SIN PEDIDO;;;;;;;;;;
00378 YPF – Oleoducto Cnel. Pringle;1002090;ZSTO;CAPA DE LLUVIA T.XL;;;MR01;378;RE;11;11;C28;SEGURIDAD/ROPA/EPP;ROPA;INDUMENTARIA;KG;SIN PEDIDO;;;;;;;;;;
00378 YPF – Oleoducto Cnel. Pringle;1002091;ZSTO;CAPA DE LLUVIA T.XXL;;;MR01;378;RE;43;43;C28;SEGURIDAD/ROPA/EPP;ROPA;INDUMENTARIA;KG;SIN PEDIDO;;;;;;;;;;
00378 YPF – Oleoducto Cnel. Pringle;1003125;ZSTO;FILTRO SECADOR DE AIRE;VOLVO CONS;21620181;MR01;378;V1;1;1;F11;FILTRO SECADOR DE;FILTROS;VOLVO 330;KG;SIN PEDIDO;;;;;;;;;;
00378 YPF – Oleoducto Cnel. Pringle;1015788;ZSSD;DESODORANTE LÍQUIDO PARA PISO X 5 LTS;;;MR01;378;RE;12;12;C17;INSUMOS A;LIMPIEZA;LIMPIEZA /SEGURIDAD;KG;SIN PEDIDO;;;;;;;;;;
00378 YPF – Oleoducto Cnel. Pringle;1015866;ZSSD;TRAPO DE PISO X UN;;;MR01;378;RE;23;23;C17;INSUMOS A;LIMPIEZA;INSUMOS;KG;SIN PEDIDO;;;;;;;;;;
00378 YPF – Oleoducto Cnel. Pringle;1016910;ZSSD;CINTA METRICA X10MT CON PASACINTO;;;MR01;378;RE;5;5;C27;FERRETERIA MR01;FERRETERIA;INSUMOS;KG;SIN PEDIDO;;;;;;;;;;
00378 YPF – Oleoducto Cnel. Pringle;1017005;ZSSD;CADENA PLASTICA ROJA Y BLANCA X ML;;MÚLT. 50/100 MTS;MR01;378;RE;250;250;C28;SEGURIDAD/ROPA/EPP;SEGURIDAD;SEGURIDAD;KG;SIN PEDIDO;;;;;;;;;;
00378 YPF – Oleoducto Cnel. Pringle;1046627;ZSTO;AEROSOL DESINFECTANTE ANTIBACT. 360 ML;;;MR01;378;RE;35;35;C17;INSUMOS A;LIMPIEZA;INSUMOS;KG;SIN PEDIDO;;;;;;;;;;
