CLIENTE;NRO. VA01/VA21;POS VA01/VA21;CLASE DE DOC;REF.CLIENTE;DOC. REF;PRIORIDAD;MOT. RECHAZO;INDICADOR DE BLOQUEO;FECHA DE BLOQUEO;OPERADOR DE VA;CODIGO ITEM;DESCRIPCION ITEM;CANTIDAD SOLICITADA;CANTIDAD TOTAL RECEPCIONADA;ADJUDICADO EN OC;CANTIDAD PENDIENTE DE ADJUDICAR;CANTIDAD TOTAL PENDIENTE RECEP.;NRO. RECEPCION;FECHA RECEPCION;TIPO DE ITEM;ESTADO ITEM;PROVEEDOR;CENTRO;FECHA ENTREGA ESPERADA;FECHA DE EMISION NECESIDAD;NRO. SOLPED;POS. SOLPED;REPARTOS;FECHA EMISION SOLPED;FECHA APROBACION SOLPED;GRUPO DE COMPRA;NRO. OC;POS. OC;ALMACEN OC;Q CANT. OC;OPERADOR OC;FECHA EMISION OC;FECHA ENTREGA OC;GRUPO DE COMPRA OC;Q RECEP. DE OC;FECHA SELLO;LIBERACION SOLPED;LIBERACIÓN OC;PLAZO ENTREGA EXCEDIDO;ENTREGA DEL PROVEEDOR;REGISTRO DE RECEPCION;PICKING;EXPEDICIÓN;TRASLADO;NUMERO DE RESERVA;Período de certificación;Estado Servicio;Estado Certificación;Grupo de Compra Definitivo
00223 Comp Amb Santa Fe;1000041198;10;ZPAN;RENOV. SEGURIDAD P1;;0;;;;PBASILIO;1013146;SERV. DE VIGILANCIA DIURNA XHS PUESTO 1;8928;9288;8928;0;-360;5000128138;27/3/2025;Servicios;CUMPLIDO;SEGURIDAD Y RESGUARDO SRL;MR01;31/1/2025;18/12/2023;10086721;10;1;18/12/2023;20/12/2023;C25;4500065882;10;0223;1;MPITTIA;17/1/2024;31/3/2025;C25;14;27/3/2025;;;;;;;;;;Sin aclaración;Vencido con cant pendiente a recep;;C25
00223 Comp Amb Santa Fe;1000045134;20;ZPAN;RENOVACION SERV. MED;;0;;;;PBASILIO;1027345;SERVICIO MEDICO X MES;12;16;12;0;-4;5000131555;6/5/2025;Servicios;CUMPLIDO;UNIDEM S.A.;MR01;30/4/2025;11/3/2024;10092114;20;1;11/3/2024;27/3/2024;C25;4500072338;10;0223;1;MPITTIA;6/4/2024;30/4/2025;C25;14;6/5/2025;;;;;;;;;;Sin aclaración;Vencido con cant pendiente a recep;;C25
00223 Comp Amb Santa Fe;1000045140;10;ZPAN;RENOVACION SERV. VIG;;0;10;;;PBASILIO;1013146;SERV D VIGILANCIA X HS PUESTO 2;8760;8762;8760;0;-2;5000126640;8/3/2025;Servicios;CUMPLIDO;SEGURIDAD Y RESGUARDO SRL;MR01;30/4/2025;11/3/2024;10092121;10;1;11/3/2024;12/3/2024;C25;4500071302;10;0223;1;MPITTIA;21/3/2024;30/4/2025;C25;16;8/3/2025;;;;;;;;;;Sin aclaración;Vencido con cant pendiente a recep;;C25
00223 Comp Amb Santa Fe;1000061281;10;ZPAN;03-SERV. AGUA Y DISP;;0;;;;PBASILIO;1013138;SERVICIO BOTELLON DE 20 LTS XUN;1080;869;1080;0;211;5000183120;4/8/2026;Servicios;CUMPLIDO PARCIAL;PAVONI FRANCO;MR01;31/10/2026;31/1/2025;10114648;10;1;31/1/2025;31/1/2025;C25;4500093191;10;0223;1;MPITTIA;10/2/2025;31/10/2026;C25;14;4/8/2026;;;;;;;;;;03 Cert Mensual;En curso;Rojo;C25
00223 Comp Amb Santa Fe;1000074123;10;ZPAN;03-SERV. LIMPIEZA;;0;;;;PBASILIO;1013143;SERVICIO DE LIMPIEZA HS NORMALES XHS;288;217;288;0;71;5000183126;4/8/2026;Servicios;CUMPLIDO PARCIAL;CLEANSED S.A.S.;MR01;31/10/2026;16/9/2025;10131134;10;1;16/9/2025;19/9/2025;C25;4500109150;10;0223;1;MPITTIA;23/9/2025;31/10/2026;C25;10;4/8/2026;;;;;;;;;;03 Cert Mensual;En curso;Rojo;C25
00223 Comp Amb Santa Fe;1000075696;10;ZPAN;P.1.186.718_END.3;;0;;;;SANSALDI;1022028;P.EJEC.1.186.718_END.3_ASEG.CAUCIONES;1;1;1;0;0;5000149775;22/10/2025;Servicios;CUMPLIDO;ASEGURADORES DE CAUCIONES S.A.;MR01;31/10/2026;13/10/2025;10133218;10;1;13/10/2025;13/10/2025;C16;4500111428;10;0223;1;JESPARZA;22/10/2025;31/10/2026;C16;1;22/10/2025;;;;;;;;;;Sin aclaración;En curso - Total recepcionado;;C16
00223 Comp Amb Santa Fe;1000077718;10;ZPAN;POLIZA DE RESPONSABI;;0;;;;NLAFORNARO;1012957;POLIZA DE RC 108038 OBRA 223;1;1;1;0;0;5000153817;28/11/2025;Servicios;CUMPLIDO;SMG CIA. ARGENTINA DE SEG. SA;MR01;14/11/2026;13/11/2025;10135919;10;1;13/11/2025;14/11/2025;C16;4500113698;10;0223;1;JESPARZA;21/11/2025;14/11/2026;C16;1;28/11/2025;;;;;;;;;;Sin aclaración;En curso - Total recepcionado;;C16
00223 Comp Amb Santa Fe;1000079175;10;ZPAN;03-SERV. INTERNET;;0;;;;PBASILIO;1013141;SERVICIO DE INTERNET XDIA;360;180;360;0;180;5000183128;4/8/2026;Servicios;CUMPLIDO PARCIAL;HI-LINK S.A.S.;MR01;31/1/2027;9/12/2025;10137709;10;1;9/12/2025;9/12/2025;C25;4500115879;10;0223;1;MPITTIA;22/12/2025;31/1/2027;C25;6;4/8/2026;;;;;;;;;;03 Cert Mensual;En curso;Rojo;C25
00223 Comp Amb Santa Fe;1000079176;10;ZPAN;03-SERV. INTERNET;;0;;;;PBASILIO;1013141;SERVICIO DE INTERNET XDIA;360;180;12;0;180;5000183143;4/8/2026;Servicios;CUMPLIDO PARCIAL;JAWIT S.A.;MR01;31/1/2027;9/12/2025;10137710;10;1;9/12/2025;9/12/2025;C25;4500115877;10;0223;1;MPITTIA;22/12/2025;31/1/2027;C25;6;4/8/2026;;;;;;;;;;03 Cert Mensual;En curso;Rojo;C25
00223 Comp Amb Santa Fe;1000079178;10;ZPAN;03-SERV. MEDICO;;0;;;;PBASILIO;1029252;CONTROL DE AUSENTISMO X UN;12;6;12;0;6;5000183129;4/8/2026;Servicios;CUMPLIDO PARCIAL;OIME SANTA FE S.R.L.;MR01;31/1/2027;9/12/2025;10137711;10;1;9/12/2025;9/12/2025;C25;4500115893;10;0223;1;MPITTIA;22/12/2025;31/1/2027;C25;6;4/8/2026;;;;;;;;;;03 Cert Mensual;En curso;Rojo;C25
00223 Comp Amb Santa Fe;1000079178;20;ZPAN;03-SERV. MEDICO;;0;;;;PBASILIO;1035274;MODULO AMBULATORIO Y/O TRAUMATOLOGICO;12;0;12;0;12;;;Servicios;ADJUDICADO;OIME SANTA FE S.R.L.;MR01;31/1/2027;9/12/2025;10137711;20;1;9/12/2025;9/12/2025;C25;4500115893;20;0223;1;MPITTIA;22/12/2025;31/1/2027;C25;0;;;;;;;;;;;03 Cert Mensual;En curso;;C25
00223 Comp Amb Santa Fe;1000079178;30;ZPAN;03-SERV. MEDICO;;0;;;;PBASILIO;1035274;MODULO DERMATOLOGICO;12;0;12;0;12;;;Servicios;ADJUDICADO;OIME SANTA FE S.R.L.;MR01;31/1/2027;9/12/2025;10137711;30;1;9/12/2025;9/12/2025;C25;4500115893;30;0223;1;MPITTIA;22/12/2025;31/1/2027;C25;0;;;;;;;;;;;03 Cert Mensual;En curso;;C25
00223 Comp Amb Santa Fe;1000079178;40;ZPAN;03-SERV. MEDICO;;0;;;;PBASILIO;1035274;MODULO OFTALMOLOGICO;12;0;12;0;12;;;Servicios;ADJUDICADO;OIME SANTA FE S.R.L.;MR01;31/1/2027;9/12/2025;10137711;40;1;9/12/2025;9/12/2025;C25;4500115893;40;0223;1;MPITTIA;22/12/2025;31/1/2027;C25;0;;;;;;;;;;;03 Cert Mensual;En curso;;C25
00223 Comp Amb Santa Fe;1000079178;50;ZPAN;03-SERV. MEDICO;;0;;;;PBASILIO;1035274;MODULO FISIOKINESIOTERAPIA / ESTUD COMP;12;0;12;0;12;;;Servicios;ADJUDICADO;OIME SANTA FE S.R.L.;MR01;31/1/2027;9/12/2025;10137711;50;1;9/12/2025;9/12/2025;C25;4500115893;50;0223;1;MPITTIA;22/12/2025;31/1/2027;C25;0;;;;;;;;;;;03 Cert Mensual;En curso;;C25
00223 Comp Amb Santa Fe;1000079185;10;ZPAN;03-SUBC. TOPOGRAFIA;;2;;;;PBASILIO;1027430;SERVICIO DE TOPOGRAFIA x MES;12;7;12;0;5;5000183133;4/8/2026;Servicios;CUMPLIDO PARCIAL;INGEAP S.A.S.;MR01;30/12/2026;9/12/2025;10137717;10;1;9/12/2025;9/12/2025;C26;4500115797;10;0223;1;AGONZALEZ;19/12/2025;30/12/2026;C26;7;4/8/2026;;;;;;;;;;03 Cert Mensual;En curso;Rojo;C26
00223 Comp Amb Santa Fe;1000083447;10;ZPAN;03-SERV. VIGILANCIA;;2;;;;PBASILIO;1013146;SERVICIO DE VIGILANCIA DIURNA XHS;17520;7344;17520;0;10176;5000183125;4/8/2026;Servicios;CUMPLIDO PARCIAL;SEGURIDAD Y RESGUARDO SRL;MR01;28/2/2027;23/2/2026;10143586;10;1;23/2/2026;24/2/2026;C25;4500121657;10;0223;1;MPITTIA;5/3/2026;28/2/2027;C25;5;4/8/2026;;;;;;;;;;03 Cert Mensual;En curso;Rojo;C25
00223 Comp Amb Santa Fe;1000083718;10;ZPAN;03-SERV. VIGILANCIA;;2;;;;PBASILIO;1013146;SERVICIO DE VIGILANCIA DIURNA XHS;4392;2928;4392;0;1464;5000183122;4/8/2026;Servicios;CUMPLIDO PARCIAL;LACHER CRISTIAN JOSE RAMON;MR01;1/10/2026;26/2/2026;10144010;10;1;26/2/2026;27/2/2026;C25;4500122022;10;0223;1;MPITTIA;10/3/2026;1/10/2026;C25;4;4/8/2026;;;;;;;;;;03 Cert Mensual;En curso - Próximo a vencer;Rojo;C25
00223 Comp Amb Santa Fe;1000084250;20;ZPAN;04-SERV. FLETE;;2;;;;PBASILIO;1012969;FLETE CARGA A GRANEL S/ DETALLE X TN;400;875,22;400;0;-475,22;5000173554;19/5/2026;Servicios;CUMPLIDO;TRANSPORCAM;MR01;30/4/2026;6/3/2026;10144713;20;1;6/3/2026;6/3/2026;C15;4500122235;20;0223;1;GDIAZ;11/3/2026;30/4/2026;C15;24;19/5/2026;;;;;;;;;;04 Cert a Demanda;Vencido con cant pendiente a recep;;C15
00223 Comp Amb Santa Fe;1000084250;30;ZPAN;04-SERV. FLETE;;2;;;;PBASILIO;1012969;FLETE CARGA A GRANEL S/ DETALLE X TN;400;159,08;400;0;240,92;5000181686;24/7/2026;Servicios;CUMPLIDO PARCIAL;TRANSPORCAM;MR01;31/7/2026;6/3/2026;10144713;30;1;6/3/2026;6/3/2026;C15;4500122235;30;0223;1;GDIAZ;11/3/2026;31/8/2026;C15;9;24/7/2026;;;;;;;;;;04 Cert a Demanda;Vencido con cant pendiente a recep;;C15
00223 Comp Amb Santa Fe;1000084255;10;ZPAN;03-SERV. AGUA Y DISP;;0;;;;PBASILIO;1013137;ALQUILER DISPENSER FRIO CALOR XDIA;2520;1012;2520;0;1508;5000183119;4/8/2026;Servicios;CUMPLIDO PARCIAL;PAVONI FRANCO;MR01;31/12/2026;6/3/2026;10144718;10;1;6/3/2026;10/3/2026;C25;4500123669;10;0223;1;MPITTIA;30/3/2026;31/12/2026;C25;5;4/8/2026;;;;;;;;;;03 Cert Mensual;En curso;Rojo;C25
00223 Comp Amb Santa Fe;1000084822;10;ZPAN;02-SERV. VIANDAS;;2;;;;PBASILIO;1013116;VIANDA ALMUERZO PUESTA EN OBRA XUN;5200;2090;5200;0;3110;5000184999;19/8/2026;Servicios;CUMPLIDO PARCIAL;PERES CARLOS DANIEL;MR01;31/1/2027;13/3/2026;10145410;10;1;13/3/2026;13/3/2026;C25;4500123945;10;0223;1;MPITTIA;1/4/2026;31/1/2027;C25;8;19/8/2026;;;;;;;;;;02 Cert Quincenal;En curso;Rojo;C25
00223 Comp Amb Santa Fe;1000084823;10;ZPAN;03-SUBC. TOPOGRAFIA;;2;;;;PBASILIO;1027430;SERVICIO DE TOPOGRAFIA x MES;6;4;6;0;2;5000183137;4/8/2026;Servicios;CUMPLIDO PARCIAL;ENGLER WALTER;MR01;6/10/2026;13/3/2026;10145411;10;1;13/3/2026;13/3/2026;C26;4500122879;10;0223;1;YCOLMAN;18/3/2026;6/10/2026;C26;4;4/8/2026;;;;;;;;;;03 Cert Mensual;En curso - Próximo a vencer;Rojo;C26
00223 Comp Amb Santa Fe;1000085000;10;ZPAN;03-SERV. HIGIENE Y S;;2;;;;PBASILIO;1025973;SS HIG. SEG. Y MEDIO AMB. XMES;12;5;12;0;7;5000183123;4/8/2026;Servicios;CUMPLIDO PARCIAL;VIDELA HECTOR GUILLERMO;MR01;28/2/2027;17/3/2026;10145594;10;1;17/3/2026;17/3/2026;C25;4500123316;10;0223;1;MPITTIA;25/3/2026;28/2/2027;C25;5;4/8/2026;;;;;;;;;;03 Cert Mensual;En curso;Rojo;C25
00223 Comp Amb Santa Fe;1000085510;10;ZPAN;03-SERV. BAÑO QUIMIC;;2;;;;PBASILIO;1013133;ALQUILER BANO QUIMICO C 8 SERV MENS;3;90;3;0;-87;5000179077;2/7/2026;Servicios;CUMPLIDO;BAXPA S.A.;MR01;6/7/2026;26/3/2026;10146364;10;1;26/3/2026;27/4/2026;C25;4500123663;10;0223;1;MPITTIA;30/3/2026;6/7/2026;C25;3;2/7/2026;;;;;;;;;;03 Cert Mensual;Vencido con cant pendiente a recep;;C25
00223 Comp Amb Santa Fe;1000086982;10;ZPAN;03-SERV. RECOLECCION;;2;;;;PBASILIO;1022297;SERV. LIMPIEZA MAT. VOLADO, JARDINERIA;500;433,31;500;0;66,69;5000183131;4/8/2026;Servicios;CUMPLIDO PARCIAL;ASOCIACION DIGNIDAD Y VIDA SANA;MR01;5/9/2026;21/4/2026;10148190;10;1;21/4/2026;22/4/2026;C25;4500127022;10;0223;1;MPITTIA;7/5/2026;5/9/2026;C25;4;4/8/2026;;;;;;;;;;03 Cert Mensual;Vencido con cant pendiente a recep;;C25
00223 Comp Amb Santa Fe;1000088500;10;ZPAN;03-SERV. MEDICO;;2;;;;PBASILIO;1027345;SERVICIO MEDICO X MES;12;3;12;0;9;5000183141;4/8/2026;Servicios;CUMPLIDO PARCIAL;UNIDEM S.A.;MR01;5/6/2027;15/5/2026;10150313;10;1;15/5/2026;18/5/2026;C25;4500128322;10;0223;1;MPITTIA;21/5/2026;5/6/2027;C25;3;4/8/2026;;;;;;;;;;03 Cert Mensual;En curso;Rojo;C25
00223 Comp Amb Santa Fe;1000090227;10;ZPAN;03-SERV. BAÑO QUIMIC;;0;;;;PBASILIO;1026246;ALQUILER BANO QUIMICO SIN LAVAMANOS XMES;3;1;3;0;2;5000183135;4/8/2026;Servicios;CUMPLIDO PARCIAL;BAXPA S.A.;MR01;3/10/2026;12/6/2026;10152369;10;1;12/6/2026;12/6/2026;C25;4500130845;10;0223;1;MPITTIA;22/6/2026;3/10/2026;C25;1;4/8/2026;;;;;;;;;;03 Cert Mensual;En curso - Próximo a vencer;Rojo;C25
00223 Comp Amb Santa Fe;1000093446;10;ZPAN;03-SERV. RECOLECCION;;2;;;;PBASILIO;1022297;SERV. LIMPIEZA MAT. VOLADO, JARDINERIA;500;0;500;0;500;;;Servicios;ADJUDICADO;ASOCIACION DIGNIDAD Y VIDA SANA;MR01;5/12/2026;11/8/2026;10157100;10;1;11/8/2026;11/8/2026;C25;4500136687;10;0223;1;MPITTIA;26/8/2026;5/12/2026;C25;0;;;;;;;;;;;03 Cert Mensual;En curso;;C25
00223 Comp Amb Santa Fe;1000094073;10;ZPAN;04-Adicional GB inte;;2;;;;PBASILIO;1013142;ADICIONAL 500GB KIT401847981KU;1;1;1;0;0;5000185983;26/8/2026;Servicios;CUMPLIDO;JAWIT S.A.;MR01;10/9/2026;21/8/2026;10158137;10;1;21/8/2026;21/8/2026;C25;4500136691;10;0223;1;MPITTIA;26/8/2026;10/9/2026;C25;1;26/8/2026;;;;;;;;;;04 Cert a Demanda;En curso - Próximo a vencer;;C25
00223 Comp Amb Santa Fe;1000094107;10;ZPAN;Alojamiento;;2;;;;PBASILIO;1013111;ALQUILER HOTEL XDIA;8;8;8;0;0;5000185963;26/8/2026;Servicios;CUMPLIDO;ENERGY VICANT SRL;MR01;10/9/2026;21/8/2026;10158172;10;1;21/8/2026;21/8/2026;C25;4500136695;10;0223;1;MPITTIA;26/8/2026;10/9/2026;C25;1;26/8/2026;;;;;;;;;;Sin aclaración;En curso - Próximo a vencer;;C25
00223 Comp Amb Santa Fe;1000094323;10;ZPAN;04-Instalacion progr;;0;;;;PBASILIO;1013045;SUBCONTRATO INSTALACION SISTEMAS;1;1;1;0;0;5000186132;27/8/2026;Servicios;CUMPLIDO;TURTURICCI FABIO RUBEN;MR01;14/9/2026;25/8/2026;10158489;10;1;25/8/2026;25/8/2026;C26;4500136886;10;0223;1;YCOLMAN;27/8/2026;14/9/2026;C26;1;27/8/2026;;;;;;;;;;04 Cert a Demanda;En curso - Próximo a vencer;;C26
00223 Comp Amb Santa Fe;1000094593;10;ZPAN;04-Alojamiento;;2;;;;PBASILIO;1013111;ALQUILER HOTEL XDIA;8;0;0;8;0;;;Servicios;SIN TRATAMIENTO;;MR01;18/9/2026;31/8/2026;10158944;10;1;31/8/2026;4/9/2026;C25;;0;;0;;;;;0;;;;;;;;;;;04 Cert a Demanda;En curso - Próximo a vencer;;C25
00223 Comp Amb Santa Fe;1000094689;10;ZPAN;Muestras laboratorio;;2;;;;PBASILIO;1035428;SERVICIO DE LABORATORIO;1;0;1;0;1;;;Servicios;ADJUDICADO;BOLSA DE COMERCIO SANTA FE;MR01;21/9/2026;1/9/2026;10159089;10;1;1/9/2026;4/9/2026;C26;4500137740;10;0223;1;YCOLMAN;4/9/2026;21/9/2026;C26;0;;;;;;;;;;;Sin aclaración;En curso - Próximo a vencer;;C26
00223 Comp Amb Santa Fe;1000094691;10;ZPAN;Muestras laboratorio;;2;;;;PBASILIO;1035428;SERVICIO DE LABORATORIO;1;0;1;0;1;;;Servicios;ADJUDICADO;UNIVER. NACIONAL DEL LITORAL;MR01;21/9/2026;1/9/2026;10159091;10;1;1/9/2026;4/9/2026;C26;4500137731;10;0223;1;YCOLMAN;4/9/2026;21/9/2026;C26;0;;;;;;;;;;;Sin aclaración;En curso - Próximo a vencer;;C26
00223 Comp Amb Santa Fe;1000094697;10;ZPAN;Muestras laboratorio;;2;;;;PBASILIO;1035428;SERVICIO DE LABORATORIO;1;0;1;0;1;;;Servicios;ADJUDICADO;UNIVER. NACIONAL DEL LITORAL;MR01;21/9/2026;1/9/2026;10159102;10;1;1/9/2026;4/9/2026;C26;4500137734;10;0223;1;YCOLMAN;4/9/2026;21/9/2026;C26;0;;;;;;;;;;;Sin aclaración;En curso - Próximo a vencer;;C26
00223 Comp Amb Santa Fe;1000094717;10;ZPAN;Seguro Acc Personale;;0;;;;PBASILIO;1022032;SEGURO ACC PERSONALES;1;1;1;0;0;5000187265;4/9/2026;Servicios;CUMPLIDO;FEDERACION PATRONAL SEG. S.A.;MR01;21/9/2026;1/9/2026;10159129;10;1;1/9/2026;4/9/2026;C16;4500137642;10;0223;1;JESPARZA;4/9/2026;21/9/2026;C16;1;4/9/2026;;;;;;;;;;Sin aclaración;En curso - Próximo a vencer;;C16
00314 CASA Olavarría;1000042421;20;ZPAN;RETIRO DE RESIDUOS;;0;;;;BDEGENHART;1022295;TASAS MUNICIPALES;71;73;71;0;-2;5000135223;10/6/2025;Servicios;CUMPLIDO;TRANSPORTE MALVINAS SRL;MM01;31/5/2025;15/1/2024;10088409;20;1;15/1/2024;17/1/2024;C25;4500066230;10;0026;1;MPITTIA;19/1/2024;31/5/2025;C25;23;10/6/2025;;;;;;;;;;Sin aclaración;Vencido con cant pendiente a recep;;C25
00314 CASA Olavarría;1000042421;30;ZPAN;RETIRO DE RESIDUOS;;0;;;;BDEGENHART;1022295;RECOLECCION DE RESIDUOS RSU XUN;71;73;71;0;-2;5000135223;10/6/2025;Servicios;CUMPLIDO;TRANSPORTE MALVINAS SRL;MM01;31/5/2025;15/1/2024;10088409;30;1;17/1/2024;17/1/2024;C25;4500066230;20;0026;1;MPITTIA;19/1/2024;31/5/2025;C25;23;10/6/2025;;;;;;;;;;Sin aclaración;Vencido con cant pendiente a recep;;C25
00314 CASA Olavarría;1000054663;10;ZPAN;02 - TRANSPORTE PERS;;0;;;;BDEGENHART;1013113;TRANSPORTE DE PERSONAL COMBI OLA-OBRA;4610;4216;4610;0;394;5000185162;20/8/2026;Servicios;CUMPLIDO PARCIAL;GANGAS REYES MARCELO DAVID;MM01;31/10/2026;24/9/2024;10106373;10;1;24/9/2024;24/9/2024;C25;4500085234;10;0026;1;MPITTIA;4/10/2024;31/10/2026;C25;43;20/8/2026;;;;;;;;;;02 Cert Quincenal;En curso;Rojo;C25
00314 CASA Olavarría;1000054663;20;ZPAN;02 - TRANSPORTE PERS;;0;;;;BDEGENHART;1013113;TRANSPORTE DE PERSONAL COMBI CENTRAL;1160;887;1160;0;273;5000185162;20/8/2026;Servicios;CUMPLIDO PARCIAL;GANGAS REYES MARCELO DAVID;MM01;31/10/2026;24/9/2024;10106373;20;1;24/9/2024;24/9/2024;C25;4500085234;20;0026;1;MPITTIA;4/10/2024;31/10/2026;C25;43;20/8/2026;;;;;;;;;;02 Cert Quincenal;En curso;Rojo;C25
00314 CASA Olavarría;1000054663;30;ZPAN;02 - TRANSPORTE PERS;;0;;;;BDEGENHART;1013113;TRANSPORTE DE PERSONAL COMBI Z. SERRANA;2310;2096;2310;0;214;5000185162;20/8/2026;Servicios;CUMPLIDO PARCIAL;GANGAS REYES MARCELO DAVID;MM01;31/10/2026;24/9/2024;10106373;30;1;24/9/2024;24/9/2024;C25;4500085234;30;0026;1;MPITTIA;4/10/2024;31/10/2026;C25;43;20/8/2026;;;;;;;;;;02 Cert Quincenal;En curso;Rojo;C25
00314 CASA Olavarría;1000054663;40;ZPAN;02 - TRANSPORTE PERS;;0;;;;BDEGENHART;1013113;TRANSPORTE DE PERSONAL COMBI LOMA N-OBRA;1160;1160;1160;0;0;5000166056;19/3/2026;Servicios;CUMPLIDO;GANGAS REYES MARCELO DAVID;MM01;31/10/2026;24/9/2024;10106373;40;1;24/9/2024;24/9/2024;C25;4500085234;40;0026;1;MPITTIA;4/10/2024;31/10/2026;C25;33;19/3/2026;;;;;;;;;;02 Cert Quincenal;En curso - Total recepcionado;;C25
00314 CASA Olavarría;1000054663;50;ZPAN;02 - TRANSPORTE PERS;;0;;;;BDEGENHART;1013113;TRANSPORTE DE PERSONAL REMIS LOMA N-OBRA;2310;1273;2310;0;1037;5000183203;5/8/2026;Servicios;CUMPLIDO PARCIAL;GANGAS REYES MARCELO DAVID;MM01;31/10/2026;24/9/2024;10106373;50;1;24/9/2024;24/9/2024;C25;4500085665;10;0026;2;MPITTIA;14/10/2024;31/10/2026;C25;46;5/8/2026;;;;;;;;;;02 Cert Quincenal;En curso;Rojo;C25
00314 CASA Olavarría;1000060707;20;ZPAN;03 - DISPENSER DE AG;;0;10;4;9/6/2026;BDEGENHART;1013138;SERVICIO BOTELLON DE 20 LTS XUN;2300;1908;1908;392;392;5000171071;29/4/2026;Servicios;CUMPLIDO;CRIMALDI BRUNO;MM01;31/1/2026;22/1/2025;10113983;20;1;22/1/2025;22/1/2025;C25;4500093045;20;0026;1;MPITTIA;7/2/2025;31/1/2026;C25;20;29/4/2026;;;;;;;;;;03 Cert Mensual;Vencido con cant pendiente a recep;;C25
00314 CASA Olavarría;1000067300;10;ZPAN;ZPI 4-5469 Control d;;0;;;;BDEGENHART;1013139;SS CONTROL DE PLAGAS XUN;12;10;12;0;2;5000183209;5/8/2026;Servicios;CUMPLIDO PARCIAL;CARDOSO JOSE DANIEL;MM01;30/10/2026;22/5/2025;10122035;10;1;22/5/2025;23/5/2025;C25;4500101570;10;0026;1;MPITTIA;17/6/2025;30/10/2026;C25;10;5/8/2026;;;;;;;;;;Sin aclaración;En curso;;C25
00314 CASA Olavarría;1000067660;10;ZPAN;AFILADO DE BROCAS;;0;;;;ANAVARRO;1033687;AFILADO DE BROCA;1300;1271;1271;29;29;5000156570;23/12/2025;Servicios;CUMPLIDO PARCIAL;MARINA SOLEDAD SAENZ;MM01;31/12/2025;28/5/2025;10122527;10;1;28/5/2025;4/6/2025;C03;4500100810;10;0026;1;GROSES;5/6/2025;27/8/2026;C03;12;23/12/2025;;;;;;;;;;Sin aclaración;Vencido con cant pendiente a recep;;C03
00314 CASA Olavarría;1000068123;20;ZPAN;03 - RETIRO RESIDUOS;;0;;;;BDEGENHART;1022295;TASAS MUNICIPALES;48;49;48;0;-1;5000176353;10/6/2026;Servicios;CUMPLIDO;TRANSPORTE MALVINAS SRL;MM01;30/6/2026;4/6/2025;10123173;20;1;4/6/2025;6/6/2025;C25;4500101325;20;0026;1;MPITTIA;11/6/2025;30/6/2026;C25;14;10/6/2026;;;;;;;;;;03 Cert Mensual;Vencido con cant pendiente a recep;;C25
00314 CASA Olavarría;1000069905;10;ZPAN;extencion OC 4500091;;0;;;;ANAVARRO;1034203;SERVICIO DE GOMERIA;10000000;9263500;9263500;736500;736500;5000158323;14/1/2026;Servicios;CUMPLIDO PARCIAL;ROJAS DIEGO HECTOR;MM01;31/12/2025;8/7/2025;10125614;10;1;8/7/2025;8/7/2025;C04;4500103438;10;0026;1;GROSES;11/7/2025;28/8/2026;C04;10;14/1/2026;;;;;;;;;;Sin aclaración;Vencido con cant pendiente a recep;;C04
00314 CASA Olavarría;1000077602;10;ZPAN;VIANDA - MERIENDA Y;;0;;;;DBENITEZ;1013116;VIANDA ALMUERZO PUESTA EN OBRA XUN;8000;3158;8000;0;4842;5000185617;24/8/2026;Servicios;CUMPLIDO PARCIAL;HOJMAN JORGE ALFREDO;MM01;30/6/2026;12/11/2025;10135745;10;1;12/11/2025;18/11/2025;C25;4500114017;10;0026;1;MPITTIA;27/11/2025;2/12/2026;C25;14;24/8/2026;;;;;;;;;;Sin aclaración;Vencido con cant pendiente a recep;;C25
00314 CASA Olavarría;1000077602;20;ZPAN;VIANDA - MERIENDA Y;;0;;;;DBENITEZ;1013120;VIANDA DESAYUNO XUN;18000;11459;18000;0;6541;5000185617;24/8/2026;Servicios;CUMPLIDO PARCIAL;HOJMAN JORGE ALFREDO;MM01;30/6/2026;12/11/2025;10135745;20;1;12/11/2025;18/11/2025;C25;4500114017;20;0026;1;MPITTIA;27/11/2025;2/12/2026;C25;18;24/8/2026;;;;;;;;;;Sin aclaración;Vencido con cant pendiente a recep;;C25
00314 CASA Olavarría;1000077602;30;ZPAN;VIANDA - MERIENDA Y;;0;;;;DBENITEZ;1013122;VIANDA MERIENDA XUN;18000;9046;18000;0;8954;5000185617;24/8/2026;Servicios;CUMPLIDO PARCIAL;HOJMAN JORGE ALFREDO;MM01;30/6/2026;12/11/2025;10135745;30;1;12/11/2025;18/11/2025;C25;4500114017;30;0026;1;MPITTIA;27/11/2025;2/12/2026;C25;18;24/8/2026;;;;;;;;;;Sin aclaración;Vencido con cant pendiente a recep;;C25
00314 CASA Olavarría;1000077711;10;ZPAN;Extencion OC tt Buen;;0;;;;DBENITEZ;1012981;SERVICIO FLETE BS AS - OLAVARRIA;5000000;4958053,24;5000000;0;41946,76;5000186107;27/8/2026;Servicios;CUMPLIDO PARCIAL;LOGISTICA VW S.A;MM01;1/10/2026;13/11/2025;10135911;10;1;13/11/2025;18/11/2025;C15;4500114063;10;0026;1;GDIAZ;27/11/2025;1/10/2026;C15;33;27/8/2026;;;;;;;;;;Sin aclaración;En curso - Próximo a vencer;;C15
00314 CASA Olavarría;1000079042;10;ZPAN;03 - INTERNET;;0;;;;ANAVARRO;1034212;SERVICIO DE INTERNET STARLINK X MES;12;9;12;0;3;5000183205;5/8/2026;Servicios;CUMPLIDO PARCIAL;JAWIT S.A.;MM01;30/11/2026;4/12/2025;10137549;10;1;4/12/2025;5/12/2025;C25;4500115862;10;0026;1;MPITTIA;20/12/2025;30/11/2026;C25;9;5/8/2026;;;;;;;;;;03 Cert Mensual;En curso;Rojo;C25
00314 CASA Olavarría;1000080960;10;ZPAN;Extencion OC 4500114;;0;;;;ANAVARRO;1012981;FLETE PAQUETERIA S DETALLE XUN;24000000;22701034;24000000;0;1298966;5000177033;16/6/2026;Servicios;CUMPLIDO PARCIAL;MP TRANSPORTES S.R.L.;MR01;31/12/2026;13/1/2026;10140245;10;1;13/1/2026;14/1/2026;C15;4500117971;10;0314;1;JPUPULIN;20/1/2026;30/12/2026;C15;5;16/6/2026;;;;;;;;;;Sin aclaración;En curso;;C15
00314 CASA Olavarría;1000081693;10;ZPAN;Extencion OC 4500103;;0;;;;ANAVARRO;1034203;SERVICIO DE GOMERIA;10000000;9552000;10000000;0;448000;5000185315;21/8/2026;Servicios;CUMPLIDO PARCIAL;ROJAS DIEGO HECTOR;MM01;30/6/2026;26/1/2026;10141318;10;1;26/1/2026;26/1/2026;C04;4500118648;10;0026;1;GROSES;28/1/2026;30/9/2026;C04;9;21/8/2026;;;;;;;;;;Sin aclaración;Vencido con cant pendiente a recep;;C04
00314 CASA Olavarría;1000082647;10;ZPAN;02 - TRANSPORTE PERS;;0;10;4;4/3/2026;ANAVARRO;1013113;TRANSPORTE DE PERSONAL XVIAJE;600;588;600;0;12;5000175603;4/6/2026;Servicios;CUMPLIDO;GANGAS REYES MARCELO DAVID;MM01;30/8/2026;9/2/2026;10142561;10;1;9/2/2026;9/2/2026;C25;4500121227;10;0026;1;MPITTIA;2/3/2026;30/8/2026;C25;10;4/6/2026;;;;;;;;;;02 Cert Quincenal;Vencido con cant pendiente a recep;;C25
00314 CASA Olavarría;1000082731;10;ZPAN;SERVICIO GPS;;0;;;;ANAVARRO;1025940;SERVICIO DE RASTREO SATELITAL VEHICUL XU;75;0;75;0;75;;;Servicios;ADJUDICADO;VIDEOLOCALIZA S.A.S.;MM01;15/5/2026;10/2/2026;10142650;10;1;10/2/2026;10/2/2026;C04;4500121473;10;0026;1;DMORAN;4/3/2026;11/11/2026;C04;0;;;;;;;;;;;Sin aclaración;Vencido con cant pendiente a recep;;C04
00314 CASA Olavarría;1000084403;10;ZPAN;SRVICIO RSV;;0;;;;ANAVARRO;1054188;CAMARA ORBCOM FM5610;19;19;19;0;0;5000173720;20/5/2026;Materiales Stock;CUMPLIDO;AC SAT S.R.L.;MM01;30/3/2028;9/3/2026;10144906;10;1;9/3/2026;9/3/2026;C04;4500126945;10;0026;2;EFUNES;6/5/2026;30/3/2028;C04;5;20/5/2026;;;;;;;;;;Sin aclaración;En curso - Total recepcionado;;C04
00314 CASA Olavarría;1000084403;20;ZPAN;SRVICIO RSV;;0;;;;ANAVARRO;1054190;MONTAJE CAMARA ORBCOM;19;19;19;0;0;5000173720;20/5/2026;Materiales Stock;CUMPLIDO;AC SAT S.R.L.;MM01;30/3/2028;9/3/2026;10144906;20;1;9/3/2026;9/3/2026;C04;4500126945;20;0026;2;EFUNES;6/5/2026;30/3/2028;C04;5;20/5/2026;;;;;;;;;;Sin aclaración;En curso - Total recepcionado;;C04
00314 CASA Olavarría;1000084403;30;ZPAN;SRVICIO RSV;;0;;;;ANAVARRO;1054191;SERVICIO SOFWARE RSV FM6510;456;76;456;0;380;5000185679;24/8/2026;Materiales Stock;RECEPCIONADO PARCIAL;AC SAT S.R.L.;MM01;30/3/2028;9/3/2026;10144906;30;1;9/3/2026;9/3/2026;C04;4500126945;30;0026;2;EFUNES;6/5/2026;30/3/2028;C04;4;24/8/2026;;;;;;;;;;Sin aclaración;En curso;;C04
00314 CASA Olavarría;1000085133;10;ZPAN;Extencion OC 4500085;;0;10;4;7/4/2026;ANAVARRO;1013113;TRANSPORTE DE PERSONAL COMBI LOMA N-OBRA;192;0;0;192;192;;;Servicios;CUMPLIDO;;MM01;13/9/2026;19/3/2026;10145794;10;1;19/3/2026;19/3/2026;C25;;0;;1;;;;;0;;;;;;;;;;;Sin aclaración;En curso - Próximo a vencer;;C25
00314 CASA Olavarría;1000085419;10;ZPAN;03 - DISPENSER DE AG;;0;;;;ANAVARRO;1025992;ALQUILER DISPENSER FRIO CALOR x MES;160;84;160;0;76;5000183207;5/8/2026;Servicios;CUMPLIDO PARCIAL;CRIMALDI BRUNO;MM01;31/12/2026;25/3/2026;10146181;10;1;25/3/2026;30/3/2026;C25;4500124266;10;0026;1;MPITTIA;7/4/2026;31/12/2026;C25;6;5/8/2026;;;;;;;;;;03 Cert Mensual;En curso;Rojo;C25
00314 CASA Olavarría;1000085419;20;ZPAN;03 - DISPENSER DE AG;;0;;;;ANAVARRO;1013138;SERVICIO BOTELLON DE 20 LTS XUN;1600;657;1600;0;943;5000183207;5/8/2026;Servicios;CUMPLIDO PARCIAL;CRIMALDI BRUNO;MM01;31/12/2026;25/3/2026;10146181;20;1;25/3/2026;30/3/2026;C25;4500124266;20;0026;1;MPITTIA;7/4/2026;31/12/2026;C25;5;5/8/2026;;;;;;;;;;03 Cert Mensual;En curso;Rojo;C25
00314 CASA Olavarría;1000086010;10;ZPAN;03 - CABLE;;0;;;;ANAVARRO;1022295;SERVICIO DE DIRECTV XMES;12;5;12;0;7;5000183208;5/8/2026;Servicios;CUMPLIDO PARCIAL;DIRECTV ARGENTINA S.A.;MR01;24/4/2027;6/4/2026;10146908;10;1;6/4/2026;7/4/2026;C25;4500124865;10;0314;1;MPITTIA;13/4/2026;24/4/2027;C25;5;5/8/2026;;;;;;;;;;03 Cert Mensual;En curso;Rojo;C25
00314 CASA Olavarría;1000087382;10;ZPAN;POLIZA TANQUE;;0;;;;NLAFORNARO;1012967;POLIZA 285379 ENDOSO 9;1;1;1;0;0;5000172267;8/5/2026;Servicios;CUMPLIDO;FEDERACION PATRONAL SEG. S.A.;MR01;28/4/2027;28/4/2026;10148753;10;1;28/4/2026;28/4/2026;C16;4500127131;10;0314;1;LSORRENTINO;8/5/2026;28/4/2027;C16;1;8/5/2026;;;;;;;;;;Sin aclaración;En curso - Total recepcionado;;C16
00314 CASA Olavarría;1000088646;10;ZPAN;FORMALIZACION Subc.;;0;;;;ANAVARRO;1042063;SUBC. PERFORACIÓN;1000;637;637;363;363;5000176221;9/6/2026;Servicios;CUMPLIDO PARCIAL;PATAGONIA DRILLING S. R. L.;MM01;31/8/2026;19/5/2026;10150482;10;1;19/5/2026;20/5/2026;C26;4500128448;10;0026;1;YCOLMAN;22/5/2026;30/8/2026;C26;3;9/6/2026;;;;;;;;;;Sin aclaración;Vencido con cant pendiente a recep;;C26
00314 CASA Olavarría;1000088680;10;ZPAN;02 - TRANSPORTE PERS;;0;;;;ANAVARRO;1013113;TRANSPORTE DE PERSONAL XVIAJE;1200;305;1200;0;895;5000185160;20/8/2026;Servicios;CUMPLIDO PARCIAL;GANGAS REYES MARCELO DAVID;MM01;31/12/2026;19/5/2026;10150541;10;1;19/5/2026;20/5/2026;C25;4500129709;10;0026;1;MPITTIA;9/6/2026;31/12/2026;C25;6;20/8/2026;;;;;;;;;;02 Cert Quincenal;En curso;Rojo;C25
00314 CASA Olavarría;1000089607;10;ZPAN;EXTENCION OC 4500121;;0;;;;ANAVARRO;1013113;TRANSPORTE DE PERSONAL X VIAJE;1200;311;1200;0;889;5000185618;24/8/2026;Servicios;CUMPLIDO PARCIAL;GANGAS REYES MARCELO DAVID;MM01;31/12/2026;3/6/2026;10151682;10;1;3/6/2026;8/6/2026;C25;4500130316;10;0026;1;MPITTIA;16/6/2026;31/12/2026;C25;5;24/8/2026;;;;;;;;;;Sin aclaración;En curso;;C25
00314 CASA Olavarría;1000089943;10;ZPAN;03 - RETIRO RESIDUOS;;0;;;;ANAVARRO;1022295;RECOLECCION DE RESIDUOS RSU XUN;48;2;48;0;46;5000184228;12/8/2026;Servicios;CUMPLIDO PARCIAL;TRANSPORTE MALVINAS SRL;MM01;31/5/2027;10/6/2026;10152115;10;1;10/6/2026;11/6/2026;C25;4500130343;10;0026;2;MPITTIA;17/6/2026;31/5/2027;C25;2;12/8/2026;;;;;;;;;;03 Cert Mensual;En curso;Verde;C25
00314 CASA Olavarría;1000089943;20;ZPAN;03 - RETIRO RESIDUOS;;0;;;;ANAVARRO;1022295;TASAS MUNICIPALES;1200000;115526,03;1200000;0;1084473,97;5000184228;12/8/2026;Servicios;CUMPLIDO PARCIAL;TRANSPORTE MALVINAS SRL;MM01;31/5/2027;10/6/2026;10152115;20;1;10/6/2026;11/6/2026;C25;4500130343;20;0026;2;MPITTIA;17/6/2026;31/5/2027;C25;2;12/8/2026;;;;;;;;;;03 Cert Mensual;En curso;Verde;C25
00314 CASA Olavarría;1000090299;10;ZPAN;CAPACITACION EN OBRA;;0;;;;ANAVARRO;1022313;CAPACITACION CORPORATIVA x U;1;0;1;0;1;;;Servicios;ADJUDICADO;ARCANGEL PREVENCION DIGITAL SRL;MM01;31/10/2026;16/6/2026;10152491;10;1;16/6/2026;17/6/2026;C24;4500131716;10;0026;1;MPITTIA;1/7/2026;31/10/2026;C24;0;;;;;;;;;;;Sin aclaración;En curso;;C24
00314 CASA Olavarría;1000090350;10;ZPAN;SERVICIO DE FLETE/PA;;0;;;;ANAVARRO;1012981;FLETE PAQUETERIA S DETALLE XUN;24000000;8588831;24000000;0;15411169;5000184889;19/8/2026;Servicios;CUMPLIDO PARCIAL;MP TRANSPORTES S.R.L.;MM01;31/12/2026;16/6/2026;10152550;10;1;16/6/2026;17/6/2026;C15;4500132438;10;0026;1;GDIAZ;10/7/2026;31/12/2026;C15;2;19/8/2026;;;;;;;;;;Sin aclaración;En curso;;C15
00314 CASA Olavarría;1000090888;10;ZPAN;ZPIN 4000006728 - SE;;0;;;;ANAVARRO;1034203;SERVICIO DE GOMERIA;5000000;0;5000000;0;5000000;;;Servicios;ADJUDICADO;BUSTAMANTE CARLOS ALBERTO;MM01;31/12/2026;26/6/2026;10153349;10;1;26/6/2026;29/6/2026;C25;4500132031;10;0026;1;MPITTIA;6/7/2026;31/12/2026;C25;0;;;;;;;;;;;Sin aclaración;En curso;;C25
00314 CASA Olavarría;1000091115;10;ZPAN;AFILADO DE BROCAS;;0;;;;ANAVARRO;1033687;AFILADO DE BROCA;2000;429;2000;0;1571;5000184290;12/8/2026;Servicios;CUMPLIDO PARCIAL;MARINA SOLEDAD SAENZ;MM01;31/12/2026;1/7/2026;10153642;10;1;1/7/2026;2/7/2026;C03;4500132178;10;0026;1;EFUNES;7/7/2026;31/12/2026;C03;3;12/8/2026;;;;;;;;;;Sin aclaración;En curso;;C03
00314 CASA Olavarría;1000091438;10;ZPAN;03 - TOPOGRAFIA;;0;;;;ANAVARRO;1027430;SERVICIO DE TOPOGRAFIA - VUELO CABAÑITAS;12;1;12;0;11;5000183201;5/8/2026;Servicios;CUMPLIDO PARCIAL;DOMINGUEZ ELIAS IVAN;MM01;28/7/2027;7/7/2026;10154048;40;1;13/7/2026;14/7/2026;C26;4500132661;30;0026;1;YCOLMAN;14/7/2026;28/7/2027;C26;1;5/8/2026;;;;;;;;;;03 Cert Mensual;En curso;Rojo;C26
00314 CASA Olavarría;1000091438;20;ZPAN;03 - TOPOGRAFIA;;0;;;;ANAVARRO;1027430;SERVICIO DE TOPOGRAFIA - VUELO PROVIDENC;12;1;12;0;11;5000183201;5/8/2026;Servicios;CUMPLIDO PARCIAL;DOMINGUEZ ELIAS IVAN;MM01;28/7/2027;7/7/2026;10154048;20;1;7/7/2026;7/7/2026;C26;4500132661;10;0026;1;YCOLMAN;14/7/2026;28/7/2027;C26;1;5/8/2026;;;;;;;;;;03 Cert Mensual;En curso;Rojo;C26
00314 CASA Olavarría;1000091438;30;ZPAN;03 - TOPOGRAFIA;;0;;;;ANAVARRO;1027430;SERVICIO DE TOPOGRAFIA - VUELO GRANITO;12;1;12;0;11;5000183201;5/8/2026;Servicios;CUMPLIDO PARCIAL;DOMINGUEZ ELIAS IVAN;MM01;28/7/2027;7/7/2026;10154048;30;1;7/7/2026;7/7/2026;C26;4500132661;20;0026;1;YCOLMAN;14/7/2026;28/7/2027;C26;1;5/8/2026;;;;;;;;;;03 Cert Mensual;En curso;Rojo;C26
00314 CASA Olavarría;1000091442;10;ZPAN;EXTENCION OC 4500125;;0;;;;ANAVARRO;1022295;LICENCIAS DE USUARIO SOBEREYE;90;28;90;0;62;5000184908;19/8/2026;Servicios;CUMPLIDO PARCIAL;SAVE TRACK S.A.;MM01;31/10/2026;7/7/2026;10154052;10;1;7/7/2026;8/7/2026;C25;4500132459;10;0026;1;ALOPEZ;10/7/2026;31/10/2026;C25;1;19/8/2026;;;;;;;;;;Sin aclaración;En curso;;C25
00314 CASA Olavarría;1000092729;10;ZPAN;Flete cubiertas R35;;0;;;;ANAVARRO;1012974;FLETE SEMIRREMOLQUE 14,5MT XVIAJE;2;2;2;0;0;5000186409;31/8/2026;Servicios;CUMPLIDO;TRANSPORTE ANA S.R.L.;MM01;19/9/2026;29/7/2026;10156013;10;1;29/7/2026;29/7/2026;C15;4500134374;10;0026;1;GDIAZ;31/7/2026;19/8/2026;C15;1;31/8/2026;;;;;;;;;;Sin aclaración;En curso - Próximo a vencer;;C15
00314 CASA Olavarría;1000093279;10;ZPAN;EXTENCION OC 4500118;;0;;;;ANAVARRO;1034203;SERVICIO DE GOMERIA;10000000;0;10000000;0;10000000;;;Servicios;ADJUDICADO;ROJAS DIEGO HECTOR;MM01;31/12/2026;7/8/2026;10156821;10;1;7/8/2026;7/8/2026;C04;4500136276;10;0026;1;OBANEGA;21/8/2026;31/12/2026;C04;0;;;;;;;;;;;Sin aclaración;En curso;;C04
00314 CASA Olavarría;1000093280;10;ZPAN;EXTENCION OC 4500114;;0;;;;ANAVARRO;1012981;SERVICIO FLETE BS AS - OLAVARRIA;5000000;0;5000000;0;5000000;;;Servicios;ADJUDICADO;LOGISTICA VW S.A;MM01;1/5/2027;7/8/2026;10156825;10;1;7/8/2026;7/8/2026;C15;4500137427;10;0026;1;GDIAZ;2/9/2026;1/5/2027;C15;0;;;;;;;;;;;Sin aclaración;En curso;;C15
00314 CASA Olavarría;1000094046;10;ZPAN;ENDOSO 9 POLIZA 2959;;0;;;;NLAFORNARO;1012967;POLIZA 295993 ENDOSO 9;1;1;1;0;0;5000186593;1/9/2026;Servicios;CUMPLIDO;FEDERACION PATRONAL SEG. S.A.;MM01;9/9/2026;20/8/2026;10158083;10;1;20/8/2026;22/8/2026;C16;4500136976;10;0026;1;JESPARZA;28/8/2026;9/9/2026;C16;1;1/9/2026;;;;;;;;;;Sin aclaración;En curso - Próximo a vencer;;C16
00341 Mov. Suelos San Luis;1000047300;10;ZPAN;4000003735 - BECERRA;;0;;;;FROSALES;1013116;VIANDA ALMUERZO PUESTA EN OBRA XUN;8400;8401;8400;0;-1;5000135842;17/6/2025;Servicios;CUMPLIDO;BECERRA ITALO GUILLERMO;MR01;15/5/2025;24/4/2024;10097206;10;1;24/4/2024;25/4/2024;C25;4500074818;10;0341;1;MPITTIA;8/5/2024;30/6/2025;C25;15;17/6/2025;;;;;;;;;;Sin aclaración;Vencido con cant pendiente a recep;;C25
00035 CASA SAN LUIS-MM;1000080676;10;ZPAN;03 - SERVICIO TOPOGR;;1;;;;MALCARAZ;1027430;SERVICIO DE TOPOGRAFIA x MES;12;7;12;0;5;5000184777;18/8/2026;Servicios;CUMPLIDO PARCIAL;GRUPO SICCTOP S.R.L.;MM01;9/1/2027;9/1/2026;10139943;10;1;9/1/2026;12/1/2026;C26;4500117334;10;0035;1;AGONZALEZ;13/1/2026;1/12/2026;C26;7;18/8/2026;;;;;;;;;;03 Cert Mensual;En curso;Verde;C26
00341 Mov. Suelos San Luis;1000080764;10;ZPAN;03 - SOBEREYE;;0;;;;MALCARAZ;1022295;LICENCIAS DE USUARIO SOBEREYE;132;84;132;0;48;5000184011;11/8/2026;Servicios;CUMPLIDO PARCIAL;SAVE TRACK S.A.;MR01;30/11/2026;10/1/2026;10140049;10;1;10/1/2026;12/1/2026;C25;4500117921;10;0341;1;MPITTIA;20/1/2026;30/11/2026;C25;7;11/8/2026;;;;;;;;;;03 Cert Mensual;En curso;Verde;C25
00341 Mov. Suelos San Luis;1000080788;10;ZPAN;03 -  INTENET OBRA;;0;;;;MALCARAZ;1025931;SERVICIO DE INTERNET X MES;11;7;11;0;4;5000184780;18/8/2026;Servicios;CUMPLIDO PARCIAL;JAWIT S.A.;MR01;30/11/2026;10/1/2026;10140067;10;1;10/1/2026;12/1/2026;C25;4500117664;10;0341;1;MPITTIA;16/1/2026;30/11/2026;C25;9;18/8/2026;;;;;;;;;;03 Cert Mensual;En curso;Verde;C25
00035 CASA SAN LUIS-MM;1000082425;10;ZPAN;04 - SERVICIO FLETE;;0;;;;FALBARELLOS;1012981;SERVICIO FLETE DE PALLETS SL-LA CALERA;30;40;30;0;-10;5000183184;4/8/2026;Servicios;CUMPLIDO;CABAÑEZ LAURA VERONICA;MM01;5/10/2026;5/2/2026;10142298;10;1;5/2/2026;5/2/2026;C15;4500120252;10;0035;1;GDIAZ;18/2/2026;4/10/2026;C15;37;4/8/2026;;;;;;;;;;04 Cert a Demanda;En curso - Próximo a vencer;;C15
00341 Mov. Suelos San Luis;1000083178;10;ZPAN;03 - AGUA OBRA;;0;;;;FALBARELLOS;1025992;ALQUILER DISPENSER FRIO CALOR x MES;120;30;120;0;90;5000183299;5/8/2026;Servicios;CUMPLIDO PARCIAL;ROBLA SRL;MR01;30/1/2027;18/2/2026;10143174;10;1;18/2/2026;19/2/2026;C25;4500121638;10;0341;1;MPITTIA;5/3/2026;27/2/2027;C25;5;5/8/2026;;;;;;;;;;03 Cert Mensual;En curso;Rojo;C25
00341 Mov. Suelos San Luis;1000083178;20;ZPAN;03 - AGUA OBRA;;0;;;;FALBARELLOS;1013138;SERVICIO BOTELLON DE 20 LTS XUN;1150;423;1150;0;727;5000183299;5/8/2026;Servicios;CUMPLIDO PARCIAL;ROBLA SRL;MR01;30/1/2027;18/2/2026;10143174;20;1;18/2/2026;19/2/2026;C25;4500121638;20;0341;1;MPITTIA;5/3/2026;27/2/2027;C25;5;5/8/2026;;;;;;;;;;03 Cert Mensual;En curso;Rojo;C25
00341 Mov. Suelos San Luis;1000084312;10;ZPAN;03 - SERVICIO LIMPIE;;0;;;;FALBARELLOS;1048681;SERVICIO LIMPIEZA OBRA X MES;2000000;2000000;2000000;0;0;5000184193;12/8/2026;Servicios;CUMPLIDO;SORIA NATALIA NAZARENA;MR01;15/9/2026;6/3/2026;10144807;10;1;6/3/2026;9/3/2026;C25;4500123670;10;0341;1;MPITTIA;30/3/2026;15/9/2026;C25;11;12/8/2026;;;;;;;;;;03 Cert Mensual;En curso - Próximo a vencer;Verde;C25
00035 CASA SAN LUIS-MM;1000084409;10;ZPAN;SRVICIO RSV - 341;;0;;;;ANAVARRO;1054188;CAMARA ORBCOM FM5610;3;2;3;0;1;5000173722;20/5/2026;Materiales Stock;RECEPCIONADO PARCIAL;AC SAT S.R.L.;MM01;30/3/2028;9/3/2026;10144911;10;1;9/3/2026;9/3/2026;C04;4500126945;40;0035;2;EFUNES;6/5/2026;30/3/2028;C04;3;20/5/2026;;;;;;;;;;Sin aclaración;En curso;;C04
00035 CASA SAN LUIS-MM;1000084409;20;ZPAN;SRVICIO RSV - 341;;0;;;;ANAVARRO;1054190;MONTAJE CAMARA ORBCOM;3;2;3;0;1;5000173722;20/5/2026;Materiales Stock;RECEPCIONADO PARCIAL;AC SAT S.R.L.;MM01;30/3/2028;9/3/2026;10144911;20;1;9/3/2026;9/3/2026;C04;4500126945;50;0035;2;EFUNES;6/5/2026;30/3/2028;C04;3;20/5/2026;;;;;;;;;;Sin aclaración;En curso;;C04
00035 CASA SAN LUIS-MM;1000084409;30;ZPAN;SRVICIO RSV - 341;;0;;;;ANAVARRO;1054191;SERVICIO SOFWARE RSV FM6510;72;3;72;0;69;5000185679;24/8/2026;Materiales Stock;RECEPCIONADO PARCIAL;AC SAT S.R.L.;MM01;30/3/2028;9/3/2026;10144911;30;1;9/3/2026;9/3/2026;C04;4500126945;60;0035;2;EFUNES;6/5/2026;30/3/2028;C04;1;24/8/2026;;;;;;;;;;Sin aclaración;En curso;;C04
00341 Mov. Suelos San Luis;1000087781;10;ZPAN;03 - VIANDAS;;20;;;;FALBARELLOS;1013121;VIANDA ALMUERZO XUN;16380;3971;16380;0;12409;5000184844;18/8/2026;Servicios;CUMPLIDO;MIRASOLES SRL;MR01;1/6/2027;5/5/2026;10149240;10;1;5/5/2026;6/5/2026;C25;4500128666;10;;2;MPITTIA;27/5/2026;1/6/2027;C25;3;18/8/2026;;;;;;;;;;03 Cert Mensual;En curso;Verde;C25
00341 Mov. Suelos San Luis;1000087781;20;ZPAN;03 - VIANDAS;;20;;;;FALBARELLOS;1013121;SERVICIO ALMUERZO ASADO X 30KG;52;9;52;0;43;5000184844;18/8/2026;Servicios;CUMPLIDO;MIRASOLES SRL;MR01;1/6/2027;5/5/2026;10149240;20;1;5/5/2026;6/5/2026;C25;4500128666;20;;2;MPITTIA;27/5/2026;1/6/2027;C25;2;18/8/2026;;;;;;;;;;03 Cert Mensual;En curso;Verde;C25
00341 Mov. Suelos San Luis;1000089014;10;ZPAN;03 - VIGILANCIA PATR;;0;;;;FALBARELLOS;1013146;SERVICIO DE VIGILANCIA DIURNA XHS;4200;253;4200;0;3947;5000182712;31/7/2026;Servicios;CUMPLIDO PARCIAL;PROSEGUR SA;MR01;1/6/2027;26/5/2026;10150944;10;1;26/5/2026;26/5/2026;C25;4500129001;10;0341;1;MPITTIA;29/5/2026;1/6/2027;C25;1;31/7/2026;;;;;;;;;;03 Cert Mensual;En curso;Rojo;C25
00035 CASA SAN LUIS-MM;1000089133;10;ZPAN;RECARGAS TUBOS;;0;10;4;3/6/2026;FALBARELLOS;1013043;RECARGA DE MATAFUEGO - ADICIONALES;271685,27;271685;271685;0;0,27;5000177836;23/6/2026;Servicios;CUMPLIDO;ASENSIO ERNESTO RUBEN;MM01;16/6/2026;27/5/2026;10151062;10;1;27/5/2026;27/5/2026;C25;4500129218;10;0035;1;MPITTIA;2/6/2026;16/6/2026;C25;1;23/6/2026;;;;;;;;;;Sin aclaración;Vencido con cant pendiente a recep;;C25
00341 Mov. Suelos San Luis;1000089491;10;ZPAN;03 - SERVICIO REMISE;;0;;;;FALBARELLOS;1018251;TRASLADO DIARIO X KM;9000;8919;9000;0;81;5000184045;11/8/2026;Servicios;CUMPLIDO PARCIAL;DOMINGO MARTIN FERNANDO;MR01;23/6/2026;2/6/2026;10151506;10;1;2/6/2026;2/6/2026;C25;4500129675;10;0341;1;MPITTIA;8/6/2026;10/8/2026;C25;2;11/8/2026;;;;;;;;;;03 Cert Mensual;Vencido con cant pendiente a recep;;C25
00341 Mov. Suelos San Luis;1000091453;10;ZPAN;04 - DESAGOTE POZO C;;0;;;;FALBARELLOS;1013026;DESAGOTE DE POZO CIEGO;12;0;12;0;12;;;Servicios;ADJUDICADO;CROS SERVICIOS GENERALES SRL;MR01;28/7/2026;7/7/2026;10154090;10;1;7/7/2026;7/7/2026;C25;4500132284;10;0341;1;MPITTIA;8/7/2026;28/7/2027;C25;0;;;;;;;;;;;04 Cert a Demanda;Vencido con cant pendiente a recep;;C25
00341 Mov. Suelos San Luis;1000091742;10;ZPAN;PROTOCOLO MAT. PARTI;;0;;;;FALBARELLOS;1022295;ANALISIS DE PART. TOTALES EN PUESTOS;4;0;4;0;4;;;Servicios;ADJUDICADO;LABORATORIO ECOCHEM S. A. S.;MR01;31/7/2026;13/7/2026;10154574;10;1;13/7/2026;20/7/2026;C25;4500136764;10;0341;3;MPITTIA;26/8/2026;31/7/2026;C25;0;;;;;;;;;;;Sin aclaración;Vencido con cant pendiente a recep;;C25
00035 CASA SAN LUIS-MM;1000092124;10;ZPAN;REG. RECARGA TUBOS;;0;;;;FALBARELLOS;1013043;RECARGA DE MATAFUEGO - ADICIONALES;771306;0;771306;0;771306;;;Servicios;ADJUDICADO;ASENSIO ERNESTO RUBEN;MM01;7/8/2026;20/7/2026;10155085;10;1;20/7/2026;20/7/2026;C25;4500133316;10;0035;1;MPITTIA;21/7/2026;7/8/2026;C25;0;;;;;;;;;;;Sin aclaración;Vencido con cant pendiente a recep;;C25
00035 CASA SAN LUIS-MM;1000092127;10;ZPAN;03 - SERVICIO TRASLA;;0;;;;FALBARELLOS;1013113;TRANSPORTE COMBI SAN LUIS - LA CALERA;900;71;900;0;829;5000184747;18/8/2026;Servicios;CUMPLIDO PARCIAL;THOMAS BUS S. R. L.;MM01;7/8/2026;20/7/2026;10155088;10;1;20/7/2026;20/7/2026;C25;4500133385;10;0035;1;MPITTIA;22/7/2026;7/8/2027;C25;1;18/8/2026;;;;;;;;;;03 Cert Mensual;Vencido con cant pendiente a recep;;C25
00035 CASA SAN LUIS-MM;1000092127;20;ZPAN;03 - SERVICIO TRASLA;;0;;;;FALBARELLOS;1013113;TRANSPORTE SAN LUIS - LA PUNTA;1680;142;1680;0;1538;5000184747;18/8/2026;Servicios;CUMPLIDO PARCIAL;THOMAS BUS S. R. L.;MM01;7/8/2026;20/7/2026;10155088;20;1;20/7/2026;20/7/2026;C25;4500133385;20;0035;1;MPITTIA;22/7/2026;7/8/2027;C25;1;18/8/2026;;;;;;;;;;03 Cert Mensual;Vencido con cant pendiente a recep;;C25
00035 CASA SAN LUIS-MM;1000092127;30;ZPAN;03 - SERVICIO TRASLA;;0;;;;FALBARELLOS;1013113;TRANSPORTE SAN LUIS - NOGOLI;480;32;480;0;448;5000184747;18/8/2026;Servicios;CUMPLIDO PARCIAL;THOMAS BUS S. R. L.;MM01;7/8/2026;20/7/2026;10155088;30;1;20/7/2026;20/7/2026;C25;4500133385;30;0035;1;MPITTIA;22/7/2026;7/8/2027;C25;1;18/8/2026;;;;;;;;;;03 Cert Mensual;Vencido con cant pendiente a recep;;C25
00035 CASA SAN LUIS-MM;1000092326;10;ZPAN;04 - MATAFUEGOS Y TU;;0;;;;FALBARELLOS;1013043;RECARGA DE MATAFUEGO - ADICIONALES;8000000;0;8000000;0;8000000;;;Servicios;ADJUDICADO;MATAFUEGOS Y SERVICIOS SRL;MM01;22/6/2027;22/7/2026;10155401;10;1;22/7/2026;23/7/2026;C25;4500134367;10;0035;1;MPITTIA;31/7/2026;22/6/2027;C25;0;;;;;;;;;;;04 Cert a Demanda;En curso;;C25
00341 Mov. Suelos San Luis;1000093128;10;ZPAN;03 - SERVICIO REMISE;;0;;;;FALBARELLOS;1018251;TRASLADO DIARIO X KM;2000;0;2000;0;2000;;;Servicios;ADJUDICADO;DOMINGO MARTIN FERNANDO;MR01;26/8/2026;5/8/2026;10156576;10;1;5/8/2026;10/8/2026;C25;4500135432;10;0341;1;MPITTIA;12/8/2026;26/8/2026;C25;0;;;;;;;;;;;03 Cert Mensual;Vencido con cant pendiente a recep;;C25
00365 RIO TINTO;1000070246;10;ZPAN;OC ABIERTA CRIM VOLV;;0;;;;CSOSA;1042545;INSPECCION CRIM EQ. LIVIANO;30;9;9;21;21;5000155737;16/12/2025;Servicios;CUMPLIDO PARCIAL;CAMINOA S.A.;U365;31/12/2026;14/7/2025;10126110;10;1;14/7/2025;15/7/2025;C04;4500104118;10;4401;1;EREGALADO;21/7/2025;28/7/2027;C04;7;16/12/2025;;;;;;;;;;Sin aclaración;En curso;;C04
00365 RIO TINTO;1000070246;20;ZPAN;OC ABIERTA CRIM VOLV;;0;;;;CSOSA;1042546;INSPECCION CRIM EQ. PESADO;80;6;6;74;74;5000158309;13/1/2026;Servicios;CUMPLIDO PARCIAL;CAMINOA S.A.;U365;31/12/2026;14/7/2025;10126110;20;1;14/7/2025;15/7/2025;C04;4500104118;20;4401;1;EREGALADO;21/7/2025;28/7/2027;C04;4;13/1/2026;;;;;;;;;;Sin aclaración;En curso;;C04
00365 RIO TINTO;1000070247;10;ZPAN;OC ABIERTA CRIM SCAN;;0;;;;CSOSA;1042545;INSPECCION CRIM EQ. LIVIANO;15;11;11;4;4;5000167464;31/3/2026;Servicios;CUMPLIDO PARCIAL;SCANIA ARGENTINA S A;U365;31/12/2026;14/7/2025;10126111;10;1;14/7/2025;15/7/2025;C04;4500104116;10;4401;1;EREGALADO;21/7/2025;31/12/2026;C04;7;31/3/2026;;;;;;;;;;Sin aclaración;En curso;;C04
00365 RIO TINTO;1000070247;20;ZPAN;OC ABIERTA CRIM SCAN;;0;;;;CSOSA;1042546;INSPECCION CRIM EQ. PESADO;15;15;15;0;0;5000167411;31/3/2026;Servicios;CUMPLIDO;SCANIA ARGENTINA S A;U365;31/12/2026;14/7/2025;10126111;20;1;14/7/2025;15/7/2025;C04;4500104116;20;4401;1;EREGALADO;21/7/2025;31/12/2026;C04;2;31/3/2026;;;;;;;;;;Sin aclaración;En curso - Total recepcionado;;C04
00365 RIO TINTO;1000074762;10;ZPAN;03 - M - INTERNET 2t;;20;;;;CSOSA;1025931;SERVICIO DE INTERNET X MES;6;6;6;0;0;5000167663;2/4/2026;Servicios;CUMPLIDO;JAWIT S.A.;U365;1/10/2026;26/9/2025;10131954;10;1;26/9/2025;26/9/2025;C25;4500110644;10;4401;1;MPITTIA;14/10/2025;1/10/2026;C25;6;2/4/2026;;;;;;;;;;03 Cert Mensual;En curso - Próximo a vencer;Rojo;C25
00365 RIO TINTO;1000077482;10;ZPAN;BAÑOS QUIMICOS NUEVO;;0;;;;CSOSA;1022693;ALQUILER DE MODULO DE BANO X U;14;14;14;0;0;5000161258;6/2/2026;Servicios;CUMPLIDO;JUVEGUMER S. A. S.;U365;30/11/2026;11/11/2025;10135625;10;1;11/11/2025;12/11/2025;C25;4500114120;10;4401;1;MPITTIA;28/11/2025;30/11/2026;C25;3;6/2/2026;;;;;;;;;;Sin aclaración;En curso - Total recepcionado;;C25
00365 RIO TINTO;1000077482;20;ZPAN;BAÑOS QUIMICOS NUEVO;;0;;;;CSOSA;1013136;SERVICIO LIMPIEZA DESAGOTE BANO QUIMICO;12;12;12;0;0;5000161258;6/2/2026;Servicios;CUMPLIDO;JUVEGUMER S. A. S.;U365;30/11/2026;11/11/2025;10135625;20;1;11/11/2025;12/11/2025;C25;4500114120;20;4401;1;MPITTIA;28/11/2025;30/11/2026;C25;1;6/2/2026;;;;;;;;;;Sin aclaración;En curso - Total recepcionado;;C25
00365 RIO TINTO;1000081677;10;ZPAN;STARLINK CAMIONETAS;;0;;;;MGAUDELLI;1025931;SERVICIO DE INTERNET X MES;12;8;12;0;4;5000186730;1/9/2026;Servicios;CUMPLIDO PARCIAL;JAWIT S.A.;U365;1/3/2027;24/1/2026;10141298;10;1;24/1/2026;26/1/2026;C25;4500119083;10;4401;1;MPITTIA;3/2/2026;1/3/2027;C25;7;1/9/2026;;;;;;;;;;Sin aclaración;En curso;;C25
00365 RIO TINTO;1000081677;20;ZPAN;STARLINK CAMIONETAS;;0;;;;MGAUDELLI;1025931;SERVICIO DE INTERNET X MES;12;8;12;0;4;5000186730;1/9/2026;Servicios;CUMPLIDO PARCIAL;JAWIT S.A.;U365;1/3/2027;24/1/2026;10141298;20;1;1/2/2026;2/2/2026;C25;4500119083;20;4401;1;MPITTIA;3/2/2026;1/3/2027;C25;7;1/9/2026;;;;;;;;;;Sin aclaración;En curso;;C25
00365 RIO TINTO;1000083714;10;ZPAN;ATENCION PRIMARIA;;0;;;;CSOSA;1035274;ATENCION PRIMARIA EN GUARDIA;12;0;12;0;12;;;Servicios;ADJUDICADO;LABTEC S. R. L.;U365;31/3/2027;26/2/2026;10144003;10;1;26/2/2026;27/2/2026;C25;4500121966;10;4401;1;MPITTIA;9/3/2026;31/3/2027;C25;0;;;;;;;;;;;Sin aclaración;En curso;;C25
00365 RIO TINTO;1000083748;10;ZPAN;EXAMEN PREOCUPACIONA;;0;;;;CSOSA;1013130;EXAMEN PREOCUPACIONAL BASICO XUN;100;100;100;0;0;5000169711;18/4/2026;Servicios;CUMPLIDO;MED LAB SALTA S.R.L.;U365;30/9/2026;27/2/2026;10144038;10;1;27/2/2026;27/2/2026;C25;4500121970;10;4401;1;MPITTIA;9/3/2026;30/9/2026;C25;3;18/4/2026;;;;;;;;;;Sin aclaración;En curso - Próximo a vencer;;C25
00365 RIO TINTO;1000085529;10;ZPAN;03 - M - INTERNET 2.;;0;;;;CSOSA;1025931;SERVICIO DE INTERNET X MES 2.5tb;12;3;12;0;9;5000179401;4/7/2026;Servicios;CUMPLIDO PARCIAL;JAWIT S.A.;U365;5/4/2027;26/3/2026;10146380;10;1;26/3/2026;27/3/2026;C25;4500124310;10;4401;1;MPITTIA;7/4/2026;5/4/2027;C25;5;4/7/2026;;;;;;;;;;03 Cert Mensual;En curso;Rojo;C25
00365 RIO TINTO;1000085532;10;ZPAN;Ampliación Servicio;;0;;;;CSOSA;1022295;SERVICIO LICENCIADO MEDIA AMBIENTE;6;5;6;0;1;5000186732;1/9/2026;Servicios;CUMPLIDO PARCIAL;DELGADO JORGE ESTEBAN;U365;5/10/2026;26/3/2026;10146383;10;1;26/3/2026;27/3/2026;C25;4500125106;10;4401;1;MPITTIA;15/4/2026;5/10/2026;C25;5;1/9/2026;;;;;;;;;;Sin aclaración;En curso - Próximo a vencer;;C25
00365 RIO TINTO;1000085948;10;ZPAN;BAÑOS QUIMICOS RENOV;;0;;;;CSOSA;1022693;ALQUILER DE MODULO DE BANO X U;38,06;38,06;38,06;0;0;5000181830;25/7/2026;Servicios;CUMPLIDO;AREA PABLO;U365;1/11/2026;2/4/2026;10146852;10;1;2/4/2026;4/4/2026;C25;4500124793;10;4401;1;MPITTIA;13/4/2026;1/11/2026;C25;3;25/7/2026;;;;;;;;;;Sin aclaración;En curso - Total recepcionado;;C25
00365 RIO TINTO;1000085948;20;ZPAN;BAÑOS QUIMICOS RENOV;;0;;;;CSOSA;1013136;SERVICIO LIMPIEZA DESAGOTE BANO QUIMICO;26;26;26;0;0;5000175831;5/6/2026;Servicios;CUMPLIDO;AREA PABLO;U365;1/11/2026;2/4/2026;10146852;20;1;2/4/2026;4/4/2026;C25;4500124793;20;4401;1;MPITTIA;13/4/2026;1/11/2026;C25;2;5/6/2026;;;;;;;;;;Sin aclaración;En curso - Total recepcionado;;C25
00365 RIO TINTO;1000086152;10;ZPAN;EXAMEN PREOCUPACIONA;;0;;;;CSOSA;1013130;EXAMEN PREOCUPACIONAL BASICO XUN;200;132;200;0;68;5000186736;1/9/2026;Servicios;CUMPLIDO PARCIAL;MED LAB SALTA S.R.L.;U365;30/9/2026;7/4/2026;10147087;10;1;7/4/2026;7/4/2026;C25;4500124550;10;4401;1;MPITTIA;9/4/2026;30/9/2026;C25;18;1/9/2026;;;;;;;;;;Sin aclaración;En curso - Próximo a vencer;;C25
00365 RIO TINTO;1000086659;10;ZPAN;PEDIDO ABIERTO LAVAD;;1;;;;CSOSA;1041904;LAVADO VEHICULO LIVIANO;2;13;2;0;-11;5000184763;18/8/2026;Servicios;CUMPLIDO;MORENO VARGAS LUCIANA GISEL;U365;30/10/2026;15/4/2026;10147760;10;1;15/4/2026;15/4/2026;C35;4500125151;10;4401;1;FSOTO;16/4/2026;29/7/2026;C35;16;18/8/2026;;;;;;;;;;Sin aclaración;En curso;;C35
00365 RIO TINTO;1000086735;10;ZPAN;ESTUDIOS DE LABORATO;;20;;;;CSOSA;1022295;Ambiente Laboral MDHS 14/4 + NIOSH 7500;4;4;4;0;0;5000187469;5/9/2026;Servicios;CUMPLIDO;GRUPO INDUSER SRL;U365;10/9/2026;16/4/2026;10147867;10;1;16/4/2026;16/4/2026;C26;4500125557;10;4401;1;YCOLMAN;20/4/2026;23/8/2026;C26;1;5/9/2026;;;;;;;;;;Sin aclaración;En curso - Próximo a vencer;;C26
00365 RIO TINTO;1000086735;20;ZPAN;ESTUDIOS DE LABORATO;;20;;;;CSOSA;1022295;Ambiente Laboral Formaldehído NIOSH 2016;1;0;1;0;1;;;Servicios;ADJUDICADO;GRUPO INDUSER SRL;U365;10/9/2026;16/4/2026;10147867;20;1;16/4/2026;16/4/2026;C26;4500125557;20;4401;1;YCOLMAN;20/4/2026;23/8/2026;C26;0;;;;;;;;;;;Sin aclaración;En curso - Próximo a vencer;;C26
00365 RIO TINTO;1000086735;30;ZPAN;ESTUDIOS DE LABORATO;;20;;;;CSOSA;1022295;Ambiente Laboral MDHS 14/4 (06/2014);1;0;1;0;1;;;Servicios;ADJUDICADO;GRUPO INDUSER SRL;U365;10/9/2026;16/4/2026;10147867;30;1;16/4/2026;16/4/2026;C26;4500125557;30;4401;1;YCOLMAN;20/4/2026;23/8/2026;C26;0;;;;;;;;;;;Sin aclaración;En curso - Próximo a vencer;;C26
00365 RIO TINTO;1000086735;40;ZPAN;ESTUDIOS DE LABORATO;;20;;;;CSOSA;1022295;Ambiente Laboral Soldad SMAW NIOSH 7303;2;0;2;0;2;;;Servicios;ADJUDICADO;GRUPO INDUSER SRL;U365;10/9/2026;16/4/2026;10147867;40;1;16/4/2026;16/4/2026;C26;4500125557;40;4401;1;YCOLMAN;20/4/2026;23/8/2026;C26;0;;;;;;;;;;;Sin aclaración;En curso - Próximo a vencer;;C26
00365 RIO TINTO;1000086735;50;ZPAN;ESTUDIOS DE LABORATO;;20;;;;CSOSA;1022295;Gastos e Informes;1;1;1;0;0;5000187469;5/9/2026;Servicios;CUMPLIDO;GRUPO INDUSER SRL;U365;10/9/2026;16/4/2026;10147867;50;1;16/4/2026;16/4/2026;C26;4500125557;50;4401;1;YCOLMAN;20/4/2026;23/8/2026;C26;1;5/9/2026;;;;;;;;;;Sin aclaración;En curso - Próximo a vencer;;C26
00365 RIO TINTO;1000087657;50;ZPAN;GASES OXICORTE;;0;;;;CSOSA;1017956;ACETILENO;8;8;8;0;0;5000176101;8/6/2026;Servicios;CUMPLIDO;CROSSDOX S. A. S.;U365;1/10/2026;1/5/2026;10149064;50;1;1/5/2026;2/5/2026;C24;4500126602;50;4401;1;MPITTIA;4/5/2026;1/10/2026;C24;1;8/6/2026;;;;;;;;;;Sin aclaración;En curso - Próximo a vencer;;C24
00365 RIO TINTO;1000087674;10;ZPAN;SUB CONTRATRO SUPERV;;20;;;;CSOSA;1012998;SUB. SUPERV. PLACAS ASENTAMIENTOS Y PIEZ;8;4;8;0;4;5000182695;31/7/2026;Servicios;CUMPLIDO PARCIAL;AOSA SA;U365;30/9/2026;3/5/2026;10149078;10;1;3/5/2026;5/5/2026;C26;4500127086;60;4401;2;YCOLMAN;7/5/2026;31/8/2026;C26;1;31/7/2026;;;;;;;;;;Sin aclaración;En curso - Próximo a vencer;;C26
00365 RIO TINTO;1000087674;20;ZPAN;SUB CONTRATRO SUPERV;;20;;;;CSOSA;1012998;PRESENTACION DE INFORMES POSTERIORES;1;0,5;1;0;0,5;5000182695;31/7/2026;Servicios;CUMPLIDO PARCIAL;AOSA SA;U365;30/9/2026;3/5/2026;10149078;20;1;3/5/2026;5/5/2026;C26;4500127086;20;4401;1;YCOLMAN;7/5/2026;31/8/2026;C26;1;31/7/2026;;;;;;;;;;Sin aclaración;En curso - Próximo a vencer;;C26
00365 RIO TINTO;1000087674;30;ZPAN;SUB CONTRATRO SUPERV;;20;;;;CSOSA;1012998;STAND BY POR CAUSAS AJENAS;1;0;1;0;1;;;Servicios;ADJUDICADO;AOSA SA;U365;30/9/2026;3/5/2026;10149078;30;1;3/5/2026;5/5/2026;C26;4500127086;30;4401;1;YCOLMAN;7/5/2026;31/8/2026;C26;0;;;;;;;;;;;Sin aclaración;En curso - Próximo a vencer;;C26
00365 RIO TINTO;1000087674;40;ZPAN;SUB CONTRATRO SUPERV;;20;;;;CSOSA;1012998;ESTADÍA DE TRABAJO ADICIONAL;1;0;1;0;1;;;Servicios;ADJUDICADO;AOSA SA;U365;30/9/2026;3/5/2026;10149078;40;1;3/5/2026;5/5/2026;C26;4500127086;40;4401;1;YCOLMAN;7/5/2026;31/8/2026;C26;0;;;;;;;;;;;Sin aclaración;En curso - Próximo a vencer;;C26
00365 RIO TINTO;1000087674;50;ZPAN;SUB CONTRATRO SUPERV;;20;;;;CSOSA;1012998;EXÁMENES MÉDICOS P/ INGRESO;1;1;1;0;0;5000182695;31/7/2026;Servicios;CUMPLIDO;AOSA SA;U365;30/9/2026;3/5/2026;10149078;50;1;3/5/2026;5/5/2026;C26;4500127086;50;4401;1;YCOLMAN;7/5/2026;31/8/2026;C26;1;31/7/2026;;;;;;;;;;Sin aclaración;En curso - Próximo a vencer;;C26
00365 RIO TINTO;1000087920;10;ZPAN;ALQ IMPRESORAS;;0;;;;AFORTUNA;1026315;ALQUILER IMPRESORA BYN XMES;12;2;12;0;10;5000182706;31/7/2026;Servicios;CUMPLIDO PARCIAL;TECNICA Y SISTEMAS SRL;U365;30/5/2027;7/5/2026;10149479;10;1;7/5/2026;7/5/2026;C25;4500127573;10;4401;1;MPITTIA;13/5/2026;30/5/2027;C25;2;31/7/2026;;;;;;;;;;Sin aclaración;En curso;;C25
00365 RIO TINTO;1000087920;20;ZPAN;ALQ IMPRESORAS;;0;;;;AFORTUNA;1026315;ALQUILER IMPRESORA COLOR A3 XMES;12;2;12;0;10;5000182706;31/7/2026;Servicios;CUMPLIDO PARCIAL;TECNICA Y SISTEMAS SRL;U365;30/5/2027;7/5/2026;10149479;20;1;7/5/2026;7/5/2026;C25;4500127573;20;4401;1;MPITTIA;13/5/2026;30/5/2027;C25;2;31/7/2026;;;;;;;;;;Sin aclaración;En curso;;C25
00365 RIO TINTO;1000087920;30;ZPAN;ALQ IMPRESORAS;;0;;;;AFORTUNA;1026315;ALQUILER IMPRESORA COLOR A3 XMES;12;2;12;0;10;5000182706;31/7/2026;Servicios;CUMPLIDO PARCIAL;TECNICA Y SISTEMAS SRL;U365;30/5/2027;7/5/2026;10149479;30;1;7/5/2026;7/5/2026;C25;4500127573;30;4401;1;MPITTIA;13/5/2026;30/5/2027;C25;2;31/7/2026;;;;;;;;;;Sin aclaración;En curso;;C25
00365 RIO TINTO;1000087920;40;ZPAN;ALQ IMPRESORAS;;0;;;;AFORTUNA;1026181;COPIAS EXCEDENTES COLOR;20000;5565;20000;0;14435;5000185217;20/8/2026;Servicios;CUMPLIDO PARCIAL;TECNICA Y SISTEMAS SRL;U365;30/5/2027;7/5/2026;10149479;40;1;12/5/2026;12/5/2026;C25;4500127573;40;4401;1;MPITTIA;13/5/2026;30/5/2027;C25;2;20/8/2026;;;;;;;;;;Sin aclaración;En curso;;C25
00365 RIO TINTO;1000087920;50;ZPAN;ALQ IMPRESORAS;;0;;;;AFORTUNA;1026181;COPIAS EXCEDENTES BYN;20000;20000;20000;0;0;5000175829;5/6/2026;Servicios;CUMPLIDO;TECNICA Y SISTEMAS SRL;U365;30/5/2027;7/5/2026;10149479;50;1;12/5/2026;12/5/2026;C25;4500127573;50;4401;1;MPITTIA;13/5/2026;30/5/2027;C25;1;5/6/2026;;;;;;;;;;Sin aclaración;En curso - Total recepcionado;;C25
00365 RIO TINTO;1000088077;10;ZPAN;ALQ DISPENSER DE AGU;;0;;;;AFORTUNA;1025992;ALQUILER DISPENSER FRIO CALOR x MES;12;5;12;0;7;5000187484;5/9/2026;Servicios;CUMPLIDO PARCIAL;MELS S.R.L.;U365;30/4/2027;9/5/2026;10149712;10;1;9/5/2026;10/5/2026;C25;4500129162;10;4401;1;MPITTIA;2/6/2026;30/4/2027;C25;7;5/9/2026;;;;;;;;;;Sin aclaración;En curso;;C25
00365 RIO TINTO;1000088098;10;ZPAN;VIANDA BASE;;20;;;;CSOSA;1013121;VIANDA ALMUERZO XUN;600;361;600;0;239;5000185678;24/8/2026;Servicios;CUMPLIDO PARCIAL;ALEJO ROCIO JAZMIN;U365;31/12/2026;10/5/2026;10149730;10;1;10/5/2026;10/5/2026;C25;4500129278;10;4401;1;MPITTIA;3/6/2026;31/12/2026;C25;4;24/8/2026;;;;;;;;;;Sin aclaración;En curso;;C25
00365 RIO TINTO;1000088099;10;ZPAN;SUBCONTRATO FUSION D;;0;;;;CSOSA;1012995;Tubería PE-Xa PN12 (DIN 16892/16893);1171;863,84;1171;0;307,16;5000185223;20/8/2026;Servicios;CUMPLIDO PARCIAL;INGENIERIA MINERA S. A.;U365;30/11/2026;10/5/2026;10149732;10;1;10/5/2026;10/5/2026;C26;4500127757;10;4401;1;AGONZALEZ;14/5/2026;30/11/2026;C26;2;20/8/2026;;;;;;;;;;Sin aclaración;En curso;;C26
00365 RIO TINTO;1000088099;20;ZPAN;SUBCONTRATO FUSION D;;0;;;;CSOSA;1012995;"BRIDA A105 CL150 B16.47A FF PTFE 30""";21;0;21;0;21;;;Servicios;ADJUDICADO;INGENIERIA MINERA S. A.;U365;30/11/2026;10/5/2026;10149732;20;1;10/5/2026;10/5/2026;C26;4500127757;20;4401;1;AGONZALEZ;14/5/2026;30/11/2026;C26;0;;;;;;;;;;;Sin aclaración;En curso;;C26
00365 RIO TINTO;1000088099;30;ZPAN;SUBCONTRATO FUSION D;;0;;;;CSOSA;1012995;Adaptador Brida PE-Xa PN12 Patrón Largo;21;0;21;0;21;;;Servicios;ADJUDICADO;INGENIERIA MINERA S. A.;U365;30/11/2026;10/5/2026;10149732;30;1;10/5/2026;10/5/2026;C26;4500127757;30;4401;1;AGONZALEZ;14/5/2026;30/11/2026;C26;0;;;;;;;;;;;Sin aclaración;En curso;;C26
00365 RIO TINTO;1000088099;40;ZPAN;SUBCONTRATO FUSION D;;0;;;;CSOSA;1012995;Cople EF HDPE PE100 PN16 ISO 4427;174;117;174;0;57;5000185223;20/8/2026;Servicios;CUMPLIDO PARCIAL;INGENIERIA MINERA S. A.;U365;30/11/2026;10/5/2026;10149732;40;1;10/5/2026;10/5/2026;C26;4500127757;40;4401;1;AGONZALEZ;14/5/2026;30/11/2026;C26;2;20/8/2026;;;;;;;;;;Sin aclaración;En curso;;C26
00365 RIO TINTO;1000088099;50;ZPAN;SUBCONTRATO FUSION D;;0;;;;CSOSA;1012995;TEE PE100 ISO4427 PN16 ESPIGA LARGA;5;3;5;0;2;5000185223;20/8/2026;Servicios;CUMPLIDO PARCIAL;INGENIERIA MINERA S. A.;U365;30/11/2026;10/5/2026;10149732;50;1;10/5/2026;10/5/2026;C26;4500127757;50;4401;1;AGONZALEZ;14/5/2026;30/11/2026;C26;1;20/8/2026;;;;;;;;;;Sin aclaración;En curso;;C26
00365 RIO TINTO;1000088099;60;ZPAN;SUBCONTRATO FUSION D;;0;;;;CSOSA;1012995;Brida ciega A105 CL150 B16.47A PTFE FF;21;0;21;0;21;;;Servicios;ADJUDICADO;INGENIERIA MINERA S. A.;U365;30/11/2026;10/5/2026;10149732;60;1;10/5/2026;10/5/2026;C26;4500127757;60;4401;1;AGONZALEZ;14/5/2026;30/11/2026;C26;0;;;;;;;;;;;Sin aclaración;En curso;;C26
00365 RIO TINTO;1000088099;70;ZPAN;SUBCONTRATO FUSION D;;0;;;;CSOSA;1012995;CODO 45 LR PE-XA PN12 FAB 1.5D TANG;17;12;17;0;5;5000185223;20/8/2026;Servicios;CUMPLIDO PARCIAL;INGENIERIA MINERA S. A.;U365;30/11/2026;10/5/2026;10149732;70;1;10/5/2026;10/5/2026;C26;4500127757;70;4401;1;AGONZALEZ;14/5/2026;30/11/2026;C26;2;20/8/2026;;;;;;;;;;Sin aclaración;En curso;;C26
00365 RIO TINTO;1000088099;80;ZPAN;SUBCONTRATO FUSION D;;0;;;;CSOSA;1012995;CODO 90 LR PE-XA PN12 TANG 1.5D FAB;20;10;20;0;10;5000185223;20/8/2026;Servicios;CUMPLIDO PARCIAL;INGENIERIA MINERA S. A.;U365;30/11/2026;10/5/2026;10149732;80;1;10/5/2026;10/5/2026;C26;4500127757;80;4401;1;AGONZALEZ;14/5/2026;30/11/2026;C26;2;20/8/2026;;;;;;;;;;Sin aclaración;En curso;;C26
00365 RIO TINTO;1000088099;90;ZPAN;SUBCONTRATO FUSION D;;0;;;;CSOSA;1012995;PRUEBA HIDRAULICA;10;0;10;0;10;;;Servicios;ADJUDICADO;INGENIERIA MINERA S. A.;U365;30/11/2026;10/5/2026;10149732;90;1;10/5/2026;10/5/2026;C26;4500127757;90;4401;1;AGONZALEZ;14/5/2026;30/11/2026;C26;0;;;;;;;;;;;Sin aclaración;En curso;;C26
00365 RIO TINTO;1000088099;100;ZPAN;SUBCONTRATO FUSION D;;0;;;;CSOSA;1012995;Electrofusora MGSC EF-4000k;1;0,456;1;0;0,544;5000185223;20/8/2026;Servicios;CUMPLIDO PARCIAL;INGENIERIA MINERA S. A.;U365;30/11/2026;10/5/2026;10149732;100;1;10/5/2026;10/5/2026;C26;4500127757;100;4401;1;AGONZALEZ;14/5/2026;30/11/2026;C26;2;20/8/2026;;;;;;;;;;Sin aclaración;En curso;;C26
00365 RIO TINTO;1000088099;110;ZPAN;SUBCONTRATO FUSION D;;0;;;;CSOSA;1012995;Terminales de electrofusora;50;22,84;50;0;27,16;5000187144;3/9/2026;Servicios;CUMPLIDO PARCIAL;INGENIERIA MINERA S. A.;U365;30/11/2026;10/5/2026;10149732;110;1;10/5/2026;10/5/2026;C26;4500127757;110;4401;1;AGONZALEZ;14/5/2026;30/11/2026;C26;4;3/9/2026;;;;;;;;;;Sin aclaración;En curso;;C26
00365 RIO TINTO;1000088099;120;ZPAN;SUBCONTRATO FUSION D;;0;;;;CSOSA;1012995;Redondeador Mecánico GF d630-900;2;0,914;2;0;1,086;5000187144;3/9/2026;Servicios;CUMPLIDO PARCIAL;INGENIERIA MINERA S. A.;U365;30/11/2026;10/5/2026;10149732;120;1;10/5/2026;10/5/2026;C26;4500127757;120;4401;1;AGONZALEZ;14/5/2026;30/11/2026;C26;4;3/9/2026;;;;;;;;;;Sin aclaración;En curso;;C26
00365 RIO TINTO;1000088099;130;ZPAN;SUBCONTRATO FUSION D;;0;;;;CSOSA;1012995;Malacate Manual a Palanca  2 Ganchos;5;68,52;5;0;81,48;5000187144;3/9/2026;Servicios;ADJUDICADO;INGENIERIA MINERA S. A.;U365;30/11/2026;10/5/2026;10149732;130;1;10/5/2026;10/5/2026;C26;4500127757;130;4401;1;AGONZALEZ;14/5/2026;30/11/2026;C26;4;3/9/2026;;;;;;;;;;Sin aclaración;En curso;;C26
00365 RIO TINTO;1000088099;140;ZPAN;SUBCONTRATO FUSION D;;0;;;;CSOSA;1012995;Raspador giratorio GF RST 1000 d250-d100;2;0,914;2;0;1,086;5000187144;3/9/2026;Servicios;CUMPLIDO PARCIAL;INGENIERIA MINERA S. A.;U365;30/11/2026;10/5/2026;10149732;140;1;10/5/2026;10/5/2026;C26;4500127757;140;4401;1;AGONZALEZ;14/5/2026;30/11/2026;C26;4;3/9/2026;;;;;;;;;;Sin aclaración;En curso;;C26
00365 RIO TINTO;1000088099;150;ZPAN;SUBCONTRATO FUSION D;;0;;;;CSOSA;1012995;Raspador manual para tubo hdpe;5;68,52;5;0;81,48;5000187144;3/9/2026;Servicios;ADJUDICADO;INGENIERIA MINERA S. A.;U365;30/11/2026;10/5/2026;10149732;150;1;10/5/2026;10/5/2026;C26;4500127757;150;4401;1;AGONZALEZ;14/5/2026;30/11/2026;C26;4;3/9/2026;;;;;;;;;;Sin aclaración;En curso;;C26
00365 RIO TINTO;1000088099;160;ZPAN;SUBCONTRATO FUSION D;;0;;;;CSOSA;1012995;Biselador de tubos plásticos;5;68,52;5;0;81,48;5000187144;3/9/2026;Servicios;ADJUDICADO;INGENIERIA MINERA S. A.;U365;30/11/2026;10/5/2026;10149732;160;1;10/5/2026;10/5/2026;C26;4500127757;160;4401;1;AGONZALEZ;14/5/2026;30/11/2026;C26;4;3/9/2026;;;;;;;;;;Sin aclaración;En curso;;C26
00365 RIO TINTO;1000088099;170;ZPAN;SUBCONTRATO FUSION D;;0;;;;CSOSA;1012995;Pulverizador 2 Lts Manual;5;68,52;5;0;81,48;5000187144;3/9/2026;Servicios;ADJUDICADO;INGENIERIA MINERA S. A.;U365;30/11/2026;10/5/2026;10149732;170;1;10/5/2026;10/5/2026;C26;4500127757;170;4401;1;AGONZALEZ;14/5/2026;30/11/2026;C26;4;3/9/2026;;;;;;;;;;Sin aclaración;En curso;;C26
00365 RIO TINTO;1000088099;180;ZPAN;SUBCONTRATO FUSION D;;0;;;;CSOSA;1012995;Plan de HyS y MA;1;1;1;0;0;5000181437;22/7/2026;Servicios;CUMPLIDO;INGENIERIA MINERA S. A.;U365;30/11/2026;10/5/2026;10149732;180;1;10/5/2026;10/5/2026;C26;4500127757;180;4401;1;AGONZALEZ;14/5/2026;30/11/2026;C26;1;22/7/2026;;;;;;;;;;Sin aclaración;En curso - Total recepcionado;;C26
00365 RIO TINTO;1000088099;190;ZPAN;SUBCONTRATO FUSION D;;0;;;;CSOSA;1012995;Jefe de obra;1;0,456;1;0;0,544;5000185223;20/8/2026;Servicios;CUMPLIDO PARCIAL;INGENIERIA MINERA S. A.;U365;30/11/2026;10/5/2026;10149732;190;1;10/5/2026;10/5/2026;C26;4500127757;190;4401;1;AGONZALEZ;14/5/2026;30/11/2026;C26;2;20/8/2026;;;;;;;;;;Sin aclaración;En curso;;C26
00365 RIO TINTO;1000088099;200;ZPAN;SUBCONTRATO FUSION D;;0;;;;CSOSA;1012995;Supervisor de Calidad;1;0,456;1;0;0,544;5000185223;20/8/2026;Servicios;CUMPLIDO PARCIAL;INGENIERIA MINERA S. A.;U365;30/11/2026;10/5/2026;10149732;200;1;10/5/2026;10/5/2026;C26;4500127757;200;4401;1;AGONZALEZ;14/5/2026;30/11/2026;C26;2;20/8/2026;;;;;;;;;;Sin aclaración;En curso;;C26
00365 RIO TINTO;1000088099;210;ZPAN;SUBCONTRATO FUSION D;;0;;;;CSOSA;1012995;Capacitación y certificación de personal;10;10;10;0;863990;5000181437;22/7/2026;Servicios;CUMPLIDO;INGENIERIA MINERA S. A.;U365;30/11/2026;10/5/2026;10149732;210;1;10/5/2026;10/5/2026;C26;4500127757;210;4401;1;AGONZALEZ;14/5/2026;30/11/2026;C26;1;22/7/2026;;;;;;;;;;Sin aclaración;En curso;;C26
00365 RIO TINTO;1000088258;10;ZPAN;SS INTERNET STARLINK;;0;;;;AFORTUNA;1034212;SERVICIO DE INTERNET SATELITAL X MES;12;4;12;0;8;5000184137;11/8/2026;Servicios;CUMPLIDO PARCIAL;PRAXSYS SOLUCIONES S.R.L;U365;13/5/2027;13/5/2026;10150033;10;1;13/5/2026;13/5/2026;C25;4500128555;10;4401;1;MPITTIA;26/5/2026;13/5/2027;C25;4;11/8/2026;;;;;;;;;;Sin aclaración;En curso;;C25
00365 RIO TINTO;1000088320;10;ZPAN;POLIZA RC 415988;;0;;;;MGAUDELLI;1012957;SEGURO RESPONSABILIDAD CIVIL;1;1;1;0;0;5000173475;18/5/2026;Servicios;CUMPLIDO;LA MERIDIONAL CIA ARG DE SEGUROS S;U365;15/8/2027;13/5/2026;10150102;10;1;13/5/2026;13/5/2026;C16;4500127774;10;4401;1;JESPARZA;15/5/2026;15/8/2027;C16;1;18/5/2026;;;;;;;;;;Sin aclaración;En curso - Total recepcionado;;C16
00365 RIO TINTO;1000088339;10;ZPAN;CONSTR. POZOS PIEZOM;;0;;;;MGAUDELLI;1042059;SUBC. OBRA POZO PIEZOMETRICO;15;15;15;0;0;5000187501;5/9/2026;Servicios;CUMPLIDO;AGV FALCON DRILLING S.R.L;U365;10/9/2026;14/5/2026;10150127;10;1;14/5/2026;14/5/2026;C26;4500128141;10;4401;1;YCOLMAN;19/5/2026;31/8/2026;C26;1;5/9/2026;;;;;;;;;;Sin aclaración;En curso - Próximo a vencer;;C26
00365 RIO TINTO;1000089009;10;ZPAN;ALQ TERMOF. 800;;2;;;;MGAUDELLI;1050642;ALQUILER TERMOFUSORA 500/800MM;3;2;3;0;1;5000185239;21/8/2026;Servicios;CUMPLIDO PARCIAL;SM INDUSTRIA PLASTICA S. A. S.;U365;5/9/2026;26/5/2026;10150937;10;1;26/5/2026;26/5/2026;C23;4500128605;10;4401;1;JESPARZA;26/5/2026;5/9/2026;C23;2;21/8/2026;;;;;;;;;;Sin aclaración;Vencido con cant pendiente a recep;;C23
00365 RIO TINTO;1000089327;10;ZPAN;ALQUIER  BAÑOS QUIMI;;0;;;;CSOSA;1013136;SERVICIO LIMPIEZA DESAGOTE BANO QUIMICO;1800;925;1800;0;875;5000186734;1/9/2026;Servicios;CUMPLIDO PARCIAL;AREA PABLO;U365;31/12/2026;30/5/2026;10151297;10;1;30/5/2026;31/5/2026;C25;4500131182;10;4401;1;MPITTIA;25/6/2026;31/12/2026;C25;7;1/9/2026;;;;;;;;;;Sin aclaración;En curso;;C25
00365 RIO TINTO;1000089327;20;ZPAN;ALQUIER  BAÑOS QUIMI;;0;;;;CSOSA;1022693;ALQUILER DE MODULO DE BANO X U;150;75;150;0;75;5000186734;1/9/2026;Servicios;CUMPLIDO PARCIAL;AREA PABLO;U365;31/12/2026;30/5/2026;10151297;20;1;30/5/2026;31/5/2026;C25;4500131182;20;4401;1;MPITTIA;25/6/2026;31/12/2026;C25;5;1/9/2026;;;;;;;;;;Sin aclaración;En curso;;C25
00365 RIO TINTO;1000089805;10;ZPAN;OC ABIERTA TTE CARGA;;0;;;;CSOSA;1012979;FLETE PLAYO 6MT XVIAJE;10;5;10;0;5;5000185241;21/8/2026;Servicios;CUMPLIDO PARCIAL;CROSSDOX S. A. S.;U365;20/9/2026;8/6/2026;10151900;10;1;8/6/2026;8/6/2026;C15;4500131117;10;4401;1;GDIAZ;24/6/2026;20/9/2026;C15;7;21/8/2026;;;;;;;;;;Sin aclaración;En curso - Próximo a vencer;;C15
00365 RIO TINTO;1000089940;10;ZPAN;OC RETIRO DE ACEITES;;20;;;;CSOSA;1013095;RECOLECCION DE RESIDUOS PELIGROSOS Y9;1200;1200;1200;0;0;5000185865;26/8/2026;Servicios;CUMPLIDO;LOGISTICA Y SERVICIOS AMBIENTALES S;U365;10/9/2026;9/6/2026;10152107;10;1;9/6/2026;11/6/2026;C24;4500130193;10;4401;1;MPITTIA;16/6/2026;31/7/2026;C24;1;26/8/2026;;;;;;;;;;Sin aclaración;En curso - Próximo a vencer;;C24
00365 RIO TINTO;1000089940;20;ZPAN;OC RETIRO DE ACEITES;;20;;;;CSOSA;1013094;RECOLECCION DE RESIDUOS PELIGROSOS Y8;6600;6600;6600;0;0;5000185865;26/8/2026;Servicios;CUMPLIDO;LOGISTICA Y SERVICIOS AMBIENTALES S;U365;10/9/2026;9/6/2026;10152107;20;1;9/6/2026;11/6/2026;C24;4500130193;20;4401;1;MPITTIA;16/6/2026;31/7/2026;C24;1;26/8/2026;;;;;;;;;;Sin aclaración;En curso - Próximo a vencer;;C24
00365 RIO TINTO;1000089940;30;ZPAN;OC RETIRO DE ACEITES;;20;;;;CSOSA;1036089;FLETE TTE CAMION RES PELIGROSOS SEDE;1;1;1;0;0;5000185865;26/8/2026;Servicios;CUMPLIDO;LOGISTICA Y SERVICIOS AMBIENTALES S;U365;10/9/2026;9/6/2026;10152107;30;1;9/6/2026;11/6/2026;C24;4500130193;30;4401;1;MPITTIA;16/6/2026;31/7/2026;C24;1;26/8/2026;;;;;;;;;;Sin aclaración;En curso - Próximo a vencer;;C24
00365 RIO TINTO;1000090060;10;ZPAN;ALQUILER AUTOELEVADO;;20;;;;MFALERO;1033267;ALQUILER DE AUTOELEVADOR X MES;8;1;8;0;7;5000179384;4/7/2026;Servicios;CUMPLIDO PARCIAL;TSM EQUIPOS S. R. L.;U365;28/2/2027;11/6/2026;10152254;10;1;11/6/2026;11/6/2026;C04;4500130111;10;4401;1;GROSES;12/6/2026;28/2/2027;C04;1;4/7/2026;;;;;;;;;;Sin aclaración;En curso;;C04
00365 RIO TINTO;1000091159;10;ZPAN;OC ABIERTA TTE CARGA;;0;;;;CSOSA;1012979;FLETE PLAYO 6MT XVIAJE;10;10;10;0;0;5000182275;29/7/2026;Servicios;CUMPLIDO;KAFRA MAYORISTA S. A.;U365;20/9/2026;1/7/2026;10153731;10;1;1/7/2026;1/7/2026;C15;4500132261;10;4401;1;GDIAZ;8/7/2026;20/9/2026;C15;1;29/7/2026;;;;;;;;;;Sin aclaración;En curso - Próximo a vencer;;C15
00365 RIO TINTO;1000091289;10;ZPAN;SS CONTROL DE PLAGAS;;0;;;;CSOSA;1013139;SS CONTROL DE PLAGAS XUN;6;3;6;0;3;5000187510;6/9/2026;Servicios;CUMPLIDO PARCIAL;MORON ARANSAY OSCAR ALFREDO;U365;10/12/2026;3/7/2026;10153840;10;1;3/7/2026;3/7/2026;C25;4500132717;10;4401;1;ALOPEZ;15/7/2026;10/12/2026;C25;3;6/9/2026;;;;;;;;;;Sin aclaración;En curso;;C25
00365 RIO TINTO;1000092381;10;ZPAN;RENOV. AUTOELEV BASE;;20;;;;CSOSA;1042558;ALQUILER AUTOELEVADOR X MES;6;2;6;0;4;5000187485;5/9/2026;Servicios;CUMPLIDO PARCIAL;TSM EQUIPOS S. R. L.;U365;31/12/2026;23/7/2026;10155457;10;1;23/7/2026;27/7/2026;EFO;4500134413;10;UT08;1;WVENTURINI;3/8/2026;31/12/2026;EFO;2;5/9/2026;;;;;;;;;;Sin aclaración;En curso;;EFO
00365 RIO TINTO;1000092530;10;ZPAN;EXT ALQ VALLADO;;0;;;;MGAUDELLI;1050061;ALQUILER VALLADO RIGIDO XMES;1;0;1;0;1;;;Servicios;ADJUDICADO;RIBRON SA;U365;15/9/2026;25/7/2026;10155706;10;1;25/7/2026;27/7/2026;C26;4500133850;10;4401;1;YCOLMAN;27/7/2026;15/9/2026;C26;0;;;;;;;;;;;Sin aclaración;En curso - Próximo a vencer;;C26
00365 RIO TINTO;1000092703;10;ZPAN;STARLINK CAMIONETA;;20;;;;CSOSA;1025931;SERVICIO DE INTERNET X MES 50 GB;7;2;7;0;5;5000186735;1/9/2026;Servicios;CUMPLIDO PARCIAL;JAWIT S.A.;U365;1/3/2027;28/7/2026;10155974;10;1;28/7/2026;29/7/2026;C25;4500134673;10;4401;2;MPITTIA;5/8/2026;1/3/2027;C25;2;1/9/2026;;;;;;;;;;Sin aclaración;En curso;;C25
00365 RIO TINTO;1000092703;20;ZPAN;STARLINK CAMIONETA;;20;;;;CSOSA;1013142;ACTIVACION SERV. SATELITAL;1;1;1;0;0;5000183596;7/8/2026;Servicios;CUMPLIDO;JAWIT S.A.;U365;1/3/2027;28/7/2026;10155974;20;1;4/8/2026;4/8/2026;C25;4500134673;20;4401;1;MPITTIA;5/8/2026;1/3/2027;C25;1;7/8/2026;;;;;;;;;;Sin aclaración;En curso - Total recepcionado;;C25
00365 RIO TINTO;1000092787;10;ZPAN;FLETE compactador bo;;0;;;;CSOSA;1012978;FLETE CARRETON XVIAJE;1;0;1;0;1;;;Servicios;ADJUDICADO;LOGINOR S. A.;MR01;10/9/2026;30/7/2026;10156068;10;1;30/7/2026;30/7/2026;C15;4500136357;10;4401;2;GDIAZ;21/8/2026;9/9/2026;C15;0;;;;;;;;;;;Sin aclaración;En curso - Próximo a vencer;;C15
00365 RIO TINTO;1000092834;10;ZPAN;AMPLIACION 4TB INTER;;0;;;;MFALERO;1025931;SERVICIO DE INTERNET X MES 4TB;12;2;12;0;10;5000186731;1/9/2026;Servicios;CUMPLIDO PARCIAL;JAWIT S.A.;U365;31/8/2027;30/7/2026;10156134;10;1;30/7/2026;30/7/2026;C25;4500134811;10;4401;1;MPITTIA;6/8/2026;31/8/2027;C25;1;1/9/2026;;;;;;;;;;Sin aclaración;En curso;;C25
00365 RIO TINTO;1000093005;10;ZPAN;AQLUILER PLUMIN;;0;;;;CSOSA;1033267;ALQUILER PLUMÍN DE HAULOTTE 71004;4;0;4;0;4;;;Servicios;ADJUDICADO;IMG RENTAL SRL;U365;31/12/2026;3/8/2026;10156430;10;1;3/8/2026;3/8/2026;C04;4500134574;10;4401;1;WVENTURINI;4/8/2026;31/12/2026;C04;0;;;;;;;;;;;Sin aclaración;En curso;;C04
00365 RIO TINTO;1000093017;10;ZPAN;ALQUILER MOTOCOMPRES;;20;;;;CSOSA;1033267;ALQ Motocompresor TWT185D-7T;2;0;2;0;2;;;Servicios;ADJUDICADO;AGV MAQUINAS S.R.L.;U365;4/10/2026;4/8/2026;10156440;10;1;4/8/2026;4/8/2026;C35;4500134545;10;4401;1;FSOTO;4/8/2026;4/10/2026;C35;0;;;;;;;;;;;Sin aclaración;En curso - Próximo a vencer;;C35
00365 RIO TINTO;1000093017;20;ZPAN;ALQUILER MOTOCOMPRES;;20;;;;CSOSA;1033267;ALQ Mangera de aire x25 metros;2;0;2;0;2;;;Servicios;ADJUDICADO;AGV MAQUINAS S.R.L.;U365;4/10/2026;4/8/2026;10156440;20;1;4/8/2026;4/8/2026;C35;4500134545;20;4401;1;FSOTO;4/8/2026;4/10/2026;C35;0;;;;;;;;;;;Sin aclaración;En curso - Próximo a vencer;;C35
00365 RIO TINTO;1000093111;10;ZPAN;ALQ.TUBO/RECARGA GAS;;0;;;;MFALERO;1022295;FLETE CAMIONETA X TUBOS ALQUILADOS;6;1,235;6;0;4,765;5000185890;26/8/2026;Servicios;CUMPLIDO PARCIAL;CROSSDOX S. A. S.;U365;31/1/2027;4/8/2026;10156541;10;1;4/8/2026;4/8/2026;C25;4500134740;10;4401;1;MPITTIA;5/8/2026;31/1/2027;C25;2;26/8/2026;;;;;;;;;;Sin aclaración;En curso;;C25
00365 RIO TINTO;1000093111;20;ZPAN;ALQ.TUBO/RECARGA GAS;;0;;;;MFALERO;1035528;RECARGA DE ACETILENO (ALTA PUREZA) X M3;84;6;84;0;78;5000185890;26/8/2026;Servicios;CUMPLIDO PARCIAL;CROSSDOX S. A. S.;U365;31/1/2027;4/8/2026;10156541;20;1;4/8/2026;4/8/2026;C25;4500134740;20;4401;1;MPITTIA;5/8/2026;31/1/2027;C25;1;26/8/2026;;;;;;;;;;Sin aclaración;En curso;;C25
00365 RIO TINTO;1000093111;30;ZPAN;ALQ.TUBO/RECARGA GAS;;0;;;;MFALERO;1035528;RECARGA DE OXIGENO INDUSTRIAL X M3;120;8;120;0;112;5000185890;26/8/2026;Servicios;CUMPLIDO PARCIAL;CROSSDOX S. A. S.;U365;31/1/2027;4/8/2026;10156541;30;1;4/8/2026;4/8/2026;C25;4500134740;30;4401;1;MPITTIA;5/8/2026;31/1/2027;C25;1;26/8/2026;;;;;;;;;;Sin aclaración;En curso;;C25
00365 RIO TINTO;1000093111;40;ZPAN;ALQ.TUBO/RECARGA GAS;;0;;;;MFALERO;1035528;RECARGA DE CO2 X KG;216;0;216;0;216;;;Servicios;ADJUDICADO;CROSSDOX S. A. S.;U365;31/1/2027;4/8/2026;10156541;40;1;4/8/2026;4/8/2026;C25;4500134740;40;4401;1;MPITTIA;5/8/2026;31/1/2027;C25;0;;;;;;;;;;;Sin aclaración;En curso;;C25
00365 RIO TINTO;1000093111;50;ZPAN;ALQ.TUBO/RECARGA GAS;;0;;;;MFALERO;1035528;RECARGA TUBO DE OXIGENO;42;10;42;0;32;5000184007;11/8/2026;Servicios;CUMPLIDO PARCIAL;CROSSDOX S. A. S.;U365;31/1/2027;4/8/2026;10156541;50;1;4/8/2026;4/8/2026;C25;4500134740;50;4401;1;MPITTIA;5/8/2026;31/1/2027;C25;1;11/8/2026;;;;;;;;;;Sin aclaración;En curso;;C25
00365 RIO TINTO;1000093111;60;ZPAN;ALQ.TUBO/RECARGA GAS;;0;;;;MFALERO;1022295;ALQUILER TUBOS DE GASES X UN;24;1;24;0;23;5000184007;11/8/2026;Servicios;CUMPLIDO PARCIAL;CROSSDOX S. A. S.;U365;31/1/2027;4/8/2026;10156541;70;1;4/8/2026;4/8/2026;C25;4500134740;60;4401;1;MPITTIA;5/8/2026;31/1/2027;C25;1;11/8/2026;;;;;;;;;;Sin aclaración;En curso;;C25
00365 RIO TINTO;1000093974;10;ZPAN;CERTIFICACION WORKLI;;0;;;;MGAUDELLI;1016081;JORNADA DE INSPECCION/CAPACITACION;3;0;3;0;3;;;Servicios;ADJUDICADO;WORKLIFT SA;U365;10/9/2026;19/8/2026;10157942;10;1;19/8/2026;19/8/2026;C01;4500136078;10;4401;1;MGAUDELLI;19/8/2026;10/9/2026;C01;0;;;;;;;;;;;Sin aclaración;En curso - Próximo a vencer;;C01
00365 RIO TINTO;1000093974;20;ZPAN;CERTIFICACION WORKLI;;0;;;;MGAUDELLI;1022295;CARNET HABILITANTE DIGITAL;14;0;14;0;14;;;Servicios;ADJUDICADO;WORKLIFT SA;U365;10/9/2026;19/8/2026;10157942;20;1;19/8/2026;19/8/2026;C01;4500136078;20;4401;1;MGAUDELLI;19/8/2026;10/9/2026;C01;0;;;;;;;;;;;Sin aclaración;En curso - Próximo a vencer;;C01
00365 RIO TINTO;1000093974;30;ZPAN;CERTIFICACION WORKLI;;0;;;;MGAUDELLI;1022295;INFORME/CERTIFICADO INSPECCIÓN;6;0;6;0;6;;;Servicios;ADJUDICADO;WORKLIFT SA;U365;10/9/2026;19/8/2026;10157942;30;1;19/8/2026;19/8/2026;C01;4500136078;40;4401;1;MGAUDELLI;19/8/2026;10/9/2026;C01;0;;;;;;;;;;;Sin aclaración;En curso - Próximo a vencer;;C01
00365 RIO TINTO;1000093974;40;ZPAN;CERTIFICACION WORKLI;;0;;;;MGAUDELLI;1022295;TRASLADO IDA Y VUELTA;1;0;1;0;1;;;Servicios;ADJUDICADO;WORKLIFT SA;U365;10/9/2026;19/8/2026;10157942;40;1;19/8/2026;19/8/2026;C01;4500136078;30;4401;1;MGAUDELLI;19/8/2026;10/9/2026;C01;0;;;;;;;;;;;Sin aclaración;En curso - Próximo a vencer;;C01
00365 RIO TINTO;1000094279;10;ZPAN;REG TTE CRUZ DEL SUR;;20;;;;CSOSA;1012981;DESPACHO MAT. DE OBRA - Fact 0557A30603;1;1;1;0;0;5000186046;27/8/2026;Servicios;CUMPLIDO;V.MASSON TRAP.CRUZ DEL SUR SA;U365;8/9/2026;25/8/2026;10158414;10;1;25/8/2026;26/8/2026;C15;4500136753;10;4401;1;GDIAZ;26/8/2026;8/9/2026;C15;1;27/8/2026;;;;;;;;;;Sin aclaración;En curso - Próximo a vencer;;C15
00365 RIO TINTO;1000094289;10;ZPAN;CALIBRACION EQUIPOS;;20;;;;CSOSA;1013021;Certificación de Calibre Digital;1;1;1;0;0;5000186558;31/8/2026;Servicios;CUMPLIDO;MARADONA PRADO ISABEL MARGARIT;U365;8/9/2026;25/8/2026;10158442;30;1;25/8/2026;26/8/2026;C35;4500136786;20;4401;1;FSOTO;26/8/2026;27/8/2026;C35;1;31/8/2026;;;;;;;;;;Sin aclaración;En curso - Próximo a vencer;;C35
00365 RIO TINTO;1000094289;20;ZPAN;CALIBRACION EQUIPOS;;20;;;;CSOSA;1013021;CERTIFICACION Termoanemómetro;1;1;1;0;0;5000186558;31/8/2026;Servicios;CUMPLIDO;MARADONA PRADO ISABEL MARGARIT;U365;8/9/2026;25/8/2026;10158442;20;1;25/8/2026;26/8/2026;C35;4500136786;10;4401;1;FSOTO;26/8/2026;27/8/2026;C35;1;31/8/2026;;;;;;;;;;Sin aclaración;En curso - Próximo a vencer;;C35
00365 RIO TINTO;1000094289;30;ZPAN;CALIBRACION EQUIPOS;;20;;;;CSOSA;1013021;CERTIFICACION Medidor Multifunción;2;2;2;0;0;5000186558;31/8/2026;Servicios;CUMPLIDO;MARADONA PRADO ISABEL MARGARIT;U365;8/9/2026;25/8/2026;10158442;40;1;25/8/2026;26/8/2026;C35;4500136786;30;4401;1;FSOTO;26/8/2026;27/8/2026;C35;1;31/8/2026;;;;;;;;;;Sin aclaración;En curso - Próximo a vencer;;C35
00365 RIO TINTO;1000094310;10;ZPAN;TRATAMIENTO RES PELI;;20;;;;CSOSA;1013096;TRATAMIENTO DE RESIDUOS PELIGROSOS Y48;1080;0;1080;0;1080;;;Servicios;ADJUDICADO;HABITAT ECOLOGICO SA;U365;8/9/2026;25/8/2026;10158476;10;1;25/8/2026;25/8/2026;C01;4500136667;10;4401;1;CSOSA;26/8/2026;8/9/2026;C01;0;;;;;;;;;;;Sin aclaración;En curso - Próximo a vencer;;C01
00365 RIO TINTO;1000094333;10;ZPAN;REG LEITEN;;20;;;;CSOSA;1033267;SERVICIO ALQUILER Bomag 65HE;1;1;1;0;0;5000186545;31/8/2026;Servicios;CUMPLIDO;LEITEN S. A.;U365;8/9/2026;25/8/2026;10158499;10;1;25/8/2026;25/8/2026;C04;4500136793;10;4401;1;FPRUDENTE;26/8/2026;8/9/2026;C04;1;31/8/2026;;;;;;;;;;Sin aclaración;En curso - Próximo a vencer;;C04
00365 RIO TINTO;1000094343;10;ZPAN;REG TTE CRUZ DEL SUR;;20;;;;CSOSA;1012981;DESPACHO MAT. DE OBRA - Fact 0290A293799;1;1;1;0;0;5000186858;2/9/2026;Servicios;CUMPLIDO;V.MASSON TRAP.CRUZ DEL SUR SA;U365;9/9/2026;26/8/2026;10158514;10;1;26/8/2026;26/8/2026;C15;4500137402;10;4401;1;GDIAZ;2/9/2026;9/9/2026;C15;1;2/9/2026;;;;;;;;;;Sin aclaración;En curso - Próximo a vencer;;C15
00365 RIO TINTO;1000094392;10;ZPAN;RECARGA 1 TB;;20;;;;CSOSA;1013142;RECARGA INTERNET X 50GB;20;0;20;0;20;;;Servicios;ADJUDICADO;JAWIT S.A.;U365;9/9/2026;26/8/2026;10158598;10;1;26/8/2026;26/8/2026;C25;4500137545;10;4401;1;MPITTIA;3/9/2026;9/9/2026;C25;0;;;;;;;;;;;Sin aclaración;En curso - Próximo a vencer;;C25
00365 RIO TINTO;1000094416;10;ZPAN;CRIM BALZI;;20;;;;CSOSA;1022295;VIATICOS;28;28;28;0;0;5000187511;6/9/2026;Servicios;CUMPLIDO;SUDAMERICANA CAMIONES SA;U365;10/9/2026;27/8/2026;10158664;10;1;27/8/2026;27/8/2026;C01;4500136939;10;4401;1;CSOSA;28/8/2026;10/9/2026;C01;1;6/9/2026;;;;;;;;;;Sin aclaración;En curso - Próximo a vencer;;C01
00365 RIO TINTO;1000094416;20;ZPAN;CRIM BALZI;;20;;;;CSOSA;1022295;TECNICO EN VIAJE;48;48;48;0;0;5000187511;6/9/2026;Servicios;CUMPLIDO;SUDAMERICANA CAMIONES SA;U365;10/9/2026;27/8/2026;10158664;20;1;27/8/2026;27/8/2026;C01;4500136939;20;4401;1;CSOSA;28/8/2026;10/9/2026;C01;1;6/9/2026;;;;;;;;;;Sin aclaración;En curso - Próximo a vencer;;C01
00365 RIO TINTO;1000094571;10;ZPAN;RECARGA MATAFUEGOS;;20;;;;CSOSA;1013039;RECARGA DE MATAFUEGO 10KG;34;0;34;0;34;;;Servicios;ADJUDICADO;EXTINGNORT S.R.L.;U365;12/9/2026;29/8/2026;10158918;10;1;29/8/2026;31/8/2026;C35;4500137085;10;4401;1;FSOTO;31/8/2026;9/9/2026;C35;0;;;;;;;;;;;Sin aclaración;En curso - Próximo a vencer;;C35
00365 RIO TINTO;1000094571;20;ZPAN;RECARGA MATAFUEGOS;;20;;;;CSOSA;1013042;RECARGA DE MATAFUEGO 5KG;20;0;20;0;20;;;Servicios;ADJUDICADO;EXTINGNORT S.R.L.;U365;12/9/2026;29/8/2026;10158918;20;1;29/8/2026;31/8/2026;C35;4500137085;20;4401;1;FSOTO;31/8/2026;9/9/2026;C35;0;;;;;;;;;;;Sin aclaración;En curso - Próximo a vencer;;C35
00365 RIO TINTO;1000094571;30;ZPAN;RECARGA MATAFUEGOS;;20;;;;CSOSA;1035994;RECARGA DE MATAFUEGOS ABC 1 KG;2;0;2;0;2;;;Servicios;ADJUDICADO;EXTINGNORT S.R.L.;U365;12/9/2026;29/8/2026;10158918;30;1;29/8/2026;31/8/2026;C35;4500137085;30;4401;1;FSOTO;31/8/2026;9/9/2026;C35;0;;;;;;;;;;;Sin aclaración;En curso - Próximo a vencer;;C35
00365 RIO TINTO;1000094571;40;ZPAN;RECARGA MATAFUEGOS;;20;;;;CSOSA;1013043;SUNCHO Y ROTULADO;48;0;48;0;48;;;Servicios;ADJUDICADO;EXTINGNORT S.R.L.;U365;12/9/2026;29/8/2026;10158918;40;1;29/8/2026;31/8/2026;C35;4500137085;40;4401;1;FSOTO;31/8/2026;9/9/2026;C35;0;;;;;;;;;;;Sin aclaración;En curso - Próximo a vencer;;C35
00365 RIO TINTO;1000094571;50;ZPAN;RECARGA MATAFUEGOS;;20;;;;CSOSA;1013043;POLVO MARCA DEM CON IRAM;123;0;123;0;123;;;Servicios;ADJUDICADO;EXTINGNORT S.R.L.;U365;12/9/2026;29/8/2026;10158918;50;1;29/8/2026;31/8/2026;C35;4500137085;50;4401;1;FSOTO;31/8/2026;9/9/2026;C35;0;;;;;;;;;;;Sin aclaración;En curso - Próximo a vencer;;C35
00365 RIO TINTO;1000094571;60;ZPAN;RECARGA MATAFUEGOS;;20;;;;CSOSA;1013043;PRUEBA HIDRAULICA MANUAL A EXTINTOR;21;0;21;0;21;;;Servicios;ADJUDICADO;EXTINGNORT S.R.L.;U365;12/9/2026;29/8/2026;10158918;60;1;29/8/2026;31/8/2026;C35;4500137085;60;4401;1;FSOTO;31/8/2026;9/9/2026;C35;0;;;;;;;;;;;Sin aclaración;En curso - Próximo a vencer;;C35
00365 RIO TINTO;1000094571;70;ZPAN;RECARGA MATAFUEGOS;;20;;;;CSOSA;1013043;MANOMETRO DE PRESION;10;0;10;0;10;;;Servicios;ADJUDICADO;EXTINGNORT S.R.L.;U365;12/9/2026;29/8/2026;10158918;70;1;29/8/2026;31/8/2026;C35;4500137085;70;4401;1;FSOTO;31/8/2026;9/9/2026;C35;0;;;;;;;;;;;Sin aclaración;En curso - Próximo a vencer;;C35
00365 RIO TINTO;1000094571;80;ZPAN;RECARGA MATAFUEGOS;;20;;;;CSOSA;1013043;MANGUERA PQS;13;0;13;0;13;;;Servicios;ADJUDICADO;EXTINGNORT S.R.L.;U365;12/9/2026;29/8/2026;10158918;80;1;29/8/2026;31/8/2026;C35;4500137085;80;4401;1;FSOTO;31/8/2026;9/9/2026;C35;0;;;;;;;;;;;Sin aclaración;En curso - Próximo a vencer;;C35
00365 RIO TINTO;1000094571;90;ZPAN;RECARGA MATAFUEGOS;;20;;;;CSOSA;1013043;VALVULA DE BRONCE PQS;3;0;3;0;3;;;Servicios;ADJUDICADO;EXTINGNORT S.R.L.;U365;12/9/2026;29/8/2026;10158918;90;1;29/8/2026;31/8/2026;C35;4500137085;90;4401;1;FSOTO;31/8/2026;9/9/2026;C35;0;;;;;;;;;;;Sin aclaración;En curso - Próximo a vencer;;C35
00365 RIO TINTO;1000094611;10;ZPAN;REG PRAXSYS;;20;;;;CSOSA;1025940;INSTALACION Y EQUIPAMIENTO;1;0;0;1;0;;;Servicios;SIN TRATAMIENTO;;U365;14/9/2026;31/8/2026;10158966;10;1;31/8/2026;1/9/2026;C25;;0;;0;;;;;0;;;;;;;;;;;Sin aclaración;En curso - Próximo a vencer;;C25
00365 RIO TINTO;1000094611;20;ZPAN;REG PRAXSYS;;20;;;;CSOSA;1025940;SERVICIO DE RASTREO SATELITAL VEHICUL XU;1;0;0;1;0;;;Servicios;SIN TRATAMIENTO;;U365;14/9/2026;31/8/2026;10158966;20;1;31/8/2026;1/9/2026;C25;;0;;0;;;;;0;;;;;;;;;;;Sin aclaración;En curso - Próximo a vencer;;C25
00365 RIO TINTO;1000094794;10;ZPAN;VALLAS RIBRON-FORMAL;;0;;;;MFALERO;1012860;VALLA DE SEGURIDAD DE HIERRO;229;0;229;0;229;;;Materiales genericos;ADJUDICADO;RIBRON SA;U365;16/9/2026;2/9/2026;10159274;10;1;2/9/2026;3/9/2026;C26;4500137620;10;4401;1;YCOLMAN;3/9/2026;16/9/2026;C26;0;;;;;;;;;;;Sin aclaración;En curso - Próximo a vencer;;C26
00365 RIO TINTO;1000094798;10;ZPAN;SERVICIO MENSUAL AGO;;0;;;;MFALERO;1022295;SERVICIO VIDEO TELEMATICA;19;0;0;19;0;;;Servicios;SIN TRATAMIENTO;;U365;17/9/2026;3/9/2026;10159283;10;1;3/9/2026;3/9/2026;C25;;0;;0;;;;;0;;;;;;;;;;;Sin aclaración;En curso - Próximo a vencer;;C25
00365 RIO TINTO;1000094882;10;ZPAN;REP. MANOM/CERT.DETE;;0;;;;MFALERO;1022295;CERTIFICACION/CALIBRACION DETECTOR GASES;1;0;1;0;1;;;Servicios;ADJUDICADO;MARADONA PRADO ISABEL MARGARIT;U365;18/9/2026;4/9/2026;10159386;10;1;4/9/2026;4/9/2026;C35;4500137752;10;4401;1;FSOTO;4/9/2026;11/9/2026;C35;0;;;;;;;;;;;Sin aclaración;En curso - Próximo a vencer;;C35
00365 RIO TINTO;1000094882;20;ZPAN;REP. MANOM/CERT.DETE;;0;;;;MFALERO;1022295;REPARACION DE MANOMETRO DIGITAL KELLER;1;0;1;0;1;;;Servicios;ADJUDICADO;MARADONA PRADO ISABEL MARGARIT;U365;18/9/2026;4/9/2026;10159386;20;1;4/9/2026;4/9/2026;C35;4500137752;20;4401;1;FSOTO;4/9/2026;11/9/2026;C35;0;;;;;;;;;;;Sin aclaración;En curso - Próximo a vencer;;C35
00365 RIO TINTO;1000094928;10;ZPAN;REGUL. STAND BY FALC;;0;;;;MFALERO;1042059;STAND BY CLIMA X HS;69,5;0;0;70;0;;;Servicios;SIN TRATAMIENTO;;U365;18/9/2026;4/9/2026;10159477;10;1;4/9/2026;5/9/2026;C26;;0;;0;;;;;0;;;;;;;;;;;Sin aclaración;En curso - Próximo a vencer;;C26
00368-YPF Acueducto TBH;1000061531;40;ZPAN;RECARGA DE MATAFUEGO;;0;;;;MSILVA;1013043;PRUEBA HIDRAULICA EXT. MANUAL hasta10Kgs;1;2;1;0;-1;5000124020;6/2/2025;Servicios;CUMPLIDO;PUENINCA S.A.;MR01;5/2/2025;4/2/2025;10114940;40;1;4/2/2025;5/2/2025;C07;4500092929;40;0368;1;MSILVA;5/2/2025;5/2/2025;C07;2;6/2/2025;;;;;;;;;;Sin aclaración;Vencido con cant pendiente a recep;;C07
00368-YPF Acueducto TBH;1000070076;10;ZPAN;CERT 03 ALQUILER BOM;;0;;;;FALFARO;1033267;SERVICIO ALQUILER EQUIPOS;15;0,5;15;0;14,5;5000140444;1/8/2025;Servicios;CUMPLIDO;XYLEM WATER SOLUTIONS ARGENTINA S.R;MR01;31/7/2025;11/7/2025;10125904;10;1;11/7/2025;11/7/2025;C04;4500103787;10;0368;1;WVENTURINI;16/7/2025;31/10/2025;C04;1;1/8/2025;;;;;;;;;;Sin aclaración;Vencido con cant pendiente a recep;;C04
00368-YPF Acueducto TBH;1000092603;10;ZPAN;CERT 03 RED MEL FORM;;0;;;;FALFARO;1027345;FORMALIZAR RED MEL FACT 1278;1;0;1;0;1;;;Servicios;ADJUDICADO;RED DE MEDICINA LABORAL S. A.;MR01;14/8/2026;27/7/2026;10155815;10;1;27/7/2026;28/7/2026;C25;4500134424;10;0368;1;MPITTIA;3/8/2026;14/8/2026;C25;0;;;;;;;;;;;Sin aclaración;Vencido con cant pendiente a recep;;C25
00368-YPF Acueducto TBH;1000094021;10;ZPAN;P.2 ALQUILER PLUMIN;;0;;;;FALFARO;1033267;ALQ. MENSUAL PLUMIN HAULOTTE MAYO 2026;1;1;1;0;0;5000185268;21/8/2026;Servicios;CUMPLIDO;IMG RENTAL SRL;MR01;9/9/2026;20/8/2026;10158029;10;1;20/8/2026;20/8/2026;EFO;4500136295;10;0368;1;FPRUDENTE;21/8/2026;9/9/2026;EFO;1;21/8/2026;;;;;;;;;;Sin aclaración;En curso - Próximo a vencer;;EFO
00369-YPF OLEODUCTO PR-LP PK-451;1000055716;10;ZPAN;ZPI 4000004584 atenc;;0;;4;14/11/2025;JBURON;1012846;servicio de atencion primaria x mes;10;9,5;9,5;0;0,5;5000140745;4/8/2025;Materiales genericos;RESPONDIDO;COOP. DE TRAB. SUM LAS FLORES LTDA.;MR01;4/11/2025;14/10/2024;10107629;10;1;14/10/2024;14/10/2024;C25;4500085889;10;0369;1;MPITTIA;16/10/2024;30/9/2025;C25;14;4/8/2025;;;;;;;;;;Sin aclaración;Vencido con cant pendiente a recep;;C25
00369-YPF OLEODUCTO PR-LP PK-451;1000056901;10;ZPAN;SERV VISTA DE OBRA;;2;;3;22/9/2025;JPIEDRABUENA;1012851;VISITA DE OBRA;4;1;1;3;3;5000118080;28/11/2024;Materiales genericos;CUMPLIDO;KUHN MATIAS DANIEL;MR01;30/8/2025;5/11/2024;10109125;10;1;5/11/2024;5/11/2024;C26;4500087308;10;0369;1;AGONZALEZ;6/11/2024;30/8/2025;C26;5;27/11/2024;;;;;;;;;;Sin aclaración;Vencido con cant pendiente a recep;;C26
00369-YPF OLEODUCTO PR-LP PK-451;1000062453;10;ZPAN;PM RASTREO SATELITAL;;2;;4;7/7/2026;JPIEDRABUENA;1025940;Comodato, instalación y llaves PIN;13;0;0;13;13;;;Servicios;RESPONDIDO;;MR01;11/3/2026;19/2/2025;10116060;10;1;19/2/2025;19/2/2025;C25;;0;;1;;;;;2;;;;;;;;;;;Sin aclaración;Vencido con cant pendiente a recep;;C25
00369-YPF OLEODUCTO PR-LP PK-451;1000062453;20;ZPAN;PM RASTREO SATELITAL;;2;;4;7/7/2026;JPIEDRABUENA;1025940;SERVICIO DE RASTREO SATELITAL VEHICUL XU;13;0;0;13;13;;;Servicios;RESPONDIDO;;MR01;11/3/2026;19/2/2025;10116060;20;1;19/2/2025;19/2/2025;C25;;0;;1;;;;;2;;;;;;;;;;;Sin aclaración;Vencido con cant pendiente a recep;;C25
00369-YPF OLEODUCTO PR-LP PK-451;1000068186;10;ZPAN;ZPI 4000005405 RESID;;0;;4;12/11/2025;JBURON;1013094;RECOLECCION DE RESIDUOS PELIGROSOS Y8;1600;0;0;1600;1600;;;Servicios;RESPONDIDO;;MR01;26/6/2025;5/6/2025;10123267;10;1;5/6/2025;5/6/2025;C24;;0;;1;;;;;2;;;;;;;;;;;Sin aclaración;Vencido con cant pendiente a recep;;C24
00369-YPF OLEODUCTO PR-LP PK-451;1000073822;10;ZPAN;EXTENCION OC 4500093;;0;;4;18/2/2026;JPIEDRABUENA;1025931;SERVICIO DE INTERNET X MES;1;0;0;1;1;;;Servicios;RESPONDIDO;;MR01;1/10/2025;11/9/2025;10130841;10;1;11/9/2025;11/9/2025;C25;;0;;1;;;;;0;;;;;;;;;;;Sin aclaración;Vencido con cant pendiente a recep;;C25
00369-YPF OLEODUCTO PR-LP PK-451;1000075312;10;ZPAN;P.90.554_END.7;;0;;1;21/7/2026;SANSALDI;1022028;P.EJEC_90.554_7;1;0;0;1;1;;;Servicios;INCOMPLETO;;MR01;29/1/2026;6/10/2025;10132647;10;1;6/10/2025;6/10/2025;C16;;0;;1;;;;;2;;;;;;;;;;;Sin aclaración;Vencido con cant pendiente a recep;;C16
00369-YPF OLEODUCTO PR-LP PK-451;1000078327;10;ZPAN;SANEAMIENTO 369;;2;;;;JPIEDRABUENA;1033855;SERVICIO ALQ EQUIPO C/CHOFER X UN;1;0;1;0;1;;;Servicios;ADJUDICADO;SUCESION DE LASCOMBES PEDRO ENRIQUE;MR01;15/12/2025;24/11/2025;10136642;10;1;24/11/2025;26/11/2025;C26;4500114058;10;0369;1;AGONZALEZ;27/11/2025;1/1/2027;C26;0;;;;;;;;;;;Sin aclaración;Vencido con cant pendiente a recep;;C26
00372 UTE 372 GEO POSCO II;1000070299;10;ZPAN;03 - SUP TOPOGRAFIA;;0;;;;MMOHR;1027430;SERVICIO DE TOPOGRAFIA x MES;3;3;3;0;0;5000151078;3/11/2025;Servicios;CUMPLIDO;ARQ&TOP S. R. L.;U003;15/11/2026;15/7/2025;10126175;10;1;15/7/2025;7/8/2025;C26;4500104167;10;4403;1;AGONZALEZ;21/7/2025;15/11/2026;C26;8;3/11/2025;;;;;;;;;;03 Cert Mensual;En curso - Total recepcionado;;C26
00372 UTE 372 GEO POSCO II;1000070398;10;ZPAN;03- SERV. INTERNET 1;;20;;;;GLUNA;1025931;SERVICIO DE INTERNET 1 TB   X MES;14;14;14;0;0;5000187013;3/9/2026;Servicios;CUMPLIDO;JAWIT S.A.;U003;23/9/2026;16/7/2025;10126281;10;1;16/7/2025;17/7/2025;C25;4500104423;10;4403;1;MPITTIA;24/7/2025;23/9/2026;C25;14;3/9/2026;;;;;;;;;;03 Cert Mensual;En curso - Próximo a vencer;Verde;C25
00372 UTE 372 GEO POSCO II;1000071014;20;ZPAN;03 - LICENCIADO MED;;0;;;;NGONCALVEZ;1022295;GESTION INSCRIPCION PELIGROS SALTA;1;1;1;0;0;5000144072;2/9/2025;Servicios;CUMPLIDO;DELGADO JORGE ESTEBAN;U003;11/9/2026;28/7/2025;10127049;20;1;7/8/2025;7/8/2025;C25;4500106249;20;4403;1;MPITTIA;18/8/2025;11/9/2026;C25;1;2/9/2025;;;;;;;;;;03 Cert Mensual;En curso - Próximo a vencer;Rojo;C25
00372 UTE 372 GEO POSCO II;1000071014;30;ZPAN;03 - LICENCIADO MED;;0;;;;NGONCALVEZ;1022295;GESTION INSCRIPCION PELIGROS CATAMARCA;1;1;1;0;0;5000144072;2/9/2025;Servicios;CUMPLIDO;DELGADO JORGE ESTEBAN;U003;11/9/2026;28/7/2025;10127049;30;1;7/8/2025;7/8/2025;C25;4500106249;30;4403;1;MPITTIA;18/8/2025;11/9/2026;C25;1;2/9/2025;;;;;;;;;;03 Cert Mensual;En curso - Próximo a vencer;Rojo;C25
00372 UTE 372 GEO POSCO II;1000071014;40;ZPAN;03 - LICENCIADO MED;;0;;;;NGONCALVEZ;1022295;PLAN GESTION AMBIENTA Y MATRIZ RIESGOS;1;1;1;0;0;5000144072;2/9/2025;Servicios;CUMPLIDO;DELGADO JORGE ESTEBAN;U003;11/9/2026;28/7/2025;10127049;40;1;7/8/2025;7/8/2025;C25;4500106249;40;4403;1;MPITTIA;18/8/2025;11/9/2026;C25;1;2/9/2025;;;;;;;;;;03 Cert Mensual;En curso - Próximo a vencer;Rojo;C25
00372 UTE 372 GEO POSCO II;1000071477;10;ZPAN;01- VIANDA/ALMUERZO;;0;;;;MMOHR;1013116;VIANDA ALMUERZO PUESTA EN OBRA XUN;201;207;201;0;-6;5000172116;7/5/2026;Servicios;CUMPLIDO;CARLINO RAMIRO ANDRES;U003;22/7/2026;4/8/2025;10127621;10;1;4/8/2025;26/5/2026;C25;4500105810;10;4403;1;MPITTIA;12/8/2025;30/4/2026;C25;21;7/5/2026;;;;;;;;;;01 Cert Semanal;Vencido con cant pendiente a recep;;C25
00372 UTE 372 GEO POSCO II;1000072705;10;ZPAN;01 - RETIRO SOBRANTE;;0;;;;GLUNA;1022295;RETIRO MATERIAL SOBRANTE GEO;14;14;14;0;0;5000180210;12/7/2026;Servicios;RECEPCIONADO;PETIT PLAST SOCIEDAD ANONIMA;U003;30/10/2026;25/8/2025;10129303;10;1;25/8/2025;25/8/2025;C25;4500108829;10;4403;2;MPITTIA;18/9/2025;30/10/2026;C25;1;12/7/2026;;;;;;;;;;01 Cert Semanal;En curso - Total recepcionado;;C25
00372 UTE 372 GEO POSCO II;1000073534;30;ZPAN;03 - TRANS PERS SALT;;0;;;;NGONCALVEZ;1013113;SNACK DE VIAJE;500;530;500;0;-30;5000169056;14/4/2026;Servicios;CUMPLIDO;TRANSPORTE TMS S. A. S.;U003;21/4/2026;7/9/2025;10130405;30;1;7/9/2025;29/9/2025;C25;4500108022;30;4403;1;MPITTIA;8/9/2025;30/4/2026;C25;5;14/4/2026;;;;;;;;;;03 Cert Mensual;Vencido con cant pendiente a recep;;C25
00372 UTE 372 GEO POSCO II;1000073534;40;ZPAN;03 - TRANS PERS SALT;;0;;;;NGONCALVEZ;1013113;SERV TRANSPORTE PERSONAL COLECTIVO;24;26;24;0;-2;5000169054;14/4/2026;Servicios;CUMPLIDO;TRANSPORTE TMS S. A. S.;U003;21/12/2026;7/9/2025;10130405;40;1;7/9/2025;29/9/2025;C25;4500108022;40;4403;1;MPITTIA;8/9/2025;30/4/2026;C25;8;14/4/2026;;;;;;;;;;03 Cert Mensual;En curso;Rojo;C25
00372 UTE 372 GEO POSCO II;1000073536;10;ZPAN;03 - TRANS PERS CATA;;0;;;;NGONCALVEZ;1013113;SERV TTE PERSONAL COMBI CATAMARCA;24;3;24;0;21;5000147840;3/10/2025;Servicios;RECEPCIONADO PARCIAL;PRODUCTOS SERVICIOS Y DISTRIBUCIONE;U003;30/7/2026;7/9/2025;10130407;10;1;7/9/2025;29/9/2025;C25;4500108017;10;4403;1;MPITTIA;8/9/2025;30/11/2026;C25;1;3/10/2025;;;;;;;;;;03 Cert Mensual;Vencido con cant pendiente a recep;;C25
00372 UTE 372 GEO POSCO II;1000073536;20;ZPAN;03 - TRANS PERS CATA;;0;;;;NGONCALVEZ;1013113;SERV DE ESCOLTA CATAMARCA;24;5;24;0;19;5000151066;3/11/2025;Servicios;RECEPCIONADO PARCIAL;PRODUCTOS SERVICIOS Y DISTRIBUCIONE;U003;30/7/2026;7/9/2025;10130407;20;1;7/9/2025;29/9/2025;C25;4500108017;20;4403;1;MPITTIA;8/9/2025;30/11/2026;C25;6;3/11/2025;;;;;;;;;;03 Cert Mensual;Vencido con cant pendiente a recep;;C25
00372 UTE 372 GEO POSCO II;1000073536;40;ZPAN;03 - TRANS PERS CATA;;0;;;;NGONCALVEZ;1013113;SERV TTE PERSONAL COLECTIVO CATAMARCA;24;2;24;0;22;5000151066;3/11/2025;Servicios;RECEPCIONADO PARCIAL;PRODUCTOS SERVICIOS Y DISTRIBUCIONE;U003;30/7/2026;7/9/2025;10130407;40;1;7/9/2025;29/9/2025;C25;4500108017;40;4403;1;MPITTIA;8/9/2025;30/11/2026;C25;6;3/11/2025;;;;;;;;;;03 Cert Mensual;Vencido con cant pendiente a recep;;C25
00372 UTE 372 GEO POSCO II;1000073536;60;ZPAN;03 - TRANS PERS CATA;;0;;;;NGONCALVEZ;1013113;SERV DE ESCOLTA BELEN-POSCO;24;27;24;0;-3;5000175711;4/6/2026;Servicios;CUMPLIDO;PRODUCTOS SERVICIOS Y DISTRIBUCIONE;U003;30/7/2026;7/9/2025;10130407;60;1;4/10/2025;6/10/2025;C25;4500111897;10;4403;1;MPITTIA;29/10/2025;30/10/2026;C25;15;4/6/2026;;;;;;;;;;03 Cert Mensual;Vencido con cant pendiente a recep;;C25
00372 UTE 372 GEO POSCO II;1000073536;70;ZPAN;03 - TRANS PERS CATA;;0;;;;NGONCALVEZ;1013113;TRANSP PERSONAL BELEN-POSCO COMBI;24;1;24;0;23;5000151431;5/11/2025;Servicios;RECEPCIONADO PARCIAL;PRODUCTOS SERVICIOS Y DISTRIBUCIONE;U003;30/7/2026;7/9/2025;10130407;70;1;4/10/2025;6/10/2025;C25;4500111897;20;4403;1;MPITTIA;29/10/2025;30/10/2026;C25;7;5/11/2025;;;;;;;;;;03 Cert Mensual;Vencido con cant pendiente a recep;;C25
00372 UTE 372 GEO POSCO II;1000074691;10;ZPAN;01-PREOCUPACIONALES;;0;;;;NGONCALVEZ;1013130;EXAMEN PREOCUPACIONAL BASICO XUN;50;0;50;0;50;;;Servicios;ADJUDICADO;MED LAB SALTA S.R.L.;U003;30/9/2026;25/9/2025;10131864;10;1;25/9/2025;26/9/2025;C25;4500109516;10;4403;1;MPITTIA;26/9/2025;30/9/2026;C25;0;;;;;;;;;;;01 Cert Semanal;En curso - Próximo a vencer;;C25
00372 UTE 372 GEO POSCO II;1000074829;10;ZPAN;03 - ATENCION PRIMAR;;0;;;;NGONCALVEZ;1022295;SERVICIO DE AUSENTISMO Y ATENCION PRIMAR;1800;1566;1800;0;234;5000187397;4/9/2026;Servicios;RECEPCIONADO PARCIAL;LABTEC S. R. L.;U003;13/10/2026;29/9/2025;10132042;10;1;29/9/2025;29/9/2025;C25;4500109709;10;4403;1;MPITTIA;30/9/2025;13/10/2026;C25;12;4/9/2026;;;;;;;;;;03 Cert Mensual;En curso - Próximo a vencer;Verde;C25
00372 UTE 372 GEO POSCO II;1000077060;20;ZPAN;03 - ALQUILER BAÑOS;;0;;;;NGONCALVEZ;1013136;SERVICIO LIMPIEZA DESAGOTE BANO QUIMICO;88;82;88;0;6;5000187468;5/9/2026;Servicios;RECEPCIONADO PARCIAL;JUVEGUMER S. A. S.;U003;30/7/2026;3/11/2025;10135042;20;1;3/11/2025;3/11/2025;C25;4500113294;20;4403;2;MPITTIA;17/11/2025;30/9/2026;C25;26;5/9/2026;;;;;;;;;;03 Cert Mensual;Vencido con cant pendiente a recep;;C25
00372 UTE 372 GEO POSCO II;1000077426;10;ZPAN;04 - AGUA BIDON 20 l;;0;;;;NGONCALVEZ;1010725;BIDON DE AGUA 20 L.;200;71;200;0;129;5000182384;29/7/2026;Materiales usuales;RECEPCIONADO PARCIAL;ZAMBRANA SAMUEL;U003;30/10/2026;10/11/2025;10135540;10;1;10/11/2025;10/11/2025;C25;4500113920;10;4403;1;MPITTIA;26/11/2025;30/10/2026;C25;7;29/7/2026;;;;;;;;;;04 Cert a Demanda;En curso;;C25
00372 UTE 372 GEO POSCO II;1000078132;10;ZPAN;01- SERV DE PAQUETER;;0;;;;GLUNA;1012981;PAQ  ANDREANI SJ-SLA;5000000;0;5000000;0;5000000;;;Servicios;ADJUDICADO;ANDREANI LOGISTICA SA;U003;30/9/2026;20/11/2025;10136408;10;1;20/11/2025;21/11/2025;C15;4500114165;10;4403;1;GDIAZ;28/11/2025;30/9/2026;C15;0;;;;;;;;;;;01 Cert Semanal;En curso - Próximo a vencer;;C15
00372 UTE 372 GEO POSCO II;1000078132;20;ZPAN;01- SERV DE PAQUETER;;0;;;;GLUNA;1012981;PAQ  ANDREANI ROS-SLA;5000000;0;5000000;0;5000000;;;Servicios;ADJUDICADO;ANDREANI LOGISTICA SA;U003;30/9/2026;20/11/2025;10136408;20;1;20/11/2025;21/11/2025;C15;4500114165;20;4403;1;GDIAZ;28/11/2025;30/9/2026;C15;0;;;;;;;;;;;01 Cert Semanal;En curso - Próximo a vencer;;C15
00372 UTE 372 GEO POSCO II;1000078132;30;ZPAN;01- SERV DE PAQUETER;;0;;;;GLUNA;1012981;PAQ  CRUZ DEL SUR  SJ-SLA;5000000;884761,49;5000000;0;4115238,51;5000187281;4/9/2026;Servicios;RECEPCIONADO PARCIAL;V.MASSON TRAP.CRUZ DEL SUR SA;U003;30/9/2026;20/11/2025;10136408;30;1;20/11/2025;21/11/2025;C15;4500114168;30;4403;1;GDIAZ;28/11/2025;30/9/2026;C15;5;4/9/2026;;;;;;;;;;01 Cert Semanal;En curso - Próximo a vencer;Verde;C15
00372 UTE 372 GEO POSCO II;1000078132;40;ZPAN;01- SERV DE PAQUETER;;0;;;;GLUNA;1012981;PAQ  CRUZ DEL SUR  ROS-SLA;5000000;4664621,55;5000000;0;335378,45;5000187274;4/9/2026;Servicios;RECEPCIONADO PARCIAL;V.MASSON TRAP.CRUZ DEL SUR SA;U003;30/9/2026;20/11/2025;10136408;40;1;20/11/2025;21/11/2025;C15;4500114168;40;4403;1;GDIAZ;28/11/2025;30/9/2026;C15;22;4/9/2026;;;;;;;;;;01 Cert Semanal;En curso - Próximo a vencer;Verde;C15
00372 UTE 372 GEO POSCO II;1000079643;10;ZPAN;04-RETIRO DE RESIDUO;;0;;;;GLUNA;1022295;TRATAMIENTO Y48 M3;10;0;10;0;10;;;Servicios;ADJUDICADO;BARRIOS FROILAN;U003;29/9/2026;15/12/2025;10138350;10;1;15/12/2025;26/1/2026;C25;4500118600;10;4403;1;MPITTIA;28/1/2026;29/9/2026;C25;0;;;;;;;;;;;04 Cert a Demanda;En curso - Próximo a vencer;;C25
00372 UTE 372 GEO POSCO II;1000079643;20;ZPAN;04-RETIRO DE RESIDUO;;0;;;;GLUNA;1022295;TRATAMIENTO Y8 LTS;4000;0;4000;0;4000;;;Servicios;ADJUDICADO;BARRIOS FROILAN;U003;29/9/2026;15/12/2025;10138350;20;1;15/12/2025;26/1/2026;C25;4500118600;20;4403;1;MPITTIA;28/1/2026;29/9/2026;C25;0;;;;;;;;;;;04 Cert a Demanda;En curso - Próximo a vencer;;C25
00372 UTE 372 GEO POSCO II;1000079643;30;ZPAN;04-RETIRO DE RESIDUO;;0;;;;GLUNA;1022295;TRATAMIENTO Y9 LTS;1000;0;1000;0;1000;;;Servicios;ADJUDICADO;BARRIOS FROILAN;U003;29/9/2026;15/12/2025;10138350;30;1;15/12/2025;26/1/2026;C25;4500118600;30;4403;1;MPITTIA;28/1/2026;29/9/2026;C25;0;;;;;;;;;;;04 Cert a Demanda;En curso - Próximo a vencer;;C25
00372 UTE 372 GEO POSCO II;1000079643;60;ZPAN;04-RETIRO DE RESIDUO;;0;;;;GLUNA;1022295;FLETE;9;2;9;0;7;5000174380;26/5/2026;Servicios;RECEPCIONADO PARCIAL;BARRIOS FROILAN;U003;29/9/2026;15/12/2025;10138350;60;1;15/12/2025;26/1/2026;C25;4500117845;60;4403;1;MPITTIA;19/1/2026;29/9/2026;C25;7;26/5/2026;;;;;;;;;;04 Cert a Demanda;En curso - Próximo a vencer;;C25
00372 UTE 372 GEO POSCO II;1000080331;10;ZPAN;03- SNACK SUBIDA 5;;0;;;;MMOHR;1026044;SNACK DE VIAJE;1000;1516;1000;0;-516;5000175716;4/6/2026;Servicios;CUMPLIDO;TRANSPORTE TMS S. A. S.;U003;23/5/2026;2/1/2026;10139472;20;1;6/1/2026;6/1/2026;C24;4500116880;10;4403;1;MPITTIA;8/1/2026;15/6/2026;C24;7;4/6/2026;;;;;;;;;;03 Cert Mensual;Vencido con cant pendiente a recep;;C24
00372 UTE 372 GEO POSCO II;1000081668;10;ZPAN;02 - EXT TRANSP PERS;;0;;;;NGONCALVEZ;1026128;REMIS EL EJE - TERM SANTA MARIA;15;12;15;0;3;5000179326;3/7/2026;Servicios;RECEPCIONADO PARCIAL;FLORES OSCAR ARIEL;U003;30/7/2026;23/1/2026;10141286;10;1;23/1/2026;26/1/2026;C25;4500118789;10;4403;1;MPITTIA;29/1/2026;30/9/2026;C25;4;3/7/2026;;;;;;;;;;02 Cert Quincenal;Vencido con cant pendiente a recep;;C25
00372 UTE 372 GEO POSCO II;1000081668;20;ZPAN;02 - EXT TRANSP PERS;;0;;;;NGONCALVEZ;1026128;REMIS TERM SANTA MARIA - EL EJE;15;7;15;0;8;5000174260;24/5/2026;Servicios;RECEPCIONADO PARCIAL;FLORES OSCAR ARIEL;U003;30/7/2026;23/1/2026;10141286;20;1;23/1/2026;26/1/2026;C25;4500118789;20;4403;1;MPITTIA;29/1/2026;30/9/2026;C25;3;24/5/2026;;;;;;;;;;02 Cert Quincenal;Vencido con cant pendiente a recep;;C25
00372 UTE 372 GEO POSCO II;1000082855;10;ZPAN;01- SERV DE PAQUETER;;1;;;;GLUNA;1012981;PAQ  LA SEVILLANITA  ROS-SLA;5000000;2189829,25;5000000;0;2810170,75;5000187249;4/9/2026;Servicios;RECEPCIONADO PARCIAL;TRANSPORTES LA SEVILLANITA SRL;U003;26/10/2026;12/2/2026;10142818;10;1;12/2/2026;12/2/2026;C15;4500120184;10;4403;1;GDIAZ;18/2/2026;26/10/2026;C15;6;4/9/2026;;;;;;;;;;01 Cert Semanal;En curso;Verde;C15
00372 UTE 372 GEO POSCO II;1000083039;10;ZPAN;02 - SERVICIO REMIS;;0;;;;MMOHR;1026128;REMIS TERM BELEN- TERM SANTA MARIA;12;10;12;0;2;5000176902;14/6/2026;Servicios;RECEPCIONADO PARCIAL;FLORES OSCAR ARIEL;U003;30/7/2026;15/2/2026;10143039;10;1;15/2/2026;18/2/2026;C24;4500120477;10;4403;1;MPITTIA;20/2/2026;30/9/2026;C24;3;14/6/2026;;;;;;;;;;02 Cert Quincenal;Vencido con cant pendiente a recep;;C24
00372 UTE 372 GEO POSCO II;1000083914;10;ZPAN;03 - TRANS PERSONAL;;0;;;;NGONCALVEZ;1013113;SNACK DE VIAJE - CATAMARCA;500;686;500;0;-186;5000182984;4/8/2026;Servicios;CUMPLIDO;PRODUCTOS SERVICIOS Y DISTRIBUCIONE;U003;31/7/2026;2/3/2026;10144215;10;1;2/3/2026;2/3/2026;C25;4500123262;10;4403;1;MPITTIA;25/3/2026;30/7/2026;C25;9;4/8/2026;;;;;;;;;;03 Cert Mensual;Vencido con cant pendiente a recep;;C25
00372 UTE 372 GEO POSCO II;1000083915;10;ZPAN;03 - TRANS PERSONAL;;0;;;;NGONCALVEZ;1013113;SERV DE ESCOLTA SALTA-POSCO;20;27;20;0;-7;5000182868;3/8/2026;Servicios;CUMPLIDO;TRANSPORTE TMS S. A. S.;U003;30/8/2026;2/3/2026;10144217;10;1;2/3/2026;2/3/2026;C25;4500124118;10;4403;1;MPITTIA;6/4/2026;30/8/2026;C25;11;3/8/2026;;;;;;;;;;03 Cert Mensual;Vencido con cant pendiente a recep;;C25
00372 UTE 372 GEO POSCO II;1000083915;20;ZPAN;03 - TRANS PERSONAL;;0;;;;NGONCALVEZ;1013113;SERV COLECTIVO SALTA-POSCO;20;25;20;0;-5;5000179319;3/7/2026;Servicios;CUMPLIDO;TRANSPORTE TMS S. A. S.;U003;30/8/2026;2/3/2026;10144217;20;1;2/3/2026;2/3/2026;C25;4500124118;20;4403;1;MPITTIA;6/4/2026;30/8/2026;C25;10;3/7/2026;;;;;;;;;;03 Cert Mensual;Vencido con cant pendiente a recep;;C25
00372 UTE 372 GEO POSCO II;1000087672;10;ZPAN;03 LICENCIADO MED;;0;;;;MMOHR;1022295;SERVICIO LIC  MEDIO AMBIENTE X MES;6;4;6;0;2;5000187406;4/9/2026;Servicios;RECEPCIONADO PARCIAL;SORAIRE GUILLERMO FEDERICO;U003;3/11/2026;3/5/2026;10149075;10;1;3/5/2026;4/5/2026;C25;4500127673;10;4403;1;MPITTIA;14/5/2026;3/11/2026;C25;4;4/9/2026;;;;;;;;;;03 Cert Mensual;En curso;Verde;C25
00372 UTE 372 GEO POSCO II;1000088336;10;ZPAN;03 - TRANS PERSONAL;;0;;;;NGONCALVEZ;1013113;SNACK DE VIAJE SALTA;1000;852;1000;0;148;5000182987;4/8/2026;Servicios;RECEPCIONADO PARCIAL;TRANSPORTE TMS S. A. S.;U003;28/8/2026;14/5/2026;10150122;10;1;14/5/2026;14/5/2026;C25;4500128330;10;4403;1;MPITTIA;21/5/2026;30/10/2026;C25;4;4/8/2026;;;;;;;;;;03 Cert Mensual;Vencido con cant pendiente a recep;;C25
00372 UTE 372 GEO POSCO II;1000088359;10;ZPAN;02 - VIANDAS DE COMI;;0;;;;AZAPANA;1013116;VIANDA ALMUERZO PUESTA EN OBRA XUN;150;11;150;0;139;5000176391;10/6/2026;Servicios;RECEPCIONADO PARCIAL;ARAMAYO MARIA JULIETA;U003;15/5/2027;14/5/2026;10150161;10;1;14/5/2026;29/6/2026;C25;4500129718;10;4403;2;MPITTIA;9/6/2026;30/11/2026;C25;1;10/6/2026;;;;;;;;;;02 Cert Quincenal;En curso;Rojo;C25
00372 UTE 372 GEO POSCO II;1000088541;10;ZPAN;03 - TRANS PERSONAL;;0;;;;NGONCALVEZ;1013113;SERV TTE PERSONAL COLECTIVO BELEN-POSCO;20;9;20;0;11;5000182983;4/8/2026;Servicios;RECEPCIONADO PARCIAL;PRODUCTOS SERVICIOS Y DISTRIBUCIONE;U003;30/7/2026;16/5/2026;10150362;10;1;16/5/2026;18/5/2026;C25;4500128533;10;4403;1;MPITTIA;26/5/2026;31/10/2026;C25;6;4/8/2026;;;;;;;;;;03 Cert Mensual;Vencido con cant pendiente a recep;;C25
00372 UTE 372 GEO POSCO II;1000088541;20;ZPAN;03 - TRANS PERSONAL;;0;;;;NGONCALVEZ;1013113;SERV DE ESCOLTA BELEN-POSCO;20;4;20;0;16;5000182983;4/8/2026;Servicios;RECEPCIONADO PARCIAL;PRODUCTOS SERVICIOS Y DISTRIBUCIONE;U003;30/7/2026;16/5/2026;10150362;20;1;16/5/2026;18/5/2026;C25;4500128533;20;4403;1;MPITTIA;26/5/2026;31/10/2026;C25;4;4/8/2026;;;;;;;;;;03 Cert Mensual;Vencido con cant pendiente a recep;;C25
00372 UTE 372 GEO POSCO II;1000089401;30;ZPAN;02-SERV REMIS- RASGI;;0;;;;MMOHR;1026128;REMIS TERM ANDAGALA- TERM BELEN;12;11;12;0;1;5000185545;23/8/2026;Servicios;RECEPCIONADO PARCIAL;RASGIDO GASTON ANDRES;U003;1/9/2026;1/6/2026;10151366;30;1;1/6/2026;2/6/2026;C24;4500129984;30;4403;1;MPITTIA;11/6/2026;1/9/2026;C24;4;23/8/2026;;;;;;;;;;02 Cert Quincenal;Vencido con cant pendiente a recep;;C24
00372 UTE 372 GEO POSCO II;1000089401;40;ZPAN;02-SERV REMIS- RASGI;;0;;;;MMOHR;1026128;REMIS TERM FIAMBALA - TERM BELEN;12;0;12;0;12;;;Servicios;ADJUDICADO;RASGIDO GASTON ANDRES;U003;1/9/2026;1/6/2026;10151366;40;1;1/6/2026;2/6/2026;C24;4500129984;40;4403;1;MPITTIA;11/6/2026;1/9/2026;C24;0;;;;;;;;;;;02 Cert Quincenal;Vencido con cant pendiente a recep;;C24
00372 UTE 372 GEO POSCO II;1000089401;50;ZPAN;02-SERV REMIS- RASGI;;0;;;;MMOHR;1026128;REMIS TERM TINOGASTA - TERM BELEN;12;9;12;0;3;5000185545;23/8/2026;Servicios;RECEPCIONADO PARCIAL;RASGIDO GASTON ANDRES;U003;1/9/2026;1/6/2026;10151366;50;1;1/6/2026;2/6/2026;C24;4500129984;50;4403;1;MPITTIA;11/6/2026;1/9/2026;C24;5;23/8/2026;;;;;;;;;;02 Cert Quincenal;Vencido con cant pendiente a recep;;C24
00372 UTE 372 GEO POSCO II;1000089401;60;ZPAN;02-SERV REMIS- RASGI;;0;;;;MMOHR;1026128;REMIS TERM BELEN - TERM FIAMBALA;12;0;12;0;12;;;Servicios;ADJUDICADO;RASGIDO GASTON ANDRES;U003;1/9/2026;1/6/2026;10151366;60;1;1/6/2026;2/6/2026;C24;4500129984;60;4403;1;MPITTIA;11/6/2026;1/9/2026;C24;0;;;;;;;;;;;02 Cert Quincenal;Vencido con cant pendiente a recep;;C24
00372 UTE 372 GEO POSCO II;1000089583;10;ZPAN;03- TRANSP PERSONAL;;0;;;;MMOHR;1013113;SERV DE ESCOLTA SALTA-POSCO;12;5;12;0;7;5000182986;4/8/2026;Servicios;RECEPCIONADO PARCIAL;TRANSPORTE TMS S. A. S.;U003;3/9/2026;3/6/2026;10151623;10;1;3/6/2026;25/6/2026;C25;4500131174;10;4403;1;MPITTIA;25/6/2026;3/9/2026;C25;1;4/8/2026;;;;;;;;;;03 Cert Mensual;Vencido con cant pendiente a recep;;C25
00372 UTE 372 GEO POSCO II;1000089583;20;ZPAN;03- TRANSP PERSONAL;;0;;;;MMOHR;1013113;SERV COLECTIVO SALTA-POSCO;12;8;12;0;4;5000182986;4/8/2026;Servicios;RECEPCIONADO PARCIAL;TRANSPORTE TMS S. A. S.;U003;3/9/2026;3/6/2026;10151623;20;1;3/6/2026;25/6/2026;C25;4500131174;20;4403;1;MPITTIA;25/6/2026;3/9/2026;C25;1;4/8/2026;;;;;;;;;;03 Cert Mensual;Vencido con cant pendiente a recep;;C25
00372 UTE 372 GEO POSCO II;1000089886;10;ZPAN;01 - VTV;;0;;;;MMOHR;1022295;SERVICIO VTV CAMIONETA;8;8;8;0;0;5000181715;24/7/2026;Servicios;CUMPLIDO;PLANTA REVESA SRL;U003;23/10/2026;9/6/2026;10152055;10;1;9/6/2026;9/6/2026;C01;4500129754;10;4403;1;AZAPANA;9/6/2026;30/8/2026;C01;3;24/7/2026;;;;;;;;;;01 Cert Semanal;En curso - Total recepcionado;;C01
00372 UTE 372 GEO POSCO II;1000091642;10;ZPAN;03 - BAÑOS;;0;;;;NGONCALVEZ;1013136;EXEDENTE SERVICIO LIMPIEZA DESAGOTE BANO;35;33;35;0;2;5000187468;5/9/2026;Servicios;RECEPCIONADO PARCIAL;JUVEGUMER S. A. S.;U003;24/10/2026;10/7/2026;10154389;10;1;10/7/2026;13/7/2026;C25;4500132831;10;4403;1;ALOPEZ;15/7/2026;24/10/2026;C25;4;5/9/2026;;;;;;;;;;03 Cert Mensual;En curso;Verde;C25
00372 UTE 372 GEO POSCO II;1000091681;10;ZPAN;03 - BAÑOS;;0;;;;NGONCALVEZ;1022693;ALQUILER DE MODULO DE BANO X U;35;20;35;0;15;5000187468;5/9/2026;Servicios;RECEPCIONADO PARCIAL;JUVEGUMER S. A. S.;U003;26/11/2026;12/7/2026;10154477;10;1;12/7/2026;13/7/2026;C25;4500133109;10;4403;1;MPITTIA;20/7/2026;26/11/2026;C25;2;5/9/2026;;;;;;;;;;03 Cert Mensual;En curso;Verde;C25
00372 UTE 372 GEO POSCO II;1000091686;10;ZPAN;02 - TRANSP EN SITIO;;0;;;;NGONCALVEZ;1048595;TRANSPORTE DE PERSONAL XMES EN SITIO;2;1;2;0;1;5000187402;4/9/2026;Servicios;RECEPCIONADO PARCIAL;TRANSPORTE TMS S. A. S.;U003;27/10/2026;13/7/2026;10154497;10;1;13/7/2026;14/7/2026;C25;4500133222;10;4403;1;MPITTIA;21/7/2026;27/10/2026;C25;2;4/9/2026;;;;;;;;;;02 Cert Quincenal;En curso;Verde;C25
00372 UTE 372 GEO POSCO II;1000091748;10;ZPAN;03 - IMPRESORAS;;0;;;;NGONCALVEZ;1026131;ALQ IMPRESORA MULTIF COLOR A3 X MES;3;2;3;0;1;5000187467;5/9/2026;Servicios;RECEPCIONADO PARCIAL;TECNICA Y SISTEMAS SRL;U003;27/11/2026;13/7/2026;10154579;10;1;13/7/2026;14/7/2026;C25;4500133125;10;4403;1;MPITTIA;20/7/2026;27/11/2026;C25;2;5/9/2026;;;;;;;;;;03 Cert Mensual;En curso;Verde;C25
00372 UTE 372 GEO POSCO II;1000091748;20;ZPAN;03 - IMPRESORAS;;0;;;;NGONCALVEZ;1026130;ALQ IMPRESORA MULTIF BYN A3 x MES;3;2;3;0;1;5000187467;5/9/2026;Servicios;RECEPCIONADO PARCIAL;TECNICA Y SISTEMAS SRL;U003;27/11/2026;13/7/2026;10154579;20;1;13/7/2026;14/7/2026;C25;4500133125;20;4403;1;MPITTIA;20/7/2026;27/11/2026;C25;2;5/9/2026;;;;;;;;;;03 Cert Mensual;En curso;Verde;C25
00372 UTE 372 GEO POSCO II;1000092565;140;ZPAN;PIM - 57;;0;;;;MMOHR;1026923;SERVICIO CERTIFICACION VALVULA;2;1;2;0;1;5000184666;14/8/2026;Servicios;RECEPCIONADO PARCIAL;DABER SERVICIOS INDUSTRIALES SRL;U003;17/9/2026;27/7/2026;10155752;140;1;13/8/2026;13/8/2026;C01;4500135710;140;4403;1;AZAPANA;14/8/2026;17/9/2026;C01;1;14/8/2026;;;;;;;;;;Sin aclaración;En curso - Próximo a vencer;;C01
00372 UTE 372 GEO POSCO II;1000093016;10;ZPAN;03- TRANS CATAMARCA;;0;;;;MMOHR;1013113;SNACK DE VIAJE - CATAMARCA;200;43;200;0;157;5000183542;6/8/2026;Servicios;RECEPCIONADO PARCIAL;PRODUCTOS SERVICIOS Y DISTRIBUCIONE;U003;30/9/2026;4/8/2026;10156439;10;1;4/8/2026;4/8/2026;C25;4500134824;10;4403;1;MPITTIA;6/8/2026;30/9/2026;C25;1;6/8/2026;;;;;;;;;;03 Cert Mensual;En curso - Próximo a vencer;Rojo;C25
00372 UTE 372 GEO POSCO II;1000093365;10;ZPAN;01 - RETIRO GEO LIBA;;0;;;;NGONCALVEZ;1012973;FLETE SEMIRREMOLQUE 13,5MT XVIAJE;5;0;5;0;5;;;Servicios;ADJUDICADO;LIBAN S.A.;U003;24/11/2026;10/8/2026;10156985;10;1;10/8/2026;10/8/2026;C15;4500137330;10;4403;1;GDIAZ;1/9/2026;24/11/2026;C15;0;;;;;;;;;;;01 Cert Semanal;En curso;;C15
00372 UTE 372 GEO POSCO II;1000093370;10;ZPAN;04 - RCARGA ACETILEN;;0;;;;NGONCALVEZ;1013106;SERV DE RECARGA DE GASES ACETILENO;1;1;1;0;0;5000185785;25/8/2026;Servicios;CUMPLIDO;CROSSDOX S. A. S.;U003;24/9/2026;10/8/2026;10157002;10;1;10/8/2026;10/8/2026;C01;4500136438;10;4403;1;AZAPANA;24/8/2026;24/9/2026;C01;1;25/8/2026;;;;;;;;;;04 Cert a Demanda;En curso - Próximo a vencer;;C01
00372 UTE 372 GEO POSCO II;1000093372;10;ZPAN;01 - RETIRO CARTON I;;0;;;;NGONCALVEZ;1012974;FLETE SEMIRREMOLQUE 14,5MT XVIAJE JAMA;5;0;5;0;5;;;Servicios;ADJUDICADO;INTREC SAS;U003;24/10/2026;10/8/2026;10157005;10;1;10/8/2026;10/8/2026;C15;4500137339;10;4403;1;GDIAZ;1/9/2026;24/10/2026;C15;0;;;;;;;;;;;01 Cert Semanal;En curso;;C15
00372 UTE 372 GEO POSCO II;1000093816;10;ZPAN;01 - LAVADERO;;0;;;;NGONCALVEZ;1041903;LAVADO VEHICULO LIVIANO S/CHASIS;8;0;0;8;0;;;Servicios;SIN TRATAMIENTO;;U003;30/10/2026;16/8/2026;10157657;10;1;16/8/2026;17/8/2026;C01;;0;;0;;;;;0;;;;;;;;;;;01 Cert Semanal;En curso;;C01
00372 UTE 372 GEO POSCO II;1000093816;20;ZPAN;01 - LAVADERO;;0;;;;NGONCALVEZ;1041903;LAVADO VEHICULO LIVIANO COMPLETO;8;0;0;8;0;;;Servicios;SIN TRATAMIENTO;;U003;30/10/2026;16/8/2026;10157657;20;1;16/8/2026;17/8/2026;C01;;0;;0;;;;;0;;;;;;;;;;;01 Cert Semanal;En curso;;C01
00372 UTE 372 GEO POSCO II;1000094058;10;ZPAN;01- REGULARIZACION C;;0;;;;MMOHR;1013113;RANSP PERS EN SITIO REGULARIZACION;2;2;2;0;0;5000185676;24/8/2026;Servicios;CUMPLIDO;TRANSPORTE TMS S. A. S.;U003;10/9/2026;20/8/2026;10158121;10;1;20/8/2026;21/8/2026;C25;4500136460;10;4403;1;MPITTIA;24/8/2026;10/9/2026;C25;1;24/8/2026;;;;;;;;;;01 Cert Semanal;En curso - Próximo a vencer;Rojo;C25
00372 UTE 372 GEO POSCO II;1000094067;10;ZPAN;REGU FAC 5-242;;0;;;;MMOHR;1022295;RETIRO RSU EN CAMION COMPACTADOR;1;1;1;0;0;5000186982;2/9/2026;Servicios;RECEPCIONADO;SMART WASTE SAS;U003;11/9/2026;21/8/2026;10158132;10;1;21/8/2026;21/8/2026;C25;4500137072;10;4403;1;MPITTIA;31/8/2026;11/9/2026;C25;1;2/9/2026;;;;;;;;;;Sin aclaración;En curso - Próximo a vencer;;C25
00372 UTE 372 GEO POSCO II;1000094093;10;ZPAN;01 - RETIRO SOBRANTE;;0;;;;MMOHR;1022295;RETIRO MATERIAL SOBRANTE GEO (1V=30M3);50;0;50;0;50;;;Servicios;ADJUDICADO;PETIT PLAST SOCIEDAD ANONIMA;U003;30/10/2026;21/8/2026;10158155;10;1;21/8/2026;24/8/2026;C25;4500137690;10;4403;1;MPITTIA;4/9/2026;30/10/2026;C25;0;;;;;;;;;;;01 Cert Semanal;En curso;;C25
00372 UTE 372 GEO POSCO II;1000094183;10;ZPAN;01 - SERV REMIS RASG;;0;;;;MMOHR;1026128;REMIS TERM BELEN - TERM ANDAGALA;12;0;12;0;12;;;Servicios;ADJUDICADO;RASGIDO GASTON ANDRES;U003;2/11/2026;23/8/2026;10158297;10;1;23/8/2026;24/8/2026;C24;4500137422;10;4403;1;MPITTIA;2/9/2026;2/11/2026;C24;0;;;;;;;;;;;01 Cert Semanal;En curso;;C24
00372 UTE 372 GEO POSCO II;1000094183;20;ZPAN;01 - SERV REMIS RASG;;0;;;;MMOHR;1026128;REMIS TERM BELEN - TERM TINOGASTA;12;0;12;0;12;;;Servicios;ADJUDICADO;RASGIDO GASTON ANDRES;U003;2/11/2026;23/8/2026;10158297;20;1;23/8/2026;24/8/2026;C24;4500137422;20;4403;1;MPITTIA;2/9/2026;2/11/2026;C24;0;;;;;;;;;;;01 Cert Semanal;En curso;;C24
00372 UTE 372 GEO POSCO II;1000094183;30;ZPAN;01 - SERV REMIS RASG;;0;;;;MMOHR;1026128;REMIS TERM ANGALA - TERM BELEN;12;0;12;0;12;;;Servicios;ADJUDICADO;RASGIDO GASTON ANDRES;U003;2/11/2026;23/8/2026;10158297;30;1;23/8/2026;24/8/2026;C24;4500137422;30;4403;1;MPITTIA;2/9/2026;2/11/2026;C24;0;;;;;;;;;;;01 Cert Semanal;En curso;;C24
00372 UTE 372 GEO POSCO II;1000094183;40;ZPAN;01 - SERV REMIS RASG;;0;;;;MMOHR;1026128;REMIS PEÑON/LAGUNA- TERM BELEN;12;0;12;0;12;;;Servicios;ADJUDICADO;RASGIDO GASTON ANDRES;U003;2/11/2026;23/8/2026;10158297;40;1;23/8/2026;24/8/2026;C24;4500137422;40;4403;1;MPITTIA;2/9/2026;2/11/2026;C24;0;;;;;;;;;;;01 Cert Semanal;En curso;;C24
00372 UTE 372 GEO POSCO II;1000094266;10;ZPAN;01-REG LABTEC 4-8376;;0;;;;MMOHR;1022295;REGULARIZACION ATENCION PRIMARIAS;1;1;1;0;0;5000187198;3/9/2026;Servicios;RECEPCIONADO;LABTEC S. R. L.;U003;14/9/2026;24/8/2026;10158395;10;1;24/8/2026;25/8/2026;C25;4500137491;10;4403;1;MPITTIA;3/9/2026;14/9/2026;C25;1;3/9/2026;;;;;;;;;;01 Cert Semanal;En curso - Próximo a vencer;Verde;C25
00372 UTE 372 GEO POSCO II;1000094276;10;ZPAN;REG FAC HABITAD 6-30;;0;;;;MMOHR;1022295;TRATAMIENTO Y48 M3;2080;0;2080;0;2080;;;Servicios;ADJUDICADO;HABITAT ECOLOGICO SA;U003;7/9/2026;24/8/2026;10158411;10;1;24/8/2026;25/8/2026;C25;4500137543;10;4403;1;MPITTIA;3/9/2026;7/9/2026;C25;0;;;;;;;;;;;Sin aclaración;En curso - Próximo a vencer;;C25
00372 UTE 372 GEO POSCO II;1000094508;10;ZPAN;04- RECARGA MATAFUEG;;2;;;;MMOHR;1013042;RECARGA DE MATAFUEGO 5KG;5;5;5;0;0;5000186633;1/9/2026;Servicios;CUMPLIDO;MARTINEZ RICARDO ALEJANDRO;U003;18/9/2026;28/8/2026;10158826;10;1;28/8/2026;28/8/2026;C01;4500137117;10;4403;1;AZAPANA;31/8/2026;18/9/2026;C01;1;1/9/2026;;;;;;;;;;04 Cert a Demanda;En curso - Próximo a vencer;;C01
00372 UTE 372 GEO POSCO II;1000094533;10;ZPAN;04- EXT INTERNET;;1;;;;MMOHR;1025931;SERVICIO DE INTERNET 200 GB;1;0;1;0;1;;;Servicios;ADJUDICADO;JAWIT S.A.;U003;18/9/2026;28/8/2026;10158878;10;1;28/8/2026;28/8/2026;C25;4500137699;10;4403;1;MPITTIA;4/9/2026;18/9/2026;C25;0;;;;;;;;;;;04 Cert a Demanda;En curso - Próximo a vencer;;C25
00372 UTE 372 GEO POSCO II;1000094657;10;ZPAN;03 - TRANSP PERSONAL;;0;;;;MMOHR;1013113;SNACK DE VIAJE SALTA;600;0;600;0;600;;;Servicios;ADJUDICADO;TRANSPORTE TMS S. A. S.;U003;30/10/2026;31/8/2026;10159019;10;1;31/8/2026;1/9/2026;C25;4500137227;10;4403;1;MPITTIA;1/9/2026;30/10/2026;C25;0;;;;;;;;;;;03 Cert Mensual;En curso;;C25
00372 UTE 372 GEO POSCO II;1000094657;20;ZPAN;03 - TRANSP PERSONAL;;0;;;;MMOHR;1013113;SERV COLECTIVO SALTA-POSCO;12;0;12;0;12;;;Servicios;ADJUDICADO;TRANSPORTE TMS S. A. S.;U003;30/10/2026;31/8/2026;10159019;20;1;31/8/2026;1/9/2026;C25;4500137227;20;4403;1;MPITTIA;1/9/2026;30/10/2026;C25;0;;;;;;;;;;;03 Cert Mensual;En curso;;C25
00372 UTE 372 GEO POSCO II;1000094812;10;ZPAN;01 - EXEDENTES TYS;;0;;;;NGONCALVEZ;1022295;EXD A COLOR;2283;0;0;2283;0;;;Servicios;SIN TRATAMIENTO;;U003;17/9/2026;3/9/2026;10159321;10;1;3/9/2026;3/9/2026;C25;;0;;0;;;;;0;;;;;;;;;;;01 Cert Semanal;En curso - Próximo a vencer;;C25
00372 UTE 372 GEO POSCO II;1000094812;20;ZPAN;01 - EXEDENTES TYS;;0;;;;NGONCALVEZ;1022295;EXD B/N;60;0;0;60;0;;;Servicios;SIN TRATAMIENTO;;U003;17/9/2026;3/9/2026;10159321;20;1;3/9/2026;3/9/2026;C25;;0;;0;;;;;0;;;;;;;;;;;01 Cert Semanal;En curso - Próximo a vencer;;C25
00374 TERMINAL PUNTA COLORADA;1000061511;30;ZPAN;04-EXAMEN EPO DE LEY;;0;;;;JIBANEZ;1013130;Ergometria x un;;47;50;0;3;5000185524;22/8/2026;Servicios;CUMPLIDO PARCIAL;MAINETE JAVIER ALBERTO;MR01;31/12/2026;4/2/2025;10114913;50;1;18/2/2025;18/2/2025;C25;4500093891;10;0374;1;MPITTIA;19/2/2025;30/12/2026;C25;10;22/8/2026;;;;;;;;;;04 Cert a Demanda;En curso;;C25
00374 TERMINAL PUNTA COLORADA;1000061511;40;ZPAN;04-EXAMEN EPO DE LEY;;0;;;;JIBANEZ;1013130;Fondo de ojo;;2;50;0;48;5000126465;6/3/2025;Servicios;CUMPLIDO PARCIAL;MAINETE JAVIER ALBERTO;MR01;31/12/2026;4/2/2025;10114913;60;1;18/2/2025;18/2/2025;C25;4500093891;20;0374;1;MPITTIA;19/2/2025;30/12/2026;C25;2;6/3/2025;;;;;;;;;;04 Cert a Demanda;En curso;;C25
00374 TERMINAL PUNTA COLORADA;1000061548;10;ZPAN;POLIZA CAUCIÓN TANQU;;0;;;;NLAFORNARO;1012967;POLIZA DE CAUCIÓN TANQUE DE COMBUSTIBLE;;1;1;0;0;5000124733;13/2/2025;Servicios;CUMPLIDO;FEDERACION PATRONAL SEG. S.A.;MR01;31/1/2028;5/2/2025;10114952;10;1;5/2/2025;5/2/2025;C16;4500093522;10;0374;1;JESPARZA;13/2/2025;31/1/2028;C16;1;13/2/2025;;;;;;;;;;Sin aclaración;En curso - Total recepcionado;;C16
00374 TERMINAL PUNTA COLORADA;1000061631;10;ZPAN;03-AGUA POTABLE - NO;;0;;;;JIBANEZ;1025992;ALQUILER DISPENSER FRIO CALOR x MES;;6;3;0;-3;5000153041;20/11/2025;Servicios;CUMPLIDO;NOALE CLAUDIA ELISABETH VIVIANA;MR01;31/10/2025;6/2/2025;10115041;10;1;6/2/2025;6/2/2025;C25;4500094061;10;0374;2;MPITTIA;21/2/2025;31/10/2025;C25;6;20/11/2025;;;;;;;;;;03 Cert Mensual;Vencido con cant pendiente a recep;;C25
00374 TERMINAL PUNTA COLORADA;1000061671;50;ZPAN;03-TRANSPORTE PERSON;;0;;;;JIBANEZ;1022295;COMBI 19 PAX - N° 1;;9;8;0;-1;5000154403;4/12/2025;Servicios;CUMPLIDO;TRANSPORTES VA S.R.L.;MR01;31/12/2025;6/2/2025;10115147;50;1;20/2/2025;10/4/2025;C25;4500094167;50;0374;1;MPITTIA;24/2/2025;31/12/2025;C25;9;4/12/2025;;;;;;;;;;03 Cert Mensual;Vencido con cant pendiente a recep;;C25
00374 TERMINAL PUNTA COLORADA;1000061734;10;ZPAN;02-VIANDAS OBRA;;0;;;;JIBANEZ;1013116;VIANDA ALMUERZO PUESTA EN OBRA XUN;;50002;50000;0;-2;5000154800;8/12/2025;Servicios;CUMPLIDO;PUNTA NORTE S.R.L.;MR01;31/12/2025;7/2/2025;10115214;10;1;7/2/2025;7/2/2025;C25;4500093087;10;0374;1;MPITTIA;7/2/2025;31/12/2025;C25;26;8/12/2025;;;;;;;;;;02 Cert Quincenal;Vencido con cant pendiente a recep;;C25
00374 TERMINAL PUNTA COLORADA;1000064526;10;ZPAN;02-VIATICOS 374 - DI;;0;;;;DSUAREZ;1013024;VIATICOS IVA 10,5;;50000000;50000000;0;0;5000151362;5/11/2025;Servicios;CUMPLIDO;SA IMPORTADORA Y EXP. DE LA PA;MR01;31/12/2026;4/4/2025;10118650;10;1;4/4/2025;4/4/2025;C25;4500096820;10;0374;1;MPITTIA;9/4/2025;31/12/2025;C25;17;5/11/2025;;;;;;;;;;02 Cert Quincenal;En curso - Total recepcionado;;C25
00374 TERMINAL PUNTA COLORADA;1000064526;20;ZPAN;02-VIATICOS 374 - DI;;0;;;;DSUAREZ;1013024;VIATICOS IVA EXENTO;;8676609,57;50000000;0;41323390,43;5000185542;22/8/2026;Servicios;CUMPLIDO PARCIAL;SA IMPORTADORA Y EXP. DE LA PA;MR01;31/12/2026;4/4/2025;10118650;20;1;4/4/2025;4/4/2025;C25;4500096820;20;0374;1;MPITTIA;9/4/2025;30/12/2026;C25;32;22/8/2026;;;;;;;;;;02 Cert Quincenal;En curso;Rojo;C25
00374 TERMINAL PUNTA COLORADA;1000064793;10;ZPAN;03-SERV TRANSPOPRTE;;0;;;;JIBANEZ;1022295;COLECTIVO 44 PAX - N° 1 x VIAJE;;187;186;0;-1;5000154476;4/12/2025;Servicios;CUMPLIDO;LAS GRUTAS S A;MR01;31/12/2025;9/4/2025;10119040;10;1;9/4/2025;9/4/2025;C25;4500097173;10;0374;1;MPITTIA;15/4/2025;30/12/2025;C25;9;4/12/2025;;;;;;;;;;03 Cert Mensual;Vencido con cant pendiente a recep;;C25
00374 TERMINAL PUNTA COLORADA;1000065015;10;ZPAN;04-SERVICIO RECARGA;;0;;;;JIBANEZ;1035994;RECARGA DE MATAFUEGO 1 KG;;9;9;0;0;5000171627;5/5/2026;Servicios;CUMPLIDO;ESCUDERO VIVIANA ANGELICA;MR01;31/12/2026;11/4/2025;10119229;10;1;11/4/2025;11/4/2025;C25;4500097646;10;0374;1;MPITTIA;23/4/2025;30/6/2026;C25;6;5/5/2026;;;;;;;;;;04 Cert a Demanda;En curso - Total recepcionado;;C25
00374 TERMINAL PUNTA COLORADA;1000065015;20;ZPAN;04-SERVICIO RECARGA;;0;;;;JIBANEZ;1013041;RECARGA DE MATAFUEGO 2,5KG;;10;10;0;0;5000152199;12/11/2025;Servicios;CUMPLIDO;ESCUDERO VIVIANA ANGELICA;MR01;31/12/2026;11/4/2025;10119229;20;1;11/4/2025;11/4/2025;C25;4500097646;20;0374;1;MPITTIA;23/4/2025;5/12/2025;C25;4;12/11/2025;;;;;;;;;;04 Cert a Demanda;En curso - Total recepcionado;;C25
00374 TERMINAL PUNTA COLORADA;1000065015;30;ZPAN;04-SERVICIO RECARGA;;0;;;;JIBANEZ;1013042;RECARGA DE MATAFUEGO 5KG;;45;45;0;0;5000171627;5/5/2026;Servicios;CUMPLIDO;ESCUDERO VIVIANA ANGELICA;MR01;31/12/2026;11/4/2025;10119229;30;1;11/4/2025;11/4/2025;C25;4500097646;30;0374;1;MPITTIA;23/4/2025;30/6/2026;C25;8;5/5/2026;;;;;;;;;;04 Cert a Demanda;En curso - Total recepcionado;;C25
00374 TERMINAL PUNTA COLORADA;1000065015;40;ZPAN;04-SERVICIO RECARGA;;0;;;;JIBANEZ;1013039;RECARGA DE MATAFUEGO 10KG;;24;24;0;0;5000139187;18/7/2025;Servicios;CUMPLIDO;ESCUDERO VIVIANA ANGELICA;MR01;31/12/2026;11/4/2025;10119229;40;1;11/4/2025;11/4/2025;C25;4500097646;40;0374;1;MPITTIA;23/4/2025;5/12/2025;C25;2;18/7/2025;;;;;;;;;;04 Cert a Demanda;En curso - Total recepcionado;;C25
00374 TERMINAL PUNTA COLORADA;1000067259;10;ZPAN;Certificacion Valvul;;0;;;;DSUAREZ;1013021;CERTIFICACION DE VALVULA PARA COMPRESOR;;3;2;0;-1;5000142766;21/8/2025;Servicios;CUMPLIDO;TECNO CONSULTING SA;MR01;10/6/2025;21/5/2025;10121988;10;1;21/5/2025;22/5/2025;C38;4500099772;20;0374;1;EREGALADO;22/5/2025;4/6/2025;C04;2;21/8/2025;;;;;;;;;;Sin aclaración;Vencido con cant pendiente a recep;;C04
00374 TERMINAL PUNTA COLORADA;1000070447;10;ZPAN;04-Servicios Medicos;;0;;;;DSUAREZ;1042633;NOMENCLADOR BIOQ UNIF;;0;30;0;30;;;Materiales usuales;ADJUDICADO;LABOR AUSTRAL SRL;MR01;31/12/2026;17/7/2025;10126339;10;1;17/7/2025;17/7/2025;C25;4500104914;10;0374;1;MPITTIA;30/7/2025;31/12/2026;C25;0;;;;;;;;;;;04 Cert a Demanda;En curso;;C25
00374 TERMINAL PUNTA COLORADA;1000070447;20;ZPAN;04-Servicios Medicos;;0;;;;DSUAREZ;1042634;US GASTO RADIOLÓGICO;;30;30;0;0;5000142460;18/8/2025;Servicios;CUMPLIDO;LABOR AUSTRAL SRL;MR01;31/12/2026;17/7/2025;10126339;20;1;17/7/2025;17/7/2025;C25;4500104914;20;0374;1;MPITTIA;30/7/2025;31/12/2026;C25;1;18/8/2025;;;;;;;;;;04 Cert a Demanda;En curso - Total recepcionado;;C25
00374 TERMINAL PUNTA COLORADA;1000070447;30;ZPAN;04-Servicios Medicos;;0;;;;DSUAREZ;1042635;GALENO RADIOLÓGICO;;6,75;30;0;23,25;5000142460;18/8/2025;Servicios;CUMPLIDO PARCIAL;LABOR AUSTRAL SRL;MR01;31/12/2026;17/7/2025;10126339;30;1;17/7/2025;17/7/2025;C25;4500104914;30;0374;1;MPITTIA;30/7/2025;31/12/2026;C25;1;18/8/2025;;;;;;;;;;04 Cert a Demanda;En curso;;C25
00374 TERMINAL PUNTA COLORADA;1000070447;40;ZPAN;04-Servicios Medicos;;0;;;;DSUAREZ;1042636;ESTUDIO ECOGRAFÍA;;0;10;0;10;;;Servicios;ADJUDICADO;LABOR AUSTRAL SRL;MR01;31/12/2026;17/7/2025;10126339;40;1;17/7/2025;17/7/2025;C25;4500104914;40;0374;1;MPITTIA;30/7/2025;31/12/2026;C25;0;;;;;;;;;;;04 Cert a Demanda;En curso;;C25
00374 TERMINAL PUNTA COLORADA;1000070447;50;ZPAN;04-Servicios Medicos;;0;;;;DSUAREZ;1042637;CONSULTA MÉDICA GUARDIA;;0;50;0;50;;;Servicios;ADJUDICADO;LABOR AUSTRAL SRL;MR01;31/12/2026;17/7/2025;10126339;50;1;17/7/2025;17/7/2025;C25;4500104914;50;0374;1;MPITTIA;30/7/2025;31/12/2026;C25;0;;;;;;;;;;;04 Cert a Demanda;En curso;;C25
00374 TERMINAL PUNTA COLORADA;1000070447;60;ZPAN;04-Servicios Medicos;;0;;;;DSUAREZ;1042638;CONSULTA MÉDICA CLÍNICO;;2;50;0;48;5000142460;18/8/2025;Servicios;CUMPLIDO PARCIAL;LABOR AUSTRAL SRL;MR01;31/12/2026;17/7/2025;10126339;60;1;17/7/2025;17/7/2025;C25;4500104914;60;0374;1;MPITTIA;30/7/2025;31/12/2026;C25;1;18/8/2025;;;;;;;;;;04 Cert a Demanda;En curso;;C25
00374 TERMINAL PUNTA COLORADA;1000070447;70;ZPAN;04-Servicios Medicos;;0;;;;DSUAREZ;1042639;SESIÓN TRAUMATOLOGÍA;;0;30;0;30;;;Servicios;ADJUDICADO;LABOR AUSTRAL SRL;MR01;31/12/2026;17/7/2025;10126339;70;1;17/7/2025;17/7/2025;C25;4500104914;70;0374;1;MPITTIA;30/7/2025;31/12/2026;C25;0;;;;;;;;;;;04 Cert a Demanda;En curso;;C25
00374 TERMINAL PUNTA COLORADA;1000070447;80;ZPAN;04-Servicios Medicos;;0;;;;DSUAREZ;1042640;APLICACIÓN INYECTABLES;;0;50;0;50;;;Servicios;ADJUDICADO;LABOR AUSTRAL SRL;MR01;31/12/2026;17/7/2025;10126339;80;1;17/7/2025;17/7/2025;C25;4500104914;80;0374;1;MPITTIA;30/7/2025;31/12/2026;C25;0;;;;;;;;;;;04 Cert a Demanda;En curso;;C25
00374 TERMINAL PUNTA COLORADA;1000070447;90;ZPAN;04-Servicios Medicos;;0;;;;DSUAREZ;1042641;SESIÓN CURACIÓN MEDICA;;0;50;0;50;;;Servicios;ADJUDICADO;LABOR AUSTRAL SRL;MR01;31/12/2026;17/7/2025;10126339;90;1;17/7/2025;17/7/2025;C25;4500104914;90;0374;1;MPITTIA;30/7/2025;31/12/2026;C25;0;;;;;;;;;;;04 Cert a Demanda;En curso;;C25
00374 TERMINAL PUNTA COLORADA;1000070447;100;ZPAN;04-Servicios Medicos;;0;;;;DSUAREZ;1042642;SESIÓN CURACIÓN MÉDICA QUEMADO;;0;10;0;10;;;Servicios;ADJUDICADO;LABOR AUSTRAL SRL;MR01;31/12/2026;17/7/2025;10126339;100;1;17/7/2025;17/7/2025;C25;4500104914;100;0374;1;MPITTIA;30/7/2025;31/12/2026;C25;0;;;;;;;;;;;04 Cert a Demanda;En curso;;C25
00374 TERMINAL PUNTA COLORADA;1000070447;110;ZPAN;04-Servicios Medicos;;0;;;;DSUAREZ;1042643;SESIÓN KINESIOLOGÍA;;0;30;0;30;;;Servicios;ADJUDICADO;LABOR AUSTRAL SRL;MR01;31/12/2026;17/7/2025;10126339;110;1;17/7/2025;17/7/2025;C25;4500104914;110;0374;1;MPITTIA;30/7/2025;31/12/2026;C25;0;;;;;;;;;;;04 Cert a Demanda;En curso;;C25
00374 TERMINAL PUNTA COLORADA;1000070447;120;ZPAN;04-Servicios Medicos;;0;;;;DSUAREZ;1042644;GASTO ADM MÉDICO POR SINIESTRO;;3;50;0;47;5000150412;28/10/2025;Servicios;CUMPLIDO PARCIAL;LABOR AUSTRAL SRL;MR01;31/12/2026;17/7/2025;10126339;120;1;17/7/2025;17/7/2025;C25;4500104914;120;0374;1;MPITTIA;30/7/2025;31/12/2026;C25;2;28/10/2025;;;;;;;;;;04 Cert a Demanda;En curso;;C25
00374 TERMINAL PUNTA COLORADA;1000070923;10;ZPAN;04 /4000005393-OXIGE;;0;;;;JIBANEZ;1013105;ALQUILER TUBOS DE OXIGENO;;6;6;0;0;5000142586;19/8/2025;Servicios;CUMPLIDO;ESCUDERO VIVIANA ANGELICA;MR01;31/12/2026;25/7/2025;10126920;40;1;25/7/2025;26/7/2025;C24;4500105360;20;0374;1;MPITTIA;6/8/2025;31/12/2026;C24;1;19/8/2025;;;;;;;;;;04 Cert a Demanda;En curso - Total recepcionado;;C24
00374 TERMINAL PUNTA COLORADA;1000070923;20;ZPAN;04 /4000005393-OXIGE;;0;;;;JIBANEZ;1035528;RECARGA TUBO DE OXIGENO;;3;6;0;3;5000183894;10/8/2026;Servicios;CUMPLIDO PARCIAL;ESCUDERO VIVIANA ANGELICA;MR01;31/12/2026;25/7/2025;10126920;50;1;25/7/2025;26/7/2025;C24;4500105360;30;0374;1;MPITTIA;6/8/2025;31/12/2026;C24;3;10/8/2026;;;;;;;;;;04 Cert a Demanda;En curso;;C24
00374 TERMINAL PUNTA COLORADA;1000070923;30;ZPAN;04 /4000005393-OXIGE;;0;;;;JIBANEZ;1013105;ALQUILER TUBOS DE ACETILENO;;6;6;0;0;5000142586;19/8/2025;Servicios;CUMPLIDO;ESCUDERO VIVIANA ANGELICA;MR01;31/12/2026;25/7/2025;10126920;30;1;25/7/2025;26/7/2025;C24;4500105360;10;0374;1;MPITTIA;6/8/2025;31/12/2026;C24;1;19/8/2025;;;;;;;;;;04 Cert a Demanda;En curso - Total recepcionado;;C24
00374 TERMINAL PUNTA COLORADA;1000070923;40;ZPAN;04 /4000005393-OXIGE;;0;;;;JIBANEZ;1013106;RECARGA TUBO DE ACETILENO;;20,6;41;0;20,4;5000185942;26/8/2026;Servicios;CUMPLIDO PARCIAL;ESCUDERO VIVIANA ANGELICA;MR01;31/12/2026;25/7/2025;10126920;60;1;25/7/2025;26/7/2025;C24;4500105360;40;0374;1;MPITTIA;6/8/2025;31/12/2026;C24;3;26/8/2026;;;;;;;;;;04 Cert a Demanda;En curso;;C24
00374 TERMINAL PUNTA COLORADA;1000071786;10;ZPAN;poliza rc alquiler d;;0;;;;NLAFORNARO;1012957;POLIZA 988496 RC GALPON CUOTA 1;;2;1;0;-1;5000162570;20/2/2026;Servicios;CUMPLIDO;SANCOR COOP. DE SEG. LTDA.;MR01;3/9/2025;8/8/2025;10128107;10;1;8/8/2025;8/8/2025;C16;4500106115;10;0374;1;JESPARZA;15/8/2025;3/9/2025;C16;2;20/2/2026;;;;;;;;;;Sin aclaración;Vencido con cant pendiente a recep;;C16
00374 TERMINAL PUNTA COLORADA;1000071786;20;ZPAN;poliza rc alquiler d;;0;;;;NLAFORNARO;1012957;POLIZA 988496 RC GALPON CUOTA 2;;2;1;0;-1;5000162570;20/2/2026;Servicios;CUMPLIDO;SANCOR COOP. DE SEG. LTDA.;MR01;3/9/2025;8/8/2025;10128107;20;1;8/8/2025;8/8/2025;C16;4500106115;20;0374;1;JESPARZA;15/8/2025;3/9/2025;C16;2;20/2/2026;;;;;;;;;;Sin aclaración;Vencido con cant pendiente a recep;;C16
00374 TERMINAL PUNTA COLORADA;1000071786;30;ZPAN;poliza rc alquiler d;;0;;;;NLAFORNARO;1012957;POLIZA 988496 RC GALPON CUOTA 3;;2;1;0;-1;5000162570;20/2/2026;Servicios;CUMPLIDO;SANCOR COOP. DE SEG. LTDA.;MR01;3/9/2025;8/8/2025;10128107;30;1;8/8/2025;8/8/2025;C16;4500106115;30;0374;1;JESPARZA;15/8/2025;3/9/2025;C16;2;20/2/2026;;;;;;;;;;Sin aclaración;Vencido con cant pendiente a recep;;C16
00374 TERMINAL PUNTA COLORADA;1000071786;40;ZPAN;poliza rc alquiler d;;0;;;;NLAFORNARO;1012957;POLIZA 988496 RC GALPON CUOTA 4;;2;1;0;-1;5000162570;20/2/2026;Servicios;CUMPLIDO;SANCOR COOP. DE SEG. LTDA.;MR01;3/9/2025;8/8/2025;10128107;40;1;8/8/2025;8/8/2025;C16;4500106115;40;0374;1;JESPARZA;15/8/2025;3/9/2025;C16;2;20/2/2026;;;;;;;;;;Sin aclaración;Vencido con cant pendiente a recep;;C16
00374 TERMINAL PUNTA COLORADA;1000073348;10;ZPAN;04-ZPI 4000005921 -;;0;;;;MREYNA;1046069;RECOLECCION DE RESIDUOS PELIGROSOS Y9;;0;1;0;1;;;Servicios;ADJUDICADO;SOLUCIONES AMBIENTALES PATAGONIA;MR01;31/12/2026;3/9/2025;10130205;10;1;3/9/2025;4/9/2025;C25;4500108416;10;0374;1;MPITTIA;12/9/2025;31/12/2026;C25;0;;;;;;;;;;;04 Cert a Demanda;En curso;;C25
00374 TERMINAL PUNTA COLORADA;1000073681;20;ZPAN;04 - Bombas de Hormi;;0;;;;DSUAREZ;1012984;SERVICIO BOMBEO X MT3;;275;274;0;-1;5000149984;23/10/2025;Servicios;CUMPLIDO;BETONSUR SRL;MR01;29/9/2025;9/9/2025;10130617;20;1;9/9/2025;10/9/2025;C18;4500108599;20;0374;1;VBARRA;15/9/2025;29/9/2025;C18;2;23/10/2025;;;;;;;;;;04 Cert a Demanda;Vencido con cant pendiente a recep;;C18
00374 TERMINAL PUNTA COLORADA;1000073819;10;ZPAN;04-EXTENSION OC 4500;;0;;;;MREYNA;1013041;RECARGA DE MATAFUEGO 2,5KG;;6;10;0;4;5000171623;5/5/2026;Servicios;CUMPLIDO PARCIAL;ESCUDERO VIVIANA ANGELICA;MR01;31/12/2026;11/9/2025;10130836;10;1;11/9/2025;12/9/2025;C25;4500108756;10;0374;1;MPITTIA;17/9/2025;31/12/2026;C25;3;5/5/2026;;;;;;;;;;04 Cert a Demanda;En curso;;C25
00374 TERMINAL PUNTA COLORADA;1000075064;20;ZPAN;01-ZPIN HIELO Y ALQ;;0;;;;MREYNA;1035446;SERVICIO ALQUILER DE FREEZER X MES;;3;6;0;3;5000162316;17/2/2026;Servicios;CUMPLIDO PARCIAL;CARRIZO PATRICIA DEL CARMEN;MR01;31/12/2026;1/10/2025;10132341;20;1;1/10/2025;2/10/2025;C25;4500110662;20;0374;1;MPITTIA;14/10/2025;31/12/2026;C25;3;17/2/2026;;;;;;;;;;01 Cert Semanal;En curso;Rojo;C25
00374 TERMINAL PUNTA COLORADA;1000075064;30;ZPAN;01-ZPIN HIELO Y ALQ;;0;;;;MREYNA;1035446;SERVICIO ALQUILER DE FREEZER X MES;;0;6;0;6;;;Servicios;ADJUDICADO;CARRIZO PATRICIA DEL CARMEN;MR01;31/12/2026;1/10/2025;10132341;30;1;1/10/2025;2/10/2025;C25;4500110662;30;0374;1;MPITTIA;14/10/2025;31/12/2026;C25;0;;;;;;;;;;;01 Cert Semanal;En curso;;C25
00374 TERMINAL PUNTA COLORADA;1000075595;10;ZPAN;03 - ALQUILER BAÑOS;;0;;;;JIBANEZ;1022693;ALQUILER DE MODULO DE BANO X U;;360;360;0;0;5000182777;1/8/2026;Servicios;CUMPLIDO;ECOPORTATILES SA;MR01;30/10/2026;9/10/2025;10133087;10;1;9/10/2025;10/10/2025;C25;4500110817;10;0374;1;MPITTIA;15/10/2025;30/10/2026;C25;10;1/8/2026;;;;;;;;;;03 Cert Mensual;En curso - Total recepcionado;;C25
00374 TERMINAL PUNTA COLORADA;1000075595;20;ZPAN;03 - ALQUILER BAÑOS;;0;;;;JIBANEZ;1013136;SERVICIO LIMPIEZA DESAGOTE BANO QUIMICO;;8640;8640;0;0;5000186742;1/9/2026;Servicios;CUMPLIDO;ECOPORTATILES SA;MR01;30/10/2026;9/10/2025;10133087;20;1;9/10/2025;10/10/2025;C25;4500110817;20;0374;1;MPITTIA;15/10/2025;30/10/2026;C25;11;1/9/2026;;;;;;;;;;03 Cert Mensual;En curso - Total recepcionado;;C25
00374 TERMINAL PUNTA COLORADA;1000075595;30;ZPAN;03 - ALQUILER BAÑOS;;0;;;;JIBANEZ;1047100;ALQUILER DE MODULO BAÑO 6MT X MES;;24;24;0;0;5000179015;2/7/2026;Servicios;CUMPLIDO;ECOPORTATILES SA;MR01;30/10/2026;9/10/2025;10133087;30;1;9/10/2025;10/10/2025;C25;4500110817;30;0374;1;MPITTIA;15/10/2025;30/10/2026;C25;9;2/7/2026;;;;;;;;;;03 Cert Mensual;En curso - Total recepcionado;;C25
00374 TERMINAL PUNTA COLORADA;1000075595;40;ZPAN;03 - ALQUILER BAÑOS;;0;;;;JIBANEZ;1013136;SERVICIO LIMPIEZA DESAGOTE BANO QUIMICO;;576;576;0;0;5000182777;1/8/2026;Servicios;CUMPLIDO;ECOPORTATILES SA;MR01;30/10/2026;9/10/2025;10133087;40;1;9/10/2025;10/10/2025;C25;4500110817;40;0374;1;MPITTIA;15/10/2025;30/10/2026;C25;10;1/8/2026;;;;;;;;;;03 Cert Mensual;En curso - Total recepcionado;;C25
00374 TERMINAL PUNTA COLORADA;1000075601;10;ZPAN;03-OC SERVICIO INTER;;0;;;;JIBANEZ;1025931;SERV. INTERNET X MES - 50G - MOVIL;;11;12;0;1;5000187151;3/9/2026;Servicios;CUMPLIDO PARCIAL;JAWIT S.A.;MR01;30/10/2026;9/10/2025;10133090;10;1;9/10/2025;2/5/2026;C25;4500110746;10;0374;1;MPITTIA;15/10/2025;30/10/2026;C25;11;3/9/2026;;;;;;;;;;03 Cert Mensual;En curso;Verde;C25
00374 TERMINAL PUNTA COLORADA;1000075601;20;ZPAN;03-OC SERVICIO INTER;;0;;;;JIBANEZ;1025931;SERV. INTERNET X MES - 50G - OLIVARES;;11;12;0;1;5000187151;3/9/2026;Servicios;CUMPLIDO PARCIAL;JAWIT S.A.;MR01;30/10/2026;9/10/2025;10133090;20;1;9/10/2025;13/10/2025;C25;4500110746;20;0374;1;MPITTIA;15/10/2025;30/10/2026;C25;11;3/9/2026;;;;;;;;;;03 Cert Mensual;En curso;Verde;C25
00374 TERMINAL PUNTA COLORADA;1000075601;30;ZPAN;03-OC SERVICIO INTER;;0;10;4;6/1/2026;JIBANEZ;1025931;SERV. INTERNET X MES -  1TB - BASE SG;;1;1;0;0;5000154514;4/12/2025;Servicios;CUMPLIDO;JAWIT S.A.;MR01;30/10/2026;9/10/2025;10133090;30;1;9/10/2025;9/10/2025;C25;4500110746;30;0374;1;MPITTIA;15/10/2025;30/10/2026;C25;3;4/12/2025;;;;;;;;;;03 Cert Mensual;En curso - Total recepcionado;;C25
00374 TERMINAL PUNTA COLORADA;1000075601;40;ZPAN;03-OC SERVICIO INTER;;0;;;;JIBANEZ;1025931;SERV. INTERNET X MES -  2,5TB - OBRADOR;;5;5;0;0;5000168456;9/4/2026;Servicios;CUMPLIDO;JAWIT S.A.;MR01;30/10/2026;9/10/2025;10133090;40;1;9/10/2025;13/10/2025;C25;4500110746;40;0374;1;MPITTIA;15/10/2025;30/10/2026;C25;9;9/4/2026;;;;;;;;;;03 Cert Mensual;En curso - Total recepcionado;;C25
00374 TERMINAL PUNTA COLORADA;1000075601;50;ZPAN;03-OC SERVICIO INTER;;0;;;;JIBANEZ;1025931;SERV. INTERNET X MES - 500G - JEFATURA;;0;12;0;12;;;Servicios;ADJUDICADO;JAWIT S.A.;MR01;30/10/2026;9/10/2025;10133090;50;1;9/10/2025;13/10/2025;C25;4500110746;50;0374;1;MPITTIA;15/10/2025;30/10/2026;C25;0;;;;;;;;;;;03 Cert Mensual;En curso;;C25
00374 TERMINAL PUNTA COLORADA;1000076010;10;ZPAN;04-INCOPORACION MODU;;0;;;;MREYNA;1013130;Módulo N° 1 - Tareas Livianas;;88;100;0;12;5000167753;6/4/2026;Servicios;CUMPLIDO PARCIAL;MAINETE JAVIER ALBERTO;MR01;30/12/2026;16/10/2025;10133583;10;1;16/10/2025;16/10/2025;C25;4500111090;10;0374;1;MPITTIA;17/10/2025;30/12/2026;C25;1;6/4/2026;;;;;;;;;;04 Cert a Demanda;En curso;;C25
00374 TERMINAL PUNTA COLORADA;1000076010;20;ZPAN;04-INCOPORACION MODU;;0;;;;MREYNA;1013130;Módulo N° 3 - Tareas de Altura;;96;100;0;4;5000175457;3/6/2026;Servicios;CUMPLIDO PARCIAL;MAINETE JAVIER ALBERTO;MR01;30/12/2026;16/10/2025;10133583;20;1;16/10/2025;16/10/2025;C25;4500111090;20;0374;1;MPITTIA;17/10/2025;30/12/2026;C25;4;3/6/2026;;;;;;;;;;04 Cert a Demanda;En curso;;C25
00374 TERMINAL PUNTA COLORADA;1000076010;30;ZPAN;04-INCOPORACION MODU;;0;;;;MREYNA;1013130;Módulo N° 4 - Conductores de Vehículos;;100;100;0;0;5000168655;11/4/2026;Servicios;CUMPLIDO;MAINETE JAVIER ALBERTO;MR01;30/12/2026;16/10/2025;10133583;30;1;16/10/2025;16/10/2025;C25;4500111090;30;0374;1;MPITTIA;17/10/2025;30/6/2026;C25;3;11/4/2026;;;;;;;;;;04 Cert a Demanda;En curso - Total recepcionado;;C25
00374 TERMINAL PUNTA COLORADA;1000076010;40;ZPAN;04-INCOPORACION MODU;;0;;;;MREYNA;1013130;Módulo N° 5 - Espacios Confinados;;101;100;0;-1;5000160044;28/1/2026;Servicios;CUMPLIDO;MAINETE JAVIER ALBERTO;MR01;30/12/2026;16/10/2025;10133583;40;1;16/10/2025;16/10/2025;C25;4500111090;40;0374;1;MPITTIA;17/10/2025;30/6/2026;C25;5;28/1/2026;;;;;;;;;;04 Cert a Demanda;En curso;;C25
00374 TERMINAL PUNTA COLORADA;1000076010;50;ZPAN;04-INCOPORACION MODU;;0;;;;MREYNA;1013130;Estudios según Modulo 2 S/ ergo;;3;100;0;97;5000185521;22/8/2026;Servicios;CUMPLIDO PARCIAL;MAINETE JAVIER ALBERTO;MR01;30/12/2026;16/10/2025;10133583;50;1;16/10/2025;16/10/2025;C25;4500111090;50;0374;1;MPITTIA;17/10/2025;30/12/2026;C25;2;22/8/2026;;;;;;;;;;04 Cert a Demanda;En curso;;C25
00374 TERMINAL PUNTA COLORADA;1000076010;60;ZPAN;04-INCOPORACION MODU;;0;;;;MREYNA;1013130;Estudios según Modulo 6 S/ ergo;;89;100;0;11;5000165360;13/3/2026;Servicios;CUMPLIDO PARCIAL;MAINETE JAVIER ALBERTO;MR01;30/12/2026;16/10/2025;10133583;60;1;16/10/2025;16/10/2025;C25;4500111090;60;0374;1;MPITTIA;17/10/2025;30/12/2026;C25;1;13/3/2026;;;;;;;;;;04 Cert a Demanda;En curso;;C25
00374 TERMINAL PUNTA COLORADA;1000076674;10;ZPAN;04-CONTROL ALCOHOL Y;;0;;;;MREYNA;1022295;CONTROL DE ALCOHOL Y DROGAS;;177;180;0;3;5000175456;3/6/2026;Servicios;CUMPLIDO PARCIAL;MAINETE JAVIER ALBERTO;MR01;30/12/2026;28/10/2025;10134557;10;1;28/10/2025;29/10/2025;C25;4500111904;10;0374;1;MPITTIA;29/10/2025;30/12/2026;C25;6;3/6/2026;;;;;;;;;;04 Cert a Demanda;En curso;;C25
00374 TERMINAL PUNTA COLORADA;1000076683;10;ZPAN;04-ADICIONALES OC 45;;0;;;;MREYNA;1013131;CONVERSION MODULO 2 AL MODULO 3/4/5;;7;100;0;93;5000156336;20/12/2025;Servicios;CUMPLIDO PARCIAL;MAINETE JAVIER ALBERTO;MR01;30/12/2026;28/10/2025;10134565;10;1;28/10/2025;29/10/2025;C25;4500111901;10;0374;1;MPITTIA;29/10/2025;31/12/2026;C25;1;20/12/2025;;;;;;;;;;04 Cert a Demanda;En curso;;C25
00374 TERMINAL PUNTA COLORADA;1000076683;20;ZPAN;04-ADICIONALES OC 45;;0;;;;MREYNA;1013131;ESPIROMETRÍA;;26;100;0;74;5000185525;22/8/2026;Servicios;CUMPLIDO PARCIAL;MAINETE JAVIER ALBERTO;MR01;30/12/2026;28/10/2025;10134565;20;1;28/10/2025;29/10/2025;C25;4500111901;20;0374;1;MPITTIA;29/10/2025;31/12/2026;C25;2;22/8/2026;;;;;;;;;;04 Cert a Demanda;En curso;;C25
00374 TERMINAL PUNTA COLORADA;1000076774;10;ZPAN;03-EXTENSION OC 4500;;0;;;;MREYNA;1035446;REPRESENTACION TECNICA;;9;13;0;4;5000185936;26/8/2026;Servicios;CUMPLIDO PARCIAL;SAN ROMAN GONZALO ARIEL;MR01;31/12/2026;29/10/2025;10134679;10;1;29/10/2025;30/10/2025;C25;4500113181;10;0374;1;MPITTIA;14/11/2025;31/12/2026;C25;9;26/8/2026;;;;;;;;;;03 Cert Mensual;En curso;Verde;C25
00374 TERMINAL PUNTA COLORADA;1000077138;10;ZPAN;04-POLIZA RC OBRA CI;;0;;;;NLAFORNARO;1012957;poliza rc 455585 374 obra civil;;1;1;0;0;5000153821;28/11/2025;Servicios;CUMPLIDO;SANCOR COOP. DE SEG. LTDA.;MR01;22/1/2027;4/11/2025;10135141;10;1;4/11/2025;4/11/2025;C16;4500113220;10;0374;1;JESPARZA;14/11/2025;22/1/2027;C16;1;28/11/2025;;;;;;;;;;04 Cert a Demanda;En curso - Total recepcionado;;C16
00374 TERMINAL PUNTA COLORADA;1000077149;10;ZPAN;03 - Lavandería Play;;0;;;;DSUAREZ;1013077;SERV LAVANDERIA 1/2 CAJON;;500;500;0;0;5000179250;3/7/2026;Servicios;CUMPLIDO;MALDONADO ELVA;MR01;31/12/2026;4/11/2025;10135151;10;1;4/11/2025;4/11/2025;C25;4500112708;10;0374;1;MPITTIA;10/11/2025;31/12/2026;C25;7;3/7/2026;;;;;;;;;;03 Cert Mensual;En curso - Total recepcionado;;C25
00374 TERMINAL PUNTA COLORADA;1000077149;20;ZPAN;03 - Lavandería Play;;0;;;;DSUAREZ;1013077;SERV LAVANDERIA 1 CAJON COMPLETO;;500;500;0;0;5000171870;6/5/2026;Servicios;CUMPLIDO;MALDONADO ELVA;MR01;31/12/2026;4/11/2025;10135151;20;1;4/11/2025;4/11/2025;C25;4500112708;20;0374;1;MPITTIA;10/11/2025;31/12/2026;C25;8;6/5/2026;;;;;;;;;;03 Cert Mensual;En curso - Total recepcionado;;C25
00374 TERMINAL PUNTA COLORADA;1000077198;10;ZPAN;02-Regularizacion La;;0;;;;DSUAREZ;1013024;VIATICOS IVA 10,5 REGULARIZACION;;89070;89070;0;0;5000152247;12/11/2025;Servicios;CUMPLIDO;SA IMPORTADORA Y EXP. DE LA PA;MR01;25/11/2026;5/11/2025;10135203;10;1;5/11/2025;15/11/2025;C25;4500112959;10;0374;1;MPITTIA;12/11/2025;25/11/2025;C25;1;12/11/2025;;;;;;;;;;02 Cert Quincenal;En curso - Total recepcionado;;C25
00374 TERMINAL PUNTA COLORADA;1000077198;20;ZPAN;02-Regularizacion La;;0;;;;DSUAREZ;1013024;VIATICOS IVA 10,5;;50000000;50000000;0;0;5000170951;28/4/2026;Servicios;CUMPLIDO;SA IMPORTADORA Y EXP. DE LA PA;MR01;25/11/2026;5/11/2025;10135203;20;1;5/11/2025;5/11/2025;C25;4500112960;20;0374;1;MPITTIA;12/11/2025;30/6/2026;C25;7;28/4/2026;;;;;;;;;;02 Cert Quincenal;En curso - Total recepcionado;;C25
00374 TERMINAL PUNTA COLORADA;1000077673;10;ZPAN;03- Transporte VA Ci;;0;;;;DSUAREZ;1022295;COMBI 19 PAX - N° 1;;12;12;0;0;5000187170;3/9/2026;Servicios;CUMPLIDO;TRANSPORTES VA S.R.L.;MR01;31/12/2026;13/11/2025;10135861;10;1;13/11/2025;14/11/2025;C25;4500114466;10;0374;1;MPITTIA;2/12/2025;31/12/2026;C25;12;3/9/2026;;;;;;;;;;03 Cert Mensual;En curso - Total recepcionado;;C25
00374 TERMINAL PUNTA COLORADA;1000077673;20;ZPAN;03- Transporte VA Ci;;0;;;;DSUAREZ;1022295;COMBI 19 PAX - N° 2;;12;12;0;0;5000187170;3/9/2026;Servicios;CUMPLIDO;TRANSPORTES VA S.R.L.;MR01;31/12/2026;13/11/2025;10135861;20;1;13/11/2025;14/11/2025;C25;4500114466;20;0374;1;MPITTIA;2/12/2025;31/12/2026;C25;12;3/9/2026;;;;;;;;;;03 Cert Mensual;En curso - Total recepcionado;;C25
00374 TERMINAL PUNTA COLORADA;1000077673;30;ZPAN;03- Transporte VA Ci;;0;;;;DSUAREZ;1022295;COMBI 19 PAX - N° 3;;12;12;0;0;5000187170;3/9/2026;Servicios;CUMPLIDO;TRANSPORTES VA S.R.L.;MR01;31/12/2026;13/11/2025;10135861;30;1;13/11/2025;14/11/2025;C25;4500114466;30;0374;1;MPITTIA;2/12/2025;31/12/2026;C25;12;3/9/2026;;;;;;;;;;03 Cert Mensual;En curso - Total recepcionado;;C25
00374 TERMINAL PUNTA COLORADA;1000077673;40;ZPAN;03- Transporte VA Ci;;0;;;;DSUAREZ;1022295;COMBI 19 PAX - N° 4;;12;12;0;0;5000187170;3/9/2026;Servicios;CUMPLIDO;TRANSPORTES VA S.R.L.;MR01;31/12/2026;13/11/2025;10135861;40;1;13/11/2025;14/11/2025;C25;4500114466;40;0374;1;MPITTIA;2/12/2025;31/12/2026;C25;12;3/9/2026;;;;;;;;;;03 Cert Mensual;En curso - Total recepcionado;;C25
00374 TERMINAL PUNTA COLORADA;1000077677;10;ZPAN;03- Transp Las Gruta;;0;;;;DSUAREZ;1013113;COLECTIVO 44 PAX - N° 1 x VIAJE;;315;315;0;0;5000164537;7/3/2026;Servicios;CUMPLIDO;LAS GRUTAS S A;MR01;31/12/2026;13/11/2025;10135863;10;1;13/11/2025;14/11/2025;C25;4500114323;10;0374;1;MPITTIA;1/12/2025;31/12/2026;C25;3;7/3/2026;;;;;;;;;;03 Cert Mensual;En curso - Total recepcionado;;C25
00374 TERMINAL PUNTA COLORADA;1000077677;20;ZPAN;03- Transp Las Gruta;;0;;;;DSUAREZ;1013113;COLECTIVO 44 PAX - N° 2 x VIAJE;;315;315;0;0;5000175392;3/6/2026;Servicios;CUMPLIDO;LAS GRUTAS S A;MR01;31/12/2026;13/11/2025;10135863;20;1;13/11/2025;14/11/2025;C25;4500114323;20;0374;1;MPITTIA;1/12/2025;31/12/2026;C25;4;3/6/2026;;;;;;;;;;03 Cert Mensual;En curso - Total recepcionado;;C25
00374 TERMINAL PUNTA COLORADA;1000077677;30;ZPAN;03- Transp Las Gruta;;0;;;;DSUAREZ;1013113;COLECTIVO 44 PAX - N° 3 x VIAJE;;315;315;0;0;5000183233;5/8/2026;Servicios;CUMPLIDO;LAS GRUTAS S A;MR01;31/12/2026;13/11/2025;10135863;30;1;13/11/2025;14/11/2025;C25;4500114323;30;0374;1;MPITTIA;1/12/2025;31/12/2026;C25;3;5/8/2026;;;;;;;;;;03 Cert Mensual;En curso - Total recepcionado;;C25
00374 TERMINAL PUNTA COLORADA;1000077677;40;ZPAN;03- Transp Las Gruta;;0;;;;DSUAREZ;1013113;COLECTIVO 44 PAX - N° 4 LINEA;;315;315;0;0;5000179246;3/7/2026;Servicios;CUMPLIDO;LAS GRUTAS S A;MR01;31/12/2026;13/11/2025;10135863;40;1;13/11/2025;14/11/2025;C25;4500114323;40;0374;1;MPITTIA;1/12/2025;31/12/2026;C25;5;3/7/2026;;;;;;;;;;03 Cert Mensual;En curso - Total recepcionado;;C25
00374 TERMINAL PUNTA COLORADA;1000077677;50;ZPAN;03- Transp Las Gruta;;0;;;;DSUAREZ;1013113;COLECTIVO 44 PAX - N° 5 LINEA;;175;315;0;140;5000187196;3/9/2026;Servicios;CUMPLIDO PARCIAL;LAS GRUTAS S A;MR01;31/12/2026;13/11/2025;10135863;50;1;13/11/2025;14/11/2025;C25;4500114323;50;0374;1;MPITTIA;1/12/2025;31/12/2026;C25;3;3/9/2026;;;;;;;;;;03 Cert Mensual;En curso;Verde;C25
00374 TERMINAL PUNTA COLORADA;1000077679;10;ZPAN;03 - Agua Bidon Noal;;0;;;;DSUAREZ;1025992;ALQUILER DISPENSER FRIO CALOR x MES;;60;72;0;12;5000186779;1/9/2026;Servicios;CUMPLIDO PARCIAL;NOALE CLAUDIA ELISABETH VIVIANA;MR01;31/12/2026;13/11/2025;10135865;10;1;13/11/2025;14/11/2025;C25;4500114127;10;0374;1;MPITTIA;28/11/2025;3/12/2026;C25;10;1/9/2026;;;;;;;;;;03 Cert Mensual;En curso;Verde;C25
00374 TERMINAL PUNTA COLORADA;1000077679;20;ZPAN;03 - Agua Bidon Noal;;0;;;;DSUAREZ;1022295;BIDON DE AGUA X 20LTS;;2491;3500;0;1009;5000186779;1/9/2026;Servicios;CUMPLIDO PARCIAL;NOALE CLAUDIA ELISABETH VIVIANA;MR01;31/12/2026;13/11/2025;10135865;20;1;13/11/2025;14/11/2025;C25;4500114127;20;0374;1;MPITTIA;28/11/2025;3/12/2026;C25;10;1/9/2026;;;;;;;;;;03 Cert Mensual;En curso;Verde;C25
00374 TERMINAL PUNTA COLORADA;1000077683;10;ZPAN;03 - Agua Bidon Paz;;0;;;;DSUAREZ;1025992;ALQUILER DISPENSER FRIO CALOR x MES;;106;144;0;38;5000186697;1/9/2026;Servicios;CUMPLIDO PARCIAL;PAZ PABLO FABIAN;MR01;31/12/2026;13/11/2025;10135870;10;1;13/11/2025;14/11/2025;C25;4500115290;10;0374;1;MPITTIA;12/12/2025;31/12/2026;C25;9;1/9/2026;;;;;;;;;;03 Cert Mensual;En curso;Verde;C25
00374 TERMINAL PUNTA COLORADA;1000077683;20;ZPAN;03 - Agua Bidon Paz;;0;;;;DSUAREZ;1022295;BIDON DE AGUA X 20LTS;;4513;5500;0;987;5000186697;1/9/2026;Servicios;CUMPLIDO PARCIAL;PAZ PABLO FABIAN;MR01;31/12/2026;13/11/2025;10135870;20;1;13/11/2025;14/11/2025;C25;4500115290;20;0374;1;MPITTIA;12/12/2025;31/12/2026;C25;9;1/9/2026;;;;;;;;;;03 Cert Mensual;En curso;Verde;C25
00374 TERMINAL PUNTA COLORADA;1000077704;10;ZPAN;03-Transporte Forane;;0;;;;DSUAREZ;1022295;TRANSPORTE PASAJEROS FORANEO 19PAX x MES;;3;12;0;9;5000164540;7/3/2026;Servicios;CUMPLIDO PARCIAL;PAZ DIEGO ADRIAN;MR01;31/12/2026;13/11/2025;10135903;10;1;13/11/2025;14/11/2025;C25;4500114906;10;0374;1;MPITTIA;9/12/2025;31/12/2026;C25;5;7/3/2026;;;;;;;;;;03 Cert Mensual;En curso;Rojo;C25
00374 TERMINAL PUNTA COLORADA;1000077705;10;ZPAN;03-Control de Plagas;;0;;;;DSUAREZ;1013139;PLAN COMPLETO CONTROL DE PLAGAS X MES;;8;12;0;4;5000186687;1/9/2026;Servicios;CUMPLIDO PARCIAL;MOLINA SOTO MATIAS FABIAN;MR01;31/12/2026;13/11/2025;10135904;10;1;13/11/2025;14/11/2025;C25;4500115871;10;0374;1;MPITTIA;21/12/2025;31/12/2026;C25;8;1/9/2026;;;;;;;;;;03 Cert Mensual;En curso;Verde;C25
00374 TERMINAL PUNTA COLORADA;1000077950;10;ZPAN;03 - EXTENSION OC 45;;0;;;;MREYNA;1036581;SERVICIO ALQ. GARITA DE SEG PUNTA2 XMES;;6;6;0;0;5000177585;20/6/2026;Servicios;CUMPLIDO;ECOPORTATILES SA;MR01;5/12/2026;17/11/2025;10136111;10;1;17/11/2025;28/11/2025;C03;4500114265;10;0374;1;EFUNES;1/12/2025;30/7/2026;C03;6;20/6/2026;;;;;;;;;;03 Cert Mensual;En curso - Total recepcionado;;C03
00374 TERMINAL PUNTA COLORADA;1000077950;20;ZPAN;03 - EXTENSION OC 45;;0;;;;MREYNA;1036581;AIRE ACONDICIONADO PARA GARITA X MES;;6;6;0;0;5000177585;20/6/2026;Servicios;CUMPLIDO;ECOPORTATILES SA;MR01;5/12/2026;17/11/2025;10136111;20;1;17/11/2025;28/11/2025;C03;4500114265;20;0374;1;EFUNES;1/12/2025;30/7/2026;C03;6;20/6/2026;;;;;;;;;;03 Cert Mensual;En curso - Total recepcionado;;C03
00374 TERMINAL PUNTA COLORADA;1000077950;30;ZPAN;03 - EXTENSION OC 45;;0;;;;MREYNA;1036581;SERVICIO ALQ. GARITA DE SEG POZO X MES;;6;6;0;0;5000177585;20/6/2026;Servicios;CUMPLIDO;ECOPORTATILES SA;MR01;5/12/2026;17/11/2025;10136111;30;1;17/11/2025;28/11/2025;C03;4500114265;30;0374;1;EFUNES;1/12/2025;30/7/2026;C03;6;20/6/2026;;;;;;;;;;03 Cert Mensual;En curso - Total recepcionado;;C03
00374 TERMINAL PUNTA COLORADA;1000077950;40;ZPAN;03 - EXTENSION OC 45;;0;;;;MREYNA;1036581;SERVICIO ALQ. GARITA DE SEG SIERRA X MES;;6;6;0;0;5000177585;20/6/2026;Servicios;CUMPLIDO;ECOPORTATILES SA;MR01;5/12/2026;17/11/2025;10136111;40;1;17/11/2025;28/11/2025;C03;4500114265;40;0374;1;EFUNES;1/12/2025;30/7/2026;C03;6;20/6/2026;;;;;;;;;;03 Cert Mensual;En curso - Total recepcionado;;C03
00374 TERMINAL PUNTA COLORADA;1000077950;50;ZPAN;03 - EXTENSION OC 45;;0;;;;MREYNA;1036581;SERVICIO ALQ. GARITA DE SEG PUNTA X MES;;6;6;0;0;5000177585;20/6/2026;Servicios;CUMPLIDO;ECOPORTATILES SA;MR01;5/12/2026;17/11/2025;10136111;50;1;17/11/2025;28/11/2025;C03;4500114265;50;0374;1;EFUNES;1/12/2025;30/7/2026;C03;6;20/6/2026;;;;;;;;;;03 Cert Mensual;En curso - Total recepcionado;;C03
00374 TERMINAL PUNTA COLORADA;1000077962;10;ZPAN;03 - RSU DADAM;;0;;;;DSUAREZ;1035384;ALQ Y RETIRO DE RSU - OBRA A PMY;;29;29;0;0;5000168081;7/4/2026;Servicios;CUMPLIDO;DADAM HNOS S.R.L;MR01;30/12/2026;17/11/2025;10136131;10;1;17/11/2025;2/6/2026;C25;4500116730;10;0374;1;MPITTIA;6/1/2026;30/12/2026;C25;3;7/4/2026;;;;;;;;;;03 Cert Mensual;En curso - Total recepcionado;;C25
00374 TERMINAL PUNTA COLORADA;1000077962;20;ZPAN;03 - RSU DADAM;;0;;;;DSUAREZ;1035384;RESIDUOS RSU X TN;;13,9;13,9;0;0;5000168081;7/4/2026;Servicios;CUMPLIDO;DADAM HNOS S.R.L;MR01;30/12/2026;17/11/2025;10136131;20;1;17/11/2025;2/6/2026;C25;4500116730;20;0374;1;MPITTIA;6/1/2026;30/12/2026;C25;3;7/4/2026;;;;;;;;;;03 Cert Mensual;En curso - Total recepcionado;;C25
00374 TERMINAL PUNTA COLORADA;1000078012;10;ZPAN;03 - Trat Residuos P;;0;;;;DSUAREZ;1036090;FLETE TTE CAMION CISTERNA RES PELIG;;0;6;0;6;;;Servicios;ADJUDICADO;SOLUCIONES AMBIENTALES PATAGONIA;MR01;31/12/2026;18/11/2025;10136216;10;1;18/11/2025;19/11/2025;C25;4500114988;10;0374;1;MPITTIA;10/12/2025;31/12/2026;C25;0;;;;;;;;;;;03 Cert Mensual;En curso;;C25
00374 TERMINAL PUNTA COLORADA;1000078012;20;ZPAN;03 - Trat Residuos P;;0;;;;DSUAREZ;1036089;FLETE TTE CAMION RES PELIGROSOS SEDE;;6;6;0;0;5000184419;13/8/2026;Servicios;CUMPLIDO;SOLUCIONES AMBIENTALES PATAGONIA;MR01;31/12/2026;18/11/2025;10136216;20;1;18/11/2025;19/11/2025;C25;4500114988;20;0374;1;MPITTIA;10/12/2025;31/12/2026;C25;5;13/8/2026;;;;;;;;;;03 Cert Mensual;En curso - Total recepcionado;;C25
00374 TERMINAL PUNTA COLORADA;1000078012;30;ZPAN;03 - Trat Residuos P;;0;;;;DSUAREZ;1036084;TRAT RESIDUOS PELIGROSOS Y5;;16,47;25;0;8,53;5000184419;13/8/2026;Servicios;CUMPLIDO PARCIAL;SOLUCIONES AMBIENTALES PATAGONIA;MR01;31/12/2026;18/11/2025;10136216;30;1;18/11/2025;19/11/2025;C25;4500114988;30;0374;1;MPITTIA;10/12/2025;31/12/2026;C25;4;13/8/2026;;;;;;;;;;03 Cert Mensual;En curso;Verde;C25
00374 TERMINAL PUNTA COLORADA;1000078012;40;ZPAN;03 - Trat Residuos P;;0;;;;DSUAREZ;1042559;TRAT. DE RESIDUOS PELIGROSOS Y15 (TON);;12,49;25;0;12,51;5000175355;2/6/2026;Servicios;CUMPLIDO PARCIAL;SOLUCIONES AMBIENTALES PATAGONIA;MR01;31/12/2026;18/11/2025;10136216;40;1;18/11/2025;19/11/2025;C25;4500114988;40;0374;1;MPITTIA;10/12/2025;31/12/2026;C25;4;2/6/2026;;;;;;;;;;03 Cert Mensual;En curso;Rojo;C25
00374 TERMINAL PUNTA COLORADA;1000078012;50;ZPAN;03 - Trat Residuos P;;0;;;;DSUAREZ;1036085;TRAT Y DISP FINAL RES PELIGROSOS Y44;;0;2;0;2;;;Servicios;ADJUDICADO;SOLUCIONES AMBIENTALES PATAGONIA;MR01;31/12/2026;18/11/2025;10136216;50;1;18/11/2025;19/11/2025;C25;4500114988;50;0374;1;MPITTIA;10/12/2025;31/12/2026;C25;0;;;;;;;;;;;03 Cert Mensual;En curso;;C25
00374 TERMINAL PUNTA COLORADA;1000078012;60;ZPAN;03 - Trat Residuos P;;0;;;;DSUAREZ;1036088;ALQ CONTENEDOR PARA RES PELIGROSOS;;20;48;0;28;5000171909;6/5/2026;Servicios;CUMPLIDO PARCIAL;SOLUCIONES AMBIENTALES PATAGONIA;MR01;31/12/2026;18/11/2025;10136216;60;1;18/11/2025;19/11/2025;C25;4500114988;60;0374;1;MPITTIA;10/12/2025;31/12/2026;C25;3;6/5/2026;;;;;;;;;;03 Cert Mensual;En curso;Rojo;C25
00374 TERMINAL PUNTA COLORADA;1000078020;10;ZPAN;03-Viandas Punta Nor;;0;;;;DSUAREZ;1013116;VIANDA ALMUERZO LINEA CALIENTE XUN;;86379;112000;0;25621;5000186902;2/9/2026;Servicios;CUMPLIDO PARCIAL;PUNTA NORTE S.R.L.;MR01;31/12/2026;18/11/2025;10136224;10;1;18/11/2025;19/11/2025;C25;4500115636;10;0374;1;MPITTIA;17/12/2025;31/12/2026;C25;16;2/9/2026;;;;;;;;;;03 Cert Mensual;En curso;Verde;C25
00374 TERMINAL PUNTA COLORADA;1000078822;10;ZPAN;03 - SERV DE INTERNE;;0;;;;JIBANEZ;1025931;SERV. INTERNET X MES -  1TB - BASE SG;;2;12;0;10;5000184847;18/8/2026;Servicios;CUMPLIDO PARCIAL;TELEFONICA MOVILES ARG. S.A. (MOVIS;MR01;30/12/2026;2/12/2025;10137255;10;1;2/12/2025;2/12/2025;C25;4500115860;10;0374;1;MPITTIA;20/12/2025;30/12/2026;C25;2;18/8/2026;;;;;;;;;;03 Cert Mensual;En curso;Verde;C25
00374 TERMINAL PUNTA COLORADA;1000079292;10;ZPAN;03- 5ta Combi - Tras;;0;;;;DSUAREZ;1022295;COMBI MOVIMIENTOS INTERNOS X MES;;12;12;0;0;5000187170;3/9/2026;Servicios;CUMPLIDO;TRANSPORTES VA S.R.L.;MR01;31/12/2026;10/12/2025;10137888;10;1;10/12/2025;11/12/2025;C25;4500116042;10;0374;1;MPITTIA;23/12/2025;31/12/2026;C25;12;3/9/2026;;;;;;;;;;03 Cert Mensual;En curso - Total recepcionado;;C25
00374 TERMINAL PUNTA COLORADA;1000079621;10;ZPAN;POLIZA DE TANQUE;;0;;;;NLAFORNARO;1012967;poliza de tanque 449421 endoso 2;;1;1;0;0;5000156814;29/12/2025;Servicios;CUMPLIDO;FEDERACION PATRONAL SEG. S.A.;MR01;31/1/2027;15/12/2025;10138320;10;1;15/12/2025;16/12/2025;C16;4500116275;10;0374;1;JESPARZA;29/12/2025;31/1/2027;C16;1;29/12/2025;;;;;;;;;;Sin aclaración;En curso - Total recepcionado;;C16
00374 TERMINAL PUNTA COLORADA;1000079638;10;ZPAN;04 - Rayos X Bisotto;;0;;;;DSUAREZ;1022295;SERVICIO RAYOS X BISOTTO;;0;30;0;30;;;Servicios;ADJUDICADO;LABORATORIO  ANA BISOTTO;MR01;30/12/2026;15/12/2025;10138347;10;1;15/12/2025;16/12/2025;C25;4500117381;10;0374;1;MPITTIA;14/1/2026;30/12/2026;C25;0;;;;;;;;;;;04 Cert a Demanda;En curso;;C25
00374 TERMINAL PUNTA COLORADA;1000079656;10;ZPAN;03 - Medio Ambiente;;0;;;;DSUAREZ;1025973;SS HIG. SEG. Y MEDIO AMB. XMES;;6;12;0;6;5000183434;6/8/2026;Servicios;CUMPLIDO PARCIAL;CAUQUEN SRL;MR01;31/12/2026;16/12/2025;10138358;10;1;16/12/2025;16/12/2025;C25;4500116734;10;0374;1;MPITTIA;6/1/2026;31/12/2026;C25;6;6/8/2026;;;;;;;;;;03 Cert Mensual;En curso;Rojo;C25
00374 TERMINAL PUNTA COLORADA;1000079957;10;ZPAN;04 - EXTENSION OC 45;;0;;;;MREYNA;1035489;SERVICIO RECARGA TUBO GAS 45 KG;;40;40;0;0;5000177583;20/6/2026;Servicios;CUMPLIDO;AIRALDE VICTOR NICOLAS;MR01;13/10/2026;22/12/2025;10138842;10;1;22/12/2025;22/12/2025;C25;4500117294;10;0374;1;MPITTIA;13/1/2026;30/6/2026;C25;12;20/6/2026;;;;;;;;;;04 Cert a Demanda;En curso - Próximo a vencer;;C25
00374 TERMINAL PUNTA COLORADA;1000079957;20;ZPAN;04 - EXTENSION OC 45;;0;;;;MREYNA;1035491;SERVICIO RECARGA TUBO GAS 10 KG;;10;10;0;0;5000173781;20/5/2026;Servicios;CUMPLIDO;AIRALDE VICTOR NICOLAS;MR01;13/10/2026;22/12/2025;10138842;20;1;22/12/2025;22/12/2025;C25;4500117294;20;0374;1;MPITTIA;13/1/2026;30/6/2026;C25;6;20/5/2026;;;;;;;;;;04 Cert a Demanda;En curso - Próximo a vencer;;C25
00374 TERMINAL PUNTA COLORADA;1000080470;10;ZPAN;CMD - Cintia Alarcon;;0;;;;DSUAREZ;1022295;CURSO MANEJO DEFENSIVO;;6;6;0;0;5000161113;5/2/2026;Servicios;CUMPLIDO;BUSTOS MARIA LORENA;MR01;10/10/2026;6/1/2026;10139655;10;1;6/1/2026;6/1/2026;374;4500116759;10;0374;1;WDILLMAN;6/1/2026;9/2/2026;374;1;5/2/2026;;;;;;;;;;Sin aclaración;En curso - Próximo a vencer;;374
00374 TERMINAL PUNTA COLORADA;1000080632;10;ZPAN;03- Vigilancia Priva;;0;;;;DSUAREZ;1013147;SERV VIGIL OBRADOR SIERRA GRANDE;;3826,5;5760;0;1933,5;5000186010;26/8/2026;Servicios;CUMPLIDO PARCIAL;ARCE JAIME WALTER;MR01;31/12/2026;8/1/2026;10139903;10;1;8/1/2026;9/1/2026;C25;4500118284;10;0374;1;MPITTIA;23/1/2026;31/12/2026;C25;8;26/8/2026;;;;;;;;;;03 Cert Mensual;En curso;Verde;C25
00374 TERMINAL PUNTA COLORADA;1000080632;20;ZPAN;03- Vigilancia Priva;;0;;;;DSUAREZ;1013147;SERV VIGIL OBRADOR PUNTA COLORADA;;3471;5760;0;2289;5000186010;26/8/2026;Servicios;CUMPLIDO PARCIAL;ARCE JAIME WALTER;MR01;31/12/2026;8/1/2026;10139903;30;1;8/1/2026;9/1/2026;C25;4500118284;30;0374;1;MPITTIA;23/1/2026;31/12/2026;C25;8;26/8/2026;;;;;;;;;;03 Cert Mensual;En curso;Verde;C25
00374 TERMINAL PUNTA COLORADA;1000080632;30;ZPAN;03- Vigilancia Priva;;0;;;;DSUAREZ;1013147;SERV VIGIL POZO OLIVARES PUNTA COLORADA;;1806;1920;0;114;5000178096;25/6/2026;Servicios;CUMPLIDO PARCIAL;ARCE JAIME WALTER;MR01;31/12/2026;8/1/2026;10139903;20;1;8/1/2026;9/1/2026;C25;4500118284;20;0374;1;MPITTIA;23/1/2026;31/12/2026;C25;6;25/6/2026;;;;;;;;;;03 Cert Mensual;En curso;Rojo;C25
00374 TERMINAL PUNTA COLORADA;1000080916;10;ZPAN;02-Viaticos 21% La A;;0;;;;DSUAREZ;1013024;VIATICOS 21%;;199999999,2;199999999,2;0;0;5000176123;8/6/2026;Servicios;CUMPLIDO;SA IMPORTADORA Y EXP. DE LA PA;MR01;31/12/2026;13/1/2026;10140200;10;1;13/1/2026;13/1/2026;C25;4500117785;10;0374;1;MPITTIA;19/1/2026;31/12/2026;C25;12;8/6/2026;;;;;;;;;;02 Cert Quincenal;En curso - Total recepcionado;;C25
00374 TERMINAL PUNTA COLORADA;1000081229;10;ZPAN;03 - SERV MEDICO MAI;;0;;;;MREYNA;1027345;SERVICIO MEDICO EN OBRA X MES;;7;6;0;-1;5000185518;22/8/2026;Servicios;CUMPLIDO;MAINETE JAVIER ALBERTO;MR01;30/10/2026;16/1/2026;10140637;10;1;16/1/2026;19/1/2026;C25;4500118313;10;0374;1;MPITTIA;23/1/2026;30/10/2026;C25;9;22/8/2026;;;;;;;;;;03 Cert Mensual;En curso;Verde;C25
00374 TERMINAL PUNTA COLORADA;1000081358;10;ZPAN;03 - Alquiler BQ y l;;0;;;;DSUAREZ;1022693;ALQUILER BAÑO QUIMICO X MES;;88;96;0;8;5000186741;1/9/2026;Servicios;CUMPLIDO PARCIAL;ECOPORTATILES SA;MR01;20/1/2027;20/1/2026;10140795;10;1;20/1/2026;20/1/2026;C25;4500118607;10;0374;1;MPITTIA;28/1/2026;20/1/2027;C25;2;1/9/2026;;;;;;;;;;03 Cert Mensual;En curso;Verde;C25
00374 TERMINAL PUNTA COLORADA;1000081358;20;ZPAN;03 - Alquiler BQ y l;;0;;;;DSUAREZ;1013136;SERVICIO LIMPIEZA DESAGOTE BANO QUIMICO;;56;2500;0;2444;5000186741;1/9/2026;Servicios;CUMPLIDO PARCIAL;ECOPORTATILES SA;MR01;20/1/2027;20/1/2026;10140795;20;1;20/1/2026;20/1/2026;C25;4500118607;20;0374;1;MPITTIA;28/1/2026;20/1/2027;C25;1;1/9/2026;;;;;;;;;;03 Cert Mensual;En curso;Verde;C25
00374 TERMINAL PUNTA COLORADA;1000081581;10;ZPAN;04-Extension Modulo;;0;;;;DSUAREZ;1013130;Módulo N° 5 - Esp Confinado REG FC6A45;;24;24;0;0;5000160014;28/1/2026;Servicios;CUMPLIDO;MAINETE JAVIER ALBERTO;MR01;30/9/2026;23/1/2026;10141177;10;1;23/1/2026;23/1/2026;C25;4500118496;10;0374;1;MPITTIA;26/1/2026;30/4/2026;C25;1;28/1/2026;;;;;;;;;;04 Cert a Demanda;En curso - Próximo a vencer;;C25
00374 TERMINAL PUNTA COLORADA;1000081581;20;ZPAN;04-Extension Modulo;;0;;;;DSUAREZ;1013130;Módulo N° 5 - Espacios Confinados;;74;100;0;26;5000185522;22/8/2026;Servicios;CUMPLIDO PARCIAL;MAINETE JAVIER ALBERTO;MR01;30/9/2026;23/1/2026;10141177;20;1;23/1/2026;23/1/2026;C25;4500118616;10;0374;1;MPITTIA;28/1/2026;30/9/2026;C25;4;22/8/2026;;;;;;;;;;04 Cert a Demanda;En curso - Próximo a vencer;;C25
00374 TERMINAL PUNTA COLORADA;1000081684;100;ZPAN;03 - Campa PM 2010 -;;24;;;;DSUAREZ;1025931;SERVICIO DE INTERNET 1TB X MES;;4;4;0;0;5000175562;3/6/2026;Servicios;CUMPLIDO;JAWIT S.A.;MR01;26/9/2026;24/1/2026;10141306;100;1;24/1/2026;27/1/2026;C25;4500118752;100;0374;1;MPITTIA;29/1/2026;26/9/2026;C25;4;3/6/2026;;;;;;;;;;03 Cert Mensual;En curso - Próximo a vencer;Rojo;C25
00374 TERMINAL PUNTA COLORADA;1000082040;10;ZPAN;03 - CAMPAMENTO - AL;;24;;;;JIBANEZ;1033267;ALQ CONTENEDOR P/COMEDOR 6MTS X UN;;6;6;0;0;5000180573;15/7/2026;Servicios;CUMPLIDO;BASANI SA;MR01;30/9/2026;30/1/2026;10141775;10;1;30/1/2026;30/1/2026;C04;4500119090;10;0374;1;WVENTURINI;3/2/2026;30/9/2026;C04;5;15/7/2026;;;;;;;;;;03 Cert Mensual;En curso - Próximo a vencer;Rojo;C04
00374 TERMINAL PUNTA COLORADA;1000082040;20;ZPAN;03 - CAMPAMENTO - AL;;24;;;;JIBANEZ;1033267;ALQ CONTENEDOR P/COMEDOR 6MTS X UN;;6;6;0;0;5000180573;15/7/2026;Servicios;CUMPLIDO;BASANI SA;MR01;30/9/2026;30/1/2026;10141775;20;1;30/1/2026;30/1/2026;C04;4500119090;20;0374;1;WVENTURINI;3/2/2026;30/9/2026;C04;5;15/7/2026;;;;;;;;;;03 Cert Mensual;En curso - Próximo a vencer;Rojo;C04
00374 TERMINAL PUNTA COLORADA;1000082040;30;ZPAN;03 - CAMPAMENTO - AL;;24;;;;JIBANEZ;1033267;ALQ CONTENDOR P/OFICINA 6MTS X UN;;6;6;0;0;5000180573;15/7/2026;Servicios;CUMPLIDO;BASANI SA;MR01;30/9/2026;30/1/2026;10141775;30;1;30/1/2026;30/1/2026;C04;4500119090;30;0374;1;WVENTURINI;3/2/2026;30/9/2026;C04;5;15/7/2026;;;;;;;;;;03 Cert Mensual;En curso - Próximo a vencer;Rojo;C04
00374 TERMINAL PUNTA COLORADA;1000082040;40;ZPAN;03 - CAMPAMENTO - AL;;24;;;;JIBANEZ;1033267;ALQ CONTENEDOR P/PAÑOL 6MTS X UN;;6;6;0;0;5000180573;15/7/2026;Servicios;CUMPLIDO;BASANI SA;MR01;30/9/2026;30/1/2026;10141775;40;1;30/1/2026;30/1/2026;C04;4500119090;40;0374;1;WVENTURINI;3/2/2026;30/9/2026;C04;5;15/7/2026;;;;;;;;;;03 Cert Mensual;En curso - Próximo a vencer;Rojo;C04
00374 TERMINAL PUNTA COLORADA;1000082262;10;ZPAN;03- Transp Las Gruta;;0;;;;JIBANEZ;1013113;COLECTIVO 44 PAX - N° 6 x VIAJE;;143;240;0;97;5000187196;3/9/2026;Servicios;CUMPLIDO PARCIAL;LAS GRUTAS S A;MR01;31/12/2026;3/2/2026;10142026;10;1;3/2/2026;3/2/2026;C25;4500119963;10;0374;1;MPITTIA;12/2/2026;31/12/2026;C25;3;3/9/2026;;;;;;;;;;03 Cert Mensual;En curso;Verde;C25
00374 TERMINAL PUNTA COLORADA;1000082262;20;ZPAN;03- Transp Las Gruta;;0;;;;JIBANEZ;1013113;COLECTIVO 44 PAX - N° 7 x VIAJE;;0;240;0;240;;;Servicios;ADJUDICADO;LAS GRUTAS S A;MR01;31/12/2026;3/2/2026;10142026;20;1;3/2/2026;3/2/2026;C25;4500119963;20;0374;1;MPITTIA;12/2/2026;31/12/2026;C25;0;;;;;;;;;;;03 Cert Mensual;En curso;;C25
00374 TERMINAL PUNTA COLORADA;1000082384;10;ZPAN;03-Servicio Dosimetr;;0;;;;DSUAREZ;1042203;SERV DE DOSIMETRIA ANTONIO AYM X MES;;6;12;0;6;5000184190;12/8/2026;Servicios;CUMPLIDO PARCIAL;ASOC.CIVIL PROF TECRADIOL ROSA;MR01;24/12/2026;4/2/2026;10142264;10;1;4/2/2026;4/2/2026;C24;4500119666;10;0374;1;MPITTIA;9/2/2026;24/12/2026;C24;6;12/8/2026;;;;;;;;;;03 Cert Mensual;En curso;Verde;C24
00374 TERMINAL PUNTA COLORADA;1000082384;20;ZPAN;03-Servicio Dosimetr;;0;;;;DSUAREZ;1042203;SERV DE DOSIMETRIA SOFIA HERNA X MES;;6;12;0;6;5000184190;12/8/2026;Servicios;CUMPLIDO PARCIAL;ASOC.CIVIL PROF TECRADIOL ROSA;MR01;24/12/2026;4/2/2026;10142264;20;1;4/2/2026;4/2/2026;C24;4500119666;20;0374;1;MPITTIA;9/2/2026;24/12/2026;C24;6;12/8/2026;;;;;;;;;;03 Cert Mensual;En curso;Verde;C24
00374 TERMINAL PUNTA COLORADA;1000082384;30;ZPAN;03-Servicio Dosimetr;;0;;;;DSUAREZ;1042203;SERV DE DOSIMETRIA EMILIANO LEAL X MES;;6;12;0;6;5000184190;12/8/2026;Servicios;CUMPLIDO PARCIAL;ASOC.CIVIL PROF TECRADIOL ROSA;MR01;24/12/2026;4/2/2026;10142264;30;1;4/2/2026;4/2/2026;C24;4500119666;30;0374;1;MPITTIA;9/2/2026;24/12/2026;C24;6;12/8/2026;;;;;;;;;;03 Cert Mensual;En curso;Verde;C24
00374 TERMINAL PUNTA COLORADA;1000082384;40;ZPAN;03-Servicio Dosimetr;;0;;;;DSUAREZ;1042203;SERV DE DOSIMETRIA JONATAN VAZQUEZ X MES;;6;12;0;6;5000184190;12/8/2026;Servicios;CUMPLIDO PARCIAL;ASOC.CIVIL PROF TECRADIOL ROSA;MR01;24/12/2026;4/2/2026;10142264;40;1;4/2/2026;4/2/2026;C24;4500119666;40;0374;1;MPITTIA;9/2/2026;24/12/2026;C24;6;12/8/2026;;;;;;;;;;03 Cert Mensual;En curso;Verde;C24
00374 TERMINAL PUNTA COLORADA;1000082558;10;ZPAN;03 - Medico en Obra;;0;;;;DSUAREZ;1013024;VIATICOS COMBUSTIBLE MAINETE;;13;50;0;37;5000175451;3/6/2026;Servicios;CUMPLIDO PARCIAL;MAINETE JAVIER ALBERTO;MR01;31/12/2026;7/2/2026;10142487;10;1;7/2/2026;7/2/2026;C25;4500123150;10;0374;1;MPITTIA;23/3/2026;31/12/2026;C25;3;3/6/2026;;;;;;;;;;03 Cert Mensual;En curso;Rojo;C25
00374 TERMINAL PUNTA COLORADA;1000082558;20;ZPAN;03 - Medico en Obra;;0;;;;DSUAREZ;1013024;VIATICOS COMBUSTIBLE MAINETE FC196;;2;2;0;0;5000162823;23/2/2026;Servicios;CUMPLIDO;MAINETE JAVIER ALBERTO;MR01;31/12/2026;7/2/2026;10142487;20;1;7/2/2026;7/2/2026;C25;4500120242;20;0374;1;MPITTIA;18/2/2026;30/6/2026;C25;1;23/2/2026;;;;;;;;;;03 Cert Mensual;En curso - Total recepcionado;;C25
00374 TERMINAL PUNTA COLORADA;1000082575;20;ZPAN;REG-REC INTER/JAWIT-;;0;;;;MALCARAZ;1022295;RECARGA STARLINK 50 GB;;10;10;0;0;5000165410;13/3/2026;Servicios;CUMPLIDO;JAWIT S.A.;MR01;28/2/2027;7/2/2026;10142501;20;1;18/2/2026;19/2/2026;C25;4500120415;20;0374;1;MPITTIA;20/2/2026;28/2/2027;C25;1;13/3/2026;;;;;;;;;;Sin aclaración;En curso - Total recepcionado;;C25
00374 TERMINAL PUNTA COLORADA;1000083371;10;ZPAN;03 - ALQUILER BAÑOS;;0;;;;JIBANEZ;1047100;ALQUILER DE MODULO BAÑO 6MT X MES;;10;24;0;14;5000186739;1/9/2026;Servicios;CUMPLIDO PARCIAL;ECOPORTATILES SA;MR01;28/2/2027;21/2/2026;10143466;10;1;21/2/2026;24/2/2026;C25;4500121508;10;0374;1;MPITTIA;4/3/2026;28/2/2027;C25;3;1/9/2026;;;;;;;;;;03 Cert Mensual;En curso;Verde;C25
00374 TERMINAL PUNTA COLORADA;1000083371;20;ZPAN;03 - ALQUILER BAÑOS;;0;;;;JIBANEZ;1013136;SERVICIO LIMPIEZA DESAGOTE BANO QUIMICO;;116;576;0;460;5000186739;1/9/2026;Servicios;CUMPLIDO PARCIAL;ECOPORTATILES SA;MR01;28/2/2027;21/2/2026;10143466;20;1;21/2/2026;24/2/2026;C25;4500121508;20;0374;1;MPITTIA;4/3/2026;28/2/2027;C25;2;1/9/2026;;;;;;;;;;03 Cert Mensual;En curso;Verde;C25
00374 TERMINAL PUNTA COLORADA;1000083445;10;ZPAN;03 - SERVICIO MINBUS;;0;;;;SFERNANDEZ;1022295;MINIBUS TRANSPORTE FORANEOS  24PAX X MES;;7;10;0;3;5000187161;3/9/2026;Servicios;CUMPLIDO PARCIAL;PAZ DIEGO ADRIAN;MR01;31/12/2026;23/2/2026;10143583;10;1;23/2/2026;24/2/2026;C25;4500120745;10;0374;1;MPITTIA;24/2/2026;31/12/2026;C25;7;3/9/2026;;;;;;;;;;03 Cert Mensual;En curso;Verde;C25
00374 TERMINAL PUNTA COLORADA;1000083839;10;ZPAN;03 - VIATICOS INGEAP;;0;;;;JIBANEZ;1042086;VIATICOS X DIA;;742;1300;0;558;5000187184;3/9/2026;Servicios;CUMPLIDO PARCIAL;INGEAP S.A.S.;MR01;30/9/2026;27/2/2026;10144137;10;1;27/2/2026;28/2/2026;C26;4500121520;10;0374;1;AGONZALEZ;4/3/2026;30/9/2026;C26;12;3/9/2026;;;;;;;;;;03 Cert Mensual;En curso - Próximo a vencer;Verde;C26
00374 TERMINAL PUNTA COLORADA;1000083866;10;ZPAN;03-AUTOELEVADOR - EX;;0;;;;JIBANEZ;1033267;SERVICIO ALQUILER AUTOELEVADOR X MES;;6;9;0;3;5000180295;13/7/2026;Servicios;CUMPLIDO PARCIAL;GRUAS SAN BLAS S.A;MR01;31/12/2026;28/2/2026;10144172;10;1;28/2/2026;2/3/2026;C04;4500121562;10;0374;1;WVENTURINI;4/3/2026;31/12/2026;C04;5;13/7/2026;;;;;;;;;;03 Cert Mensual;En curso;Rojo;C04
00374 TERMINAL PUNTA COLORADA;1000084472;10;ZPAN;03-IMPRESORA LASER B;;0;;;;JIBANEZ;1026315;ALQUILER IMPRESORA BYN A3 X MES;;6;6;0;0;5000186662;1/9/2026;Servicios;CUMPLIDO;TECNICA Y SISTEMAS SRL;MR01;30/9/2026;10/3/2026;10144972;10;1;10/3/2026;10/3/2026;C25;4500122130;10;0374;1;MPITTIA;10/3/2026;30/9/2026;C25;6;1/9/2026;;;;;;;;;;03 Cert Mensual;En curso - Próximo a vencer;Verde;C25
00374 TERMINAL PUNTA COLORADA;1000084826;10;ZPAN;04 - Mainete Psicome;;0;;;;DSUAREZ;1013130;PSICOMETRICO MOD 3,4 Y 5;;90;45;0;-45;5000167753;6/4/2026;Servicios;CUMPLIDO;MAINETE JAVIER ALBERTO;MR01;7/4/2026;13/3/2026;10145414;10;1;13/3/2026;14/3/2026;C25;4500122994;10;0374;1;MPITTIA;19/3/2026;7/4/2026;C25;2;6/4/2026;;;;;;;;;;04 Cert a Demanda;Vencido con cant pendiente a recep;;C25
00374 TERMINAL PUNTA COLORADA;1000085833;10;ZPAN;03-Servicio Botellon;;0;;;;DSUAREZ;1022295;BIDON DE AGUA X 20LTS;;308;3600;0;3292;5000187541;7/9/2026;Servicios;CUMPLIDO PARCIAL;KRIGER ALEJANDRO SEBASTIAN;MR01;31/12/2026;31/3/2026;10146693;10;1;31/3/2026;31/3/2026;C25;4500124511;10;0374;1;MPITTIA;9/4/2026;31/12/2026;C25;5;7/9/2026;;;;;;;;;;03 Cert Mensual;En curso;Verde;C25
00374 TERMINAL PUNTA COLORADA;1000085958;20;ZPAN;04 - Hielo en Obra;;0;;;;DSUAREZ;1017912;SERVICIO HIELO POR BOLSON 10KG XUN;;230;2000;0;1770;5000171586;5/5/2026;Servicios;CUMPLIDO PARCIAL;CARRIZO PATRICIA DEL CARMEN;MR01;30/12/2026;2/4/2026;10146862;20;1;2/4/2026;2/4/2026;C25;4500124414;20;0374;1;MPITTIA;8/4/2026;30/12/2026;C25;2;5/5/2026;;;;;;;;;;04 Cert a Demanda;En curso;;C25
00374 TERMINAL PUNTA COLORADA;1000086236;10;ZPAN;03- RSU SAPSA;;0;;;;DSUAREZ;1035384;ALQUILER DE CONTENEDORES RESIDUOS X MES;;63,9;132;0;68,1;5000187021;3/9/2026;Servicios;CUMPLIDO PARCIAL;SOLUCIONES AMBIENTALES PATAGONIA;MR01;31/12/2026;8/4/2026;10147211;10;1;8/4/2026;9/4/2026;C25;4500124877;10;0374;1;MPITTIA;13/4/2026;31/12/2026;C25;5;3/9/2026;;;;;;;;;;03 Cert Mensual;En curso;Verde;C25
00374 TERMINAL PUNTA COLORADA;1000086236;20;ZPAN;03- RSU SAPSA;;0;;;;DSUAREZ;1035384;RESIDUOS HUMEDOS VERDE RSU X TN;;20;20;0;0;5000184423;13/8/2026;Servicios;CUMPLIDO;SOLUCIONES AMBIENTALES PATAGONIA;MR01;31/12/2026;8/4/2026;10147211;20;1;8/4/2026;9/4/2026;C25;4500124877;20;0374;1;MPITTIA;13/4/2026;31/12/2026;C25;5;13/8/2026;;;;;;;;;;03 Cert Mensual;En curso - Total recepcionado;;C25
00374 TERMINAL PUNTA COLORADA;1000086236;30;ZPAN;03- RSU SAPSA;;0;;;;DSUAREZ;1035384;RESIDUOS RECICLABLES AMARILLO RSU X TN;;50;50;0;0;5000187021;3/9/2026;Servicios;CUMPLIDO;SOLUCIONES AMBIENTALES PATAGONIA;MR01;31/12/2026;8/4/2026;10147211;30;1;8/4/2026;9/4/2026;C25;4500124877;30;0374;1;MPITTIA;13/4/2026;31/12/2026;C25;6;3/9/2026;;;;;;;;;;03 Cert Mensual;En curso - Total recepcionado;;C25
00374 TERMINAL PUNTA COLORADA;1000086236;40;ZPAN;03- RSU SAPSA;;0;;;;DSUAREZ;1035384;RESIDUOS RECICLABLES INDUS AZUL RSU X TN;;1;5;0;4;5000179993;9/7/2026;Servicios;CUMPLIDO PARCIAL;SOLUCIONES AMBIENTALES PATAGONIA;MR01;31/12/2026;8/4/2026;10147211;40;1;8/4/2026;9/4/2026;C25;4500124877;40;0374;1;MPITTIA;13/4/2026;31/12/2026;C25;1;9/7/2026;;;;;;;;;;03 Cert Mensual;En curso;Rojo;C25
00374 TERMINAL PUNTA COLORADA;1000086236;50;ZPAN;03- RSU SAPSA;;0;;;;DSUAREZ;1035384;FLETE TRANSPORTE CONTENEDOR 5MT3 X UN;;111;264;0;153;5000187021;3/9/2026;Servicios;CUMPLIDO PARCIAL;SOLUCIONES AMBIENTALES PATAGONIA;MR01;31/12/2026;8/4/2026;10147211;50;1;8/4/2026;9/4/2026;C25;4500124877;50;0374;1;MPITTIA;13/4/2026;31/12/2026;C25;6;3/9/2026;;;;;;;;;;03 Cert Mensual;En curso;Verde;C25
00374 TERMINAL PUNTA COLORADA;1000086368;10;ZPAN;04 - ESTUDIOS PSICOM;;0;;;;JIBANEZ;1013130;ESTUDIO PSICOMETRICOS X UN;;27;50;0;23;5000185523;22/8/2026;Servicios;CUMPLIDO PARCIAL;MAINETE JAVIER ALBERTO;MR01;31/12/2026;10/4/2026;10147351;10;1;10/4/2026;11/4/2026;C25;4500125184;10;0374;1;MPITTIA;16/4/2026;30/12/2026;C25;3;22/8/2026;;;;;;;;;;04 Cert a Demanda;En curso;;C25
00374 TERMINAL PUNTA COLORADA;1000086833;30;ZPAN;04 - HORMIGON P/OBRA;;0;;;;SFERNANDEZ;1012984;SERVICIO BOMBA H° TELESCOPICA;;6;15;0;9;5000183363;5/8/2026;Servicios;CUMPLIDO PARCIAL;CEMENTOS & CONSTRUCCIONES CF S. A.;MR01;25/10/2026;18/4/2026;10148038;30;1;18/4/2026;20/4/2026;C18;4500128279;30;0374;1;JESPARZA;21/5/2026;25/10/2026;C18;3;5/8/2026;;;;;;;;;;04 Cert a Demanda;En curso;;C18
00374 TERMINAL PUNTA COLORADA;1000086833;40;ZPAN;04 - HORMIGON P/OBRA;;0;;;;SFERNANDEZ;1012983;SERVICIO DE BOMBEO;;283;1200;0;917;5000183363;5/8/2026;Servicios;CUMPLIDO PARCIAL;CEMENTOS & CONSTRUCCIONES CF S. A.;MR01;25/10/2026;18/4/2026;10148038;40;1;18/4/2026;20/4/2026;C18;4500128279;40;0374;1;JESPARZA;21/5/2026;25/10/2026;C18;3;5/8/2026;;;;;;;;;;04 Cert a Demanda;En curso;;C18
00374 TERMINAL PUNTA COLORADA;1000087204;10;ZPAN;04-Remis Obra 374;;0;;;;DSUAREZ;1022296;SERVICIO REMIS POR KM - ANDRADE;;15000;15000;0;0;5000180311;13/7/2026;Servicios;CUMPLIDO;ANDRADE ERIC ALEXIS;MR01;31/12/2026;24/4/2026;10148538;10;1;24/4/2026;26/5/2026;C25;4500127369;10;0374;1;MPITTIA;12/5/2026;31/12/2026;C25;9;13/7/2026;;;;;;;;;;04 Cert a Demanda;En curso - Total recepcionado;;C25
00374 TERMINAL PUNTA COLORADA;1000087204;20;ZPAN;04-Remis Obra 374;;0;;;;DSUAREZ;1022296;SERVICIO REMIS POR KM - FIBER;;7964;30000;0;22036;5000187175;3/9/2026;Servicios;CUMPLIDO PARCIAL;HINOFUENTES HECTOR BELENCO;MR01;31/12/2026;24/4/2026;10148538;20;1;24/4/2026;24/4/2026;C25;4500126712;20;0374;1;MPITTIA;5/5/2026;31/12/2026;C25;1;3/9/2026;;;;;;;;;;04 Cert a Demanda;En curso;;C25
00374 TERMINAL PUNTA COLORADA;1000087214;10;ZPAN;04- EXTENSION DIRECT;;0;;;;SFERNANDEZ;1012981;FLETE PAQUETERIA DIRECTO SUR-;;10000000;10000000;0;0;5000181721;24/7/2026;Servicios;CUMPLIDO;DIRECTO SUR S. R. L.;MR01;31/12/2026;24/4/2026;10148546;10;1;24/4/2026;24/4/2026;C15;4500128657;10;0374;1;GDIAZ;27/5/2026;31/12/2026;C15;6;24/7/2026;;;;;;;;;;04 Cert a Demanda;En curso - Total recepcionado;;C15
00374 TERMINAL PUNTA COLORADA;1000087485;20;ZPAN;Regularizacion La An;;0;;;;DSUAREZ;1013024;VIATICOS 10,5%;;50000000;50000000;0;0;5000185544;22/8/2026;Servicios;CUMPLIDO;SA IMPORTADORA Y EXP. DE LA PA;MR01;19/12/2026;28/4/2026;10148831;20;1;28/4/2026;29/4/2026;C25;4500126903;20;0374;2;MPITTIA;6/5/2026;19/12/2026;C25;8;22/8/2026;;;;;;;;;;Sin aclaración;En curso - Total recepcionado;;C25
00374 TERMINAL PUNTA COLORADA;1000087492;10;ZPAN;03 - SERVICIO DE GOM;;0;;;;JIBANEZ;1034203;DESARME/ARME+ REP. liviano;;46;100;0;54;5000186656;1/9/2026;Servicios;CUMPLIDO PARCIAL;CONTRERAS BRIAN ALEXANDER;MR01;31/12/2026;29/4/2026;10148857;10;1;29/4/2026;29/4/2026;C04;4500126452;10;0374;1;GROSES;30/4/2026;31/12/2026;C04;4;1/9/2026;;;;;;;;;;03 Cert Mensual;En curso;Verde;C04
00374 TERMINAL PUNTA COLORADA;1000087492;20;ZPAN;03 - SERVICIO DE GOM;;0;;;;JIBANEZ;1034203;DESARME/ARME+ REP. camion s/camara;;14;80;0;66;5000186656;1/9/2026;Servicios;CUMPLIDO PARCIAL;CONTRERAS BRIAN ALEXANDER;MR01;31/12/2026;29/4/2026;10148857;20;1;29/4/2026;29/4/2026;C04;4500126452;20;0374;1;GROSES;30/4/2026;31/12/2026;C04;3;1/9/2026;;;;;;;;;;03 Cert Mensual;En curso;Verde;C04
00374 TERMINAL PUNTA COLORADA;1000087492;30;ZPAN;03 - SERVICIO DE GOM;;0;;;;JIBANEZ;1034203;DESARME/ARME+ REP. camion c/camara;;51;80;0;29;5000186656;1/9/2026;Servicios;CUMPLIDO PARCIAL;CONTRERAS BRIAN ALEXANDER;MR01;31/12/2026;29/4/2026;10148857;30;1;29/4/2026;29/4/2026;C04;4500126452;30;0374;1;GROSES;30/4/2026;31/12/2026;C04;4;1/9/2026;;;;;;;;;;03 Cert Mensual;En curso;Verde;C04
00374 TERMINAL PUNTA COLORADA;1000087492;40;ZPAN;03 - SERVICIO DE GOM;;0;;;;JIBANEZ;1034203;DESARME/ARME+ REP. pesados maquina;;12;45;0;33;5000186656;1/9/2026;Servicios;CUMPLIDO PARCIAL;CONTRERAS BRIAN ALEXANDER;MR01;31/12/2026;29/4/2026;10148857;40;1;29/4/2026;29/4/2026;C04;4500126452;40;0374;1;GROSES;30/4/2026;31/12/2026;C04;4;1/9/2026;;;;;;;;;;03 Cert Mensual;En curso;Verde;C04
00374 TERMINAL PUNTA COLORADA;1000087492;50;ZPAN;03 - SERVICIO DE GOM;;0;;;;JIBANEZ;1034203;DESARME/ARME+ REP. bobcat;;7;10;0;3;5000186656;1/9/2026;Servicios;CUMPLIDO PARCIAL;CONTRERAS BRIAN ALEXANDER;MR01;31/12/2026;29/4/2026;10148857;50;1;29/4/2026;29/4/2026;C04;4500126452;50;0374;1;GROSES;30/4/2026;31/12/2026;C04;3;1/9/2026;;;;;;;;;;03 Cert Mensual;En curso;Verde;C04
00374 TERMINAL PUNTA COLORADA;1000087492;60;ZPAN;03 - SERVICIO DE GOM;;0;;;;JIBANEZ;1034203;DESARME / ARME Liviano;;29;80;0;51;5000186656;1/9/2026;Servicios;CUMPLIDO PARCIAL;CONTRERAS BRIAN ALEXANDER;MR01;31/12/2026;29/4/2026;10148857;60;1;29/4/2026;29/4/2026;C04;4500126452;60;0374;1;GROSES;30/4/2026;31/12/2026;C04;4;1/9/2026;;;;;;;;;;03 Cert Mensual;En curso;Verde;C04
00374 TERMINAL PUNTA COLORADA;1000087492;70;ZPAN;03 - SERVICIO DE GOM;;0;;;;JIBANEZ;1034203;DESARME / ARME camion s/camara;;14;80;0;66;5000175761;4/6/2026;Servicios;CUMPLIDO PARCIAL;CONTRERAS BRIAN ALEXANDER;MR01;31/12/2026;29/4/2026;10148857;70;1;29/4/2026;29/4/2026;C04;4500126452;70;0374;1;GROSES;30/4/2026;31/12/2026;C04;1;4/6/2026;;;;;;;;;;03 Cert Mensual;En curso;Rojo;C04
00374 TERMINAL PUNTA COLORADA;1000087492;80;ZPAN;03 - SERVICIO DE GOM;;0;;;;JIBANEZ;1034203;DESARME / ARME camion c/camara;;19;80;0;61;5000186656;1/9/2026;Servicios;CUMPLIDO PARCIAL;CONTRERAS BRIAN ALEXANDER;MR01;31/12/2026;29/4/2026;10148857;80;1;29/4/2026;29/4/2026;C04;4500126452;80;0374;1;GROSES;30/4/2026;31/12/2026;C04;3;1/9/2026;;;;;;;;;;03 Cert Mensual;En curso;Verde;C04
00374 TERMINAL PUNTA COLORADA;1000087492;90;ZPAN;03 - SERVICIO DE GOM;;0;;;;JIBANEZ;1034203;DESARME / ARME pesados maquina;;4;45;0;41;5000186656;1/9/2026;Servicios;CUMPLIDO PARCIAL;CONTRERAS BRIAN ALEXANDER;MR01;31/12/2026;29/4/2026;10148857;90;1;29/4/2026;29/4/2026;C04;4500126452;90;0374;1;GROSES;30/4/2026;31/12/2026;C04;2;1/9/2026;;;;;;;;;;03 Cert Mensual;En curso;Verde;C04
00374 TERMINAL PUNTA COLORADA;1000087492;100;ZPAN;03 - SERVICIO DE GOM;;0;;;;JIBANEZ;1034203;DESARME /ARME Bobcat;;3;10;0;7;5000182760;31/7/2026;Servicios;CUMPLIDO PARCIAL;CONTRERAS BRIAN ALEXANDER;MR01;31/12/2026;29/4/2026;10148857;100;1;29/4/2026;29/4/2026;C04;4500126452;100;0374;1;GROSES;30/4/2026;31/12/2026;C04;2;31/7/2026;;;;;;;;;;03 Cert Mensual;En curso;Rojo;C04
00374 TERMINAL PUNTA COLORADA;1000087492;110;ZPAN;03 - SERVICIO DE GOM;;0;;;;JIBANEZ;1034203;BALANCEO LIVIANO;;80;100;0;20;5000186656;1/9/2026;Servicios;CUMPLIDO PARCIAL;CONTRERAS BRIAN ALEXANDER;MR01;31/12/2026;29/4/2026;10148857;110;1;29/4/2026;29/4/2026;C04;4500126452;110;0374;1;GROSES;30/4/2026;31/12/2026;C04;4;1/9/2026;;;;;;;;;;03 Cert Mensual;En curso;Verde;C04
00374 TERMINAL PUNTA COLORADA;1000087492;120;ZPAN;03 - SERVICIO DE GOM;;0;;;;JIBANEZ;1034203;PICO CORTO LIVIANO;;4;50;0;46;5000186656;1/9/2026;Servicios;CUMPLIDO PARCIAL;CONTRERAS BRIAN ALEXANDER;MR01;31/12/2026;29/4/2026;10148857;120;1;29/4/2026;29/4/2026;C04;4500126452;120;0374;1;GROSES;30/4/2026;31/12/2026;C04;3;1/9/2026;;;;;;;;;;03 Cert Mensual;En curso;Verde;C04
00374 TERMINAL PUNTA COLORADA;1000087492;130;ZPAN;03 - SERVICIO DE GOM;;0;;;;JIBANEZ;1034203;PICO LARGO BRONCE;;0;50;0;50;;;Servicios;ADJUDICADO;CONTRERAS BRIAN ALEXANDER;MR01;31/12/2026;29/4/2026;10148857;130;1;29/4/2026;29/4/2026;C04;4500126452;130;0374;1;GROSES;30/4/2026;31/12/2026;C04;0;;;;;;;;;;;03 Cert Mensual;En curso;;C04
00374 TERMINAL PUNTA COLORADA;1000087492;140;ZPAN;03 - SERVICIO DE GOM;;0;;;;JIBANEZ;1034203;PARCHE RAC10 (TIPTOCK);;1;20;0;19;5000179045;2/7/2026;Servicios;CUMPLIDO PARCIAL;CONTRERAS BRIAN ALEXANDER;MR01;31/12/2026;29/4/2026;10148857;140;1;29/4/2026;29/4/2026;C04;4500126452;140;0374;1;GROSES;30/4/2026;31/12/2026;C04;1;2/7/2026;;;;;;;;;;03 Cert Mensual;En curso;Rojo;C04
00374 TERMINAL PUNTA COLORADA;1000087492;150;ZPAN;03 - SERVICIO DE GOM;;0;;;;JIBANEZ;1034203;PARCHE RAC14 (TIPTOCK);;0;20;0;20;;;Servicios;ADJUDICADO;CONTRERAS BRIAN ALEXANDER;MR01;31/12/2026;29/4/2026;10148857;150;1;29/4/2026;29/4/2026;C04;4500126452;150;0374;1;GROSES;30/4/2026;31/12/2026;C04;0;;;;;;;;;;;03 Cert Mensual;En curso;;C04
00374 TERMINAL PUNTA COLORADA;1000087492;160;ZPAN;03 - SERVICIO DE GOM;;0;;;;JIBANEZ;1034203;PARCHE RAC80 (TIPTOCK);;0;20;0;20;;;Servicios;ADJUDICADO;CONTRERAS BRIAN ALEXANDER;MR01;31/12/2026;29/4/2026;10148857;160;1;29/4/2026;29/4/2026;C04;4500126452;160;0374;1;GROSES;30/4/2026;31/12/2026;C04;0;;;;;;;;;;;03 Cert Mensual;En curso;;C04
00374 TERMINAL PUNTA COLORADA;1000087679;10;ZPAN;01 - SERVICIO DE LAV;;0;;;;JIBANEZ;1022295;LAVADO CAMIONETA - INT/EXT/CHASIS;;77;100;0;23;5000186620;1/9/2026;Servicios;CUMPLIDO PARCIAL;CASTILLO JULIO JONATHAN ALEXANDER;MR01;31/12/2026;4/5/2026;10149084;10;1;4/5/2026;4/5/2026;C25;4500127237;10;0374;1;MPITTIA;11/5/2026;31/12/2026;C25;4;1/9/2026;;;;;;;;;;01 Cert Semanal;En curso;Verde;C25
00374 TERMINAL PUNTA COLORADA;1000087679;20;ZPAN;01 - SERVICIO DE LAV;;0;;;;JIBANEZ;1022295;LAVADO Y DESENGRASE DE MOTOR CAMIONETA;;6;100;0;94;5000186620;1/9/2026;Servicios;CUMPLIDO PARCIAL;CASTILLO JULIO JONATHAN ALEXANDER;MR01;31/12/2026;4/5/2026;10149084;20;1;4/5/2026;4/5/2026;C25;4500127237;20;0374;1;MPITTIA;11/5/2026;31/12/2026;C25;3;1/9/2026;;;;;;;;;;01 Cert Semanal;En curso;Verde;C25
00374 TERMINAL PUNTA COLORADA;1000087679;30;ZPAN;01 - SERVICIO DE LAV;;0;;;;JIBANEZ;1022295;LAVADO CAMION  - INT/EXT/CHASIS;;9;50;0;41;5000186620;1/9/2026;Servicios;CUMPLIDO PARCIAL;CASTILLO JULIO JONATHAN ALEXANDER;MR01;31/12/2026;4/5/2026;10149084;30;1;4/5/2026;4/5/2026;C25;4500127237;30;0374;1;MPITTIA;11/5/2026;31/12/2026;C25;4;1/9/2026;;;;;;;;;;01 Cert Semanal;En curso;Verde;C25
00374 TERMINAL PUNTA COLORADA;1000087679;40;ZPAN;01 - SERVICIO DE LAV;;0;;;;JIBANEZ;1022295;LAVADO Y DESENGRASE DE MOTOR CAMION;;4;50;0;46;5000186620;1/9/2026;Servicios;CUMPLIDO PARCIAL;CASTILLO JULIO JONATHAN ALEXANDER;MR01;31/12/2026;4/5/2026;10149084;40;1;4/5/2026;4/5/2026;C25;4500127237;40;0374;1;MPITTIA;11/5/2026;31/12/2026;C25;4;1/9/2026;;;;;;;;;;01 Cert Semanal;En curso;Verde;C25
00374 TERMINAL PUNTA COLORADA;1000087679;50;ZPAN;01 - SERVICIO DE LAV;;0;;;;JIBANEZ;1022295;LAVADO CAMION MANT - INT/EXT/CHASIS;;2;8;0;6;5000186620;1/9/2026;Servicios;CUMPLIDO PARCIAL;CASTILLO JULIO JONATHAN ALEXANDER;MR01;31/12/2026;4/5/2026;10149084;50;1;4/5/2026;4/5/2026;C25;4500127237;50;0374;1;MPITTIA;11/5/2026;31/12/2026;C25;2;1/9/2026;;;;;;;;;;01 Cert Semanal;En curso;Verde;C25
00374 TERMINAL PUNTA COLORADA;1000087679;60;ZPAN;01 - SERVICIO DE LAV;;0;;;;JIBANEZ;1022295;LAVADO CAMION COMBUSTIBLE - INT/EXT/CHAS;;4;10;0;6;5000186620;1/9/2026;Servicios;CUMPLIDO PARCIAL;CASTILLO JULIO JONATHAN ALEXANDER;MR01;31/12/2026;4/5/2026;10149084;60;1;4/5/2026;4/5/2026;C25;4500127237;60;0374;1;MPITTIA;11/5/2026;31/12/2026;C25;4;1/9/2026;;;;;;;;;;01 Cert Semanal;En curso;Verde;C25
00374 TERMINAL PUNTA COLORADA;1000087679;70;ZPAN;01 - SERVICIO DE LAV;;0;;;;JIBANEZ;1022295;LAVADO Y DESENGRASE DE MOTOR - GENERADOR;;0;20;0;20;;;Servicios;ADJUDICADO;CASTILLO JULIO JONATHAN ALEXANDER;MR01;31/12/2026;4/5/2026;10149084;70;1;4/5/2026;4/5/2026;C25;4500127237;70;0374;1;MPITTIA;11/5/2026;31/12/2026;C25;0;;;;;;;;;;;01 Cert Semanal;En curso;;C25
00374 TERMINAL PUNTA COLORADA;1000087679;80;ZPAN;01 - SERVICIO DE LAV;;0;;;;JIBANEZ;1022295;LAVADO EQUIPO VIAL -INT/EXT/CHASIS/MOTOR;;1;10;0;9;5000186620;1/9/2026;Servicios;CUMPLIDO PARCIAL;CASTILLO JULIO JONATHAN ALEXANDER;MR01;31/12/2026;4/5/2026;10149084;80;1;4/5/2026;4/5/2026;C25;4500127237;80;0374;1;MPITTIA;11/5/2026;31/12/2026;C25;1;1/9/2026;;;;;;;;;;01 Cert Semanal;En curso;Verde;C25
00374 TERMINAL PUNTA COLORADA;1000087829;10;ZPAN;04 EXTENSION- RECARG;;0;;;;SFERNANDEZ;1035994;RECARGA DE MATAFUEGOS ABC 1 KG;;0;15;0;15;;;Servicios;ADJUDICADO;ESCUDERO VIVIANA ANGELICA;MR01;1/12/2026;5/5/2026;10149357;10;1;5/5/2026;6/5/2026;C25;4500127596;10;0374;1;MPITTIA;13/5/2026;1/12/2026;C25;0;;;;;;;;;;;04 Cert a Demanda;En curso;;C25
00374 TERMINAL PUNTA COLORADA;1000087829;20;ZPAN;04 EXTENSION- RECARG;;0;;;;SFERNANDEZ;1013041;RECARGA DE MATAFUEGO 2,5KG;;0;20;0;20;;;Servicios;ADJUDICADO;ESCUDERO VIVIANA ANGELICA;MR01;1/12/2026;5/5/2026;10149357;20;1;5/5/2026;6/5/2026;C25;4500127596;20;0374;1;MPITTIA;13/5/2026;1/12/2026;C25;0;;;;;;;;;;;04 Cert a Demanda;En curso;;C25
00374 TERMINAL PUNTA COLORADA;1000087829;30;ZPAN;04 EXTENSION- RECARG;;0;;;;SFERNANDEZ;1013042;RECARGA DE MATAFUEGO 5KG;;14;50;0;36;5000182726;31/7/2026;Servicios;CUMPLIDO PARCIAL;ESCUDERO VIVIANA ANGELICA;MR01;1/12/2026;5/5/2026;10149357;30;1;5/5/2026;6/5/2026;C25;4500127596;30;0374;1;MPITTIA;13/5/2026;1/12/2026;C25;1;31/7/2026;;;;;;;;;;04 Cert a Demanda;En curso;;C25
00374 TERMINAL PUNTA COLORADA;1000087829;40;ZPAN;04 EXTENSION- RECARG;;0;;;;SFERNANDEZ;1013039;RECARGA DE MATAFUEGO 10KG;;10;70;0;60;5000182726;31/7/2026;Servicios;CUMPLIDO PARCIAL;ESCUDERO VIVIANA ANGELICA;MR01;1/12/2026;5/5/2026;10149357;40;1;5/5/2026;6/5/2026;C25;4500127596;40;0374;1;MPITTIA;13/5/2026;1/12/2026;C25;1;31/7/2026;;;;;;;;;;04 Cert a Demanda;En curso;;C25
00374 TERMINAL PUNTA COLORADA;1000087829;50;ZPAN;04 EXTENSION- RECARG;;0;;;;SFERNANDEZ;1021938;RECARGA DE MATAFUEGO 50KG;;0;2;0;2;;;Servicios;ADJUDICADO;ESCUDERO VIVIANA ANGELICA;MR01;1/12/2026;5/5/2026;10149357;50;1;5/5/2026;6/5/2026;C25;4500127596;50;0374;1;MPITTIA;13/5/2026;1/12/2026;C25;0;;;;;;;;;;;04 Cert a Demanda;En curso;;C25
00374 TERMINAL PUNTA COLORADA;1000087863;10;ZPAN;02 - Servicio de Bre;;0;;;;DSUAREZ;1022295;SERVICIO DE BREAK/SNACKS;;38501;45000;0;6499;5000187549;7/9/2026;Servicios;CUMPLIDO PARCIAL;FIBER RIO NEGRO SAS;MR01;31/12/2026;6/5/2026;10149394;10;1;6/5/2026;6/5/2026;C25;4500127413;10;0374;2;MPITTIA;12/5/2026;30/12/2026;C25;4;7/9/2026;;;;;;;;;;02 Cert Quincenal;En curso;Verde;C25
00374 TERMINAL PUNTA COLORADA;1000087889;20;ZPAN;03 - SERV.INTERNET M;;0;;;;JIBANEZ;1025931;BLOQUE  X 500GB - ADICIONAL;;2;2;0;0;5000186147;27/8/2026;Servicios;CUMPLIDO;JAWIT S.A.;MR01;15/12/2026;6/5/2026;10149439;20;1;6/5/2026;6/5/2026;C25;4500129714;10;0374;1;MPITTIA;9/6/2026;15/12/2026;C25;2;27/8/2026;;;;;;;;;;03 Cert Mensual;En curso - Total recepcionado;;C25
00374 TERMINAL PUNTA COLORADA;1000087948;20;ZPAN;03 - Adicional Contr;;0;;;;DSUAREZ;1013139;CONTROL PLAGAS EXTENSION AREA 8 Y 14;;4;8;0;4;5000186674;1/9/2026;Servicios;CUMPLIDO PARCIAL;MOLINA SOTO MATIAS FABIAN;MR01;31/1/2027;7/5/2026;10149525;20;1;7/5/2026;8/5/2026;C25;4500127687;10;0374;1;MPITTIA;14/5/2026;30/1/2027;C25;4;1/9/2026;;;;;;;;;;03 Cert Mensual;En curso;Verde;C25
00374 TERMINAL PUNTA COLORADA;1000088483;10;ZPAN;04 EXTENSION- INGEAP;;0;;;;SFERNANDEZ;1027430;SERV TOPOG G JUAREZ X MES - EXTENSION;;2;2;0;0;5000184418;13/8/2026;Servicios;CUMPLIDO;INGEAP S.A.S.;MR01;12/9/2026;15/5/2026;10150309;10;1;15/5/2026;18/5/2026;C26;4500128380;10;0374;1;YCOLMAN;21/5/2026;1/8/2026;C26;2;13/8/2026;;;;;;;;;;04 Cert a Demanda;En curso - Próximo a vencer;;C26
00374 TERMINAL PUNTA COLORADA;1000088990;10;ZPAN;03 - Servicio Dosime;;0;;;;DSUAREZ;1042203;SERV DOSIMETRIA MANRIQUE MARTIN;;1;8;0;7;5000184190;12/8/2026;Servicios;CUMPLIDO PARCIAL;ASOC.CIVIL PROF TECRADIOL ROSA;MR01;31/1/2027;23/5/2026;10150913;10;1;23/5/2026;25/5/2026;C24;4500128560;10;0374;1;MPITTIA;26/5/2026;31/1/2027;C24;1;12/8/2026;;;;;;;;;;03 Cert Mensual;En curso;Verde;C24
00374 TERMINAL PUNTA COLORADA;1000088990;20;ZPAN;03 - Servicio Dosime;;0;;;;DSUAREZ;1042203;SERV DOSIMETRIA VAZQUEZ JONATAN;;1;8;0;7;5000184190;12/8/2026;Servicios;CUMPLIDO PARCIAL;ASOC.CIVIL PROF TECRADIOL ROSA;MR01;31/1/2027;23/5/2026;10150913;20;1;23/5/2026;25/5/2026;C24;4500128560;20;0374;1;MPITTIA;26/5/2026;31/1/2027;C24;1;12/8/2026;;;;;;;;;;03 Cert Mensual;En curso;Verde;C24
00374 TERMINAL PUNTA COLORADA;1000088990;30;ZPAN;03 - Servicio Dosime;;0;;;;DSUAREZ;1042203;SERV DOSIMETRIA ROSA RAMIRO;;1;8;0;7;5000184190;12/8/2026;Servicios;CUMPLIDO PARCIAL;ASOC.CIVIL PROF TECRADIOL ROSA;MR01;31/1/2027;23/5/2026;10150913;30;1;23/5/2026;25/5/2026;C24;4500128560;30;0374;1;MPITTIA;26/5/2026;31/1/2027;C24;1;12/8/2026;;;;;;;;;;03 Cert Mensual;En curso;Verde;C24
00374 TERMINAL PUNTA COLORADA;1000088990;40;ZPAN;03 - Servicio Dosime;;0;;;;DSUAREZ;1042203;SERV DOSIMETRIA DURCODOY LEANDRO;;1;8;0;7;5000184190;12/8/2026;Servicios;CUMPLIDO PARCIAL;ASOC.CIVIL PROF TECRADIOL ROSA;MR01;31/1/2027;23/5/2026;10150913;40;1;23/5/2026;25/5/2026;C24;4500128560;40;0374;1;MPITTIA;26/5/2026;31/1/2027;C24;1;12/8/2026;;;;;;;;;;03 Cert Mensual;En curso;Verde;C24
00374 TERMINAL PUNTA COLORADA;1000088990;50;ZPAN;03 - Servicio Dosime;;0;;;;DSUAREZ;1042203;SERV DOSIMETRIA PAEZ DANIEL;;1;8;0;7;5000184190;12/8/2026;Servicios;CUMPLIDO PARCIAL;ASOC.CIVIL PROF TECRADIOL ROSA;MR01;31/1/2027;23/5/2026;10150913;50;1;23/5/2026;25/5/2026;C24;4500128560;50;0374;1;MPITTIA;26/5/2026;31/1/2027;C24;1;12/8/2026;;;;;;;;;;03 Cert Mensual;En curso;Verde;C24
00374 TERMINAL PUNTA COLORADA;1000089082;10;ZPAN;01 - SERV LAVADERO E;;0;;;;JIBANEZ;1022295;LAVADO CAMIONETA - INT/EXT/CHASIS;;7;40;0;33;5000181422;22/7/2026;Servicios;CUMPLIDO PARCIAL;BILELLO LUIS ALBERTO;MR01;30/9/2026;26/5/2026;10151015;10;1;26/5/2026;27/5/2026;C25;4500129220;10;0374;1;MPITTIA;2/6/2026;30/9/2026;C25;2;22/7/2026;;;;;;;;;;01 Cert Semanal;En curso - Próximo a vencer;Rojo;C25
00374 TERMINAL PUNTA COLORADA;1000089298;10;ZPAN;COPIAS EXCEDENTES X;;0;;;;SFERNANDEZ;1026181;COPIAS EXCEDENTES;;14149;100000;0;85851;5000186662;1/9/2026;Servicios;CUMPLIDO PARCIAL;TECNICA Y SISTEMAS SRL;MR01;31/12/2026;29/5/2026;10151266;10;1;29/5/2026;30/5/2026;C25;4500130182;10;0374;1;MPITTIA;16/6/2026;31/12/2026;C25;3;1/9/2026;;;;;;;;;;Sin aclaración;En curso;;C25
00374 TERMINAL PUNTA COLORADA;1000089321;10;ZPAN;03-EXT-OC 127248-INT;;0;;;;SFERNANDEZ;1025931;SERVICIO DE INTERNET X MES 5TB;;3;7;0;4;5000187153;3/9/2026;Servicios;CUMPLIDO PARCIAL;JAWIT S.A.;MR01;1/2/2027;30/5/2026;10151292;10;1;30/5/2026;30/5/2026;C25;4500129970;10;0374;1;MPITTIA;11/6/2026;1/2/2027;C25;3;3/9/2026;;;;;;;;;;03 Cert Mensual;En curso;Verde;C25
00374 TERMINAL PUNTA COLORADA;1000089556;10;ZPAN;03 - Adicional 2026;;0;;;;DSUAREZ;1022295;COMBI DIAS ADICIONALES 2026;;31;100;0;69;5000187170;3/9/2026;Servicios;CUMPLIDO PARCIAL;TRANSPORTES VA S.R.L.;MR01;31/12/2026;3/6/2026;10151580;10;1;3/6/2026;18/6/2026;C25;4500129972;10;0374;1;MPITTIA;11/6/2026;31/12/2026;C25;3;3/9/2026;;;;;;;;;;03 Cert Mensual;En curso;Verde;C25
00374 TERMINAL PUNTA COLORADA;1000089587;10;ZPAN;02 - Subcontrato Pip;;0;;;;DSUAREZ;1012995;"SUBCONTRATO TERMOFUSION 18""";;200;200;0;0;5000187354;4/9/2026;Servicios;CUMPLIDO;PSB SERVICIOS INDUSTRIALES S.R.L.;MR01;15/9/2026;3/6/2026;10151626;10;1;3/6/2026;3/6/2026;C26;4500129699;10;0374;1;YCOLMAN;8/6/2026;15/9/2026;C26;3;4/9/2026;;;;;;;;;;02 Cert Quincenal;En curso - Próximo a vencer;Verde;C26
00374 TERMINAL PUNTA COLORADA;1000089587;20;ZPAN;02 - Subcontrato Pip;;0;;;;DSUAREZ;1012995;"SUBCONTRATO TERMOFUSION 12""";;200;200;0;0;5000182730;31/7/2026;Servicios;CUMPLIDO;PSB SERVICIOS INDUSTRIALES S.R.L.;MR01;15/9/2026;3/6/2026;10151626;20;1;3/6/2026;3/6/2026;C26;4500129699;20;0374;1;YCOLMAN;8/6/2026;15/9/2026;C26;2;31/7/2026;;;;;;;;;;02 Cert Quincenal;En curso - Próximo a vencer;Rojo;C26
00374 TERMINAL PUNTA COLORADA;1000089587;30;ZPAN;02 - Subcontrato Pip;;0;;;;DSUAREZ;1012995;"SUBCONTRATO TERMOFUSION 10""";;25;25;0;0;5000187354;4/9/2026;Servicios;CUMPLIDO;PSB SERVICIOS INDUSTRIALES S.R.L.;MR01;15/9/2026;3/6/2026;10151626;30;1;3/6/2026;3/6/2026;C26;4500129699;30;0374;1;YCOLMAN;8/6/2026;15/9/2026;C26;3;4/9/2026;;;;;;;;;;02 Cert Quincenal;En curso - Próximo a vencer;Verde;C26
00374 TERMINAL PUNTA COLORADA;1000089587;40;ZPAN;02 - Subcontrato Pip;;0;;;;DSUAREZ;1012995;"SUBCONTRATO TERMOFUSION 6""";;200;200;0;0;5000182730;31/7/2026;Servicios;CUMPLIDO;PSB SERVICIOS INDUSTRIALES S.R.L.;MR01;15/9/2026;3/6/2026;10151626;40;1;3/6/2026;3/6/2026;C26;4500129699;40;0374;1;YCOLMAN;8/6/2026;15/9/2026;C26;2;31/7/2026;;;;;;;;;;02 Cert Quincenal;En curso - Próximo a vencer;Rojo;C26
00374 TERMINAL PUNTA COLORADA;1000089587;50;ZPAN;02 - Subcontrato Pip;;0;;;;DSUAREZ;1012995;STAND BY;;0;20;0;20;;;Servicios;ADJUDICADO;PSB SERVICIOS INDUSTRIALES S.R.L.;MR01;15/9/2026;3/6/2026;10151626;50;1;3/6/2026;3/6/2026;C26;4500129699;50;0374;1;YCOLMAN;8/6/2026;15/9/2026;C26;0;;;;;;;;;;;02 Cert Quincenal;En curso - Próximo a vencer;;C26
00374 TERMINAL PUNTA COLORADA;1000089927;10;ZPAN;03- INTERNET PAÑOL A;;0;;;;MALCARAZ;1025931;SERVICIO DE INTERNET 1TB X MES;;3;6;0;3;5000187154;3/9/2026;Servicios;CUMPLIDO PARCIAL;JAWIT S.A.;MR01;15/12/2026;9/6/2026;10152086;10;1;9/6/2026;9/6/2026;C25;4500130191;10;0374;1;MPITTIA;16/6/2026;15/12/2026;C25;3;3/9/2026;;;;;;;;;;03 Cert Mensual;En curso;Verde;C25
00374 TERMINAL PUNTA COLORADA;1000089978;10;ZPAN;02-Viaticos 21% La A;;0;;;;SFERNANDEZ;1013024;VIATICOS 21%;;97583714,35;400000000;0;302416285,7;5000185541;22/8/2026;Servicios;CUMPLIDO PARCIAL;SA IMPORTADORA Y EXP. DE LA PA;MR01;15/1/2027;10/6/2026;10152146;10;1;10/6/2026;10/6/2026;C25;4500130230;10;0374;1;MPITTIA;16/6/2026;15/1/2027;C25;3;22/8/2026;;;;;;;;;;02 Cert Quincenal;En curso;Rojo;C25
00374 TERMINAL PUNTA COLORADA;1000090034;10;ZPAN;03- ALQ JD MINIEXCAV;;0;;;;MALCARAZ;1033267;ALQ JD E061791 - BALDE 5659;;2;3;0;1;5000180441;14/7/2026;Servicios;CUMPLIDO PARCIAL;SULLAIR ARGENTINA S.A;MR01;10/10/2026;11/6/2026;10152237;10;1;11/6/2026;11/6/2026;C04;4500130562;10;0374;1;WVENTURINI;18/6/2026;10/10/2026;C04;1;14/7/2026;;;;;;;;;;03 Cert Mensual;En curso - Próximo a vencer;Rojo;C04
00374 TERMINAL PUNTA COLORADA;1000090040;10;ZPAN;03 - ALQ PLUMIN IZAJ;;0;;;;MALCARAZ;1033267;PLUMIN PARA DIECI SAMSON 75.10;;1;2;0;1;5000183836;8/8/2026;Servicios;CUMPLIDO PARCIAL;IMG RENTAL SRL;MR01;5/10/2026;11/6/2026;10152243;10;1;11/6/2026;12/6/2026;C04;4500132293;10;0374;2;GROSES;8/7/2026;5/10/2026;C04;1;8/8/2026;;;;;;;;;;03 Cert Mensual;En curso - Próximo a vencer;Verde;C04
00374 TERMINAL PUNTA COLORADA;1000090149;30;ZPAN;04 -HORMIGON P/OBRA;;0;;;;SFERNANDEZ;1012984;SERVICIO BOMBA PLUMA;;15;15;0;0;5000187318;4/9/2026;Servicios;CUMPLIDO;BETONSUR SRL;MR01;3/10/2026;12/6/2026;10152328;30;1;12/6/2026;15/6/2026;C18;4500130536;30;0374;1;JESPARZA;18/6/2026;3/10/2026;C18;7;4/9/2026;;;;;;;;;;04 Cert a Demanda;En curso - Próximo a vencer;;C18
00374 TERMINAL PUNTA COLORADA;1000090149;40;ZPAN;04 -HORMIGON P/OBRA;;0;;;;SFERNANDEZ;1012983;SERVICIO DE BOMBEO;;700;700;0;0;5000184186;12/8/2026;Servicios;CUMPLIDO;BETONSUR SRL;MR01;3/10/2026;12/6/2026;10152328;40;1;12/6/2026;15/6/2026;C18;4500130536;40;0374;1;JESPARZA;18/6/2026;3/10/2026;C18;8;12/8/2026;;;;;;;;;;04 Cert a Demanda;En curso - Próximo a vencer;;C18
00374 TERMINAL PUNTA COLORADA;1000090271;20;ZPAN;04- RECARGA DE GAS E;;0;;;;MALCARAZ;1035491;SERVICIO RECARGA TUBO GAS 10 KG;;13;20;0;7;5000184080;11/8/2026;Servicios;CUMPLIDO PARCIAL;AIRALDE VICTOR NICOLAS;MR01;6/9/2026;15/6/2026;10152464;20;1;15/6/2026;16/6/2026;C25;4500130371;20;0374;1;MPITTIA;17/6/2026;6/9/2026;C25;7;11/8/2026;;;;;;;;;;04 Cert a Demanda;Vencido con cant pendiente a recep;;C25
00374 TERMINAL PUNTA COLORADA;1000090322;10;ZPAN;03 - EXTENSION EFCO;;1;;;;MALCARAZ;1035474;ALQ.FUND TANQ CRUDA;;3;4;0;1;5000187134;3/9/2026;Servicios;CUMPLIDO PARCIAL;EFCO ARGENTINA SA;MR01;10/11/2026;16/6/2026;10152513;10;1;16/6/2026;17/6/2026;C26;4500130880;50;0374;2;YCOLMAN;22/6/2026;10/10/2026;C26;3;3/9/2026;;;;;;;;;;03 Cert Mensual;En curso;Verde;C26
00374 TERMINAL PUNTA COLORADA;1000090322;20;ZPAN;03 - EXTENSION EFCO;;1;;;;MALCARAZ;1035474;ALQ. ALCANTARILLA DE ACCESO;;3;4;0;1;5000187134;3/9/2026;Servicios;CUMPLIDO PARCIAL;EFCO ARGENTINA SA;MR01;10/11/2026;16/6/2026;10152513;20;1;16/6/2026;17/6/2026;C26;4500130880;20;0374;1;YCOLMAN;22/6/2026;10/10/2026;C26;3;3/9/2026;;;;;;;;;;03 Cert Mensual;En curso;Verde;C26
00374 TERMINAL PUNTA COLORADA;1000090322;30;ZPAN;03 - EXTENSION EFCO;;1;;;;MALCARAZ;1035474;ALQ. BRAZOS DE ANDAMIO;;3;4;0;1;5000187134;3/9/2026;Servicios;CUMPLIDO PARCIAL;EFCO ARGENTINA SA;MR01;10/11/2026;16/6/2026;10152513;30;1;16/6/2026;17/6/2026;C26;4500130880;30;0374;1;YCOLMAN;22/6/2026;10/10/2026;C26;3;3/9/2026;;;;;;;;;;03 Cert Mensual;En curso;Verde;C26
00374 TERMINAL PUNTA COLORADA;1000090322;40;ZPAN;03 - EXTENSION EFCO;;1;;;;MALCARAZ;1035474;ALQ. PUNTALES ALINEADORES Y ACC;;3;4;0;1;5000187134;3/9/2026;Servicios;CUMPLIDO PARCIAL;EFCO ARGENTINA SA;MR01;10/11/2026;16/6/2026;10152513;40;1;16/6/2026;17/6/2026;C26;4500130880;40;0374;1;YCOLMAN;22/6/2026;10/10/2026;C26;3;3/9/2026;;;;;;;;;;03 Cert Mensual;En curso;Verde;C26
00374 TERMINAL PUNTA COLORADA;1000090407;10;ZPAN;04 - ADICIONALES VAR;;0;;;;JIBANEZ;1013130;Módulo N° 3 - Tareas de Altura;;7;50;0;43;5000185520;22/8/2026;Servicios;CUMPLIDO PARCIAL;MAINETE JAVIER ALBERTO;MR01;31/12/2026;17/6/2026;10152635;10;1;17/6/2026;17/6/2026;C25;4500130469;10;0374;1;MPITTIA;17/6/2026;31/12/2026;C25;1;22/8/2026;;;;;;;;;;04 Cert a Demanda;En curso;;C25
00374 TERMINAL PUNTA COLORADA;1000090407;20;ZPAN;04 - ADICIONALES VAR;;0;;;;JIBANEZ;1013130;Módulo N° 4 - Conductores de Vehículos;;5;50;0;45;5000185520;22/8/2026;Servicios;CUMPLIDO PARCIAL;MAINETE JAVIER ALBERTO;MR01;31/12/2026;17/6/2026;10152635;20;1;17/6/2026;17/6/2026;C25;4500130469;20;0374;1;MPITTIA;17/6/2026;31/12/2026;C25;1;22/8/2026;;;;;;;;;;04 Cert a Demanda;En curso;;C25
00374 TERMINAL PUNTA COLORADA;1000090407;30;ZPAN;04 - ADICIONALES VAR;;0;;;;JIBANEZ;1013130;Modulo N° 6 - S/Ergo;;0;50;0;50;;;Servicios;ADJUDICADO;MAINETE JAVIER ALBERTO;MR01;31/12/2026;17/6/2026;10152635;30;1;17/6/2026;17/6/2026;C25;4500130469;30;0374;1;MPITTIA;17/6/2026;31/12/2026;C25;0;;;;;;;;;;;04 Cert a Demanda;En curso;;C25
00374 TERMINAL PUNTA COLORADA;1000090407;40;ZPAN;04 - ADICIONALES VAR;;0;;;;JIBANEZ;1013130;Reid Epworth x un;;0;50;0;50;;;Servicios;ADJUDICADO;MAINETE JAVIER ALBERTO;MR01;31/12/2026;17/6/2026;10152635;40;1;17/6/2026;17/6/2026;C25;4500130469;40;0374;1;MPITTIA;17/6/2026;31/12/2026;C25;0;;;;;;;;;;;04 Cert a Demanda;En curso;;C25
00374 TERMINAL PUNTA COLORADA;1000090407;50;ZPAN;04 - ADICIONALES VAR;;0;;;;JIBANEZ;1013130;Egresos x un;;0;50;0;50;;;Servicios;ADJUDICADO;MAINETE JAVIER ALBERTO;MR01;31/12/2026;17/6/2026;10152635;50;1;17/6/2026;17/6/2026;C25;4500130469;50;0374;1;MPITTIA;17/6/2026;31/12/2026;C25;0;;;;;;;;;;;04 Cert a Demanda;En curso;;C25
00374 TERMINAL PUNTA COLORADA;1000090407;60;ZPAN;04 - ADICIONALES VAR;;0;;;;JIBANEZ;1013130;Ergometria x un;;0;50;0;50;;;Servicios;ADJUDICADO;MAINETE JAVIER ALBERTO;MR01;31/12/2026;17/6/2026;10152635;60;1;17/6/2026;17/6/2026;C25;4500130469;60;0374;1;MPITTIA;17/6/2026;31/12/2026;C25;0;;;;;;;;;;;04 Cert a Demanda;En curso;;C25
00374 TERMINAL PUNTA COLORADA;1000090408;10;ZPAN;04 - SERVICIO MEDICO;;0;;;;JIBANEZ;1027345;SERVICIO MEDICO X MES;;1;6;0;5;5000185280;21/8/2026;Servicios;CUMPLIDO PARCIAL;MAINETE JAVIER ALBERTO;MR01;30/1/2027;17/6/2026;10152636;10;1;17/6/2026;18/6/2026;C25;4500130941;10;0374;1;MPITTIA;23/6/2026;30/1/2027;C25;1;21/8/2026;;;;;;;;;;04 Cert a Demanda;En curso;;C25
00374 TERMINAL PUNTA COLORADA;1000090756;10;ZPAN;04- EXTENSION REMIS;;0;;;;SFERNANDEZ;1022296;SERVICIO REMIS POR KM - ANDRADE;;15000;15000;0;0;5000185553;24/8/2026;Servicios;CUMPLIDO;ANDRADE ERIC ALEXIS;MR01;24/10/2026;24/6/2026;10153138;10;1;24/6/2026;24/6/2026;C25;4500131487;10;0374;1;MPITTIA;29/6/2026;24/10/2026;C25;8;24/8/2026;;;;;;;;;;04 Cert a Demanda;En curso - Total recepcionado;;C25
00374 TERMINAL PUNTA COLORADA;1000090870;10;ZPAN;03- EXT OC 45/114265;;1;;;;MALCARAZ;1036581;SERVICIO ALQ. GARITA DE SEG PUNTA2 X MES;;3;6;0;3;5000183758;7/8/2026;Servicios;CUMPLIDO PARCIAL;ECOPORTATILES SA;MR01;15/1/2027;25/6/2026;10153326;10;1;25/6/2026;26/6/2026;C03;4500131626;10;0374;1;EFUNES;30/6/2026;15/1/2027;C03;3;7/8/2026;;;;;;;;;;03 Cert Mensual;En curso;Rojo;C03
00374 TERMINAL PUNTA COLORADA;1000090870;20;ZPAN;03- EXT OC 45/114265;;1;;;;MALCARAZ;1036581;AIRE ACONDICIONADO PARA GARITA X MES;;3;6;0;3;5000183758;7/8/2026;Servicios;CUMPLIDO PARCIAL;ECOPORTATILES SA;MR01;15/1/2027;25/6/2026;10153326;20;1;25/6/2026;26/6/2026;C03;4500131626;20;0374;1;EFUNES;30/6/2026;15/1/2027;C03;3;7/8/2026;;;;;;;;;;03 Cert Mensual;En curso;Rojo;C03
00374 TERMINAL PUNTA COLORADA;1000090870;30;ZPAN;03- EXT OC 45/114265;;1;;;;MALCARAZ;1036581;SERVICIO ALQ. GARITA DE SEG POZO X MES;;3;6;0;3;5000183758;7/8/2026;Servicios;CUMPLIDO PARCIAL;ECOPORTATILES SA;MR01;15/1/2027;25/6/2026;10153326;30;1;25/6/2026;26/6/2026;C03;4500131626;30;0374;1;EFUNES;30/6/2026;15/1/2027;C03;3;7/8/2026;;;;;;;;;;03 Cert Mensual;En curso;Rojo;C03
00374 TERMINAL PUNTA COLORADA;1000090870;40;ZPAN;03- EXT OC 45/114265;;1;;;;MALCARAZ;1036581;SERVICIO ALQ. GARITA DE SEG SIERRA X MES;;3;6;0;3;5000183758;7/8/2026;Servicios;CUMPLIDO PARCIAL;ECOPORTATILES SA;MR01;15/1/2027;25/6/2026;10153326;40;1;25/6/2026;26/6/2026;C03;4500131626;40;0374;1;EFUNES;30/6/2026;15/1/2027;C03;3;7/8/2026;;;;;;;;;;03 Cert Mensual;En curso;Rojo;C03
00374 TERMINAL PUNTA COLORADA;1000090870;50;ZPAN;03- EXT OC 45/114265;;1;;;;MALCARAZ;1036581;SERVICIO ALQ. GARITA DE SEG PUNTA X MES;;3;6;0;3;5000183758;7/8/2026;Servicios;CUMPLIDO PARCIAL;ECOPORTATILES SA;MR01;15/1/2027;25/6/2026;10153326;50;1;25/6/2026;26/6/2026;C03;4500131626;50;0374;1;EFUNES;30/6/2026;15/1/2027;C03;3;7/8/2026;;;;;;;;;;03 Cert Mensual;En curso;Rojo;C03
00374 TERMINAL PUNTA COLORADA;1000091274;10;ZPAN;04 - Servicio Paquet;;0;;;;DSUAREZ;1012981;FLETE PAQUETERIA DIRECTO SUR-;;17498637,79;20000000;0;2501362,21;5000186146;27/8/2026;Servicios;CUMPLIDO PARCIAL;DIRECTO SUR S. R. L.;MR01;30/9/2026;2/7/2026;10153828;10;1;2/7/2026;3/7/2026;C15;4500133342;10;0374;1;GDIAZ;21/7/2026;30/9/2026;C15;6;27/8/2026;;;;;;;;;;04 Cert a Demanda;En curso - Próximo a vencer;;C15
00374 TERMINAL PUNTA COLORADA;1000091294;10;ZPAN;04 EXTENSION INGEAP;;0;;;;SFERNANDEZ;1042086;SUBC.TOPOGRAFIA PERSONAL EN CAMPO;;2;6;0;4;5000186829;2/9/2026;Servicios;CUMPLIDO PARCIAL;INGEAP S.A.S.;MR01;31/1/2027;3/7/2026;10153847;10;1;3/7/2026;4/7/2026;C26;4500132114;10;0374;1;YCOLMAN;6/7/2026;10/1/2027;C26;2;2/9/2026;;;;;;;;;;04 Cert a Demanda;En curso;;C26
00374 TERMINAL PUNTA COLORADA;1000091294;20;ZPAN;04 EXTENSION INGEAP;;0;;;;SFERNANDEZ;1042086;SUBC.TOPOGRAFIA PERSONAL EN OFICINA TEC;;2;6;0;4;5000186829;2/9/2026;Servicios;CUMPLIDO PARCIAL;INGEAP S.A.S.;MR01;31/1/2027;3/7/2026;10153847;20;1;3/7/2026;4/7/2026;C26;4500132114;20;0374;1;YCOLMAN;6/7/2026;10/1/2027;C26;2;2/9/2026;;;;;;;;;;04 Cert a Demanda;En curso;;C26
00374 TERMINAL PUNTA COLORADA;1000091294;30;ZPAN;04 EXTENSION INGEAP;;0;;;;SFERNANDEZ;1042086;ESTACION TOTAL M3 D051565;;2;6;0;4;5000186829;2/9/2026;Servicios;CUMPLIDO PARCIAL;INGEAP S.A.S.;MR01;31/1/2027;3/7/2026;10153847;30;1;4/7/2026;4/7/2026;C26;4500132114;30;0374;1;YCOLMAN;6/7/2026;10/1/2027;C26;2;2/9/2026;;;;;;;;;;04 Cert a Demanda;En curso;;C26
00374 TERMINAL PUNTA COLORADA;1000091299;10;ZPAN;04 - Lavandería Play;;0;;;;DSUAREZ;1013077;SERVICIO DE LAVANDERIA CAJON COMPLETO;;224;1000;0;776;5000187131;3/9/2026;Servicios;CUMPLIDO PARCIAL;MALDONADO ELVA;MR01;31/12/2026;3/7/2026;10153851;10;1;3/7/2026;4/7/2026;C25;4500132186;10;0374;1;MPITTIA;7/7/2026;31/12/2026;C25;2;3/9/2026;;;;;;;;;;04 Cert a Demanda;En curso;;C25
00374 TERMINAL PUNTA COLORADA;1000091299;30;ZPAN;04 - Lavandería Play;;0;;;;DSUAREZ;1013077;SERVICIO DE LAVANDERIA CAMPERAS;;28;300;0;272;5000187131;3/9/2026;Servicios;CUMPLIDO PARCIAL;MALDONADO ELVA;MR01;31/12/2026;3/7/2026;10153851;30;1;3/7/2026;4/7/2026;C25;4500132186;30;0374;1;MPITTIA;7/7/2026;31/12/2026;C25;2;3/9/2026;;;;;;;;;;04 Cert a Demanda;En curso;;C25
00374 TERMINAL PUNTA COLORADA;1000091882;10;ZPAN;04- EXT OC 45/124316;;0;;;;MALCARAZ;1012981;FLETE PAQUETERIA;;2045299,45;10000000;0;7954700,55;5000183978;10/8/2026;Servicios;CUMPLIDO PARCIAL;TRANS.EL COYOTE PATAGONICO SRL;MR01;4/11/2026;15/7/2026;10154821;10;1;15/7/2026;15/7/2026;C15;4500133340;10;0374;1;GDIAZ;21/7/2026;4/11/2026;C15;1;10/8/2026;;;;;;;;;;04 Cert a Demanda;En curso;;C15
00374 TERMINAL PUNTA COLORADA;1000092304;10;ZPAN;04-ALQ MODULO BASANI;;0;;;;SFERNANDEZ;1033267;ALQ.MODULO COMEDOR 6 MT - 60459;;0;6;0;6;;;Servicios;ADJUDICADO;BASANI SA;MR01;20/1/2027;22/7/2026;10155382;10;1;22/7/2026;23/7/2026;EFO;4500133685;10;0374;1;GROSES;24/7/2026;20/1/2027;EFO;0;;;;;;;;;;;04 Cert a Demanda;En curso;;EFO
00374 TERMINAL PUNTA COLORADA;1000092304;20;ZPAN;04-ALQ MODULO BASANI;;0;;;;SFERNANDEZ;1033267;ALQ.MODULO COMEDOR 6 MT - 60802;;0;6;0;6;;;Servicios;ADJUDICADO;BASANI SA;MR01;20/1/2027;22/7/2026;10155382;20;1;22/7/2026;23/7/2026;EFO;4500133685;20;0374;1;GROSES;24/7/2026;20/1/2027;EFO;0;;;;;;;;;;;04 Cert a Demanda;En curso;;EFO
00374 TERMINAL PUNTA COLORADA;1000092355;30;ZPAN;04-EXTENSION OC BETO;;0;;;;SFERNANDEZ;1012983;SERVICIO DE BOMBEO;;236;400;0;164;5000187322;4/9/2026;Servicios;CUMPLIDO PARCIAL;BETONSUR SRL;MR01;1/11/2026;23/7/2026;10155432;30;1;23/7/2026;23/7/2026;C18;4500133616;30;0374;1;JESPARZA;24/7/2026;1/11/2026;C18;2;4/9/2026;;;;;;;;;;04 Cert a Demanda;En curso;;C18
00374 TERMINAL PUNTA COLORADA;1000092355;40;ZPAN;04-EXTENSION OC BETO;;0;;;;SFERNANDEZ;1012984;SERVICIO BOMBA PLUMA;;0;10;0;10;;;Servicios;ADJUDICADO;BETONSUR SRL;MR01;1/11/2026;23/7/2026;10155432;40;1;23/7/2026;23/7/2026;C18;4500133616;40;0374;1;JESPARZA;24/7/2026;1/11/2026;C18;0;;;;;;;;;;;04 Cert a Demanda;En curso;;C18
00374 TERMINAL PUNTA COLORADA;1000092374;10;ZPAN;04- EXTENSION MODULO;;0;;;;SFERNANDEZ;1033267;ALQ. MODULO N°2347;;3;7;0;4;5000184350;13/8/2026;Servicios;CUMPLIDO PARCIAL;ECOPORTATILES SA;MR01;20/1/2027;23/7/2026;10155450;10;1;23/7/2026;23/7/2026;EFO;4500133765;10;0374;1;GROSES;27/7/2026;20/1/2027;EFO;1;13/8/2026;;;;;;;;;;04 Cert a Demanda;En curso;;EFO
00374 TERMINAL PUNTA COLORADA;1000092374;20;ZPAN;04- EXTENSION MODULO;;0;;;;SFERNANDEZ;1033267;ALQ. MODULO N°61890;;3;7;0;4;5000184350;13/8/2026;Servicios;CUMPLIDO PARCIAL;ECOPORTATILES SA;MR01;20/1/2027;23/7/2026;10155450;20;1;23/7/2026;23/7/2026;EFO;4500133765;20;0374;1;GROSES;27/7/2026;20/1/2027;EFO;1;13/8/2026;;;;;;;;;;04 Cert a Demanda;En curso;;EFO
00374 TERMINAL PUNTA COLORADA;1000092374;30;ZPAN;04- EXTENSION MODULO;;0;;;;SFERNANDEZ;1033267;ALQ. MODULO N°2160;;3;7;0;4;5000184350;13/8/2026;Servicios;CUMPLIDO PARCIAL;ECOPORTATILES SA;MR01;20/1/2027;23/7/2026;10155450;30;1;23/7/2026;23/7/2026;EFO;4500133765;30;0374;1;GROSES;27/7/2026;20/1/2027;EFO;1;13/8/2026;;;;;;;;;;04 Cert a Demanda;En curso;;EFO
00374 TERMINAL PUNTA COLORADA;1000092374;40;ZPAN;04- EXTENSION MODULO;;0;;;;SFERNANDEZ;1033267;ALQ. A/A;;9;21;0;12;5000184350;13/8/2026;Servicios;CUMPLIDO PARCIAL;ECOPORTATILES SA;MR01;20/1/2027;23/7/2026;10155450;40;1;31/7/2026;3/8/2026;EFO;4500133765;40;0374;1;GROSES;27/7/2026;20/1/2027;EFO;1;13/8/2026;;;;;;;;;;04 Cert a Demanda;En curso;;EFO
00374 TERMINAL PUNTA COLORADA;1000092395;10;ZPAN;04-SERV.PAQUETERIA-;;0;;;;SFERNANDEZ;1012981;SERVICIO FLETE DE PAQUETERIA;;77051;77051;0;0;5000185044;19/8/2026;Servicios;CUMPLIDO;EXPRESO DE A CUATRO SRL;MR01;10/1/2027;23/7/2026;10155479;10;1;23/7/2026;24/7/2026;C15;4500136041;10;0374;1;GDIAZ;19/8/2026;21/8/2026;C15;1;19/8/2026;;;;;;;;;;04 Cert a Demanda;En curso - Total recepcionado;;C15
00374 TERMINAL PUNTA COLORADA;1000092506;10;ZPAN;CALIBRACIONES EQ GEO;;0;;;;JIBANEZ;1022295;calibración Pistola Spark Tester;;0;1;0;1;;;Servicios;ADJUDICADO;CALINS SA;MR01;12/9/2026;24/7/2026;10155677;10;1;24/7/2026;24/7/2026;374;4500133734;10;0374;1;JJCABRERA;25/7/2026;10/9/2026;374;0;;;;;;;;;;;Sin aclaración;En curso - Próximo a vencer;;374
00374 TERMINAL PUNTA COLORADA;1000092657;10;ZPAN;03-EXTENSION AIRALDE;;0;;;;SFERNANDEZ;1035491;SERVICIO RECARGA TUBO GAS 10 KG;;0;20;0;20;;;Servicios;ADJUDICADO;AIRALDE VICTOR NICOLAS;MR01;20/10/2026;28/7/2026;10155928;10;1;28/7/2026;28/7/2026;C25;4500134655;10;0374;1;MPITTIA;5/8/2026;20/10/2026;C25;0;;;;;;;;;;;03 Cert Mensual;En curso - Próximo a vencer;;C25
00374 TERMINAL PUNTA COLORADA;1000092657;20;ZPAN;03-EXTENSION AIRALDE;;0;;;;SFERNANDEZ;1035489;SERVICIO RECARGA TUBO GAS 45 KG;;9;40;0;31;5000185878;26/8/2026;Servicios;CUMPLIDO PARCIAL;AIRALDE VICTOR NICOLAS;MR01;20/10/2026;28/7/2026;10155928;20;1;28/7/2026;28/7/2026;C25;4500134655;20;0374;1;MPITTIA;5/8/2026;20/10/2026;C25;4;26/8/2026;;;;;;;;;;03 Cert Mensual;En curso - Próximo a vencer;Verde;C25
00374 TERMINAL PUNTA COLORADA;1000092783;10;ZPAN;03-EXTENSION ALQ.TUB;;0;;;;SFERNANDEZ;1013105;ALQUILER TUBOS DE ACETILENO;;6;6;0;0;5000183894;10/8/2026;Servicios;CUMPLIDO;ESCUDERO VIVIANA ANGELICA;MR01;1/1/2027;29/7/2026;10156060;10;1;29/7/2026;30/7/2026;C24;4500135012;10;0374;1;MPITTIA;7/8/2026;1/1/2027;C24;1;10/8/2026;;;;;;;;;;03 Cert Mensual;En curso - Total recepcionado;;C24
00374 TERMINAL PUNTA COLORADA;1000092783;20;ZPAN;03-EXTENSION ALQ.TUB;;0;;;;SFERNANDEZ;1013105;ALQUILER TUBOS DE OXIGENO;;6;6;0;0;5000183894;10/8/2026;Servicios;CUMPLIDO;ESCUDERO VIVIANA ANGELICA;MR01;1/1/2027;29/7/2026;10156060;20;1;29/7/2026;30/7/2026;C24;4500135012;20;0374;1;MPITTIA;7/8/2026;1/1/2027;C24;1;10/8/2026;;;;;;;;;;03 Cert Mensual;En curso - Total recepcionado;;C24
00374 TERMINAL PUNTA COLORADA;1000092931;10;ZPAN;04 - Serv Topografia;;0;;;;DSUAREZ;1027430;SERV TOPOG G JUAREZ X MES - EXTENSION;;1;3;0;2;5000186830;2/9/2026;Servicios;CUMPLIDO PARCIAL;INGEAP S.A.S.;MR01;24/11/2026;1/8/2026;10156326;10;1;1/8/2026;3/8/2026;C26;4500134858;10;0374;1;ALOPEZ;6/8/2026;24/11/2026;C26;1;2/9/2026;;;;;;;;;;04 Cert a Demanda;En curso;;C26
00374 TERMINAL PUNTA COLORADA;1000092961;10;ZPAN;04 - Subcontrato PSB;;0;;;;DSUAREZ;1012995;"SUBCONTRATO TERMOFUSION 18""";;290;400;0;110;5000187354;4/9/2026;Servicios;CUMPLIDO PARCIAL;PSB SERVICIOS INDUSTRIALES S.R.L.;MR01;30/10/2026;3/8/2026;10156377;10;1;3/8/2026;5/8/2026;C26;4500134906;10;0374;1;ALOPEZ;6/8/2026;20/10/2026;C26;1;4/9/2026;;;;;;;;;;04 Cert a Demanda;En curso;;C26
00374 TERMINAL PUNTA COLORADA;1000092961;20;ZPAN;04 - Subcontrato PSB;;0;;;;DSUAREZ;1012995;"SUBCONTRATO TERMOFUSION 12""";;36;120;0;84;5000187354;4/9/2026;Servicios;CUMPLIDO PARCIAL;PSB SERVICIOS INDUSTRIALES S.R.L.;MR01;30/10/2026;3/8/2026;10156377;20;1;3/8/2026;5/8/2026;C26;4500134906;20;0374;1;ALOPEZ;6/8/2026;20/10/2026;C26;1;4/9/2026;;;;;;;;;;04 Cert a Demanda;En curso;;C26
00374 TERMINAL PUNTA COLORADA;1000092961;30;ZPAN;04 - Subcontrato PSB;;0;;;;DSUAREZ;1012995;"SUBCONTRATO TERMOFUSION 6""";;220;220;0;0;5000187354;4/9/2026;Servicios;CUMPLIDO;PSB SERVICIOS INDUSTRIALES S.R.L.;MR01;30/10/2026;3/8/2026;10156377;30;1;3/8/2026;5/8/2026;C26;4500134906;30;0374;1;ALOPEZ;6/8/2026;20/10/2026;C26;1;4/9/2026;;;;;;;;;;04 Cert a Demanda;En curso - Total recepcionado;;C26
00374 TERMINAL PUNTA COLORADA;1000093012;10;ZPAN;03 - ALQUILER EXTRUS;;0;;;;DSUAREZ;1033267;EXTRUSORA LESITER WELDPLAST S2;;2;2;0;0;5000184368;13/8/2026;Servicios;CUMPLIDO;ALL IN SA;MR01;24/10/2026;3/8/2026;10156434;10;1;3/8/2026;5/8/2026;C04;4500135241;10;0374;1;FPRUDENTE;10/8/2026;24/10/2026;C04;1;13/8/2026;;;;;;;;;;03 Cert Mensual;En curso - Total recepcionado;;C04
00374 TERMINAL PUNTA COLORADA;1000093468;30;ZPAN;PM Raul Aleman - Val;;0;;;;DSUAREZ;1026920;CALIBRACION CAUDALIMETRO LATYN 2023;;1;1;0;0;5000186641;1/9/2026;Servicios;CUMPLIDO;BMH INVERSIONES DEL SUR SA;MR01;11/9/2026;11/8/2026;10157124;30;1;11/8/2026;11/8/2026;374;4500136204;10;0374;1;JJCABRERA;20/8/2026;4/9/2026;374;1;1/9/2026;;;;;;;;;;Sin aclaración;En curso - Próximo a vencer;;374
00374 TERMINAL PUNTA COLORADA;1000093559;10;ZPAN;04 - Remis Andrade E;;0;;;;DSUAREZ;1022296;SERVICIO REMIS POR KM - ANDRADE;;6580;60000;0;53420;5000187171;3/9/2026;Servicios;CUMPLIDO PARCIAL;ANDRADE ERIC ALEXIS;MR01;30/10/2026;12/8/2026;10157280;10;1;12/8/2026;12/8/2026;C25;4500136126;10;0374;1;MPITTIA;20/8/2026;30/10/2026;C25;3;3/9/2026;;;;;;;;;;04 Cert a Demanda;En curso;;C25
00374 TERMINAL PUNTA COLORADA;1000093581;10;ZPAN;03 - SAPSA Extension;;0;;;;DSUAREZ;1035384;REG RSU0045 RESIDUOS HUM VERDE X TN;;5;5;0;0;5000185507;22/8/2026;Servicios;CUMPLIDO;SOLUCIONES AMBIENTALES PATAGONIA;MR01;30/12/2026;12/8/2026;10157324;10;1;12/8/2026;13/8/2026;C25;4500136128;10;0374;1;MPITTIA;20/8/2026;30/12/2026;C25;1;22/8/2026;;;;;;;;;;03 Cert Mensual;En curso - Total recepcionado;;C25
00374 TERMINAL PUNTA COLORADA;1000093581;20;ZPAN;03 - SAPSA Extension;;0;;;;DSUAREZ;1035384;RESIDUOS HUMEDOS VERDE RSU X TN;;15;50;0;35;5000187018;3/9/2026;Servicios;CUMPLIDO PARCIAL;SOLUCIONES AMBIENTALES PATAGONIA;MR01;30/12/2026;12/8/2026;10157324;20;1;12/8/2026;13/8/2026;C25;4500136129;20;0374;1;MPITTIA;20/8/2026;30/12/2026;C25;1;3/9/2026;;;;;;;;;;03 Cert Mensual;En curso;Verde;C25
00374 TERMINAL PUNTA COLORADA;1000093754;10;ZPAN;PM 100 CALIDAD;;0;;;;DSUAREZ;1013029;CALIFICACION DE SOLDADOR;;0;1;0;1;;;Servicios;ADJUDICADO;KUHN MATIAS DANIEL;MR01;4/9/2026;14/8/2026;10157538;10;1;14/8/2026;14/8/2026;374;4500137393;20;0374;1;WDILLMAN;2/9/2026;10/9/2026;374;0;;;;;;;;;;;Sin aclaración;Vencido con cant pendiente a recep;;374
00374 TERMINAL PUNTA COLORADA;1000093754;30;ZPAN;PM 100 CALIDAD;;0;;;;DSUAREZ;1013021;CERTIFICACION TERMOFUSIONADORA;;0;1;0;1;;;Servicios;ADJUDICADO;KUHN MATIAS DANIEL;MR01;4/9/2026;14/8/2026;10157538;30;1;1/9/2026;2/9/2026;374;4500137393;10;0374;1;WDILLMAN;2/9/2026;10/9/2026;374;0;;;;;;;;;;;Sin aclaración;Vencido con cant pendiente a recep;;374
00374 TERMINAL PUNTA COLORADA;1000093754;40;ZPAN;PM 100 CALIDAD;;0;;;;DSUAREZ;1016081;CERTIFICACION FUSIONADORA;;0;2;0;2;;;Servicios;ADJUDICADO;KUHN MATIAS DANIEL;MR01;4/9/2026;14/8/2026;10157538;40;1;1/9/2026;2/9/2026;374;4500137393;30;0374;1;WDILLMAN;2/9/2026;10/9/2026;374;0;;;;;;;;;;;Sin aclaración;Vencido con cant pendiente a recep;;374
00374 TERMINAL PUNTA COLORADA;1000093842;10;ZPAN;PM 10320- PERNO CON;;0;;;;SFERNANDEZ;1022295;PERNO CON TUERCA SEGUN DETALLE;;1;3;0;2;5000186185;27/8/2026;Servicios;CUMPLIDO PARCIAL;BLACKSMITH SAS;MR01;14/9/2026;17/8/2026;10157686;10;1;17/8/2026;18/8/2026;374;4500136369;10;0374;1;JJCABRERA;21/8/2026;7/9/2026;374;1;27/8/2026;;;;;;;;;;Sin aclaración;En curso - Próximo a vencer;;374
00374 TERMINAL PUNTA COLORADA;1000093842;20;ZPAN;PM 10320- PERNO CON;;0;;;;SFERNANDEZ;1022295;TUERCA SEGUN DETALLE;;0;1;0;1;;;Servicios;ADJUDICADO;BLACKSMITH SAS;MR01;14/9/2026;17/8/2026;10157686;20;1;18/8/2026;18/8/2026;374;4500136369;20;0374;1;JJCABRERA;21/8/2026;7/9/2026;374;0;;;;;;;;;;;Sin aclaración;En curso - Próximo a vencer;;374
00374 TERMINAL PUNTA COLORADA;1000093848;10;ZPAN;LENOR-RECERTIFICACIO;;0;;;;SFERNANDEZ;1013021;REVALIDA ONLINE OPERADOR SALAS-GONZALEZ;;1;1;0;0;5000185588;24/8/2026;Servicios;CUMPLIDO;LENOR SRL;MR01;7/9/2026;18/8/2026;10157702;10;1;18/8/2026;18/8/2026;C25;4500136137;10;0374;1;MPITTIA;20/8/2026;7/9/2026;C25;1;24/8/2026;;;;;;;;;;Sin aclaración;En curso - Próximo a vencer;;C25
00374 TERMINAL PUNTA COLORADA;1000093848;20;ZPAN;LENOR-RECERTIFICACIO;;0;;;;SFERNANDEZ;1013021;CERTIFICADO DE OPERADORES GRUA 90TN;;1;1;0;0;5000185588;24/8/2026;Servicios;CUMPLIDO;LENOR SRL;MR01;7/9/2026;18/8/2026;10157702;20;1;18/8/2026;18/8/2026;C25;4500136137;20;0374;1;MPITTIA;20/8/2026;7/9/2026;C25;1;24/8/2026;;;;;;;;;;Sin aclaración;En curso - Próximo a vencer;;C25
00374 TERMINAL PUNTA COLORADA;1000093914;10;ZPAN;04-EXTENSION- BESTNO;;0;;;;SFERNANDEZ;1033267;EXT ALQUILER TRACTOR+SEMI+HIDRO;;0;3;0;3;;;Servicios;ADJUDICADO;BESTNOR SAS;MR01;5/11/2026;18/8/2026;10157800;10;1;18/8/2026;19/8/2026;C04;4500136539;10;0374;1;WVENTURINI;24/8/2026;5/11/2026;C04;0;;;;;;;;;;;04 Cert a Demanda;En curso;;C04
00374 TERMINAL PUNTA COLORADA;1000093936;10;ZPAN;04- REPARACION VEJIG;;0;;;;SFERNANDEZ;1022295;REPARACION OBTURADOR TA-250 FC 3-531;;1;1;0;0;5000185512;22/8/2026;Servicios;CUMPLIDO;SCEVOLA CARLOS GUSTAVO;MR01;8/9/2026;19/8/2026;10157867;10;1;19/8/2026;19/8/2026;374;4500136178;10;0374;1;JJCABRERA;20/8/2026;27/8/2026;374;1;22/8/2026;;;;;;;;;;04 Cert a Demanda;En curso - Próximo a vencer;;374
00374 TERMINAL PUNTA COLORADA;1000093936;20;ZPAN;04- REPARACION VEJIG;;0;;;;SFERNANDEZ;1022295;TRASLADO - FC 3-531;;1;1;0;0;5000185512;22/8/2026;Servicios;CUMPLIDO;SCEVOLA CARLOS GUSTAVO;MR01;8/9/2026;19/8/2026;10157867;20;1;19/8/2026;19/8/2026;374;4500136178;20;0374;1;JJCABRERA;20/8/2026;27/8/2026;374;1;22/8/2026;;;;;;;;;;04 Cert a Demanda;En curso - Próximo a vencer;;374
00374 TERMINAL PUNTA COLORADA;1000094042;10;ZPAN;04-CURSO MANEJO DEF.;;0;;;;SFERNANDEZ;1048859;CURSO DE MANEJO DEFENSIVO VERA- TUREO;;2;2;0;0;5000185757;25/8/2026;Servicios;CUMPLIDO;BUSTOS MARIA LORENA;MR01;9/9/2026;20/8/2026;10158055;10;1;20/8/2026;20/8/2026;374;4500136478;10;0374;1;WDILLMAN;24/8/2026;28/8/2026;374;1;25/8/2026;;;;;;;;;;04 Cert a Demanda;En curso - Próximo a vencer;;374
00374 TERMINAL PUNTA COLORADA;1000094060;10;ZPAN;REGULARIZACION - CAR;;0;;;;JIBANEZ;1022295;RECAMBIO DE FUSIBLE CARGADERO;;1;1;0;0;5000185543;22/8/2026;Servicios;CUMPLIDO;CARREÑO MARCOS ANTONIO;MR01;9/9/2026;20/8/2026;10158122;10;1;20/8/2026;21/8/2026;374;4500136396;10;0374;1;JJCABRERA;21/8/2026;25/8/2026;374;1;22/8/2026;;;;;;;;;;Sin aclaración;En curso - Próximo a vencer;;374
00374 TERMINAL PUNTA COLORADA;1000094124;10;ZPAN;04-EXT-ALQ-MINEXCA E;;0;;;;SFERNANDEZ;1033267;EXT. ALQ JD E061791-BALDE5659;;0;1;0;1;;;Servicios;ADJUDICADO;SULLAIR ARGENTINA S.A;MR01;10/12/2026;21/8/2026;10158214;10;1;21/8/2026;24/8/2026;C04;4500136951;10;0374;1;WVENTURINI;28/8/2026;10/12/2026;C04;0;;;;;;;;;;;04 Cert a Demanda;En curso;;C04
00374 TERMINAL PUNTA COLORADA;1000094163;10;ZPAN;PM 10329- PROD OBRA-;;0;;;;SFERNANDEZ;1022295;"FAB. CARRETELES 12""";;0;5;0;5;;;Servicios;ADJUDICADO;CORREA DANIEL NAZARIO;MR01;10/9/2026;22/8/2026;10158277;10;1;22/8/2026;24/8/2026;374;4500137230;10;0374;1;WDILLMAN;1/9/2026;9/9/2026;374;0;;;;;;;;;;;Sin aclaración;En curso - Próximo a vencer;;374
00374 TERMINAL PUNTA COLORADA;1000094163;20;ZPAN;PM 10329- PROD OBRA-;;0;;;;SFERNANDEZ;1022295;SOLDADURA ARBOLITOS P/ PH-MODIFICACION;;0;2;0;2;;;Servicios;ADJUDICADO;CORREA DANIEL NAZARIO;MR01;10/9/2026;22/8/2026;10158277;20;1;22/8/2026;24/8/2026;374;4500137230;20;0374;1;WDILLMAN;1/9/2026;9/9/2026;374;0;;;;;;;;;;;Sin aclaración;En curso - Próximo a vencer;;374
00374 TERMINAL PUNTA COLORADA;1000094190;140;ZPAN;PM 102 - CALIDAD;;0;;;;SFERNANDEZ;1012975;FLETE CAMION C/ HIDROGRUA X VIAJE;;0;1;0;1;;;Servicios;ADJUDICADO;LA ELENA S.A.;MR01;11/9/2026;24/8/2026;10158306;140;1;27/8/2026;28/8/2026;374;4500136991;30;2001;1;WDILLMAN;28/8/2026;10/9/2026;374;0;;;;;;;;;;;Sin aclaración;En curso - Próximo a vencer;;374
00374 TERMINAL PUNTA COLORADA;1000094231;10;ZPAN;PM FLETE DEV-WACKER;;0;;;;SFERNANDEZ;1012979;FLETE DEV COMPACTADOR -ROSARIO-ROMECO;;1;1;0;0;5000186009;26/8/2026;Servicios;CUMPLIDO;VIRGILI MARCELO HECTOR;MR01;11/9/2026;24/8/2026;10158361;10;1;24/8/2026;26/8/2026;C15;4500136778;10;0374;1;GDIAZ;26/8/2026;11/9/2026;C15;1;26/8/2026;;;;;;;;;;Sin aclaración;En curso - Próximo a vencer;;C15
00374 TERMINAL PUNTA COLORADA;1000094257;10;ZPAN;EXTENSION 10.5% IVA-;;0;;;;SFERNANDEZ;1013024;VIATICOS IVA 10.5%;;0;60000000;0;60000000;;;Servicios;ADJUDICADO;SA IMPORTADORA Y EXP. DE LA PA;MR01;31/12/2026;24/8/2026;10158383;10;1;24/8/2026;26/8/2026;C25;4500137358;10;0374;1;MPITTIA;1/9/2026;31/12/2026;C25;0;;;;;;;;;;;Sin aclaración;En curso;;C25
00374 TERMINAL PUNTA COLORADA;1000094283;10;ZPAN;04 - Calibracion EQM;;0;;;;DSUAREZ;1026919;CALIBRACION TRIMBLE E330659;;0;1;0;1;;;Servicios;ADJUDICADO;RUNCO S.A.;MR01;14/9/2026;25/8/2026;10158424;10;1;25/8/2026;26/8/2026;374;4500136738;10;0374;1;WDILLMAN;26/8/2026;10/9/2026;374;0;;;;;;;;;;;04 Cert a Demanda;En curso - Próximo a vencer;;374
00374 TERMINAL PUNTA COLORADA;1000094283;20;ZPAN;04 - Calibracion EQM;;0;;;;DSUAREZ;1026919;CALIBRACION TRIMBLE D051565;;0;1;0;1;;;Servicios;ADJUDICADO;RUNCO S.A.;MR01;14/9/2026;25/8/2026;10158424;20;1;25/8/2026;26/8/2026;374;4500136738;20;0374;1;WDILLMAN;26/8/2026;10/9/2026;374;0;;;;;;;;;;;04 Cert a Demanda;En curso - Próximo a vencer;;374
00374 TERMINAL PUNTA COLORADA;1000094283;30;ZPAN;04 - Calibracion EQM;;0;;;;DSUAREZ;1026919;CALIBRACION TRIMBLE 36940119;;0;1;0;1;;;Servicios;ADJUDICADO;RUNCO S.A.;MR01;14/9/2026;25/8/2026;10158424;30;1;25/8/2026;26/8/2026;374;4500136738;30;0374;1;WDILLMAN;26/8/2026;10/9/2026;374;0;;;;;;;;;;;04 Cert a Demanda;En curso - Próximo a vencer;;374
00374 TERMINAL PUNTA COLORADA;1000094318;10;ZPAN;04-REG-ALQ.COMPACTAD;;0;;;;SFERNANDEZ;1033267;ALQ.RODILLO COMPACTADOR 25-7 AL 21-8;;1;1;0;0;5000187546;7/9/2026;Servicios;CUMPLIDO;ALL SERVICE SRL;MR01;14/9/2026;25/8/2026;10158484;10;1;25/8/2026;26/8/2026;C04;4500137565;10;0374;1;FPRUDENTE;3/9/2026;14/9/2026;C04;1;7/9/2026;;;;;;;;;;04 Cert a Demanda;En curso - Próximo a vencer;;C04
00374 TERMINAL PUNTA COLORADA;1000094408;10;ZPAN;PM-CALIBRACION MANOM;;0;;;;SFERNANDEZ;1013022;CALIBRACION MANOMETRO DIGITAL KELLER;;0;1;0;1;;;Servicios;ADJUDICADO;MH INSTRUMENTAC Y PESAJE SRL;MR01;16/9/2026;27/8/2026;10158620;10;1;27/8/2026;28/8/2026;374;4500137588;10;0374;1;WDILLMAN;3/9/2026;15/9/2026;374;0;;;;;;;;;;;Sin aclaración;En curso - Próximo a vencer;;374
00374 TERMINAL PUNTA COLORADA;1000094453;10;ZPAN;04- EXT- DIRECTO SUR;;0;;;;SFERNANDEZ;1012981;FLETE PAQUETERIA DIRECTO SUR- EXT;;0;20000000;0;20000000;;;Servicios;ADJUDICADO;DIRECTO SUR S. R. L.;MR01;10/11/2026;27/8/2026;10158746;10;1;27/8/2026;28/8/2026;C15;4500137748;10;0374;1;GDIAZ;4/9/2026;10/11/2026;C15;0;;;;;;;;;;;04 Cert a Demanda;En curso;;C15
00374 TERMINAL PUNTA COLORADA;1000094617;10;ZPAN;PM Valvula de Seguri;;0;;;;DSUAREZ;1026919;CALIB Y CERT DE VALVULA DE SEGURIDAD;;0;1;0;1;;;Servicios;ADJUDICADO;TECNO CONSULTING SA;MR01;18/9/2026;31/8/2026;10158980;10;1;31/8/2026;2/9/2026;C38;4500137385;10;0374;1;LMAZZA;2/9/2026;11/9/2026;C38;0;;;;;;;;;;;Sin aclaración;En curso - Próximo a vencer;;C38
00374 TERMINAL PUNTA COLORADA;1000094667;10;ZPAN;04 - Subcontrato Gua;;0;;;;DSUAREZ;1042362;SUBCONTRATO MANO OBRA GUARDARRAIL;;0;1;0;1;;;Servicios;ADJUDICADO;BACSA DE SCHVAB JULIO CESAR Y;MR01;30/10/2026;31/8/2026;10159034;10;1;31/8/2026;2/9/2026;C26;4500137537;10;0374;1;YCOLMAN;3/9/2026;30/10/2026;C26;0;;;;;;;;;;;04 Cert a Demanda;En curso;;C26
00374 TERMINAL PUNTA COLORADA;1000094692;10;ZPAN;04 - CMD 02/09;;0;;;;DSUAREZ;1048859;CURSO DE MANEJO DEFENSIVO;;3;3;0;0;5000187167;3/9/2026;Servicios;CUMPLIDO;BUSTOS MARIA LORENA;MR01;21/9/2026;1/9/2026;10159093;10;1;1/9/2026;2/9/2026;374;4500137496;10;0374;1;WDILLMAN;3/9/2026;11/9/2026;374;1;3/9/2026;;;;;;;;;;04 Cert a Demanda;En curso - Próximo a vencer;;374
00374 TERMINAL PUNTA COLORADA;1000094700;10;ZPAN;03 - Impresora Ricoh;;0;;;;DSUAREZ;1026315;ALQUILER IMPRESORA BYN A3 X MES;;0;0;6;0;;;Servicios;SIN TRATAMIENTO;;MR01;31/3/2026;1/9/2026;10159109;10;1;1/9/2026;2/9/2026;C25;;0;;0;;;;;0;;;;;;;;;;;03 Cert Mensual;Vencido con cant pendiente a recep;;C25
00374 TERMINAL PUNTA COLORADA;1000094722;10;ZPAN;03-EXT. ALQ. BAÑO IN;;0;;;;SFERNANDEZ;1047100;ALQUILER DE MODULO BAÑO 6MT X MES;;0;0;24;0;;;Servicios;SIN TRATAMIENTO;;MR01;21/2/2027;1/9/2026;10159132;10;1;1/9/2026;2/9/2026;C25;;0;;0;;;;;0;;;;;;;;;;;03 Cert Mensual;En curso;;C25
00374 TERMINAL PUNTA COLORADA;1000094722;20;ZPAN;03-EXT. ALQ. BAÑO IN;;0;;;;SFERNANDEZ;1022693;ALQUILER BAÑO INDV X MES;;0;0;324;0;;;Servicios;SIN TRATAMIENTO;;MR01;21/2/2027;1/9/2026;10159132;20;1;1/9/2026;2/9/2026;C25;;0;;0;;;;;0;;;;;;;;;;;03 Cert Mensual;En curso;;C25
00374 TERMINAL PUNTA COLORADA;1000094726;50;ZPAN;M_10333 Varillas HAS;;0;;;;DSUAREZ;1012981;FLETE HILTI;;0;1;0;1;;;Servicios;ADJUDICADO;HILTI ARGENTINA SRL;MR01;21/9/2026;1/9/2026;10159134;50;1;1/9/2026;2/9/2026;374;4500137447;50;0374;1;WDILLMAN;2/9/2026;21/9/2026;374;0;;;;;;;;;;;Sin aclaración;En curso - Próximo a vencer;;374
00374 TERMINAL PUNTA COLORADA;1000094732;10;ZPAN;PM_10334 Tiretas EFC;;0;;;;DSUAREZ;1042054;CONSUM TENSORES EFCO 200MM;;0;1100;0;1100;;;Servicios;ADJUDICADO;EFCO ARGENTINA SA;MR01;21/9/2026;1/9/2026;10159140;10;1;1/9/2026;2/9/2026;C26;4500137521;10;0374;1;YCOLMAN;3/9/2026;21/9/2026;C26;0;;;;;;;;;;;Sin aclaración;En curso - Próximo a vencer;;C26
00374 TERMINAL PUNTA COLORADA;1000094753;10;ZPAN;04 - Renovacion Onli;;0;;;;DSUAREZ;1013021;JORNADA DE CAPACITACION ONLINE;;0;1;0;1;;;Servicios;ADJUDICADO;LENOR SRL;MR01;22/9/2026;2/9/2026;10159176;10;1;2/9/2026;2/9/2026;374;4500137477;10;0374;1;WDILLMAN;2/9/2026;11/9/2026;374;0;;;;;;;;;;;04 Cert a Demanda;En curso - Próximo a vencer;;374
00374 TERMINAL PUNTA COLORADA;1000094753;20;ZPAN;04 - Renovacion Onli;;0;;;;DSUAREZ;1016081;CERTIFICACION OPERADOR OBRA;;0;2;0;2;;;Servicios;ADJUDICADO;LENOR SRL;MR01;22/9/2026;2/9/2026;10159176;20;1;2/9/2026;2/9/2026;374;4500137477;20;0374;1;WDILLMAN;2/9/2026;11/9/2026;374;0;;;;;;;;;;;04 Cert a Demanda;En curso - Próximo a vencer;;374
00374 TERMINAL PUNTA COLORADA;1000094799;10;ZPAN;03-EXT. RESIDUOS SEC;;0;;;;SFERNANDEZ;1035384;RESIDUOS RECICLABLES AMARILLO RSU X TN;;0;0;100;0;;;Servicios;SIN TRATAMIENTO;;MR01;15/1/2027;3/9/2026;10159297;10;1;3/9/2026;3/9/2026;C25;;0;;0;;;;;0;;;;;;;;;;;03 Cert Mensual;En curso;;C25
00374 TERMINAL PUNTA COLORADA;1000094805;10;ZPAN;04 - RSV Taller;;0;;;;DSUAREZ;1022295;SERVICIO TECNICO RSV - SOFTWARE;;0;0;2;0;;;Servicios;SIN TRATAMIENTO;;MR01;23/9/2026;3/9/2026;10159310;10;1;3/9/2026;3/9/2026;C25;;0;;0;;;;;0;;;;;;;;;;;04 Cert a Demanda;En curso - Próximo a vencer;;C25
00374 TERMINAL PUNTA COLORADA;1000094887;10;ZPAN;04 - Control Plagas;;0;;;;DSUAREZ;1013139;CONTROL PLAGA DOMICILIO SIERRA GRANDE;;0;1;0;1;;;Servicios;ADJUDICADO;MOLINA SOTO MATIAS FABIAN;MR01;24/9/2026;4/9/2026;10159398;10;1;4/9/2026;4/9/2026;374;4500137787;10;0374;1;WDILLMAN;5/9/2026;10/9/2026;374;0;;;;;;;;;;;04 Cert a Demanda;En curso - Próximo a vencer;;374
00374 TERMINAL PUNTA COLORADA;1000094906;10;ZPAN;04 - Regularizacion;;0;;;;DSUAREZ;1012995;"SUBCONTRATO TERMOFUSION 6""";;0;0;17;0;;;Servicios;SIN TRATAMIENTO;;MR01;24/9/2026;4/9/2026;10159450;10;1;4/9/2026;7/9/2026;C26;;0;;0;;;;;0;;;;;;;;;;;04 Cert a Demanda;En curso - Próximo a vencer;;C26
00374 TERMINAL PUNTA COLORADA;1000094906;20;ZPAN;04 - Regularizacion;;0;;;;DSUAREZ;1012995;"SUBCONTRATO TERMOFUSION 10""";;0;0;10;0;;;Servicios;SIN TRATAMIENTO;;MR01;24/9/2026;4/9/2026;10159450;20;1;4/9/2026;7/9/2026;C26;;0;;0;;;;;0;;;;;;;;;;;04 Cert a Demanda;En curso - Próximo a vencer;;C26
00375 YPF OLEODUCTO PR-LP;1000065729;10;ZPAN;04-SERVICIO DE SUBCO;;0;;;;GPUJOL;1018238;SUBCONTRATO DE SOLDADURA X MT;7950,85;7951,85;7950,85;0;-1;5000147897;4/10/2025;Servicios;CUMPLIDO;CATEX SRL;MR01;20/2/2025;25/4/2025;10120096;10;1;25/4/2025;22/4/2026;C26;4500097880;10;0375;1;AGONZALEZ;25/4/2025;20/2/2026;C26;4;4/10/2025;;;;;;;;;;04 Cert a Demanda;Vencido con cant pendiente a recep;;C26
00375 YPF OLEODUCTO PR-LP;1000065999;10;ZPAN;03-ALQUILER DE TIEND;;0;;;;GPUJOL;1033267;ALQUILER DE TIENDETUBOS CAT-D8K/583;4;2,66;2,66;1;1,34;5000147025;26/9/2025;Servicios;CUMPLIDO PARCIAL;TECHINT CTI SACI;MR01;1/10/2025;30/4/2025;10120436;10;1;30/4/2025;2/5/2025;C04;4500098277;10;0375;1;WVENTURINI;2/5/2025;1/10/2026;C04;4;26/9/2025;;;;;;;;;;03 Cert Mensual;Vencido con cant pendiente a recep;;C04
00375 YPF OLEODUCTO PR-LP;1000066034;10;ZPAN;03-ALQUILER DISPENSE;;0;;;;GPUJOL;1013138;SERVICIO BOTELLON DE 20 LTS XUN;3000;1892;3000;0;1108;5000176702;11/6/2026;Servicios;CUMPLIDO PARCIAL;LABISTE CARLOS;MR01;20/7/2026;2/5/2025;10120495;10;1;2/5/2025;2/5/2025;C25;4500098789;10;0375;2;JESPARZA;9/5/2025;20/7/2026;C25;13;11/6/2026;;;;;;;;;;03 Cert Mensual;Vencido con cant pendiente a recep;;C25
00375 YPF OLEODUCTO PR-LP;1000069503;10;ZPAN;03-EXTENSION OC 4500;;0;;;;GPUJOL;1013136;SERVICIO LIMPIEZA DESAGOTE BANO QUIMICO;750;752;750;0;-2;5000168418;9/4/2026;Servicios;CUMPLIDO;TOVIO SERGIO MAXIMILIANO;MR01;16/5/2026;1/7/2025;10125054;10;1;1/7/2025;2/7/2025;C25;4500103390;10;0375;2;MPITTIA;11/7/2025;16/5/2026;C25;11;9/4/2026;;;;;;;;;;03 Cert Mensual;Vencido con cant pendiente a recep;;C25
00375 YPF OLEODUCTO PR-LP;1000073573;30;ZPAN;PEDIDO DE PIEDRA PAR;;0;10;4;6/2/2026;GPUJOL;1012969;FLETE POR PIEDRA DE 1° Y PIERDRA 30-50;1400;698,23;698,23;702;701,77;5000149678;21/10/2025;Servicios;CUMPLIDO;HORMIMONTE SRL;MR01;31/12/2025;8/9/2025;10130472;30;1;8/9/2025;8/9/2025;C14;4500108381;30;0375;1;VBARRA;11/9/2025;26/11/2025;C14;24;21/10/2025;;;;;;;;;;Sin aclaración;Vencido con cant pendiente a recep;;C14
00375 YPF OLEODUCTO PR-LP;1000073602;10;ZPAN;04-SERVICIO DE BALAN;;0;10;4;5/2/2026;GPUJOL;1022295;SERVICIO DE BALANZA PARA CAMIONES;20;6;6;14;14;5000152273;12/11/2025;Servicios;CUMPLIDO;TRANSPORTES GASTON S.A.S.;MR01;26/3/2026;8/9/2025;10130507;10;1;8/9/2025;8/9/2025;C14;4500108324;10;0375;1;VBARRA;11/9/2025;25/12/2025;C14;2;12/11/2025;;;;;;;;;;04 Cert a Demanda;Vencido con cant pendiente a recep;;C14
00375 YPF OLEODUCTO PR-LP;1000074705;10;ZPAN;02-SERVICIO DE ALMUE;;0;;;;GPUJOL;1026044;SERVICIO DE ALMUERZO / CENA;250;230;250;0;20;5000181448;22/7/2026;Servicios;CUMPLIDO PARCIAL;LUCIANI ROSA VIRGINIA ELIZABET;MR01;20/7/2026;25/9/2025;10131889;10;1;25/9/2025;26/9/2025;C24;4500109749;10;0375;1;MPITTIA;1/10/2025;20/7/2026;C24;19;22/7/2026;;;;;;;;;;02 Cert Quincenal;Vencido con cant pendiente a recep;;C24
00375 YPF OLEODUCTO PR-LP;1000082661;10;ZPAN;02-SERVICIO DE VIAND;;0;;;;GPUJOL;1026044;SERVICIO DE VIANDA;3600;2838;3600;0;762;5000181447;22/7/2026;Servicios;CUMPLIDO PARCIAL;LUCIANI ROSA VIRGINIA ELIZABET;MR01;20/7/2026;9/2/2026;10142588;10;1;9/2/2026;9/2/2026;C24;4500120416;10;0375;1;MPITTIA;20/2/2026;20/7/2026;C24;10;22/7/2026;;;;;;;;;;02 Cert Quincenal;Vencido con cant pendiente a recep;;C24
00375 YPF OLEODUCTO PR-LP;1000084684;10;ZPAN;03-EXTENSION OC 4500;;0;;;;GPUJOL;1027343;SERV.CONSUL. AMBIENTAL X MES;3;1;3;0;2;5000167555;1/4/2026;Servicios;CUMPLIDO PARCIAL;KONOPNY MARIA ELISA;MR01;20/6/2026;12/3/2026;10145253;10;1;12/3/2026;12/3/2026;C24;4500122944;10;0375;1;MPITTIA;19/3/2026;20/7/2026;C24;3;1/4/2026;;;;;;;;;;03 Cert Mensual;Vencido con cant pendiente a recep;;C24
00375 YPF OLEODUCTO PR-LP;1000087096;10;ZPAN;Materiales p/reparac;;0;;;;JPIEDRABUENA;1012998;Panel FV 665Wp 2,38x1,30 Marca GCL;6;0;6;0;6;;;Servicios;ADJUDICADO;G&M INFINITE ENERGY S. A.;MR01;20/7/2026;22/4/2026;10148363;10;1;22/4/2026;22/4/2026;C26;4500126286;10;0375;1;YCOLMAN;28/4/2026;31/12/2026;C26;0;;;;;;;;;;;Sin aclaración;Vencido con cant pendiente a recep;;C26
00375 YPF OLEODUCTO PR-LP;1000087096;20;ZPAN;Materiales p/reparac;;0;;;;JPIEDRABUENA;1012998;Transductor tensión baterías DAT5023V;1;0;1;0;1;;;Servicios;ADJUDICADO;G&M INFINITE ENERGY S. A.;MR01;20/7/2026;22/4/2026;10148363;20;1;22/4/2026;22/4/2026;C26;4500126286;20;0375;1;YCOLMAN;28/4/2026;31/12/2026;C26;0;;;;;;;;;;;Sin aclaración;Vencido con cant pendiente a recep;;C26
00375 YPF OLEODUCTO PR-LP;1000087096;30;ZPAN;Materiales p/reparac;;0;;;;JPIEDRABUENA;1012998;Firmware, seteo y pruebas inverters;1;0;1;0;1;;;Servicios;ADJUDICADO;G&M INFINITE ENERGY S. A.;MR01;20/7/2026;22/4/2026;10148363;30;1;22/4/2026;22/4/2026;C26;4500126286;30;0375;1;YCOLMAN;28/4/2026;31/12/2026;C26;0;;;;;;;;;;;Sin aclaración;Vencido con cant pendiente a recep;;C26
00375 YPF OLEODUCTO PR-LP;1000087096;40;ZPAN;Materiales p/reparac;;0;;;;JPIEDRABUENA;1012998;Lectura tensión baterías c/nuevo transdu;1;0;1;0;1;;;Servicios;ADJUDICADO;G&M INFINITE ENERGY S. A.;MR01;20/7/2026;22/4/2026;10148363;40;1;22/4/2026;22/4/2026;C26;4500126286;40;0375;1;YCOLMAN;28/4/2026;31/12/2026;C26;0;;;;;;;;;;;Sin aclaración;Vencido con cant pendiente a recep;;C26
00375 YPF OLEODUCTO PR-LP;1000087096;50;ZPAN;Materiales p/reparac;;0;;;;JPIEDRABUENA;1012998;Programación PLC y SCADA 20mA=80Vcc;2;0;2;0;2;;;Servicios;ADJUDICADO;G&M INFINITE ENERGY S. A.;MR01;20/7/2026;22/4/2026;10148363;50;1;22/4/2026;22/4/2026;C26;4500126286;50;0375;1;YCOLMAN;28/4/2026;31/12/2026;C26;0;;;;;;;;;;;Sin aclaración;Vencido con cant pendiente a recep;;C26
00375 YPF OLEODUCTO PR-LP;1000087096;60;ZPAN;Materiales p/reparac;;0;;;;JPIEDRABUENA;1012998;Ménsulas refuerzo estructura s/plano;3;0;3;0;3;;;Servicios;ADJUDICADO;G&M INFINITE ENERGY S. A.;MR01;20/7/2026;22/4/2026;10148363;60;1;22/4/2026;22/4/2026;C26;4500126286;60;0375;1;YCOLMAN;28/4/2026;31/12/2026;C26;0;;;;;;;;;;;Sin aclaración;Vencido con cant pendiente a recep;;C26
00375 YPF OLEODUCTO PR-LP;1000087096;70;ZPAN;Materiales p/reparac;;0;;;;JPIEDRABUENA;1012998;Correa tipo C 100x50x2,5 mm x mts;6;0;6;0;6;;;Servicios;ADJUDICADO;G&M INFINITE ENERGY S. A.;MR01;20/7/2026;22/4/2026;10148363;70;1;22/4/2026;22/4/2026;C26;4500126286;70;0375;1;YCOLMAN;28/4/2026;31/12/2026;C26;0;;;;;;;;;;;Sin aclaración;Vencido con cant pendiente a recep;;C26
00375 YPF OLEODUCTO PR-LP;1000087096;80;ZPAN;Materiales p/reparac;;0;;;;JPIEDRABUENA;1012998;Colocación bulonería refuerzo paneles;50;0;50;0;50;;;Servicios;ADJUDICADO;G&M INFINITE ENERGY S. A.;MR01;20/7/2026;22/4/2026;10148363;80;1;22/4/2026;22/4/2026;C26;4500126286;80;0375;1;YCOLMAN;28/4/2026;31/12/2026;C26;0;;;;;;;;;;;Sin aclaración;Vencido con cant pendiente a recep;;C26
00375 YPF OLEODUCTO PR-LP;1000087524;10;ZPAN;PM 44 Manejo defensi;;0;;;;GPUJOL;1022295;MANEJO DEFENSIVO TEORICO -PRACTICO;10;0;0;10;10;;;Servicios;SIN TRATAMIENTO;;MR01;20/7/2026;29/4/2026;10148888;10;1;29/4/2026;29/4/2026;C25;;0;;1;;;;;0;;;;;;;;;;;Sin aclaración;Vencido con cant pendiente a recep;;C25
00375 YPF OLEODUCTO PR-LP;1000087586;10;ZPAN;EXTENCION DE OC 4500;;0;;;;GPUJOL;1013136;SERVICIO LIMPIEZA DESAGOTE BANO QUIMICO;132;116;132;0;16;5000176638;11/6/2026;Servicios;CUMPLIDO PARCIAL;TOVIO SERGIO MAXIMILIANO;MR01;20/6/2026;30/4/2026;10148990;10;1;30/4/2026;30/4/2026;C25;4500126906;10;0375;1;MPITTIA;6/5/2026;20/6/2026;C25;2;11/6/2026;;;;;;;;;;Sin aclaración;Vencido con cant pendiente a recep;;C25
00375 YPF OLEODUCTO PR-LP;1000092375;10;ZPAN;REGULARIZAR LIMPIEZA;;0;;;;GPUJOL;1013136;SERVICIO LIMPIEZA DESAGOTE BANO QUIMICO;4;0;4;0;4;;;Servicios;ADJUDICADO;TOVIO SERGIO MAXIMILIANO;MR01;12/8/2026;23/7/2026;10155451;10;1;23/7/2026;28/7/2026;C25;4500134118;10;0375;1;MPITTIA;29/7/2026;12/8/2026;C25;2;;;;;;;;;;;Sin aclaración;Vencido con cant pendiente a recep;;C25
00375 YPF OLEODUCTO PR-LP;1000092375;20;ZPAN;REGULARIZAR LIMPIEZA;;0;;;;GPUJOL;1022295;ALQUILER DE BAÑO QUIMICOXMES XUNI;4;0;4;0;4;;;Servicios;ADJUDICADO;TOVIO SERGIO MAXIMILIANO;MR01;12/8/2026;23/7/2026;10155451;20;1;23/7/2026;28/7/2026;C25;4500134118;20;0375;1;MPITTIA;29/7/2026;12/8/2026;C25;2;;;;;;;;;;;Sin aclaración;Vencido con cant pendiente a recep;;C25
0376 VELADERO FASE 8B /SAN JUAN;1000079138;10;ZPAN;PI. 4000006145 - SER;;0;;;;CBAREA;1022295;A.1 MOVILIZACIÓN;1;2;1;0;-1;5000158039;12/1/2026;Servicios;CUMPLIDO;ANDDES ARGENTINA S.A.;MM01;30/4/2026;6/12/2025;10137675;10;1;6/12/2025;6/12/2025;C26;4500115158;10;0376;1;AGONZALEZ;11/12/2025;30/4/2026;C26;2;12/1/2026;;;;;;;;;;Sin aclaración;Vencido con cant pendiente a recep;;C26
0376 VELADERO FASE 8B /SAN JUAN;1000081467;10;ZPAN;COPIAS EXCEDENTES;;0;;;;ARIVERO;1026181;COPIAS EXCEDENTES COLOR;30000;20449;30000;0;9551;5000175414;3/6/2026;Servicios;CUMPLIDO PARCIAL;TECNICA Y SISTEMAS SRL;MM01;31/7/2026;21/1/2026;10141012;10;1;21/1/2026;21/1/2026;C25;4500118605;10;0376;1;MPITTIA;28/1/2026;15/8/2026;C25;4;3/6/2026;;;;;;;;;;Sin aclaración;Vencido con cant pendiente a recep;;C25
0376 VELADERO FASE 8B /SAN JUAN;1000081535;10;ZPAN;ADICIONAL HABILITACI;;0;;;;ARIVERO;1022295;CERTIF FACTIBILIDAD USO DEL SUELO Y LOC;1;0;1;0;1;;;Servicios;ADJUDICADO;LOPEZ RIOS FACUNDO GABRIE;MM01;30/9/2026;22/1/2026;10141113;10;1;22/1/2026;22/1/2026;C25;4500118735;10;0376;1;MPITTIA;29/1/2026;30/9/2026;C25;2;;;;;;;;;;;Sin aclaración;En curso - Próximo a vencer;;C25
0376 VELADERO FASE 8B /SAN JUAN;1000081535;30;ZPAN;ADICIONAL HABILITACI;;0;;;;ARIVERO;1022295;APROB CONFORME OBRA CONCLUIDA EN DPDU;1;0;1;0;1;;;Servicios;ADJUDICADO;LOPEZ RIOS FACUNDO GABRIE;MM01;30/9/2026;22/1/2026;10141113;30;1;22/1/2026;22/1/2026;C25;4500118735;30;0376;1;MPITTIA;29/1/2026;30/9/2026;C25;2;;;;;;;;;;;Sin aclaración;En curso - Próximo a vencer;;C25
0376 VELADERO FASE 8B /SAN JUAN;1000081535;40;ZPAN;ADICIONAL HABILITACI;;0;;;;ARIVERO;1022295;CERTIF PROTECCIÓN CONTRA INCENDIO> 500m2;1;0;1;0;1;;;Servicios;ADJUDICADO;LOPEZ RIOS FACUNDO GABRIE;MM01;30/9/2026;22/1/2026;10141113;40;1;22/1/2026;22/1/2026;C25;4500118735;40;0376;1;MPITTIA;29/1/2026;30/9/2026;C25;0;;;;;;;;;;;Sin aclaración;En curso - Próximo a vencer;;C25
0376 VELADERO FASE 8B /SAN JUAN;1000081535;50;ZPAN;ADICIONAL HABILITACI;;0;;;;ARIVERO;1022295;HABIL. OBRAS CIVILES DE CONST TASA MUNI;1;0;1;0;1;;;Servicios;ADJUDICADO;LOPEZ RIOS FACUNDO GABRIE;MM01;30/9/2026;22/1/2026;10141113;50;1;22/1/2026;22/1/2026;C25;4500118735;50;0376;1;MPITTIA;29/1/2026;30/9/2026;C25;2;;;;;;;;;;;Sin aclaración;En curso - Próximo a vencer;;C25
0376 VELADERO FASE 8B /SAN JUAN;1000081535;60;ZPAN;ADICIONAL HABILITACI;;0;;;;ARIVERO;1022295;CERT FINAL DE OBRA-LIC USO O HABIL DPDU;1;0;1;0;1;;;Servicios;ADJUDICADO;LOPEZ RIOS FACUNDO GABRIE;MM01;30/9/2026;22/1/2026;10141113;60;1;22/1/2026;22/1/2026;C25;4500118735;60;0376;1;MPITTIA;29/1/2026;30/9/2026;C25;2;;;;;;;;;;;Sin aclaración;En curso - Próximo a vencer;;C25
0376 VELADERO FASE 8B /SAN JUAN;1000082865;10;ZPAN;Habilitación Galpón;;0;;;;CBAREA;1022295;Certificado de Factibilidad suelo;1;0;1;0;1;;;Servicios;ADJUDICADO;LOPEZ RIOS FACUNDO GABRIE;MM01;30/9/2026;12/2/2026;10142822;10;1;12/2/2026;12/2/2026;C25;4500120029;10;0376;1;MPITTIA;12/2/2026;30/9/2026;C25;0;;;;;;;;;;;Sin aclaración;En curso - Próximo a vencer;;C25
0376 VELADERO FASE 8B /SAN JUAN;1000082865;20;ZPAN;Habilitación Galpón;;0;;;;CBAREA;1022295;Tramite en DPDU de Planos;1;0;1;0;1;;;Servicios;ADJUDICADO;LOPEZ RIOS FACUNDO GABRIE;MM01;30/9/2026;12/2/2026;10142822;20;1;12/2/2026;12/2/2026;C25;4500120029;20;0376;1;MPITTIA;12/2/2026;30/9/2026;C25;0;;;;;;;;;;;Sin aclaración;En curso - Próximo a vencer;;C25
0376 VELADERO FASE 8B /SAN JUAN;1000082865;30;ZPAN;Habilitación Galpón;;0;;;;CBAREA;1022295;Aprobación de Planos;1;0;1;0;1;;;Servicios;ADJUDICADO;LOPEZ RIOS FACUNDO GABRIE;MM01;30/9/2026;12/2/2026;10142822;30;1;12/2/2026;12/2/2026;C25;4500120029;30;0376;1;MPITTIA;12/2/2026;30/9/2026;C25;0;;;;;;;;;;;Sin aclaración;En curso - Próximo a vencer;;C25
0376 VELADERO FASE 8B /SAN JUAN;1000082865;40;ZPAN;Habilitación Galpón;;0;;;;CBAREA;1022295;Certificado Final del Servicio;1;0;1;0;1;;;Servicios;ADJUDICADO;LOPEZ RIOS FACUNDO GABRIE;MM01;30/9/2026;12/2/2026;10142822;40;1;12/2/2026;12/2/2026;C25;4500120029;40;0376;1;MPITTIA;12/2/2026;30/9/2026;C25;0;;;;;;;;;;;Sin aclaración;En curso - Próximo a vencer;;C25
0376 VELADERO FASE 8B /SAN JUAN;1000082865;50;ZPAN;Habilitación Galpón;;0;;;;CBAREA;1022295;Habilitación de obras Civiles;1;0;1;0;1;;;Servicios;ADJUDICADO;LOPEZ RIOS FACUNDO GABRIE;MM01;30/9/2026;12/2/2026;10142822;50;1;12/2/2026;12/2/2026;C25;4500120029;50;0376;1;MPITTIA;12/2/2026;30/9/2026;C25;0;;;;;;;;;;;Sin aclaración;En curso - Próximo a vencer;;C25
0376 VELADERO FASE 8B /SAN JUAN;1000082865;60;ZPAN;Habilitación Galpón;;0;;;;CBAREA;1022295;Certificado Final de Obra-Licencia;1;0;1;0;1;;;Servicios;ADJUDICADO;LOPEZ RIOS FACUNDO GABRIE;MM01;30/9/2026;12/2/2026;10142822;60;1;12/2/2026;12/2/2026;C25;4500120029;60;0376;1;MPITTIA;12/2/2026;30/9/2026;C25;0;;;;;;;;;;;Sin aclaración;En curso - Próximo a vencer;;C25
0376 VELADERO FASE 8B /SAN JUAN;1000087064;10;ZPAN;IMPRESORA COLOR SEDE;;0;;;;ARIVERO;1022294;Ss. Alq. impresora 4 multif. COLOR x dia;60;0;60;0;60;;;Servicios;ADJUDICADO;TECNICA Y SISTEMAS SRL;MM01;31/7/2026;22/4/2026;10148318;10;1;22/4/2026;23/4/2026;C25;4500126274;10;0376;1;MPITTIA;28/4/2026;31/7/2026;C25;0;;;;;;;;;;;Sin aclaración;Vencido con cant pendiente a recep;;C25
0376 VELADERO FASE 8B /SAN JUAN;1000088650;10;ZPAN;PEDIDO S/ MAIL ADJ.;;0;;;;ASIGNORELLI;1049859;SERVICIO DE INTERNET ADICIONAL X 350GB;1;0,287;1;0;0,713;5000177146;17/6/2026;Servicios;CUMPLIDO PARCIAL;JAWIT S.A.;MM01;30/8/2026;19/5/2026;10150486;10;1;19/5/2026;27/5/2026;C25;4500129720;10;0376;1;MPITTIA;9/6/2026;30/8/2026;C25;1;17/6/2026;;;;;;;;;;Sin aclaración;Vencido con cant pendiente a recep;;C25
00377-YPF 3° loop;1000078526;10;ZPAN;SUBC INGENIERIA INSA;;0;;;;AFORTUNA;1013007;SUBC. DE INGENIERIA;1;1;1;0;0;5000171455;4/5/2026;Servicios;CUMPLIDO;VALENZUELA YULIANA EDITH;MR01;20/10/2026;27/11/2025;10136934;10;1;27/11/2025;28/11/2025;C26;4500114224;10;0377;1;AGONZALEZ;29/11/2025;20/10/2026;C26;7;4/5/2026;;;;;;;;;;Sin aclaración;En curso - Próximo a vencer;;C26
00377-YPF 3° loop;1000079423;20;ZPAN;03 TOPOGRAFIA;;20;;;;RTELLO;1027430;SERVICIO DE TOPOGRAFIA x MES;8;7,677;8;0;0,323;5000186702;1/9/2026;Servicios;CUMPLIDO PARCIAL;INGEAP S.A.S.;MR01;31/10/2026;12/12/2025;10138077;20;1;12/12/2025;12/12/2025;C26;4500115502;20;0377;1;AGONZALEZ;16/12/2025;31/10/2026;C26;10;1/9/2026;;;;;;;;;;03 Cert Mensual;En curso;Verde;C26
00377-YPF 3° loop;1000079982;10;ZPAN;MODULOS BAÑOS;;0;;;;ASABATINO;1047100;ALQUILER DE MODULO BAÑO 6MT X MES;8;7,834;8;0;0,166;5000186706;1/9/2026;Servicios;CUMPLIDO PARCIAL;JORGE ALBERTO SOTO S.A.S.;MR01;31/8/2026;22/12/2025;10138861;10;1;22/12/2025;22/12/2025;C04;4500116386;10;0377;1;WVENTURINI;30/12/2025;15/9/2026;C04;9;1/9/2026;;;;;;;;;;Sin aclaración;Vencido con cant pendiente a recep;;C04
00377-YPF 3° loop;1000079982;20;ZPAN;MODULOS BAÑOS;;0;;;;ASABATINO;1048521;SERV. ALQ. CAMION CISTERNA AGUA 5000LT;8;7,935;8;0;0,065;5000186706;1/9/2026;Servicios;CUMPLIDO PARCIAL;JORGE ALBERTO SOTO S.A.S.;MR01;31/8/2026;22/12/2025;10138861;20;1;22/12/2025;22/12/2025;C04;4500116386;20;0377;1;WVENTURINI;30/12/2025;15/9/2026;C04;9;1/9/2026;;;;;;;;;;Sin aclaración;Vencido con cant pendiente a recep;;C04
00377-YPF 3° loop;1000079982;30;ZPAN;MODULOS BAÑOS;;0;;;;ASABATINO;1048522;SERV. ALQ. UNID. PLANTA TRAT. EFLUENTES;8;7,794;8;0;0,206;5000186706;1/9/2026;Servicios;CUMPLIDO PARCIAL;JORGE ALBERTO SOTO S.A.S.;MR01;31/8/2026;22/12/2025;10138861;30;1;22/12/2025;22/12/2025;C04;4500116386;30;0377;1;WVENTURINI;30/12/2025;15/9/2026;C04;9;1/9/2026;;;;;;;;;;Sin aclaración;Vencido con cant pendiente a recep;;C04
00377-YPF 3° loop;1000080012;40;ZPAN;03 SERV BAÑO QUIMICO;;0;;;;RTELLO;1022295;FLETE RETIRO BAÑO QUIM EN VEHI PESADO;1;0;1;0;1;;;Servicios;ADJUDICADO;DASH SRL;MR01;31/10/2026;22/12/2025;10138874;40;1;22/12/2025;22/12/2025;C25;4500116102;40;0377;1;MPITTIA;23/12/2025;31/10/2026;C25;0;;;;;;;;;;;03 Cert Mensual;En curso;;C25
00377-YPF 3° loop;1000080240;10;ZPAN;04 SUBC MO FO;;0;;;;RTELLO;1042362;SUBCONTRATO MO FO;1;0,62;1;0;0,38;5000181759;24/7/2026;Servicios;CUMPLIDO PARCIAL;OXBEEL S.R.L;MR01;30/9/2026;30/12/2025;10139323;10;1;30/12/2025;12/1/2026;C26;4500117312;10;0377;1;AGONZALEZ;13/1/2026;31/10/2026;C26;2;24/7/2026;;;;;;;;;;04 Cert a Demanda;En curso - Próximo a vencer;;C26
00377-YPF 3° loop;1000080444;10;ZPAN;03 TRANSPORTE PERSON;;0;;;;ASABATINO;1048595;COMBI X 19 PAX LINEA;8;5,67;8;0;2,33;5000183112;4/8/2026;Servicios;CUMPLIDO PARCIAL;CUATRODEC SERVICIOS S.A.;MR01;30/9/2026;6/1/2026;10139618;10;1;6/1/2026;12/1/2026;C25;4500117387;10;0377;1;MPITTIA;14/1/2026;30/9/2026;C25;6;4/8/2026;;;;;;;;;;03 Cert Mensual;En curso - Próximo a vencer;Rojo;C25
00377-YPF 3° loop;1000080444;20;ZPAN;03 TRANSPORTE PERSON;;0;;;;ASABATINO;1048595;COMBI X 19 PAX LINEA;8;5,67;8;0;2,33;5000183112;4/8/2026;Servicios;CUMPLIDO PARCIAL;CUATRODEC SERVICIOS S.A.;MR01;30/9/2026;6/1/2026;10139618;20;1;6/1/2026;12/1/2026;C25;4500117387;20;0377;1;MPITTIA;14/1/2026;30/9/2026;C25;6;4/8/2026;;;;;;;;;;03 Cert Mensual;En curso - Próximo a vencer;Rojo;C25
00377-YPF 3° loop;1000080444;30;ZPAN;03 TRANSPORTE PERSON;;0;;;;ASABATINO;1048595;COMBI X 19 PAX LINEA;8;5,67;8;0;2,33;5000183112;4/8/2026;Servicios;CUMPLIDO PARCIAL;CUATRODEC SERVICIOS S.A.;MR01;30/9/2026;6/1/2026;10139618;30;1;6/1/2026;12/1/2026;C25;4500117387;30;0377;1;MPITTIA;14/1/2026;30/9/2026;C25;6;4/8/2026;;;;;;;;;;03 Cert Mensual;En curso - Próximo a vencer;Rojo;C25
00377-YPF 3° loop;1000080444;40;ZPAN;03 TRANSPORTE PERSON;;0;;;;ASABATINO;1048595;COMBI X 19 PAX LINEA;8;4,5;8;0;3,5;5000183112;4/8/2026;Servicios;CUMPLIDO PARCIAL;CUATRODEC SERVICIOS S.A.;MR01;30/9/2026;6/1/2026;10139618;40;1;6/1/2026;12/1/2026;C25;4500117387;40;0377;1;MPITTIA;14/1/2026;30/9/2026;C25;5;4/8/2026;;;;;;;;;;03 Cert Mensual;En curso - Próximo a vencer;Rojo;C25
00377-YPF 3° loop;1000080444;50;ZPAN;03 TRANSPORTE PERSON;;0;;;;ASABATINO;1048595;COMBI X 19 PAX LINEA;6;4,5;6;0;1,5;5000183112;4/8/2026;Servicios;CUMPLIDO PARCIAL;CUATRODEC SERVICIOS S.A.;MR01;30/9/2026;6/1/2026;10139618;80;1;11/1/2026;12/1/2026;C25;4500117387;50;0377;1;MPITTIA;14/1/2026;30/9/2026;C25;5;4/8/2026;;;;;;;;;;03 Cert Mensual;En curso - Próximo a vencer;Rojo;C25
00377-YPF 3° loop;1000080444;60;ZPAN;03 TRANSPORTE PERSON;;0;;;;ASABATINO;1048595;COMBI X 19 PAX LINEA;6;4;6;0;2;5000183112;4/8/2026;Servicios;CUMPLIDO PARCIAL;CUATRODEC SERVICIOS S.A.;MR01;30/9/2026;6/1/2026;10139618;90;1;11/1/2026;12/1/2026;C25;4500117387;60;0377;1;MPITTIA;14/1/2026;30/9/2026;C25;4;4/8/2026;;;;;;;;;;03 Cert Mensual;En curso - Próximo a vencer;Rojo;C25
00377-YPF 3° loop;1000080444;70;ZPAN;03 TRANSPORTE PERSON;;0;;;;ASABATINO;1048595;COMBI X 19 PAX;8;6,56;8;0;1,44;5000183112;4/8/2026;Servicios;CUMPLIDO PARCIAL;CUATRODEC SERVICIOS S.A.;MR01;30/9/2026;6/1/2026;10139618;100;1;11/1/2026;12/1/2026;C25;4500117387;70;0377;1;MPITTIA;14/1/2026;30/9/2026;C25;8;4/8/2026;;;;;;;;;;03 Cert Mensual;En curso - Próximo a vencer;Rojo;C25
00377-YPF 3° loop;1000080444;80;ZPAN;03 TRANSPORTE PERSON;;0;;;;ASABATINO;1048595;COMBI X 19 PAX;8;5,86;8;0;2,14;5000183112;4/8/2026;Servicios;CUMPLIDO PARCIAL;CUATRODEC SERVICIOS S.A.;MR01;30/9/2026;6/1/2026;10139618;110;1;11/1/2026;12/1/2026;C25;4500117387;80;0377;1;MPITTIA;14/1/2026;30/9/2026;C25;8;4/8/2026;;;;;;;;;;03 Cert Mensual;En curso - Próximo a vencer;Rojo;C25
00377-YPF 3° loop;1000080444;90;ZPAN;03 TRANSPORTE PERSON;;0;;;;ASABATINO;1022295;KMS EXCEDENTES;4480;0;4480;0;4480;;;Servicios;ADJUDICADO;CUATRODEC SERVICIOS S.A.;MR01;30/9/2026;6/1/2026;10139618;120;1;11/1/2026;12/1/2026;C25;4500117387;90;0377;1;MPITTIA;14/1/2026;30/9/2026;C25;0;;;;;;;;;;;03 Cert Mensual;En curso - Próximo a vencer;;C25
00377-YPF 3° loop;1000080444;100;ZPAN;03 TRANSPORTE PERSON;;0;;;;ASABATINO;1022295;ADICIONAL FERIADO/DOMINGO;28;28;28;0;0;5000179539;6/7/2026;Servicios;CUMPLIDO;CUATRODEC SERVICIOS S.A.;MR01;30/9/2026;6/1/2026;10139618;130;1;11/1/2026;12/1/2026;C25;4500117387;100;0377;1;MPITTIA;14/1/2026;30/9/2026;C25;3;6/7/2026;;;;;;;;;;03 Cert Mensual;En curso - Próximo a vencer;Rojo;C25
00377-YPF 3° loop;1000080444;110;ZPAN;03 TRANSPORTE PERSON;;0;;;;ASABATINO;1048595;COMBI X 19 PAX;4;3,16;4;0;0,84;5000175250;2/6/2026;Servicios;CUMPLIDO PARCIAL;CUATRODEC SERVICIOS S.A.;MR01;30/9/2026;6/1/2026;10139618;140;1;12/1/2026;12/1/2026;C25;4500117387;110;0377;1;MPITTIA;14/1/2026;30/9/2026;C25;5;2/6/2026;;;;;;;;;;03 Cert Mensual;En curso - Próximo a vencer;Rojo;C25
00377-YPF 3° loop;1000080444;120;ZPAN;03 TRANSPORTE PERSON;;0;;;;ASABATINO;1048595;COMBI X 19 PAX;4;2,67;4;0;1,33;5000183112;4/8/2026;Servicios;CUMPLIDO PARCIAL;CUATRODEC SERVICIOS S.A.;MR01;30/9/2026;6/1/2026;10139618;150;1;12/1/2026;12/1/2026;C25;4500117387;120;0377;1;MPITTIA;14/1/2026;30/9/2026;C25;3;4/8/2026;;;;;;;;;;03 Cert Mensual;En curso - Próximo a vencer;Rojo;C25
00377-YPF 3° loop;1000080474;10;ZPAN;03 SERV. PALEONTOLOG;;0;;;;ASABATINO;1035446;SERVICIO MENSUAL DE PALEONTOLOGIA;8;5;5;3;3;5000182796;2/8/2026;Servicios;CUMPLIDO PARCIAL;CARBALLIDO JOSE LUIS;MR01;31/10/2026;6/1/2026;10139662;10;1;6/1/2026;6/1/2026;C26;4500116871;10;0377;1;AGONZALEZ;8/1/2026;31/10/2026;C26;7;2/8/2026;;;;;;;;;;03 Cert Mensual;En curso;Rojo;C26
00377-YPF 3° loop;1000080474;30;ZPAN;03 SERV. PALEONTOLOG;;0;;;;ASABATINO;1022295;INFORME FINAL;1;0;0;1;1;;;Servicios;SIN TRATAMIENTO;;MR01;31/10/2026;6/1/2026;10139662;30;1;6/1/2026;6/1/2026;C26;;0;;1;;;;;0;;;;;;;;;;;03 Cert Mensual;En curso;;C26
00377-YPF 3° loop;1000080591;10;ZPAN;03 SERV AGUA RIEGO -;;0;;;;ASABATINO;1026120;SERV DE PROV DE AGUA NO POTABLE;10000000;7500000;10000000;0;2500000;5000179933;8/7/2026;Servicios;CUMPLIDO PARCIAL;CONSORCIO DE RIEGO CAMPO GRANDE;MR01;31/8/2026;8/1/2026;10139843;10;1;8/1/2026;8/1/2026;C25;4500117978;10;0377;1;MPITTIA;20/1/2026;31/8/2026;C25;5;8/7/2026;;;;;;;;;;03 Cert Mensual;Vencido con cant pendiente a recep;;C25
00377-YPF 3° loop;1000080756;20;ZPAI;TACOS MADERA;;0;;;;RTELLO;1042942;FLETE CORRALON X VIAJE;9;15;9;0;-6;5000165449;14/3/2026;Servicios;CUMPLIDO;TRANSPORCAM;MR01;1/3/2026;9/1/2026;10140031;20;1;12/1/2026;12/1/2026;C15;4500117823;10;0377;1;JPUPULIN;19/1/2026;1/3/2026;C15;5;25/2/2026;;;;;;;;;;Sin aclaración;Vencido con cant pendiente a recep;;C15
00377-YPF 3° loop;1000080874;10;ZPAN;03 SERV CONS. AMBIEN;;0;;;;RTELLO;1042362;RESPONSABLE MEDIO AMBIENTE X MES;6;6;6;0;0;5000186720;1/9/2026;Servicios;CUMPLIDO;STEP ENERGY S. A. S.;MR01;31/10/2026;12/1/2026;10140142;10;1;12/1/2026;12/1/2026;C25;4500120551;10;0377;2;MPITTIA;23/2/2026;31/10/2026;C25;8;1/9/2026;;;;;;;;;;03 Cert Mensual;En curso - Total recepcionado;;C25
00377-YPF 3° loop;1000080875;10;ZPAN;03 SERVICIO RADIOS;;0;;;;ASABATINO;1048594;SERV. DE RADIOS TETRA  X MES (18 TERMI.);176;153;176;0;23;5000182801;2/8/2026;Servicios;CUMPLIDO PARCIAL;INTEPLA SRL;MR01;30/9/2026;12/1/2026;10140144;10;1;12/1/2026;12/1/2026;C25;4500117684;10;0377;1;MPITTIA;16/1/2026;30/9/2026;C25;9;2/8/2026;;;;;;;;;;03 Cert Mensual;En curso - Próximo a vencer;Rojo;C25
00377-YPF 3° loop;1000080875;20;ZPAN;03 SERVICIO RADIOS;;0;;;;ASABATINO;1048591;SERV. DE RADIOS TETRA XMES (1 TERMINAL);8;7;8;0;1;5000182801;2/8/2026;Servicios;CUMPLIDO PARCIAL;INTEPLA SRL;MR01;30/9/2026;12/1/2026;10140144;20;1;12/1/2026;12/1/2026;C25;4500117684;20;0377;1;MPITTIA;16/1/2026;30/9/2026;C25;7;2/8/2026;;;;;;;;;;03 Cert Mensual;En curso - Próximo a vencer;Rojo;C25
00377-YPF 3° loop;1000080875;30;ZPAN;03 SERVICIO RADIOS;;0;;;;ASABATINO;1022295;PROGR./INSTALACION EN CAMIONETAS;15;15;15;0;0;5000160988;4/2/2026;Servicios;CUMPLIDO;INTEPLA SRL;MR01;30/9/2026;12/1/2026;10140144;30;1;12/1/2026;12/1/2026;C25;4500117684;30;0377;1;MPITTIA;16/1/2026;30/9/2026;C25;1;4/2/2026;;;;;;;;;;03 Cert Mensual;En curso - Próximo a vencer;Rojo;C25
00377-YPF 3° loop;1000080875;40;ZPAN;03 SERVICIO RADIOS;;0;;;;ASABATINO;1022295;PROGR./INSTALACION EN CAMION/MAQ.VIAL;7;1;7;0;6;5000162539;19/2/2026;Servicios;CUMPLIDO PARCIAL;INTEPLA SRL;MR01;30/9/2026;12/1/2026;10140144;40;1;12/1/2026;12/1/2026;C25;4500117684;40;0377;1;MPITTIA;16/1/2026;30/9/2026;C25;3;19/2/2026;;;;;;;;;;03 Cert Mensual;En curso - Próximo a vencer;Rojo;C25
00377-YPF 3° loop;1000080875;50;ZPAN;03 SERVICIO RADIOS;;0;;;;ASABATINO;1022295;PROGR./INSTALACION EQ.TETRA FIJA OBRADOR;1;1;1;0;0;5000160988;4/2/2026;Servicios;CUMPLIDO;INTEPLA SRL;MR01;30/9/2026;12/1/2026;10140144;50;1;12/1/2026;12/1/2026;C25;4500117684;50;0377;1;MPITTIA;16/1/2026;30/9/2026;C25;1;4/2/2026;;;;;;;;;;03 Cert Mensual;En curso - Próximo a vencer;Rojo;C25
00377-YPF 3° loop;1000080931;10;ZPAN;CONT INSPEC YPF;;20;;;;RTELLO;1033267;SERV ALQ CONT x 12 MTS OFICINA S/DETALLE;8;6,617;8;0;1,383;5000186718;1/9/2026;Servicios;CUMPLIDO PARCIAL;JORGE ALBERTO SOTO S.A.S.;MR01;31/8/2026;13/1/2026;10140217;10;1;13/1/2026;13/1/2026;C04;4500117290;10;0377;1;WVENTURINI;13/1/2026;15/9/2026;C04;8;1/9/2026;;;;;;;;;;Sin aclaración;Vencido con cant pendiente a recep;;C04
00377-YPF 3° loop;1000080931;20;ZPAN;CONT INSPEC YPF;;20;;;;RTELLO;1033267;SERV ALQ CONT x 12 MTS OFI/COMEDOR;8;7,5;8;0;0,5;5000186718;1/9/2026;Servicios;CUMPLIDO PARCIAL;JORGE ALBERTO SOTO S.A.S.;MR01;31/8/2026;13/1/2026;10140217;20;1;13/1/2026;13/1/2026;C04;4500117290;20;0377;1;WVENTURINI;13/1/2026;15/9/2026;C04;8;1/9/2026;;;;;;;;;;Sin aclaración;Vencido con cant pendiente a recep;;C04
00377-YPF 3° loop;1000080971;40;ZPAN;03 SERV BAÑOS QUIMIC;;0;;;;RTELLO;1022295;FLETE ENTREGA BAÑO QUIM EN VEHI PESADO;10;1;10;0;9;5000168078;7/4/2026;Servicios;CUMPLIDO PARCIAL;DASH SRL;MR01;31/10/2026;13/1/2026;10140277;40;1;13/3/2026;13/3/2026;C25;4500123147;30;0377;1;MPITTIA;23/3/2026;31/10/2026;C25;1;7/4/2026;;;;;;;;;;03 Cert Mensual;En curso;Rojo;C25
00377-YPF 3° loop;1000080971;50;ZPAN;03 SERV BAÑOS QUIMIC;;0;;;;RTELLO;1022295;FLETE RETIRO BAÑO QUIM VEHI PESADO X 10U;10;2;10;0;8;5000168433;9/4/2026;Servicios;CUMPLIDO PARCIAL;DASH SRL;MR01;31/10/2026;13/1/2026;10140277;50;1;13/3/2026;13/3/2026;C25;4500123147;40;0377;1;MPITTIA;23/3/2026;31/10/2026;C25;2;9/4/2026;;;;;;;;;;03 Cert Mensual;En curso;Rojo;C25
00377-YPF 3° loop;1000081143;10;ZPAN;03 SERV AGUA POTABLE;;0;;;;ASABATINO;1025992;ALQUILER DISPENSER FRIO CALOR x MES;80;3,3;80;0;76,7;5000160953;4/2/2026;Servicios;CUMPLIDO PARCIAL;ABIUSI ANALIA VERONICA;MR01;31/10/2026;16/1/2026;10140535;10;1;16/1/2026;16/1/2026;C25;4500118273;10;0377;1;MPITTIA;23/1/2026;31/10/2026;C25;1;4/2/2026;;;;;;;;;;03 Cert Mensual;En curso;Rojo;C25
00377-YPF 3° loop;1000081143;30;ZPAN;03 SERV AGUA POTABLE;;0;;;;ASABATINO;1017912;ALQUILER DE FREZZER CHICO X MES;5;1;5;0;4;5000160953;4/2/2026;Servicios;CUMPLIDO PARCIAL;ABIUSI ANALIA VERONICA;MR01;31/10/2026;16/1/2026;10140535;30;1;16/1/2026;16/1/2026;C25;4500118273;30;0377;1;MPITTIA;23/1/2026;31/10/2026;C25;1;4/2/2026;;;;;;;;;;03 Cert Mensual;En curso;Rojo;C25
00377-YPF 3° loop;1000081157;10;ZPAN;03 CONT RESIDUOS;;0;;;;RTELLO;1035384;ALQ CONT RESIDUOS C/TAPA X UN;32;23,79;32;0;8,21;5000185691;24/8/2026;Servicios;CUMPLIDO PARCIAL;SOLUCIONES AMBIENTALES PATAGONIA;MR01;31/10/2026;16/1/2026;10140539;10;1;16/1/2026;16/1/2026;C25;4500118506;10;0377;1;MPITTIA;27/1/2026;31/10/2026;C25;3;24/8/2026;;;;;;;;;;03 Cert Mensual;En curso;Verde;C25
00377-YPF 3° loop;1000081157;20;ZPAN;03 CONT RESIDUOS;;0;;;;RTELLO;1035384;ALQ CONT RESIDUOS S/TAPA X UN;16;15,21;16;0;0,79;5000172428;9/5/2026;Servicios;CUMPLIDO PARCIAL;SOLUCIONES AMBIENTALES PATAGONIA;MR01;31/10/2026;16/1/2026;10140539;20;1;16/1/2026;16/1/2026;C25;4500118506;20;0377;1;MPITTIA;27/1/2026;31/10/2026;C25;2;9/5/2026;;;;;;;;;;03 Cert Mensual;En curso;Rojo;C25
00377-YPF 3° loop;1000081157;30;ZPAN;03 CONT RESIDUOS;;0;;;;RTELLO;1022295;TRAT. RESI PELIGROSOS Y5 X TN;1;0;1;0;1;;;Servicios;ADJUDICADO;SOLUCIONES AMBIENTALES PATAGONIA;MR01;31/10/2026;16/1/2026;10140539;30;1;16/1/2026;16/1/2026;C25;4500118506;30;0377;1;MPITTIA;27/1/2026;31/10/2026;C25;0;;;;;;;;;;;03 Cert Mensual;En curso;;C25
00377-YPF 3° loop;1000081157;40;ZPAN;03 CONT RESIDUOS;;0;;;;RTELLO;1022295;TRAT. RESI PELIGROSOS Y44 X TN;1;0;1;0;1;;;Servicios;ADJUDICADO;SOLUCIONES AMBIENTALES PATAGONIA;MR01;31/10/2026;16/1/2026;10140539;40;1;16/1/2026;16/1/2026;C25;4500118506;40;0377;1;MPITTIA;27/1/2026;31/10/2026;C25;0;;;;;;;;;;;03 Cert Mensual;En curso;;C25
00377-YPF 3° loop;1000081571;10;ZPAN;04 ENSAYOS NO DESTRU;;0;;;;ASABATINO;1042079;GAMMAGRAFIA Ø24 SCH 60 24,60 mm.;34;17;34;0;17;5000184713;13/8/2026;Servicios;CUMPLIDO PARCIAL;CAEFE S.A.;MR01;30/9/2026;22/1/2026;10141171;10;1;22/1/2026;23/1/2026;C26;4500118334;10;0377;1;AGONZALEZ;23/1/2026;31/10/2026;C26;1;13/8/2026;;;;;;;;;;04 Cert a Demanda;En curso - Próximo a vencer;;C26
00377-YPF 3° loop;1000081571;30;ZPAN;04 ENSAYOS NO DESTRU;;0;;;;ASABATINO;1042079;GAMMAGRAFIA Ø16 SCH 80 21,04 mm.;38;26;38;0;12;5000179601;6/7/2026;Servicios;CUMPLIDO PARCIAL;CAEFE S.A.;MR01;30/9/2026;22/1/2026;10141171;30;1;22/1/2026;23/1/2026;C26;4500118334;30;0377;1;AGONZALEZ;23/1/2026;31/10/2026;C26;2;6/7/2026;;;;;;;;;;04 Cert a Demanda;En curso - Próximo a vencer;;C26
00377-YPF 3° loop;1000081571;40;ZPAN;04 ENSAYOS NO DESTRU;;0;;;;ASABATINO;1042079;GAMMAGRAFIA Ø16 SCH 30 9,52 mm.;10;5;10;0;5;5000184713;13/8/2026;Servicios;CUMPLIDO PARCIAL;CAEFE S.A.;MR01;30/9/2026;22/1/2026;10141171;40;1;22/1/2026;23/1/2026;C26;4500118334;40;0377;1;AGONZALEZ;23/1/2026;31/10/2026;C26;1;13/8/2026;;;;;;;;;;04 Cert a Demanda;En curso - Próximo a vencer;;C26
00377-YPF 3° loop;1000081571;50;ZPAN;04 ENSAYOS NO DESTRU;;0;;;;ASABATINO;1042079;GAMMAGRAFIA Ø10 SCH 80 15,09 mm.;18;9;18;0;9;5000184713;13/8/2026;Servicios;CUMPLIDO PARCIAL;CAEFE S.A.;MR01;30/9/2026;22/1/2026;10141171;50;1;22/1/2026;23/1/2026;C26;4500118334;50;0377;1;AGONZALEZ;23/1/2026;31/10/2026;C26;2;13/8/2026;;;;;;;;;;04 Cert a Demanda;En curso - Próximo a vencer;;C26
00377-YPF 3° loop;1000081571;80;ZPAN;04 ENSAYOS NO DESTRU;;0;;;;ASABATINO;1042079;GAMMAGRAFIA Ø 3 SCH 40 5,49 mm.;5;0;5;0;5;;;Servicios;ADJUDICADO;CAEFE S.A.;MR01;30/9/2026;22/1/2026;10141171;80;1;22/1/2026;23/1/2026;C26;4500118334;80;0377;1;AGONZALEZ;23/1/2026;31/10/2026;C26;0;;;;;;;;;;;04 Cert a Demanda;En curso - Próximo a vencer;;C26
00377-YPF 3° loop;1000081571;90;ZPAN;04 ENSAYOS NO DESTRU;;0;;;;ASABATINO;1042079;GAMMAGRAFIA Ø 2 SCH 80 5,55 mm.;72;29;72;0;43;5000179601;6/7/2026;Servicios;CUMPLIDO PARCIAL;CAEFE S.A.;MR01;30/9/2026;22/1/2026;10141171;90;1;22/1/2026;23/1/2026;C26;4500118334;90;0377;1;AGONZALEZ;23/1/2026;31/10/2026;C26;1;6/7/2026;;;;;;;;;;04 Cert a Demanda;En curso - Próximo a vencer;;C26
00377-YPF 3° loop;1000081571;100;ZPAN;04 ENSAYOS NO DESTRU;;0;;;;ASABATINO;1042079;GAMMAGRAFIA Ø 2 SCH 40 3,91 mm.;10;7;10;0;3;5000168517;10/4/2026;Servicios;CUMPLIDO PARCIAL;CAEFE S.A.;MR01;30/9/2026;22/1/2026;10141171;100;1;22/1/2026;23/1/2026;C26;4500118334;100;0377;1;AGONZALEZ;23/1/2026;31/10/2026;C26;1;10/4/2026;;;;;;;;;;04 Cert a Demanda;En curso - Próximo a vencer;;C26
00377-YPF 3° loop;1000081571;110;ZPAN;04 ENSAYOS NO DESTRU;;0;;;;ASABATINO;1042079;LIQUIDOS PENETRANTES;50;46,2;50;0;3,8;5000184713;13/8/2026;Servicios;CUMPLIDO PARCIAL;CAEFE S.A.;MR01;30/9/2026;22/1/2026;10141171;110;1;22/1/2026;23/1/2026;C26;4500118334;110;0377;1;AGONZALEZ;23/1/2026;31/10/2026;C26;5;13/8/2026;;;;;;;;;;04 Cert a Demanda;En curso - Próximo a vencer;;C26
00377-YPF 3° loop;1000081571;120;ZPAN;04 ENSAYOS NO DESTRU;;0;;;;ASABATINO;1042079;SERVCIO DIARIO DE GAMMAGRAFÍA EXT;60;40,2;60;0;19,8;5000184713;13/8/2026;Servicios;CUMPLIDO PARCIAL;CAEFE S.A.;MR01;30/9/2026;22/1/2026;10141171;120;1;22/1/2026;23/1/2026;C26;4500118334;120;0377;1;AGONZALEZ;23/1/2026;31/10/2026;C26;4;13/8/2026;;;;;;;;;;04 Cert a Demanda;En curso - Próximo a vencer;;C26
00377-YPF 3° loop;1000081774;10;ZPAN;04 PROVISION SGFV;;0;;;;RTELLO;1012829;SISTEMA FV OFF GRID;4;3,32;4;0;0,68;5000185528;22/8/2026;Materiales genericos;RECEPCIONADO PARCIAL;CONTROL POINT S.A.;MR01;31/10/2026;26/1/2026;10141435;10;1;26/1/2026;27/1/2026;C26;4500118696;10;0377;1;AGONZALEZ;28/1/2026;31/10/2026;C26;3;22/8/2026;;;;;;;;;;04 Cert a Demanda;En curso;;C26
00377-YPF 3° loop;1000082320;70;ZPAN;04 PUENTE GRUA;;0;;;;RTELLO;1042362;INSTALACION;2;0;2;0;2;;;Servicios;ADJUDICADO;AGTB INGENIERIA SRL;MR01;10/9/2026;3/2/2026;10142153;70;1;10/2/2026;11/2/2026;C26;4500119892;70;0377;1;AGONZALEZ;11/2/2026;10/9/2026;C26;0;;;;;;;;;;;04 Cert a Demanda;En curso - Próximo a vencer;;C26
00377-YPF 3° loop;1000082502;10;ZPAN;03 SERV. MEDICO - AM;;0;;;;ASABATINO;1048518;SS AMBULANCIA ALTA COMPLEJIDAD XMES;7;5,214;7;0;1,786;5000182803;2/8/2026;Servicios;CUMPLIDO PARCIAL;DATUM S.A.;MR01;31/10/2026;6/2/2026;10142394;10;1;6/2/2026;6/2/2026;C25;4500119517;10;0377;1;MPITTIA;6/2/2026;31/10/2026;C25;6;2/8/2026;;;;;;;;;;03 Cert Mensual;En curso;Rojo;C25
00377-YPF 3° loop;1000082502;20;ZPAN;03 SERV. MEDICO - AM;;0;;;;ASABATINO;1048518;SS AMBULANCIA ALTA COMPLEJIDAD XMES;7;5,214;7;0;1,786;5000182803;2/8/2026;Servicios;CUMPLIDO PARCIAL;DATUM S.A.;MR01;31/10/2026;6/2/2026;10142394;20;1;6/2/2026;6/2/2026;C25;4500119517;20;0377;1;MPITTIA;6/2/2026;31/10/2026;C25;6;2/8/2026;;;;;;;;;;03 Cert Mensual;En curso;Rojo;C25
00377-YPF 3° loop;1000082502;30;ZPAN;03 SERV. MEDICO - AM;;0;;;;ASABATINO;1048518;TRAILER CON EQUIPAMIENTO X MES;7;5,214;7;0;1,786;5000182803;2/8/2026;Servicios;CUMPLIDO PARCIAL;DATUM S.A.;MR01;31/10/2026;6/2/2026;10142394;30;1;6/2/2026;6/2/2026;C25;4500119517;30;0377;1;MPITTIA;6/2/2026;31/10/2026;C25;6;2/8/2026;;;;;;;;;;03 Cert Mensual;En curso;Rojo;C25
00377-YPF 3° loop;1000082502;50;ZPAN;03 SERV. MEDICO - AM;;0;;;;ASABATINO;1027266;RECOLECCION RESIDUOS PATOLOGICOS;100;4;100;0;96;5000182803;2/8/2026;Servicios;CUMPLIDO PARCIAL;DATUM S.A.;MR01;31/10/2026;6/2/2026;10142394;70;1;6/2/2026;6/2/2026;C25;4500119517;60;0377;1;MPITTIA;6/2/2026;31/10/2026;C25;4;2/8/2026;;;;;;;;;;03 Cert Mensual;En curso;Rojo;C25
00377-YPF 3° loop;1000082502;100;ZPAN;03 SERV. MEDICO - AM;;0;;;;ASABATINO;1022295;SERVICIO DE REPRESENTACION TECNICA X MES;7;6;7;0;1;5000182806;2/8/2026;Servicios;CUMPLIDO PARCIAL;MAINETE JAVIER ALBERTO;MR01;31/10/2026;6/2/2026;10142394;110;1;10/2/2026;11/2/2026;C25;4500120000;30;0377;1;MPITTIA;12/2/2026;31/10/2026;C25;4;2/8/2026;;;;;;;;;;03 Cert Mensual;En curso;Rojo;C25
00377-YPF 3° loop;1000082502;110;ZPAN;03 SERV. MEDICO - AM;;0;;;;ASABATINO;1022295;SERVICIO DE REPRESENTACION TECNICA X MES;7;4;7;0;3;5000184385;13/8/2026;Servicios;CUMPLIDO PARCIAL;FABRICIO MUÑOZ;MR01;31/10/2026;6/2/2026;10142394;120;1;10/2/2026;11/2/2026;C25;4500120827;30;0377;1;MPITTIA;25/2/2026;31/10/2026;C25;6;13/8/2026;;;;;;;;;;03 Cert Mensual;En curso;Verde;C25
00377-YPF 3° loop;1000082502;120;ZPAN;03 SERV. MEDICO - AM;;0;;;;ASABATINO;1027345;EXTRA EQUIP. AMBULANCIA 1;7;5;7;0;2;5000182804;2/8/2026;Servicios;CUMPLIDO PARCIAL;DATUM S.A.;MR01;31/10/2026;6/2/2026;10142394;130;1;11/2/2026;11/2/2026;C25;4500119930;50;0377;1;MPITTIA;11/2/2026;31/10/2026;C25;5;2/8/2026;;;;;;;;;;03 Cert Mensual;En curso;Rojo;C25
00377-YPF 3° loop;1000082502;130;ZPAN;03 SERV. MEDICO - AM;;0;;;;ASABATINO;1027345;EXTRA EQUIP. AMBULANCIA 2;7;5;7;0;2;5000182804;2/8/2026;Servicios;CUMPLIDO PARCIAL;DATUM S.A.;MR01;31/10/2026;6/2/2026;10142394;140;1;11/2/2026;11/2/2026;C25;4500119930;60;0377;1;MPITTIA;11/2/2026;31/10/2026;C25;5;2/8/2026;;;;;;;;;;03 Cert Mensual;En curso;Rojo;C25
00377-YPF 3° loop;1000082502;140;ZPAN;03 SERV. MEDICO - AM;;0;;;;ASABATINO;1027345;EXTRA EQUIP. TRAILER;7;5;7;0;2;5000182804;2/8/2026;Servicios;CUMPLIDO PARCIAL;DATUM S.A.;MR01;31/10/2026;6/2/2026;10142394;150;1;11/2/2026;11/2/2026;C25;4500119930;70;0377;1;MPITTIA;11/2/2026;31/10/2026;C25;5;2/8/2026;;;;;;;;;;03 Cert Mensual;En curso;Rojo;C25
00377-YPF 3° loop;1000082598;10;ZPAN;03 SERV. CONTROL DE;;0;;;;ASABATINO;1013139;SS CONTROL DE PLAGAS X MES;7;6;7;0;1;5000186715;1/9/2026;Servicios;CUMPLIDO PARCIAL;EXTER NEQUEN SRL;MR01;31/10/2026;8/2/2026;10142523;10;1;8/2/2026;9/2/2026;C25;4500120629;10;0377;1;MPITTIA;23/2/2026;31/10/2026;C25;8;1/9/2026;;;;;;;;;;03 Cert Mensual;En curso;Verde;C25
00377-YPF 3° loop;1000082983;10;ZPAN;CRUCE TELEDIRIGIDO;;0;;;;ASABATINO;1042362;"CRUCE DIRIGIDO RN151 - LINEA 24"" CON C.";45;0;45;0;45;;;Servicios;ADJUDICADO;SOLUCIONES MARFERMAT S.R.L.;MR01;30/4/2026;13/2/2026;10142981;10;1;13/2/2026;13/2/2026;C26;4500120323;10;0377;1;ALOPEZ;19/2/2026;31/8/2026;C26;0;;;;;;;;;;;Sin aclaración;Vencido con cant pendiente a recep;;C26
00377-YPF 3° loop;1000083615;10;ZPAN;04 SUBC PROG PLC SCA;;0;;;;RTELLO;1042362;SUBC PROGRAMACION PLC SCADA HDMI;1;0,8;1;0;0,2;5000182452;30/7/2026;Servicios;CUMPLIDO PARCIAL;CONTROL POINT S.A.;MR01;31/10/2026;25/2/2026;10143905;10;1;25/2/2026;25/2/2026;C26;4500121047;10;0377;1;FDESCARREGA;26/2/2026;31/10/2026;C26;2;30/7/2026;;;;;;;;;;04 Cert a Demanda;En curso;;C26
00377-YPF 3° loop;1000085905;10;ZPAN;04 SUBC. INGENIERIA;;0;;;;ASABATINO;1013007;SUBC INGENIERIA (COMPLEMENTARIA);1;0,91;1;0;0,09;5000177860;23/6/2026;Servicios;CUMPLIDO PARCIAL;VALENZUELA YULIANA EDITH;MR01;31/8/2026;1/4/2026;10146815;10;1;1/4/2026;6/4/2026;C26;4500124411;10;0377;1;AGONZALEZ;8/4/2026;31/8/2026;C26;3;23/6/2026;;;;;;;;;;04 Cert a Demanda;Vencido con cant pendiente a recep;;C26
00377-YPF 3° loop;1000086059;10;ZPAN;PM-SALA REUNION P-OB;;0;;;;CKOTRBA;1033267;SERV ALQ SALA DE REUNION 6X5 S/DETALLE;5;4,533;5;0;0,467;5000186705;1/9/2026;Servicios;CUMPLIDO PARCIAL;JORGE ALBERTO SOTO S.A.S.;MR01;31/8/2026;6/4/2026;10146966;10;1;6/4/2026;6/4/2026;EFO;4500124649;10;0377;1;GROSES;10/4/2026;31/8/2026;EFO;5;1/9/2026;;;;;;;;;;Sin aclaración;Vencido con cant pendiente a recep;;EFO
00377-YPF 3° loop;1000086434;10;ZPAN;04 HSE X ANALISIS BA;;0;;;;CKOTRBA;1013049;ANALISIS PLANTA DE EFLUENTES;4;0;4;0;4;;;Servicios;ADJUDICADO;JORGE ALBERTO SOTO S.A.S.;MR01;31/10/2026;11/4/2026;10147446;10;1;11/4/2026;13/4/2026;C25;4500131864;10;0377;2;MPITTIA;2/7/2026;31/10/2026;C25;2;;;;;;;;;;;04 Cert a Demanda;En curso;;C25
00377-YPF 3° loop;1000086486;10;ZPAN;03 SERV INT MINI STA;;0;;;;CKOTRBA;1025931;SERVICIO DE INTERNET X MES MINI STARLINK;6;5;6;0;1;5000182791;2/8/2026;Servicios;CUMPLIDO PARCIAL;JAWIT S.A.;MR01;30/9/2026;13/4/2026;10147499;10;1;13/4/2026;13/4/2026;C25;4500124956;10;0377;1;MPITTIA;14/4/2026;30/9/2026;C25;5;2/8/2026;;;;;;;;;;03 Cert Mensual;En curso - Próximo a vencer;Rojo;C25
00377-YPF 3° loop;1000086486;20;ZPAN;03 SERV INT MINI STA;;0;;;;CKOTRBA;1025931;SERVICIO DE INTERNET X MES MINI STARLINK;6;5;6;0;1;5000182791;2/8/2026;Servicios;CUMPLIDO PARCIAL;JAWIT S.A.;MR01;30/9/2026;13/4/2026;10147499;20;1;13/4/2026;13/4/2026;C25;4500124956;20;0377;1;MPITTIA;14/4/2026;30/9/2026;C25;5;2/8/2026;;;;;;;;;;03 Cert Mensual;En curso - Próximo a vencer;Rojo;C25
00377-YPF 3° loop;1000086486;30;ZPAN;03 SERV INT MINI STA;;0;;;;CKOTRBA;1025931;SERVICIO DE INTERNET X MES MINI STARLINK;6;5;6;0;1;5000182791;2/8/2026;Servicios;CUMPLIDO PARCIAL;JAWIT S.A.;MR01;30/9/2026;13/4/2026;10147499;30;1;13/4/2026;13/4/2026;C25;4500124956;30;0377;1;MPITTIA;14/4/2026;30/9/2026;C25;5;2/8/2026;;;;;;;;;;03 Cert Mensual;En curso - Próximo a vencer;Rojo;C25
00377-YPF 3° loop;1000086486;40;ZPAN;03 SERV INT MINI STA;;0;;;;CKOTRBA;1025931;SERVICIO DE INTERNET X MES MINI STARLINK;6;5;6;0;1;5000182791;2/8/2026;Servicios;CUMPLIDO PARCIAL;JAWIT S.A.;MR01;30/9/2026;13/4/2026;10147499;40;1;13/4/2026;13/4/2026;C25;4500124956;40;0377;1;MPITTIA;14/4/2026;30/9/2026;C25;5;2/8/2026;;;;;;;;;;03 Cert Mensual;En curso - Próximo a vencer;Rojo;C25
00377-YPF 3° loop;1000086486;50;ZPAN;03 SERV INT MINI STA;;0;;;;CKOTRBA;1025931;SERVICIO DE INTERNET X MES MINI STARLINK;6;6;6;0;0;5000182791;2/8/2026;Servicios;CUMPLIDO;JAWIT S.A.;MR01;30/9/2026;13/4/2026;10147499;50;1;13/4/2026;13/4/2026;C25;4500124956;50;0377;1;MPITTIA;14/4/2026;30/9/2026;C25;6;2/8/2026;;;;;;;;;;03 Cert Mensual;En curso - Próximo a vencer;Rojo;C25
00377-YPF 3° loop;1000086486;60;ZPAN;03 SERV INT MINI STA;;0;;;;CKOTRBA;1022295;ACTIVACION DE SERV. SATELITAL;5;5;5;0;0;5000169521;17/4/2026;Servicios;CUMPLIDO;JAWIT S.A.;MR01;30/9/2026;13/4/2026;10147499;60;1;13/4/2026;13/4/2026;C25;4500124956;60;0377;1;MPITTIA;14/4/2026;30/9/2026;C25;1;17/4/2026;;;;;;;;;;03 Cert Mensual;En curso - Próximo a vencer;Rojo;C25
00377-YPF 3° loop;1000086575;10;ZPAN;03 SS INTERNET OBRAD;;0;;;;RTELLO;1025931;SERVICIO DE INTERNET X MES;6;5;6;0;1;5000186725;1/9/2026;Servicios;CUMPLIDO PARCIAL;JAWIT S.A.;MR01;30/9/2026;14/4/2026;10147684;10;1;14/4/2026;15/4/2026;C25;4500125233;10;0377;1;MPITTIA;16/4/2026;30/9/2026;C25;7;1/9/2026;;;;;;;;;;03 Cert Mensual;En curso - Próximo a vencer;Verde;C25
00377-YPF 3° loop;1000086654;20;ZPAN;03 SERV AGUA POTABLE;;0;;;;RTELLO;1017912;HIELO POR BOLSON X 2 KG;1000;244;1000;0;756;5000173123;11/5/2026;Servicios;CUMPLIDO PARCIAL;ABIUSI ANALIA VERONICA;MR01;31/10/2026;15/4/2026;10147754;20;1;15/4/2026;15/4/2026;C25;4500127161;20;0377;1;MPITTIA;8/5/2026;31/10/2026;C25;3;11/5/2026;;;;;;;;;;03 Cert Mensual;En curso;Rojo;C25
00377-YPF 3° loop;1000086748;10;ZPAN;04 CONT RESI PELIGRO;;0;;;;RTELLO;1022295;RSU INDUST - DISP FINAL X TN;10;0;10;0;10;;;Servicios;ADJUDICADO;SOLUCIONES AMBIENTALES PATAGONIA;MR01;31/10/2026;16/4/2026;10147881;10;1;16/4/2026;16/4/2026;C25;4500125828;10;0377;1;MPITTIA;23/4/2026;30/10/2026;C25;0;;;;;;;;;;;04 Cert a Demanda;En curso;;C25
00377-YPF 3° loop;1000087466;20;ZPAN;PM N° 32 REG. LENOR;;0;;;;CKOTRBA;1016081;Certificado de Operadores;3;2;3;0;1;5000172169;7/5/2026;Servicios;CUMPLIDO PARCIAL;LENOR SRL;MR01;8/5/2026;28/4/2026;10148813;20;1;28/4/2026;28/4/2026;EFO;4500126396;20;0377;1;GROSES;29/4/2026;8/5/2026;EFO;1;7/5/2026;;;;;;;;;;Sin aclaración;Vencido con cant pendiente a recep;;EFO
00377-YPF 3° loop;1000088228;10;ZPAN;03 SERV ALQ IMPRESOR;;0;;;;RTELLO;1026315;ALQ IMP XMES EPSON L15150 A3/A4 COLOR;4;3;4;0;1;5000182799;2/8/2026;Servicios;CUMPLIDO PARCIAL;PRINTER SRL;MR01;31/8/2026;12/5/2026;10149990;10;1;12/5/2026;12/5/2026;C25;4500128238;10;0377;1;MPITTIA;20/5/2026;31/8/2026;C25;3;2/8/2026;;;;;;;;;;03 Cert Mensual;Vencido con cant pendiente a recep;;C25
00377-YPF 3° loop;1000088802;10;ZPAN;CUB. METALICAS - PI;;0;;;;ASABATINO;1042087;PASARELAS - ESCALERAS PROVISION MATERIAL;3;3;3;0;0;5000183525;6/8/2026;Servicios;CUMPLIDO;LC SERVICE OIL AND GAS S. A. S.;MR01;20/9/2026;20/5/2026;10150633;10;1;20/5/2026;20/5/2026;C26;4500128297;10;0377;1;YCOLMAN;21/5/2026;15/9/2026;C26;1;6/8/2026;;;;;;;;;;Sin aclaración;En curso - Próximo a vencer;;C26
00377-YPF 3° loop;1000088802;20;ZPAN;CUB. METALICAS - PI;;0;;;;ASABATINO;1042087;PASARELAS - ESCALERAS ARMADO ESTRUCTURA;3;2,88;3;0;0,12;5000183525;6/8/2026;Servicios;CUMPLIDO PARCIAL;LC SERVICE OIL AND GAS S. A. S.;MR01;20/9/2026;20/5/2026;10150633;20;1;20/5/2026;20/5/2026;C26;4500128297;20;0377;1;YCOLMAN;21/5/2026;15/9/2026;C26;1;6/8/2026;;;;;;;;;;Sin aclaración;En curso - Próximo a vencer;;C26
00377-YPF 3° loop;1000088802;30;ZPAN;CUB. METALICAS - PI;;0;;;;ASABATINO;1042087;PASARELAS - ESCALERAS MONTAJE;3;0;3;0;3;;;Servicios;ADJUDICADO;LC SERVICE OIL AND GAS S. A. S.;MR01;20/9/2026;20/5/2026;10150633;30;1;20/5/2026;20/5/2026;C26;4500128297;30;0377;1;YCOLMAN;21/5/2026;15/9/2026;C26;0;;;;;;;;;;;Sin aclaración;En curso - Próximo a vencer;;C26
00377-YPF 3° loop;1000088802;40;ZPAN;CUB. METALICAS - PI;;0;;;;ASABATINO;1042087;CUBIERTAS METALICAS PROVISION MATERIALES;3;3;3;0;0;5000183525;6/8/2026;Servicios;CUMPLIDO;LC SERVICE OIL AND GAS S. A. S.;MR01;20/9/2026;20/5/2026;10150633;40;1;20/5/2026;20/5/2026;C26;4500128297;40;0377;1;YCOLMAN;21/5/2026;15/9/2026;C26;1;6/8/2026;;;;;;;;;;Sin aclaración;En curso - Próximo a vencer;;C26
00377-YPF 3° loop;1000088802;50;ZPAN;CUB. METALICAS - PI;;0;;;;ASABATINO;1042087;CUBIERTAS METALICAS ARMADO ESTRUCTURA;3;2,88;3;0;0,12;5000183525;6/8/2026;Servicios;CUMPLIDO PARCIAL;LC SERVICE OIL AND GAS S. A. S.;MR01;20/9/2026;20/5/2026;10150633;50;1;20/5/2026;20/5/2026;C26;4500128297;50;0377;1;YCOLMAN;21/5/2026;15/9/2026;C26;1;6/8/2026;;;;;;;;;;Sin aclaración;En curso - Próximo a vencer;;C26
00377-YPF 3° loop;1000088802;60;ZPAN;CUB. METALICAS - PI;;0;;;;ASABATINO;1042087;CUBIERTAS METALICAS MONTAJE;3;0;3;0;3;;;Servicios;ADJUDICADO;LC SERVICE OIL AND GAS S. A. S.;MR01;20/9/2026;20/5/2026;10150633;60;1;20/5/2026;20/5/2026;C26;4500128297;60;0377;1;YCOLMAN;21/5/2026;15/9/2026;C26;0;;;;;;;;;;;Sin aclaración;En curso - Próximo a vencer;;C26
00377-YPF 3° loop;1000089278;10;ZPAN;03 SERV.MEDICO;;0;;;;CKOTRBA;1018836;SERVICIO MEDICO X MES;3;2,06;3;0;0,94;5000182805;2/8/2026;Servicios;CUMPLIDO PARCIAL;DATUM S.A.;MR01;31/10/2026;29/5/2026;10151242;10;1;29/5/2026;29/5/2026;C24;4500128991;10;0377;1;MPITTIA;29/5/2026;31/10/2026;C24;3;2/8/2026;;;;;;;;;;03 Cert Mensual;En curso;Rojo;C24
00377-YPF 3° loop;1000089359;10;ZPAN;PM ALQ.COMEDOR/OFICI;;0;;;;CKOTRBA;1033267;SERV ALQ CONT x 12 MTS COMEDOR;3;2,085;3;0;0,915;5000183533;6/8/2026;Servicios;CUMPLIDO PARCIAL;JORGE ALBERTO SOTO S.A.S.;MR01;31/8/2026;1/6/2026;10151325;10;1;1/6/2026;1/6/2026;EFO;4500130395;10;0377;2;GROSES;17/6/2026;31/8/2026;EFO;4;6/8/2026;;;;;;;;;;Sin aclaración;Vencido con cant pendiente a recep;;EFO
00377-YPF 3° loop;1000089359;20;ZPAN;PM ALQ.COMEDOR/OFICI;;0;;;;CKOTRBA;1033267;SERV ALQ CONT x 12 MTS OFICINA;3;2,06;3;0;0,94;5000183533;6/8/2026;Servicios;CUMPLIDO PARCIAL;JORGE ALBERTO SOTO S.A.S.;MR01;31/8/2026;1/6/2026;10151325;20;1;1/6/2026;1/6/2026;EFO;4500130395;20;0377;2;GROSES;17/6/2026;31/8/2026;EFO;4;6/8/2026;;;;;;;;;;Sin aclaración;Vencido con cant pendiente a recep;;EFO
00377-YPF 3° loop;1000090336;10;ZPAN;02 SERV VIANDAS;;0;;;;ASABATINO;1013121;VIANDA ALMUERZO XUN;5000;5000;5000;0;0;5000184928;19/8/2026;Servicios;CUMPLIDO;MAXIMIA S.A.;MR01;30/9/2026;16/6/2026;10152527;10;1;16/6/2026;16/6/2026;C25;4500130889;10;0377;1;MPITTIA;22/6/2026;30/9/2026;C25;4;19/8/2026;;;;;;;;;;02 Cert Quincenal;En curso - Próximo a vencer;Rojo;C25
00377-YPF 3° loop;1000090513;10;ZPAN;REG - REVESTIMIENTO;;0;;;;ASABATINO;1042362;IMPERMEABILIZACION PILETA + ACCESORIOS;1;0;1;0;1;;;Servicios;ADJUDICADO;AMADEI JUAN ANDRES;MR01;30/9/2026;19/6/2026;10152835;10;1;19/6/2026;19/6/2026;C26;4500130828;10;0377;1;YCOLMAN;20/6/2026;30/9/2026;C26;0;;;;;;;;;;;Sin aclaración;En curso - Próximo a vencer;;C26
00377-YPF 3° loop;1000090553;20;ZPAN;ALQUILER COMPRESOR;;0;;;;ASABATINO;1033267;ALQUILER COMPRESOR S 900 CFM AGOSTO 26;1;0;1;0;1;;;Servicios;ADJUDICADO;SULLAIR ARGENTINA S.A;MR01;3/9/2026;19/6/2026;10152874;20;1;27/8/2026;31/8/2026;C04;4500137257;10;0377;1;WVENTURINI;1/9/2026;3/9/2026;C04;0;;;;;;;;;;;Sin aclaración;Vencido con cant pendiente a recep;;C04
00377-YPF 3° loop;1000090796;10;ZPAN;PINTURA -ARENADO PRE;;0;;;;ASABATINO;1042087;PINTURA/ARENADO EN PREFABRICADOS X M2;500;70;500;0;430;5000181761;24/7/2026;Servicios;CUMPLIDO PARCIAL;LC SERVICE OIL AND GAS S. A. S.;MR01;20/9/2026;24/6/2026;10153212;10;1;24/6/2026;24/6/2026;C26;4500131638;10;0377;1;YCOLMAN;30/6/2026;20/9/2026;C26;1;24/7/2026;;;;;;;;;;Sin aclaración;En curso - Próximo a vencer;;C26
00377-YPF 3° loop;1000090796;20;ZPAN;PINTURA -ARENADO PRE;;0;;;;ASABATINO;1042087;PINTURA/ARENADO EN ESTRUCTURAS X M2;100;100;100;0;0;5000181761;24/7/2026;Servicios;CUMPLIDO;LC SERVICE OIL AND GAS S. A. S.;MR01;20/9/2026;24/6/2026;10153212;20;1;24/6/2026;24/6/2026;C26;4500131638;20;0377;1;YCOLMAN;30/6/2026;31/8/2026;C26;1;24/7/2026;;;;;;;;;;Sin aclaración;En curso - Próximo a vencer;;C26
00377-YPF 3° loop;1000090957;10;ZPAN;03 SERV CONS. AMBIEN;;0;;;;ASABATINO;1027343;SERV.CONSUL. AMBIENTAL X MES;2;2;2;0;0;5000186719;1/9/2026;Servicios;CUMPLIDO;STEP ENERGY S. A. S.;MR01;31/10/2026;27/6/2026;10153460;10;1;27/6/2026;29/6/2026;C25;4500132099;10;0377;1;MPITTIA;6/7/2026;31/8/2026;C25;2;1/9/2026;;;;;;;;;;03 Cert Mensual;En curso - Total recepcionado;;C25
00377-YPF 3° loop;1000091493;10;ZPAN;03 - EXTENSION O.C 1;;0;;;;ASABATINO;1010725;BIDON DE AGUA 20 L.;1000;479;1000;0;521;5000183702;7/8/2026;Materiales usuales;RECEPCIONADO PARCIAL;ABIUSI ANALIA VERONICA;MR01;31/10/2026;7/7/2026;10154156;10;1;7/7/2026;8/7/2026;C25;4500132662;10;0377;1;ALOPEZ;14/7/2026;31/10/2026;C25;2;7/8/2026;;;;;;;;;;03 Cert Mensual;En curso;Rojo;C25
00377-YPF 3° loop;1000091627;50;ZPAN;SERV.GRUA 75 TN;;0;;;;CKOTRBA;1042362;ALQ. GRUA 75 TN C/ OPERADOR X SEMANA;1;1;1;0;0;5000186701;1/9/2026;Servicios;CUMPLIDO;DEINOS S.R.L.;MR01;30/9/2026;10/7/2026;10154372;50;1;15/8/2026;16/8/2026;C26;4500136144;10;0377;1;YCOLMAN;20/8/2026;30/9/2026;C26;1;1/9/2026;;;;;;;;;;Sin aclaración;En curso - Próximo a vencer;;C26
00377-YPF 3° loop;1000091627;60;ZPAN;SERV.GRUA 75 TN;;0;;;;CKOTRBA;1013034;SERV.PICKUP P/MOV.DE GRUISTA X SEMANA;7;7;7;0;0;5000186701;1/9/2026;Servicios;CUMPLIDO;DEINOS S.R.L.;MR01;30/9/2026;10/7/2026;10154372;60;1;15/8/2026;16/8/2026;C26;4500136144;20;0377;1;YCOLMAN;20/8/2026;30/9/2026;C26;1;1/9/2026;;;;;;;;;;Sin aclaración;En curso - Próximo a vencer;;C26
00377-YPF 3° loop;1000091627;70;ZPAN;SERV.GRUA 75 TN;;0;;;;CKOTRBA;1012994;ALQ. PERCHA DE IZAJE P/ SEMANA;1;1;1;0;0;5000186701;1/9/2026;Servicios;CUMPLIDO;DEINOS S.R.L.;MR01;30/9/2026;10/7/2026;10154372;70;1;15/8/2026;16/8/2026;C26;4500136144;30;0377;1;YCOLMAN;20/8/2026;30/9/2026;C26;1;1/9/2026;;;;;;;;;;Sin aclaración;En curso - Próximo a vencer;;C26
00377-YPF 3° loop;1000091627;80;ZPAN;SERV.GRUA 75 TN;;0;;;;CKOTRBA;1042362;ALQ. GRUA 75 TN C/ OPERADOR X JORN.;1;0;1;0;1;;;Servicios;ADJUDICADO;DEINOS S.R.L.;MR01;3/9/2026;10/7/2026;10154372;80;1;28/8/2026;31/8/2026;C26;4500137164;10;0377;1;YCOLMAN;31/8/2026;3/9/2026;C26;0;;;;;;;;;;;Sin aclaración;Vencido con cant pendiente a recep;;C26
00377-YPF 3° loop;1000091627;90;ZPAN;SERV.GRUA 75 TN;;0;;;;CKOTRBA;1013034;SERV.PICKUP P/MOV.DE GRUISTA X JOR;1;0;1;0;1;;;Servicios;ADJUDICADO;DEINOS S.R.L.;MR01;3/9/2026;10/7/2026;10154372;90;1;28/8/2026;31/8/2026;C26;4500137164;20;0377;1;YCOLMAN;31/8/2026;3/9/2026;C26;0;;;;;;;;;;;Sin aclaración;Vencido con cant pendiente a recep;;C26
00377-YPF 3° loop;1000091803;10;ZPAN;JORNADAS NOCTURNAS D;;0;;;;ASABATINO;1013124;JORNADA NOCTURNA SERVICIO MEDICO;10;8;10;0;2;5000183701;7/8/2026;Servicios;CUMPLIDO PARCIAL;DATUM S.A.;MR01;31/10/2026;14/7/2026;10154713;10;1;14/7/2026;14/7/2026;C25;4500132924;10;0377;1;ALOPEZ;16/7/2026;30/10/2026;C25;2;7/8/2026;;;;;;;;;;Sin aclaración;En curso;;C25
00377-YPF 3° loop;1000091929;10;ZPAN;ADICIONAL PROBETAS H;;0;;;;ASABATINO;1013000;ENSAYO DE PROBETA HORMIGON;30;14;30;0;16;5000184417;13/8/2026;Servicios;CUMPLIDO PARCIAL;GEOCONSULT SRL;MR01;30/10/2026;16/7/2026;10154882;10;1;16/7/2026;17/7/2026;C20;4500133529;10;0377;1;JPUPULIN;23/7/2026;30/10/2026;C20;2;13/8/2026;;;;;;;;;;Sin aclaración;En curso;;C20
00377-YPF 3° loop;1000092069;10;ZPAN;DATUM DTM;;0;;;;CKOTRBA;1013034;MOV.Y DESMOV. X DTM TRAILER DATUM;2;1;2;0;1;5000182755;31/7/2026;Servicios;CUMPLIDO PARCIAL;DATUM S.A.;MR01;30/9/2026;17/7/2026;10155007;10;1;17/7/2026;20/7/2026;C25;4500133196;10;0377;1;MPITTIA;20/7/2026;30/9/2026;C25;1;1/8/2026;;;;;;;;;;Sin aclaración;En curso - Próximo a vencer;;C25
00377-YPF 3° loop;1000092445;10;ZPAN;EXT OC ALQ.ANDAMIOS;;0;;;;CKOTRBA;1035542;ALQUILER DE ANDAMIO X MES;1;1;1;0;0;5000186310;28/8/2026;Servicios;CUMPLIDO;ECVA S.R.L.;MR01;30/9/2026;24/7/2026;10155604;10;1;24/7/2026;24/7/2026;C26;4500133825;10;0377;1;YCOLMAN;27/7/2026;22/8/2026;C26;1;28/8/2026;;;;;;;;;;Sin aclaración;En curso - Próximo a vencer;;C26
00377-YPF 3° loop;1000092445;20;ZPAN;EXT OC ALQ.ANDAMIOS;;0;;;;CKOTRBA;1035542;ALQUILER DE ANDAMIO X MES;1;1;1;0;0;5000186310;28/8/2026;Servicios;CUMPLIDO;ECVA S.R.L.;MR01;30/9/2026;24/7/2026;10155604;20;1;24/7/2026;24/7/2026;C26;4500133825;20;0377;1;YCOLMAN;27/7/2026;22/8/2026;C26;1;28/8/2026;;;;;;;;;;Sin aclaración;En curso - Próximo a vencer;;C26
00377-YPF 3° loop;1000092445;50;ZPAN;EXT OC ALQ.ANDAMIOS;;0;;;;CKOTRBA;1035542;POLEAS C/FRENO Y MENSULA P/ANDAMIO X MES;1;1;1;0;0;5000186310;28/8/2026;Servicios;CUMPLIDO;ECVA S.R.L.;MR01;30/9/2026;24/7/2026;10155604;50;1;24/7/2026;24/7/2026;C26;4500133825;30;0377;1;YCOLMAN;27/7/2026;30/8/2026;C26;1;28/8/2026;;;;;;;;;;Sin aclaración;En curso - Próximo a vencer;;C26
00377-YPF 3° loop;1000092552;10;ZPAN;03 SERV ALQ LABORATO;;0;;;;ASABATINO;1033267;SERVICIO ALQUILER LABORATORIO DE SUELO;2;2;2;0;0;5000185693;24/8/2026;Servicios;CUMPLIDO;SANCHEZ MARTIN ESTEBAN;MR01;30/9/2026;27/7/2026;10155727;10;1;27/7/2026;27/7/2026;C25;4500133939;10;0377;1;MPITTIA;28/7/2026;30/9/2026;C25;1;24/8/2026;;;;;;;;;;03 Cert Mensual;En curso - Próximo a vencer;Verde;C25
00377-YPF 3° loop;1000092654;10;ZPAN;SUB ALQ CAMION C/HID;;0;;;;CKOTRBA;1033854;SERV ALQ SEMI C/TRACTOR C/HIDRO;1;0;1;0;1;;;Servicios;ADJUDICADO;GIANNELLI OSCAR RUBEN;MR01;2/9/2026;28/7/2026;10155912;10;1;28/7/2026;29/7/2026;C26;4500134124;10;0377;1;YCOLMAN;29/7/2026;2/9/2026;C26;0;;;;;;;;;;;Sin aclaración;Vencido con cant pendiente a recep;;C26
00377-YPF 3° loop;1000092656;10;ZPAN;PM 79 - TALLER - LEN;;0;;;;ASABATINO;1022294;DIA CAPACITACION / CALIFICACION;1;0;1;0;1;;;Servicios;ADJUDICADO;LENOR SRL;MR01;18/8/2026;28/7/2026;10155927;10;1;28/7/2026;29/7/2026;C25;4500134091;10;0377;1;MPITTIA;29/7/2026;18/8/2026;C25;0;;;;;;;;;;;Sin aclaración;Vencido con cant pendiente a recep;;C25
00377-YPF 3° loop;1000092656;20;ZPAN;PM 79 - TALLER - LEN;;0;;;;ASABATINO;1013021;CERTIFICACION OPERADORES;2;0;2;0;2;;;Servicios;ADJUDICADO;LENOR SRL;MR01;18/8/2026;28/7/2026;10155927;20;1;28/7/2026;29/7/2026;C25;4500134091;20;0377;1;MPITTIA;29/7/2026;18/8/2026;C25;0;;;;;;;;;;;Sin aclaración;Vencido con cant pendiente a recep;;C25
00377-YPF 3° loop;1000092656;30;ZPAN;PM 79 - TALLER - LEN;;0;;;;ASABATINO;1013024;VIATICOS;1;0;1;0;1;;;Servicios;ADJUDICADO;LENOR SRL;MR01;18/8/2026;28/7/2026;10155927;30;1;28/7/2026;29/7/2026;C25;4500134091;30;0377;1;MPITTIA;29/7/2026;18/8/2026;C25;0;;;;;;;;;;;Sin aclaración;Vencido con cant pendiente a recep;;C25
00377-YPF 3° loop;1000092656;40;ZPAN;PM 79 - TALLER - LEN;;0;;;;ASABATINO;1013021;CERTIFICACION DE LOTE DE ELEMENTOS;1;0;1;0;1;;;Servicios;ADJUDICADO;LENOR SRL;MR01;18/8/2026;28/7/2026;10155927;40;1;28/7/2026;29/7/2026;C25;4500134091;40;0377;1;MPITTIA;29/7/2026;18/8/2026;C25;0;;;;;;;;;;;Sin aclaración;Vencido con cant pendiente a recep;;C25
00377-YPF 3° loop;1000092822;10;ZPAN;FAB.TAPAS METALICAS;;0;;;;CKOTRBA;1042087;Fab.Tapa de inspeccion -CI1 según plano;4;0;4;0;4;;;Servicios;ADJUDICADO;MARILLAN HECTOR GERVASIO;MR01;19/9/2026;30/7/2026;10156125;10;1;30/7/2026;1/9/2026;C08;4500137522;10;0377;1;GDIAZ;3/9/2026;19/9/2026;C08;0;;;;;;;;;;;Sin aclaración;En curso - Próximo a vencer;;C08
00377-YPF 3° loop;1000092822;20;ZPAN;FAB.TAPAS METALICAS;;0;;;;CKOTRBA;1042087;Fab.Tapa de inspeccion -CD01 según plano;2;0;2;0;2;;;Servicios;ADJUDICADO;MARILLAN HECTOR GERVASIO;MR01;19/9/2026;30/7/2026;10156125;20;1;30/7/2026;1/9/2026;C08;4500137522;20;0377;1;GDIAZ;3/9/2026;19/9/2026;C08;0;;;;;;;;;;;Sin aclaración;En curso - Próximo a vencer;;C08
00377-YPF 3° loop;1000092822;30;ZPAN;FAB.TAPAS METALICAS;;0;;;;CKOTRBA;1042087;Fab.Tapa de inspeccion-CD02 según plano;1;0;1;0;1;;;Servicios;ADJUDICADO;MARILLAN HECTOR GERVASIO;MR01;19/9/2026;30/7/2026;10156125;30;1;30/7/2026;1/9/2026;C08;4500137522;30;0377;1;GDIAZ;3/9/2026;19/9/2026;C08;0;;;;;;;;;;;Sin aclaración;En curso - Próximo a vencer;;C08
00377-YPF 3° loop;1000092822;50;ZPAN;FAB.TAPAS METALICAS;;0;;;;CKOTRBA;1042087;Fab.Tapa de Cámara de Hot Tap detalle-H1;2;0;2;0;2;;;Servicios;ADJUDICADO;MARILLAN HECTOR GERVASIO;MR01;19/9/2026;30/7/2026;10156125;50;1;30/7/2026;1/9/2026;C08;4500137522;50;0377;1;GDIAZ;3/9/2026;19/9/2026;C08;0;;;;;;;;;;;Sin aclaración;En curso - Próximo a vencer;;C08
00377-YPF 3° loop;1000092822;60;ZPAN;FAB.TAPAS METALICAS;;0;;;;CKOTRBA;1042087;Fab.Tapa de Cámara de Derivación-H2 s/ p;1;0;1;0;1;;;Servicios;ADJUDICADO;MARILLAN HECTOR GERVASIO;MR01;19/9/2026;30/7/2026;10156125;60;1;30/7/2026;1/9/2026;C08;4500137522;60;0377;1;GDIAZ;3/9/2026;19/9/2026;C08;0;;;;;;;;;;;Sin aclaración;En curso - Próximo a vencer;;C08
00377-YPF 3° loop;1000092822;70;ZPAN;FAB.TAPAS METALICAS;;0;;;;CKOTRBA;1042087;Fab.Escalera tipo Gato con guardahombre;3;0;3;0;3;;;Servicios;ADJUDICADO;MARILLAN HECTOR GERVASIO;MR01;19/9/2026;30/7/2026;10156125;70;1;30/7/2026;1/9/2026;C08;4500137522;70;0377;1;GDIAZ;3/9/2026;19/9/2026;C08;0;;;;;;;;;;;Sin aclaración;En curso - Próximo a vencer;;C08
00377-YPF 3° loop;1000092875;10;ZPAN;SUBCONTRATO PROTECCI;;0;;;;ASABATINO;1042362;ESTUDIO DE POTENCIALES ON-OF, INTERF C/;1;0;1;0;1;;;Servicios;ADJUDICADO;KINKURO SAS;MR01;30/9/2026;31/7/2026;10156267;10;1;31/7/2026;1/8/2026;C26;4500134671;10;0377;1;ALOPEZ;5/8/2026;7/9/2026;C26;0;;;;;;;;;;;Sin aclaración;En curso - Próximo a vencer;;C26
00377-YPF 3° loop;1000092875;20;ZPAN;SUBCONTRATO PROTECCI;;0;;;;ASABATINO;1042362;ELABORACION DE MEMORIA DE CALCULO DE PC;1;0;1;0;1;;;Servicios;ADJUDICADO;KINKURO SAS;MR01;30/9/2026;31/7/2026;10156267;20;1;31/7/2026;1/8/2026;C26;4500134671;20;0377;1;ALOPEZ;5/8/2026;7/9/2026;C26;0;;;;;;;;;;;Sin aclaración;En curso - Próximo a vencer;;C26
00377-YPF 3° loop;1000092875;30;ZPAN;SUBCONTRATO PROTECCI;;0;;;;ASABATINO;1042362;SIMULACION COMSOL DISEÑO PC;1;0;1;0;1;;;Servicios;ADJUDICADO;KINKURO SAS;MR01;30/9/2026;31/7/2026;10156267;30;1;31/7/2026;1/8/2026;C26;4500134671;30;0377;1;ALOPEZ;5/8/2026;7/9/2026;C26;0;;;;;;;;;;;Sin aclaración;En curso - Próximo a vencer;;C26
00377-YPF 3° loop;1000092875;40;ZPAN;SUBCONTRATO PROTECCI;;0;;;;ASABATINO;1042362;PROVISION DE PROBETAS ER 0500;2;0;2;0;2;;;Servicios;ADJUDICADO;KINKURO SAS;MR01;30/9/2026;31/7/2026;10156267;40;1;31/7/2026;1/8/2026;C26;4500134716;10;0377;1;ALOPEZ;5/8/2026;7/9/2026;C26;0;;;;;;;;;;;Sin aclaración;En curso - Próximo a vencer;;C26
00377-YPF 3° loop;1000092922;10;ZPAN;03 -EXT. O.C 45-1187;;0;;;;ASABATINO;1013136;SERVICIO LIMPIEZA DESAGOTE BANO QUIMICO;600;295;600;0;305;5000186865;2/9/2026;Servicios;CUMPLIDO PARCIAL;DASH SRL;MR01;15/10/2026;1/8/2026;10156315;10;1;1/8/2026;1/8/2026;C25;4500135132;10;0377;1;MPITTIA;10/8/2026;15/10/2026;C25;2;2/9/2026;;;;;;;;;;03 Cert Mensual;En curso - Próximo a vencer;Verde;C25
00377-YPF 3° loop;1000092925;80;ZPAN;SERV.2º GRUA 100 TN;;0;;;;CKOTRBA;1042362;ALQ. GRUA 100 TN C/ OPERADOR X DIA;3;0;3;0;3;;;Servicios;ADJUDICADO;DEINOS S.R.L.;MR01;3/9/2026;1/8/2026;10156316;80;1;28/8/2026;31/8/2026;C26;4500137160;20;0377;1;YCOLMAN;31/8/2026;3/9/2026;C26;0;;;;;;;;;;;Sin aclaración;Vencido con cant pendiente a recep;;C26
00377-YPF 3° loop;1000092925;90;ZPAN;SERV.2º GRUA 100 TN;;0;;;;CKOTRBA;1013034;SERV.PICKUP P/MOV.DE GRUISTA X DIA;3;0;3;0;3;;;Servicios;ADJUDICADO;DEINOS S.R.L.;MR01;3/9/2026;1/8/2026;10156316;90;1;28/8/2026;31/8/2026;C26;4500137160;30;0377;1;YCOLMAN;31/8/2026;3/9/2026;C26;0;;;;;;;;;;;Sin aclaración;Vencido con cant pendiente a recep;;C26
00377-YPF 3° loop;1000092926;10;ZPAN;FLETE DEVOL. SULLAIR;;0;;;;CKOTRBA;1012973;FLETE SEMIRREMOLQUE 13,5MT XVIAJE;1;0;1;0;1;;;Servicios;ADJUDICADO;TRANSPORCAM;MR01;31/8/2026;1/8/2026;10156318;10;1;1/8/2026;28/8/2026;C15;4500137345;10;0377;1;GDIAZ;1/9/2026;4/9/2026;C15;0;;;;;;;;;;;Sin aclaración;Vencido con cant pendiente a recep;;C15
00377-YPF 3° loop;1000092975;10;ZPAN;VIATICOS - VIANDAS D;;0;;;;ASABATINO;1013024;VIATICOS -VIANDAS PERSONAL S. MEDICO;500;0;500;0;500;;;Servicios;ADJUDICADO;DATUM S.A.;MR01;15/10/2026;3/8/2026;10156388;10;1;3/8/2026;4/8/2026;C25;4500134851;10;0377;1;MPITTIA;6/8/2026;15/10/2026;C25;0;;;;;;;;;;;Sin aclaración;En curso - Próximo a vencer;;C25
00377-YPF 3° loop;1000092984;10;ZPAN;03 -ADICIONAL FERIAD;;0;;;;ASABATINO;1022295;ADICIONAL FERIADOS/DOMINGOS(T.PERSONAL).;30;10;30;0;20;5000185300;21/8/2026;Servicios;CUMPLIDO PARCIAL;CUATRODEC SERVICIOS S.A.;MR01;15/10/2026;3/8/2026;10156408;10;1;3/8/2026;6/8/2026;C25;4500135141;10;0377;1;MPITTIA;10/8/2026;15/10/2026;C25;1;21/8/2026;;;;;;;;;;03 Cert Mensual;En curso - Próximo a vencer;Verde;C25
00377-YPF 3° loop;1000093070;20;ZPAN;FORMALIZACION ADICIO;;0;;;;ASABATINO;1042083;EQUIPO SOLDADURA COMPLETO X DIA;2;2;2;0;0;5000187241;4/9/2026;Servicios;CUMPLIDO;CATEX SRL;MR01;30/9/2026;4/8/2026;10156497;20;1;4/8/2026;13/8/2026;C26;4500135769;10;0377;1;AGONZALEZ;14/8/2026;30/9/2026;C26;1;4/9/2026;;;;;;;;;;Sin aclaración;En curso - Próximo a vencer;;C26
00377-YPF 3° loop;1000093295;10;ZPAN;Renov.ALQ.GRADORES;;0;;;;CKOTRBA;1013066;ALQUILER GENERADOR;30;0;30;0;30;;;Servicios;ADJUDICADO;LA CASA DE LAS HERRAMIENTAS SA;MR01;8/9/2026;7/8/2026;10156854;10;1;7/8/2026;7/8/2026;EFO;4500135775;10;0377;1;OBANEGA;14/8/2026;8/9/2026;EFO;0;;;;;;;;;;;Sin aclaración;En curso - Próximo a vencer;;EFO
00377-YPF 3° loop;1000093295;20;ZPAN;Renov.ALQ.GRADORES;;0;;;;CKOTRBA;1013066;ALQUILER GENERADOR;30;0;30;0;30;;;Servicios;ADJUDICADO;LA CASA DE LAS HERRAMIENTAS SA;MR01;8/9/2026;7/8/2026;10156854;20;1;7/8/2026;7/8/2026;EFO;4500135775;20;0377;1;OBANEGA;14/8/2026;8/9/2026;EFO;0;;;;;;;;;;;Sin aclaración;En curso - Próximo a vencer;;EFO
00377-YPF 3° loop;1000093295;30;ZPAN;Renov.ALQ.GRADORES;;0;;;;CKOTRBA;1013066;ALQUILER GENERADOR;30;0;30;0;30;;;Servicios;ADJUDICADO;LA CASA DE LAS HERRAMIENTAS SA;MR01;8/9/2026;7/8/2026;10156854;30;1;7/8/2026;7/8/2026;EFO;4500135775;30;0377;1;OBANEGA;14/8/2026;8/9/2026;EFO;0;;;;;;;;;;;Sin aclaración;En curso - Próximo a vencer;;EFO
00377-YPF 3° loop;1000093295;40;ZPAN;Renov.ALQ.GRADORES;;0;;;;CKOTRBA;1013066;ALQUILER GENERADOR;30;0;30;0;30;;;Servicios;ADJUDICADO;LA CASA DE LAS HERRAMIENTAS SA;MR01;8/9/2026;7/8/2026;10156854;40;1;7/8/2026;7/8/2026;EFO;4500135775;40;0377;1;OBANEGA;14/8/2026;8/9/2026;EFO;0;;;;;;;;;;;Sin aclaración;En curso - Próximo a vencer;;EFO
00377-YPF 3° loop;1000093295;50;ZPAN;Renov.ALQ.GRADORES;;0;;;;CKOTRBA;1013066;ALQUILER GENERADOR;30;0;30;0;30;;;Servicios;ADJUDICADO;LA CASA DE LAS HERRAMIENTAS SA;MR01;8/9/2026;7/8/2026;10156854;50;1;7/8/2026;7/8/2026;EFO;4500135775;50;0377;1;OBANEGA;14/8/2026;8/9/2026;EFO;0;;;;;;;;;;;Sin aclaración;En curso - Próximo a vencer;;EFO
00377-YPF 3° loop;1000093319;10;ZPAN;FORMALIZACION SERVIC;;0;;;;ASABATINO;1013124;JORNADA NOCTURNA SERVICIO MEDICO;6;0;6;0;6;;;Servicios;ADJUDICADO;DATUM S.A.;MR01;31/10/2026;7/8/2026;10156900;10;1;7/8/2026;31/8/2026;C25;4500135332;10;0377;1;MPITTIA;11/8/2026;30/10/2026;C25;0;;;;;;;;;;;Sin aclaración;En curso;;C25
00377-YPF 3° loop;1000093319;20;ZPAN;FORMALIZACION SERVIC;;0;;;;ASABATINO;1013124;JORNADA NOCTURNA SERVICIO MEDICO;8;0;8;0;8;;;Servicios;ADJUDICADO;DATUM S.A.;MR01;31/10/2026;7/8/2026;10156900;20;1;16/8/2026;31/8/2026;C25;4500135909;10;0377;1;MPITTIA;18/8/2026;30/10/2026;C25;0;;;;;;;;;;;Sin aclaración;En curso;;C25
00377-YPF 3° loop;1000093338;10;ZPAN;02 VIANDAS - MAXIMIA;;0;;;;ASABATINO;1013121;VIANDA ALMUERZO XUN;6000;3147;6000;0;2853;5000187563;7/9/2026;Servicios;CUMPLIDO PARCIAL;MAXIMIA S.A.;MR01;15/10/2026;8/8/2026;10156937;10;1;8/8/2026;9/8/2026;C25;4500135553;10;0377;1;MPITTIA;13/8/2026;15/10/2026;C25;2;7/9/2026;;;;;;;;;;02 Cert Quincenal;En curso - Próximo a vencer;Verde;C25
00377-YPF 3° loop;1000093539;10;ZPAN;EXT.TYS OC 45-122323;;0;;;;CKOTRBA;1026315;ALQ IMP RICOH COLOR X MES #20180;3;0;3;0;3;;;Servicios;ADJUDICADO;TECNICA Y SISTEMAS SRL;MR01;31/10/2026;12/8/2026;10157237;10;1;12/8/2026;12/8/2026;C25;4500136124;10;0377;1;MPITTIA;20/8/2026;31/10/2026;C25;0;;;;;;;;;;;Sin aclaración;En curso;;C25
00377-YPF 3° loop;1000093544;10;ZPAN;PRINTER CAMBIO EQ;;0;;;;CKOTRBA;1026315;ALQ IMP RICOH IM C-2010 MULT COLOR X MES;3;0;3;0;3;;;Servicios;ADJUDICADO;PRINTER SRL;MR01;31/10/2026;12/8/2026;10157260;10;1;12/8/2026;12/8/2026;C25;4500135677;10;0377;1;MPITTIA;13/8/2026;31/10/2026;C25;0;;;;;;;;;;;Sin aclaración;En curso;;C25
00377-YPF 3° loop;1000093563;10;ZPAN;EXT OC ALQ.ANDAMIOS;;0;;;;CKOTRBA;1035542;ALQUILER DE ANDAMIO X MES REM-1675;2;1;2;0;1;5000186311;28/8/2026;Servicios;CUMPLIDO PARCIAL;ECVA S.R.L.;MR01;30/9/2026;12/8/2026;10157282;10;1;12/8/2026;12/8/2026;C26;4500136042;10;0377;1;YCOLMAN;19/8/2026;8/10/2026;C26;1;28/8/2026;;;;;;;;;;Sin aclaración;En curso - Próximo a vencer;;C26
00377-YPF 3° loop;1000093563;20;ZPAN;EXT OC ALQ.ANDAMIOS;;0;;;;CKOTRBA;1035542;ALQUILER DE ANDAMIO X MES REM-1675;2;1;2;0;1;5000186311;28/8/2026;Servicios;CUMPLIDO PARCIAL;ECVA S.R.L.;MR01;30/9/2026;12/8/2026;10157282;20;1;12/8/2026;12/8/2026;C26;4500136042;20;0377;1;YCOLMAN;19/8/2026;8/10/2026;C26;1;28/8/2026;;;;;;;;;;Sin aclaración;En curso - Próximo a vencer;;C26
00377-YPF 3° loop;1000093563;30;ZPAN;EXT OC ALQ.ANDAMIOS;;0;;;;CKOTRBA;1035542;ALQUILER DE ANDAMIO X MES REM-1659;1;0;1;0;1;;;Servicios;ADJUDICADO;ECVA S.R.L.;MR01;30/9/2026;12/8/2026;10157282;30;1;12/8/2026;12/8/2026;C26;4500136048;10;0377;1;YCOLMAN;19/8/2026;22/9/2026;C26;0;;;;;;;;;;;Sin aclaración;En curso - Próximo a vencer;;C26
00377-YPF 3° loop;1000093563;40;ZPAN;EXT OC ALQ.ANDAMIOS;;0;;;;CKOTRBA;1035542;ALQUILER DE ANDAMIO X MES REM-1659;1;0;1;0;1;;;Servicios;ADJUDICADO;ECVA S.R.L.;MR01;30/9/2026;12/8/2026;10157282;40;1;12/8/2026;12/8/2026;C26;4500136048;20;0377;1;YCOLMAN;19/8/2026;22/9/2026;C26;0;;;;;;;;;;;Sin aclaración;En curso - Próximo a vencer;;C26
00377-YPF 3° loop;1000093563;50;ZPAN;EXT OC ALQ.ANDAMIOS;;0;;;;CKOTRBA;1035542;POLEAS C/FRENO Y MENSULA P/ANDAMIO X MES;1;0;1;0;1;;;Servicios;ADJUDICADO;ECVA S.R.L.;MR01;30/9/2026;12/8/2026;10157282;50;1;12/8/2026;12/8/2026;C26;4500136048;30;0377;1;YCOLMAN;19/8/2026;30/9/2026;C26;0;;;;;;;;;;;Sin aclaración;En curso - Próximo a vencer;;C26
00377-YPF 3° loop;1000093736;10;ZPAN;EXTENCION OC CAEFE;;0;;;;ASIGNORELLI;1042079;SERVICIO DIARIO DE ULTRASONIDO LUN-SAB;40;20,8;40;0;19,2;5000185530;22/8/2026;Servicios;CUMPLIDO PARCIAL;CAEFE S.A.;MR01;4/9/2026;14/8/2026;10157499;10;1;14/8/2026;14/8/2026;C26;4500136073;10;0377;1;YCOLMAN;19/8/2026;30/9/2026;C26;1;22/8/2026;;;;;;;;;;Sin aclaración;Vencido con cant pendiente a recep;;C26
00377-YPF 3° loop;1000093736;20;ZPAN;EXTENCION OC CAEFE;;0;;;;ASIGNORELLI;1042079;SERVICIO DIARIO DE ULTRASONIDO DOM-FERIA;5;1;5;0;4;5000185530;22/8/2026;Servicios;CUMPLIDO PARCIAL;CAEFE S.A.;MR01;4/9/2026;14/8/2026;10157499;20;1;14/8/2026;14/8/2026;C26;4500136073;20;0377;1;YCOLMAN;19/8/2026;30/9/2026;C26;1;22/8/2026;;;;;;;;;;Sin aclaración;Vencido con cant pendiente a recep;;C26
00377-YPF 3° loop;1000093736;30;ZPAN;EXTENCION OC CAEFE;;0;;;;ASIGNORELLI;1042079;SERVCIO DIARIO GAMMAGRA EXT FER-DOM;5;2;5;0;3;5000185530;22/8/2026;Servicios;CUMPLIDO PARCIAL;CAEFE S.A.;MR01;4/9/2026;14/8/2026;10157499;30;1;14/8/2026;14/8/2026;C26;4500136073;30;0377;1;YCOLMAN;19/8/2026;30/9/2026;C26;1;22/8/2026;;;;;;;;;;Sin aclaración;Vencido con cant pendiente a recep;;C26
00377-YPF 3° loop;1000093736;40;ZPAN;EXTENCION OC CAEFE;;0;;;;ASIGNORELLI;1042079;GAMMAGRAFIA Ø 4 SCH 40 6,02MM;50;35;50;0;15;5000185530;22/8/2026;Servicios;CUMPLIDO PARCIAL;CAEFE S.A.;MR01;4/9/2026;14/8/2026;10157499;40;1;14/8/2026;14/8/2026;C26;4500136073;40;0377;1;YCOLMAN;19/8/2026;30/9/2026;C26;1;22/8/2026;;;;;;;;;;Sin aclaración;Vencido con cant pendiente a recep;;C26
00377-YPF 3° loop;1000093746;10;ZPAN;FORM.ALQ.SEMIRREMOLQ;;0;;;;CKOTRBA;1033267;ALQ.SEMIRREMOLQUE X MES;1;0;1;0;1;;;Servicios;ADJUDICADO;GIANNELLI OSCAR RUBEN;MR01;10/9/2026;14/8/2026;10157527;10;1;14/8/2026;14/8/2026;EFO;4500136047;10;0377;1;OBANEGA;19/8/2026;10/9/2026;EFO;0;;;;;;;;;;;Sin aclaración;En curso - Próximo a vencer;;EFO
00377-YPF 3° loop;1000093800;10;ZPAN;FORM.CALIF.SOLDADURA;;0;;;;CKOTRBA;1013029;SERV. Auditoria de END;4;4;4;0;0;5000186872;2/9/2026;Servicios;CUMPLIDO;CAMISCIA LUCAS;MR01;7/9/2026;15/8/2026;10157642;10;1;15/8/2026;15/8/2026;C26;4500135920;10;0377;1;YCOLMAN;18/8/2026;7/9/2026;C26;1;2/9/2026;;;;;;;;;;Sin aclaración;En curso - Próximo a vencer;;C26
00377-YPF 3° loop;1000093952;10;ZPAN;REG SAPSA - JULIO;;0;;;;RTELLO;1022295;RSU SECOS - DISP FINAL X TN;5;5;5;0;0;5000186871;2/9/2026;Servicios;CUMPLIDO;SOLUCIONES AMBIENTALES PATAGONIA;MR01;8/9/2026;19/8/2026;10157895;10;1;19/8/2026;19/8/2026;C25;4500136564;10;0377;1;MPITTIA;25/8/2026;8/9/2026;C25;1;2/9/2026;;;;;;;;;;Sin aclaración;En curso - Próximo a vencer;;C25
00377-YPF 3° loop;1000093952;20;ZPAN;REG SAPSA - JULIO;;0;;;;RTELLO;1022295;RSU INDUST - DISP FINAL X TN;1;1;1;0;0;5000186871;2/9/2026;Servicios;CUMPLIDO;SOLUCIONES AMBIENTALES PATAGONIA;MR01;8/9/2026;19/8/2026;10157895;20;1;19/8/2026;19/8/2026;C25;4500136564;20;0377;1;MPITTIA;25/8/2026;8/9/2026;C25;1;2/9/2026;;;;;;;;;;Sin aclaración;En curso - Próximo a vencer;;C25
00377-YPF 3° loop;1000093952;30;ZPAN;REG SAPSA - JULIO;;0;;;;RTELLO;1022295;RSU HUMEDOS - DISP FINAL X TN;2;2;2;0;0;5000186871;2/9/2026;Servicios;CUMPLIDO;SOLUCIONES AMBIENTALES PATAGONIA;MR01;8/9/2026;19/8/2026;10157895;30;1;19/8/2026;19/8/2026;C25;4500136564;30;0377;1;MPITTIA;25/8/2026;8/9/2026;C25;1;2/9/2026;;;;;;;;;;Sin aclaración;En curso - Próximo a vencer;;C25
00377-YPF 3° loop;1000093952;40;ZPAN;REG SAPSA - JULIO;;0;;;;RTELLO;1022295;TRAT. RESI PELIGROSOS Y15 X TN;4;3,93;4;0;0,07;5000187301;4/9/2026;Servicios;CUMPLIDO PARCIAL;SOLUCIONES AMBIENTALES PATAGONIA;MR01;8/9/2026;19/8/2026;10157895;40;1;19/8/2026;19/8/2026;C25;4500137531;10;0377;2;MPITTIA;3/9/2026;8/9/2026;C25;1;4/9/2026;;;;;;;;;;Sin aclaración;En curso - Próximo a vencer;;C25
00377-YPF 3° loop;1000093952;50;ZPAN;REG SAPSA - JULIO;;0;;;;RTELLO;1022295;TRAT. RESI PELIGROSOS Y5 X TN;2;1,02;2;0;0,98;5000187301;4/9/2026;Servicios;CUMPLIDO PARCIAL;SOLUCIONES AMBIENTALES PATAGONIA;MR01;8/9/2026;19/8/2026;10157895;50;1;19/8/2026;19/8/2026;C25;4500137531;20;0377;2;MPITTIA;3/9/2026;8/9/2026;C25;1;4/9/2026;;;;;;;;;;Sin aclaración;En curso - Próximo a vencer;;C25
00377-YPF 3° loop;1000093952;60;ZPAN;REG SAPSA - JULIO;;0;;;;RTELLO;1022295;TRASLADO RESI PELIGROSOS x KM;3;0,98;3;0;2,02;5000187301;4/9/2026;Servicios;CUMPLIDO PARCIAL;SOLUCIONES AMBIENTALES PATAGONIA;MR01;8/9/2026;19/8/2026;10157895;60;1;21/8/2026;23/8/2026;C25;4500137531;30;0377;2;MPITTIA;3/9/2026;8/9/2026;C25;1;4/9/2026;;;;;;;;;;Sin aclaración;En curso - Próximo a vencer;;C25
00377-YPF 3° loop;1000094166;10;ZPAN;REG -STAND BY - CONT;;0;;;;ASABATINO;1013045;STAND BY (EQUIPOS - PERSONAL);1;0;1;0;1;;;Servicios;ADJUDICADO;CONTROL POINT S.A.;MR01;31/10/2026;22/8/2026;10158279;10;1;22/8/2026;23/8/2026;C26;4500136981;10;0377;1;YCOLMAN;28/8/2026;31/10/2026;C26;0;;;;;;;;;;;Sin aclaración;En curso;;C26
00377-YPF 3° loop;1000094177;10;ZPAN;03 - EXTENSION SERVI;;0;;;;ASABATINO;1048518;SS AMBULANCIA ALTA COMPLEJIDAD XMES;2;0;2;0;2;;;Servicios;ADJUDICADO;DATUM S.A.;MR01;31/10/2026;23/8/2026;10158290;10;1;23/8/2026;24/8/2026;C25;4500136686;10;0377;1;MPITTIA;26/8/2026;31/10/2026;C25;0;;;;;;;;;;;03 Cert Mensual;En curso;;C25
00377-YPF 3° loop;1000094177;20;ZPAN;03 - EXTENSION SERVI;;0;;;;ASABATINO;1048518;SS AMBULANCIA ALTA COMPLEJIDAD XMES;2;0;2;0;2;;;Servicios;ADJUDICADO;DATUM S.A.;MR01;31/10/2026;23/8/2026;10158290;20;1;23/8/2026;24/8/2026;C25;4500136686;20;0377;1;MPITTIA;26/8/2026;31/10/2026;C25;0;;;;;;;;;;;03 Cert Mensual;En curso;;C25
00377-YPF 3° loop;1000094177;30;ZPAN;03 - EXTENSION SERVI;;0;;;;ASABATINO;1048518;TRAILER CON EQUIPAMIENTO XMES;2;0;2;0;2;;;Servicios;ADJUDICADO;DATUM S.A.;MR01;31/10/2026;23/8/2026;10158290;30;1;23/8/2026;24/8/2026;C25;4500136686;30;0377;1;MPITTIA;26/8/2026;31/10/2026;C25;0;;;;;;;;;;;03 Cert Mensual;En curso;;C25
00377-YPF 3° loop;1000094177;40;ZPAN;03 - EXTENSION SERVI;;0;;;;ASABATINO;1022295;PROVISION DE OXIGENO MEDICINAL;4;0;4;0;4;;;Servicios;ADJUDICADO;DATUM S.A.;MR01;31/10/2026;23/8/2026;10158290;120;1;23/8/2026;24/8/2026;C25;4500136686;100;0377;1;MPITTIA;26/8/2026;31/10/2026;C25;0;;;;;;;;;;;03 Cert Mensual;En curso;;C25
00377-YPF 3° loop;1000094177;50;ZPAN;03 - EXTENSION SERVI;;0;;;;ASABATINO;1027345;REPOSICION DE MEDICAMENTOS X MES;3;0;3;0;3;;;Servicios;ADJUDICADO;DATUM S.A.;MR01;31/10/2026;23/8/2026;10158290;50;1;23/8/2026;24/8/2026;C25;4500136686;40;0377;1;MPITTIA;26/8/2026;31/10/2026;C25;0;;;;;;;;;;;03 Cert Mensual;En curso;;C25
00377-YPF 3° loop;1000094177;60;ZPAN;03 - EXTENSION SERVI;;0;;;;ASABATINO;1027345;EXTRA EQUIPAMIENTO AMBULANCIA 1;1;0;1;0;1;;;Servicios;ADJUDICADO;DATUM S.A.;MR01;31/10/2026;23/8/2026;10158290;60;1;23/8/2026;24/8/2026;C25;4500136686;50;0377;1;MPITTIA;26/8/2026;31/10/2026;C25;0;;;;;;;;;;;03 Cert Mensual;En curso;;C25
00377-YPF 3° loop;1000094177;70;ZPAN;03 - EXTENSION SERVI;;0;;;;ASABATINO;1027345;EXTRA EQUIPOMIENTO AMBULANCIA 2;1;0;1;0;1;;;Servicios;ADJUDICADO;DATUM S.A.;MR01;31/10/2026;23/8/2026;10158290;70;1;23/8/2026;24/8/2026;C25;4500136686;60;0377;1;MPITTIA;26/8/2026;31/10/2026;C25;0;;;;;;;;;;;03 Cert Mensual;En curso;;C25
00377-YPF 3° loop;1000094177;80;ZPAN;03 - EXTENSION SERVI;;0;;;;ASABATINO;1027345;EXTRA EQUIPAMIENTO TRAILER;1;0;1;0;1;;;Servicios;ADJUDICADO;DATUM S.A.;MR01;31/10/2026;23/8/2026;10158290;80;1;23/8/2026;24/8/2026;C25;4500136686;70;0377;1;MPITTIA;26/8/2026;31/10/2026;C25;0;;;;;;;;;;;03 Cert Mensual;En curso;;C25
00377-YPF 3° loop;1000094177;90;ZPAN;03 - EXTENSION SERVI;;0;;;;ASABATINO;1018836;SERVICIO MEDICO X MES;2;0;2;0;2;;;Servicios;ADJUDICADO;DATUM S.A.;MR01;31/10/2026;23/8/2026;10158290;90;1;23/8/2026;24/8/2026;C25;4500136686;80;0377;1;MPITTIA;26/8/2026;31/10/2026;C25;0;;;;;;;;;;;03 Cert Mensual;En curso;;C25
00377-YPF 3° loop;1000094177;100;ZPAN;03 - EXTENSION SERVI;;0;;;;ASABATINO;1022295;SERVICIO DE REPRESENTACION TECNICA X MES;1;0;1;0;1;;;Servicios;ADJUDICADO;MAINETE JAVIER ALBERTO;MR01;31/10/2026;23/8/2026;10158290;100;1;23/8/2026;24/8/2026;C25;4500137079;10;0377;1;MPITTIA;31/8/2026;31/10/2026;C25;0;;;;;;;;;;;03 Cert Mensual;En curso;;C25
00377-YPF 3° loop;1000094178;10;ZPAN;03 - EXTENSION SERVI;;0;;;;ASABATINO;1027343;RESPONSABLE M. AMBIENTE X MES;2;0;2;0;2;;;Servicios;ADJUDICADO;STEP ENERGY S. A. S.;MR01;31/10/2026;23/8/2026;10158292;10;1;23/8/2026;24/8/2026;C25;4500137088;10;0377;1;MPITTIA;31/8/2026;31/10/2026;C25;0;;;;;;;;;;;03 Cert Mensual;En curso;;C25
00377-YPF 3° loop;1000094178;20;ZPAN;03 - EXTENSION SERVI;;0;;;;ASABATINO;1027343;SERV.CONSUL. AMBIENTAL X MES;2;0;2;0;2;;;Servicios;ADJUDICADO;STEP ENERGY S. A. S.;MR01;31/10/2026;23/8/2026;10158292;20;1;23/8/2026;24/8/2026;C25;4500137092;20;0377;1;MPITTIA;31/8/2026;31/10/2026;C25;0;;;;;;;;;;;03 Cert Mensual;En curso;;C25
00377-YPF 3° loop;1000094182;10;ZPAN;03 - EXTENSION ALQUI;;0;;;;ASABATINO;1035446;ALQ IMP XMES EPSON L15150 A3/A4 COLOR 1;2;0;2;0;2;;;Servicios;ADJUDICADO;PRINTER SRL;MR01;31/10/2026;23/8/2026;10158296;70;1;23/8/2026;24/8/2026;C25;4500137077;10;0377;1;MPITTIA;31/8/2026;31/10/2026;C25;0;;;;;;;;;;;03 Cert Mensual;En curso;;C25
00377-YPF 3° loop;1000094182;20;ZPAN;03 - EXTENSION ALQUI;;0;;;;ASABATINO;1035446;ALQ IMP XMES BRO-DCP-T820 A4 COLOR;2;0;2;0;2;;;Servicios;ADJUDICADO;PRINTER SRL;MR01;31/10/2026;23/8/2026;10158296;80;1;23/8/2026;24/8/2026;C25;4500137077;20;0377;1;MPITTIA;31/8/2026;31/10/2026;C25;0;;;;;;;;;;;03 Cert Mensual;En curso;;C25
00377-YPF 3° loop;1000094182;30;ZPAN;03 - EXTENSION ALQUI;;0;;;;ASABATINO;1035446;ALQ IMP XMES RICOH C2010 A3/A4 COLOR 1;2;0;2;0;2;;;Servicios;ADJUDICADO;PRINTER SRL;MR01;31/10/2026;23/8/2026;10158296;90;1;23/8/2026;24/8/2026;C25;4500137077;30;0377;1;MPITTIA;31/8/2026;31/10/2026;C25;0;;;;;;;;;;;03 Cert Mensual;En curso;;C25
00377-YPF 3° loop;1000094182;40;ZPAN;03 - EXTENSION ALQUI;;0;;;;ASABATINO;1035446;ALQ IMP XMES RICOH C2010 A3/A4 COLOR 2;2;0;2;0;2;;;Servicios;ADJUDICADO;PRINTER SRL;MR01;31/10/2026;23/8/2026;10158296;100;1;23/8/2026;24/8/2026;C25;4500137077;40;0377;1;MPITTIA;31/8/2026;31/10/2026;C25;0;;;;;;;;;;;03 Cert Mensual;En curso;;C25
00377-YPF 3° loop;1000094182;50;ZPAN;03 - EXTENSION ALQUI;;0;;;;ASABATINO;1035446;ALQ IMP XMES BROT.MFC.8950 A4 B/N;2;0;2;0;2;;;Servicios;ADJUDICADO;PRINTER SRL;MR01;31/10/2026;23/8/2026;10158296;110;1;23/8/2026;24/8/2026;C25;4500137077;50;0377;1;MPITTIA;31/8/2026;31/10/2026;C25;0;;;;;;;;;;;03 Cert Mensual;En curso;;C25
00377-YPF 3° loop;1000094182;60;ZPAN;03 - EXTENSION ALQUI;;0;;;;ASABATINO;1035446;ALQ IMP XMES ECOSYS M2040DN A4 B/N;2;0;2;0;2;;;Servicios;ADJUDICADO;PRINTER SRL;MR01;31/10/2026;23/8/2026;10158296;120;1;23/8/2026;24/8/2026;C25;4500137077;60;0377;1;MPITTIA;31/8/2026;31/10/2026;C25;0;;;;;;;;;;;03 Cert Mensual;En curso;;C25
00377-YPF 3° loop;1000094184;10;ZPAN;03 - EXTENSION ALQUI;;0;;;;ASABATINO;1033854;SERV ALQ SEMI C/TRACTOR C/HIDRO;2;0;2;0;2;;;Servicios;ADJUDICADO;GIANNELLI OSCAR RUBEN;MR01;31/10/2026;23/8/2026;10158298;10;1;23/8/2026;24/8/2026;C26;4500136798;10;0377;1;YCOLMAN;26/8/2026;31/10/2026;C26;0;;;;;;;;;;;03 Cert Mensual;En curso;;C26
00377-YPF 3° loop;1000094220;10;ZPAN;RECARGAR 1TB STARLIN;;20;;;;RTELLO;1022295;RECARGA INTERNET 1 TERA - STARLINK;1;0;1;0;1;;;Servicios;ADJUDICADO;JAWIT S.A.;MR01;11/9/2026;24/8/2026;10158353;10;1;24/8/2026;24/8/2026;C25;4500137692;10;0377;1;MPITTIA;4/9/2026;11/9/2026;C25;0;;;;;;;;;;;Sin aclaración;En curso - Próximo a vencer;;C25
00377-YPF 3° loop;1000094235;10;ZPAN;03 SS INTERNET;;0;;;;RTELLO;1025931;INTERNET X MES MINI STARLINK 100GB-1;1;0;1;0;1;;;Servicios;ADJUDICADO;JAWIT S.A.;MR01;31/10/2026;24/8/2026;10158362;10;1;24/8/2026;24/8/2026;C25;4500136671;10;0377;1;MPITTIA;26/8/2026;31/10/2026;C25;0;;;;;;;;;;;03 Cert Mensual;En curso;;C25
00377-YPF 3° loop;1000094235;20;ZPAN;03 SS INTERNET;;0;;;;RTELLO;1025931;INTERNET X MES MINI STARLINK 100GB-2;1;0;1;0;1;;;Servicios;ADJUDICADO;JAWIT S.A.;MR01;31/10/2026;24/8/2026;10158362;20;1;24/8/2026;24/8/2026;C25;4500136671;20;0377;1;MPITTIA;26/8/2026;31/10/2026;C25;0;;;;;;;;;;;03 Cert Mensual;En curso;;C25
00377-YPF 3° loop;1000094235;30;ZPAN;03 SS INTERNET;;0;;;;RTELLO;1025931;INTERNET X MES MINI STARLINK 100GB-3;1;0;1;0;1;;;Servicios;ADJUDICADO;JAWIT S.A.;MR01;31/10/2026;24/8/2026;10158362;30;1;24/8/2026;24/8/2026;C25;4500136671;30;0377;1;MPITTIA;26/8/2026;31/10/2026;C25;0;;;;;;;;;;;03 Cert Mensual;En curso;;C25
00377-YPF 3° loop;1000094235;40;ZPAN;03 SS INTERNET;;0;;;;RTELLO;1025931;INTERNET X MES MINI STARLINK 100GB-4;1;0;1;0;1;;;Servicios;ADJUDICADO;JAWIT S.A.;MR01;31/10/2026;24/8/2026;10158362;40;1;24/8/2026;24/8/2026;C25;4500136671;40;0377;1;MPITTIA;26/8/2026;31/10/2026;C25;0;;;;;;;;;;;03 Cert Mensual;En curso;;C25
00377-YPF 3° loop;1000094235;50;ZPAN;03 SS INTERNET;;0;;;;RTELLO;1025931;INTERNET X MES MINI STARLINK 250GB-5;2;0;2;0;2;;;Servicios;ADJUDICADO;JAWIT S.A.;MR01;31/10/2026;24/8/2026;10158362;50;1;24/8/2026;24/8/2026;C25;4500136671;50;0377;1;MPITTIA;26/8/2026;31/10/2026;C25;0;;;;;;;;;;;03 Cert Mensual;En curso;;C25
00377-YPF 3° loop;1000094235;60;ZPAN;03 SS INTERNET;;0;;;;RTELLO;1025931;SERVICIO DE INTERNET X MES - 500 GB;2;1;2;0;1;5000186233;28/8/2026;Servicios;CUMPLIDO PARCIAL;JAWIT S.A.;MR01;31/10/2026;24/8/2026;10158362;60;1;24/8/2026;24/8/2026;C25;4500136671;60;0377;1;MPITTIA;26/8/2026;31/10/2026;C25;1;28/8/2026;;;;;;;;;;03 Cert Mensual;En curso;Verde;C25
00377-YPF 3° loop;1000094235;70;ZPAN;03 SS INTERNET;;0;;;;RTELLO;1025931;INTERNET X MES 50GB MINI STARL.(5 KIT);2;0;2;0;2;;;Servicios;ADJUDICADO;JAWIT S.A.;MR01;31/10/2026;24/8/2026;10158362;70;1;24/8/2026;24/8/2026;C25;4500136671;70;0377;1;MPITTIA;26/8/2026;31/10/2026;C25;0;;;;;;;;;;;03 Cert Mensual;En curso;;C25
00377-YPF 3° loop;1000094236;10;ZPAN;03 ALQ CONTENEDORES;;0;;;;RTELLO;1033267;SERV ALQ SALA DE REUNION;2;0;2;0;2;;;Servicios;ADJUDICADO;JORGE ALBERTO SOTO S.A.S.;MR01;31/10/2026;24/8/2026;10158363;10;1;24/8/2026;24/8/2026;EFO;4500136627;10;0377;1;WVENTURINI;25/8/2026;31/10/2026;EFO;0;;;;;;;;;;;03 Cert Mensual;En curso;;EFO
00377-YPF 3° loop;1000094236;20;ZPAN;03 ALQ CONTENEDORES;;0;;;;RTELLO;1033267;SERV ALQ CONT x 12 MTS OFICINA YPF;1;0;1;0;1;;;Servicios;ADJUDICADO;JORGE ALBERTO SOTO S.A.S.;MR01;31/10/2026;24/8/2026;10158363;20;1;24/8/2026;24/8/2026;EFO;4500136627;20;0377;1;WVENTURINI;25/8/2026;31/10/2026;EFO;0;;;;;;;;;;;03 Cert Mensual;En curso;;EFO
00377-YPF 3° loop;1000094236;30;ZPAN;03 ALQ CONTENEDORES;;0;;;;RTELLO;1033267;SERV ALQ CONT x 12 MTS OFI/COMEDOR YPF;2;0;2;0;2;;;Servicios;ADJUDICADO;JORGE ALBERTO SOTO S.A.S.;MR01;31/10/2026;24/8/2026;10158363;30;1;24/8/2026;24/8/2026;EFO;4500136627;30;0377;1;WVENTURINI;25/8/2026;31/10/2026;EFO;0;;;;;;;;;;;03 Cert Mensual;En curso;;EFO
00377-YPF 3° loop;1000094236;40;ZPAN;03 ALQ CONTENEDORES;;0;;;;RTELLO;1047100;ALQUILER DE MODULO BAÑO 6MT X MES;2;0;2;0;2;;;Servicios;ADJUDICADO;JORGE ALBERTO SOTO S.A.S.;MR01;31/10/2026;24/8/2026;10158363;40;1;24/8/2026;24/8/2026;EFO;4500136627;40;0377;1;WVENTURINI;25/8/2026;31/10/2026;EFO;0;;;;;;;;;;;03 Cert Mensual;En curso;;EFO
00377-YPF 3° loop;1000094236;50;ZPAN;03 ALQ CONTENEDORES;;0;;;;RTELLO;1048521;SERV. ALQ. CAMION CISTERNA AGUA 5000LT;2;0;2;0;2;;;Servicios;ADJUDICADO;JORGE ALBERTO SOTO S.A.S.;MR01;31/10/2026;24/8/2026;10158363;50;1;24/8/2026;24/8/2026;EFO;4500136627;50;0377;1;WVENTURINI;25/8/2026;31/10/2026;EFO;0;;;;;;;;;;;03 Cert Mensual;En curso;;EFO
00377-YPF 3° loop;1000094236;60;ZPAN;03 ALQ CONTENEDORES;;0;;;;RTELLO;1048522;SERV. ALQ. UNID. PLANTA TRAT. EFLUENTES;2;0;2;0;2;;;Servicios;ADJUDICADO;JORGE ALBERTO SOTO S.A.S.;MR01;31/10/2026;24/8/2026;10158363;60;1;24/8/2026;24/8/2026;EFO;4500136627;60;0377;1;WVENTURINI;25/8/2026;31/10/2026;EFO;0;;;;;;;;;;;03 Cert Mensual;En curso;;EFO
00377-YPF 3° loop;1000094236;70;ZPAN;03 ALQ CONTENEDORES;;0;;;;RTELLO;1033267;SERV ALQ CONT x 12 MTS COMEDOR;1;0;1;0;1;;;Servicios;ADJUDICADO;JORGE ALBERTO SOTO S.A.S.;MR01;31/10/2026;24/8/2026;10158363;70;1;24/8/2026;24/8/2026;EFO;4500136627;70;0377;1;WVENTURINI;25/8/2026;31/10/2026;EFO;0;;;;;;;;;;;03 Cert Mensual;En curso;;EFO
00377-YPF 3° loop;1000094236;80;ZPAN;03 ALQ CONTENEDORES;;0;;;;RTELLO;1033267;SERV ALQ CONT x 12 MTS OFICINA;1;0;1;0;1;;;Servicios;ADJUDICADO;JORGE ALBERTO SOTO S.A.S.;MR01;31/10/2026;24/8/2026;10158363;80;1;24/8/2026;24/8/2026;EFO;4500136627;80;0377;1;WVENTURINI;25/8/2026;31/10/2026;EFO;0;;;;;;;;;;;03 Cert Mensual;En curso;;EFO
00377-YPF 3° loop;1000094241;10;ZPAN;03 SUBC TOPOGRAFIA;;0;;;;RTELLO;1027430;SERVICIO DE TOPOGRAFIA x MES;2;0;2;0;2;;;Servicios;ADJUDICADO;INGEAP S.A.S.;MR01;31/10/2026;24/8/2026;10158367;10;1;24/8/2026;24/8/2026;C26;4500136810;10;0377;1;YCOLMAN;26/8/2026;31/10/2026;C26;0;;;;;;;;;;;03 Cert Mensual;En curso;;C26
00377-YPF 3° loop;1000094246;10;ZPAN;03 SERV RADIOS;;0;;;;RTELLO;1048594;SERV. DE RADIOS  PORTATILES PT890;20;0;20;0;20;;;Servicios;ADJUDICADO;INTEPLA SRL;MR01;31/10/2026;24/8/2026;10158372;10;1;24/8/2026;24/8/2026;C25;4500137154;10;0377;1;MPITTIA;31/8/2026;31/10/2026;C25;0;;;;;;;;;;;03 Cert Mensual;En curso;;C25
00377-YPF 3° loop;1000094261;10;ZPAN;03 SERV ALQ LABORATO;;0;;;;RTELLO;1033267;SERV ALQ LABORATORIO SUELO;1;0;1;0;1;;;Servicios;ADJUDICADO;SANCHEZ MARTIN ESTEBAN;MR01;30/9/2026;24/8/2026;10158387;10;1;24/8/2026;25/8/2026;C25;4500137152;10;0377;1;MPITTIA;31/8/2026;30/9/2026;C25;0;;;;;;;;;;;03 Cert Mensual;En curso - Próximo a vencer;;C25
00377-YPF 3° loop;1000094354;10;ZPAN;RECARGA STARLINK;;0;;;;RTELLO;1022295;RECARGA INTERNET 250GB - STARLINK;1;0;1;0;1;;;Servicios;ADJUDICADO;JAWIT S.A.;MR01;15/9/2026;26/8/2026;10158524;10;1;26/8/2026;26/8/2026;C25;4500137546;10;0377;1;MPITTIA;3/9/2026;15/9/2026;C25;0;;;;;;;;;;;Sin aclaración;En curso - Próximo a vencer;;C25
00377-YPF 3° loop;1000094359;10;ZPAN;03 - SERVICIO C. PLA;;0;;;;ASABATINO;1013139;SERVICIO DESRATIZACION X MES;1;0;1;0;1;;;Servicios;ADJUDICADO;EXTER NEQUEN SRL;MR01;30/9/2026;26/8/2026;10158531;10;1;26/8/2026;26/8/2026;C25;4500137518;10;0377;1;MPITTIA;3/9/2026;30/9/2026;C25;0;;;;;;;;;;;03 Cert Mensual;En curso - Próximo a vencer;;C25
00377-YPF 3° loop;1000094364;10;ZPAN;PM FORRAJE SUPERFICI;;0;;;;CKOTRBA;1012823;ROLLOS CILINDRICOS DE PASTO (PROV. ROSAU;205;0;205;0;205;;;Materiales genericos;ADJUDICADO;JK SERVICIOS S. A. S. EN FORMACION;MR01;15/9/2026;26/8/2026;10158537;10;1;26/8/2026;26/8/2026;C26;4500137041;10;0377;2;YCOLMAN;28/8/2026;15/9/2026;C26;0;;;;;;;;;;;Sin aclaración;En curso - Próximo a vencer;;C26
00377-YPF 3° loop;1000094364;20;ZPAN;PM FORRAJE SUPERFICI;;0;;;;CKOTRBA;1012823;ROLLOS CILINDRICOS DE ALFALFA (PROV. ROS;25;0;25;0;25;;;Materiales genericos;ADJUDICADO;JK SERVICIOS S. A. S. EN FORMACION;MR01;15/9/2026;26/8/2026;10158537;20;1;26/8/2026;26/8/2026;C26;4500137041;20;0377;2;YCOLMAN;28/8/2026;15/9/2026;C26;0;;;;;;;;;;;Sin aclaración;En curso - Próximo a vencer;;C26
00377-YPF 3° loop;1000094364;30;ZPAN;PM FORRAJE SUPERFICI;;0;;;;CKOTRBA;1012823;ROLLOS DE PASTURA CHICOS (Fardos)(PROV.;1325;0;1325;0;1325;;;Materiales genericos;ADJUDICADO;JK SERVICIOS S. A. S. EN FORMACION;MR01;15/9/2026;26/8/2026;10158537;30;1;26/8/2026;26/8/2026;C26;4500137041;30;0377;2;YCOLMAN;28/8/2026;15/9/2026;C26;0;;;;;;;;;;;Sin aclaración;En curso - Próximo a vencer;;C26
00377-YPF 3° loop;1000094364;40;ZPAN;PM FORRAJE SUPERFICI;;0;;;;CKOTRBA;1012823;BOLSA ALFALFA  EN CUBOS (MARCA: ZILLE AG;25;0;25;0;25;;;Materiales genericos;ADJUDICADO;JK SERVICIOS S. A. S. EN FORMACION;MR01;15/9/2026;26/8/2026;10158537;40;1;26/8/2026;26/8/2026;C26;4500137041;40;0377;2;YCOLMAN;28/8/2026;15/9/2026;C26;0;;;;;;;;;;;Sin aclaración;En curso - Próximo a vencer;;C26
00377-YPF 3° loop;1000094364;50;ZPAN;PM FORRAJE SUPERFICI;;0;;;;CKOTRBA;1012823;BOLSA ALIMENTO P/ EQUINOS;15;0;15;0;15;;;Materiales genericos;ADJUDICADO;JK SERVICIOS S. A. S. EN FORMACION;MR01;15/9/2026;26/8/2026;10158537;50;1;26/8/2026;26/8/2026;C26;4500137041;50;0377;2;YCOLMAN;28/8/2026;15/9/2026;C26;0;;;;;;;;;;;Sin aclaración;En curso - Próximo a vencer;;C26
00377-YPF 3° loop;1000094364;60;ZPAN;PM FORRAJE SUPERFICI;;0;;;;CKOTRBA;1012823;BOLSONES DE MAIZ X KG;19800;0;19800;0;19800;;;Materiales genericos;ADJUDICADO;JK SERVICIOS S. A. S. EN FORMACION;MR01;15/9/2026;26/8/2026;10158537;60;1;26/8/2026;26/8/2026;C26;4500137041;60;0377;2;YCOLMAN;28/8/2026;15/9/2026;C26;0;;;;;;;;;;;Sin aclaración;En curso - Próximo a vencer;;C26
00377-YPF 3° loop;1000094364;70;ZPAN;PM FORRAJE SUPERFICI;;0;;;;CKOTRBA;1012823;BOLSONES DE MAIZ PARTIDO X KG;2000;0;2000;0;2000;;;Materiales genericos;ADJUDICADO;JK SERVICIOS S. A. S. EN FORMACION;MR01;15/9/2026;26/8/2026;10158537;70;1;26/8/2026;26/8/2026;C26;4500137041;70;0377;2;YCOLMAN;28/8/2026;15/9/2026;C26;0;;;;;;;;;;;Sin aclaración;En curso - Próximo a vencer;;C26
00377-YPF 3° loop;1000094364;80;ZPAN;PM FORRAJE SUPERFICI;;0;;;;CKOTRBA;1012823;BOLSA DE SEMITA;96;0;96;0;96;;;Materiales genericos;ADJUDICADO;JK SERVICIOS S. A. S. EN FORMACION;MR01;15/9/2026;26/8/2026;10158537;80;1;26/8/2026;26/8/2026;C26;4500137041;80;0377;2;YCOLMAN;28/8/2026;15/9/2026;C26;0;;;;;;;;;;;Sin aclaración;En curso - Próximo a vencer;;C26
00377-YPF 3° loop;1000094364;90;ZPAN;PM FORRAJE SUPERFICI;;0;;;;CKOTRBA;1012823;BOLSA DE SEMITIN;35;0;35;0;35;;;Materiales genericos;ADJUDICADO;JK SERVICIOS S. A. S. EN FORMACION;MR01;15/9/2026;26/8/2026;10158537;90;1;26/8/2026;26/8/2026;C26;4500137041;90;0377;2;YCOLMAN;28/8/2026;15/9/2026;C26;0;;;;;;;;;;;Sin aclaración;En curso - Próximo a vencer;;C26
00377-YPF 3° loop;1000094364;100;ZPAN;PM FORRAJE SUPERFICI;;0;;;;CKOTRBA;1012896;BOLSA DE CAL x 25 kg;3;0;3;0;3;;;Materiales genericos;ADJUDICADO;JK SERVICIOS S. A. S. EN FORMACION;MR01;15/9/2026;26/8/2026;10158537;100;1;26/8/2026;26/8/2026;C26;4500137041;100;0377;2;YCOLMAN;28/8/2026;15/9/2026;C26;0;;;;;;;;;;;Sin aclaración;En curso - Próximo a vencer;;C26
00377-YPF 3° loop;1000094364;110;ZPAN;PM FORRAJE SUPERFICI;;0;;;;CKOTRBA;1012896;BOLSA DE CEMENTO X 25 KG;4;0;4;0;4;;;Materiales genericos;ADJUDICADO;JK SERVICIOS S. A. S. EN FORMACION;MR01;15/9/2026;26/8/2026;10158537;110;1;26/8/2026;26/8/2026;C26;4500137041;110;0377;2;YCOLMAN;28/8/2026;15/9/2026;C26;0;;;;;;;;;;;Sin aclaración;En curso - Próximo a vencer;;C26
00377-YPF 3° loop;1000094364;120;ZPAN;PM FORRAJE SUPERFICI;;0;;;;CKOTRBA;1012896;TANQUE DE AGUA X 500LTRS;1;0;1;0;1;;;Materiales genericos;ADJUDICADO;JK SERVICIOS S. A. S. EN FORMACION;MR01;15/9/2026;26/8/2026;10158537;120;1;26/8/2026;26/8/2026;C26;4500137041;120;0377;2;YCOLMAN;28/8/2026;15/9/2026;C26;0;;;;;;;;;;;Sin aclaración;En curso - Próximo a vencer;;C26
00377-YPF 3° loop;1000094490;10;ZPAN;RECARGA STARLINK;;0;;;;RTELLO;1022295;RECARGA INTERNET 250GB - STARLINK;1;0;1;0;1;;;Servicios;ADJUDICADO;JAWIT S.A.;MR01;17/9/2026;28/8/2026;10158778;10;1;28/8/2026;28/8/2026;C25;4500137697;10;0377;1;MPITTIA;4/9/2026;17/9/2026;C25;0;;;;;;;;;;;Sin aclaración;En curso - Próximo a vencer;;C25
00377-YPF 3° loop;1000094517;10;ZPAN;MATERIALES C POINT (;;0;;;;ASABATINO;1012807;Inversor/cargador  marca Victron Energy,;18;0;18;0;18;;;Materiales genericos;ADJUDICADO;ELETIX SRL;MR01;15/9/2026;28/8/2026;10158844;10;1;28/8/2026;28/8/2026;C26;4500137114;10;0377;1;YCOLMAN;31/8/2026;15/9/2026;C26;0;;;;;;;;;;;Sin aclaración;En curso - Próximo a vencer;;C26
00377-YPF 3° loop;1000094517;20;ZPAN;MATERIALES C POINT (;;0;;;;ASABATINO;1012807;Regulador de carga marca Victron Energy,;2;0;2;0;2;;;Materiales genericos;ADJUDICADO;ELETIX SRL;MR01;15/9/2026;28/8/2026;10158844;20;1;28/8/2026;28/8/2026;C26;4500137114;20;0377;1;YCOLMAN;31/8/2026;15/9/2026;C26;0;;;;;;;;;;;Sin aclaración;En curso - Próximo a vencer;;C26
00377-YPF 3° loop;1000094517;40;ZPAN;MATERIALES C POINT (;;0;;;;ASABATINO;1012807;Fusible marca Victron Energy modelo: MEG;4;0;4;0;4;;;Materiales genericos;ADJUDICADO;ELETIX SRL;MR01;15/9/2026;28/8/2026;10158844;40;1;28/8/2026;28/8/2026;C26;4500137114;40;0377;1;YCOLMAN;31/8/2026;15/9/2026;C26;0;;;;;;;;;;;Sin aclaración;En curso - Próximo a vencer;;C26
00377-YPF 3° loop;1000094517;50;ZPAN;MATERIALES C POINT (;;0;;;;ASABATINO;1012981;FLETE PAQUETERIA POS.10/20/40;1;0;0;1;0;;;Servicios;SIN TRATAMIENTO;;MR01;2/9/2026;28/8/2026;10158844;50;1;31/8/2026;1/9/2026;C15;;0;;0;;;;;0;;;;;;;;;;;Sin aclaración;Vencido con cant pendiente a recep;;C15
00377-YPF 3° loop;1000094517;60;ZPAN;MATERIALES C POINT (;;0;;;;ASABATINO;1012981;FLETE PAQUETERIA POS. 30;1;0;0;1;0;;;Servicios;SIN TRATAMIENTO;;MR01;4/9/2026;28/8/2026;10158844;60;1;31/8/2026;1/9/2026;C15;;0;;0;;;;;0;;;;;;;;;;;Sin aclaración;Vencido con cant pendiente a recep;;C15
00377-YPF 3° loop;1000094518;10;ZPAN;PM 82 - TALLER FORM;;0;;;;RTELLO;1025972;SERV REPA S/PRESU 9-600 TOYOTA GREMIO;1;0;1;0;1;;;Servicios;ADJUDICADO;ZANOTTI HERMANOS SRL;MR01;17/9/2026;28/8/2026;10158846;10;1;28/8/2026;28/8/2026;C04;4500137274;10;0377;1;OBANEGA;1/9/2026;17/9/2026;C04;0;;;;;;;;;;;Sin aclaración;En curso - Próximo a vencer;;C04
00377-YPF 3° loop;1000094520;10;ZPAN;REGULARIZACION ALQ.;;0;;;;ASABATINO;1042083;JORNADA ADICIONAL SOLDADURA/REVEST COMPL;3;3;3;0;0;5000187589;7/9/2026;Servicios;CUMPLIDO;CATEX SRL;MR01;10/9/2026;28/8/2026;10158863;10;1;28/8/2026;28/8/2026;C26;4500137356;10;0377;1;YCOLMAN;1/9/2026;10/9/2026;C26;1;7/9/2026;;;;;;;;;;Sin aclaración;En curso - Próximo a vencer;;C26
00377-YPF 3° loop;1000094520;20;ZPAN;REGULARIZACION ALQ.;;0;;;;ASABATINO;1042083;JORNADA ADICIONAL EQUI. REVESTIMIENTO;1;1;1;0;0;5000187589;7/9/2026;Servicios;CUMPLIDO;CATEX SRL;MR01;10/9/2026;28/8/2026;10158863;20;1;28/8/2026;28/8/2026;C26;4500137356;20;0377;1;YCOLMAN;1/9/2026;10/9/2026;C26;1;7/9/2026;;;;;;;;;;Sin aclaración;En curso - Próximo a vencer;;C26
00377-YPF 3° loop;1000094524;10;ZPAN;SUB.PRECOM;;0;;;;CKOTRBA;1042362;SUBC.ING.PROGRAMADOR + TEC.ESPECIALISTA;15;0;15;0;15;;;Servicios;ADJUDICADO;G&M INFINITE ENERGY S. A.;MR01;25/9/2026;28/8/2026;10158874;10;1;28/8/2026;31/8/2026;C26;4500137137;10;0377;1;YCOLMAN;31/8/2026;18/9/2026;C26;0;;;;;;;;;;;Sin aclaración;En curso - Próximo a vencer;;C26
00377-YPF 3° loop;1000094577;10;ZPAN;RE.Serv. Med Potenci;;0;;;;CKOTRBA;1042362;Serv. Medición Potenciales Eléctricos Ca;1;1;1;0;0;5000187356;4/9/2026;Servicios;CUMPLIDO;MONTERO MARCO SEBASTIAN;MR01;10/9/2026;29/8/2026;10158924;10;1;29/8/2026;31/8/2026;C26;4500137514;10;0377;1;YCOLMAN;3/9/2026;10/9/2026;C26;1;4/9/2026;;;;;;;;;;Sin aclaración;En curso - Próximo a vencer;;C26
00377-YPF 3° loop;1000094648;10;ZPAN;REG LAVADERO VEHICUL;;0;;;;CKOTRBA;1022295;SERVICIO LAVADO PICK UP;5;5;5;0;0;5000186560;31/8/2026;Servicios;CUMPLIDO;REYES EVA ALICIA;MR01;10/9/2026;31/8/2026;10159010;10;1;31/8/2026;31/8/2026;377;4500137198;10;0377;1;JISALAS;31/8/2026;10/9/2026;377;1;31/8/2026;;;;;;;;;;Sin aclaración;En curso - Próximo a vencer;;377
00377-YPF 3° loop;1000094694;10;ZPAN;EXT CALIF.SOLDADURA;;0;;;;CKOTRBA;1013029;SERV. Auditoria de END;3;0;3;0;3;;;Servicios;ADJUDICADO;CAMISCIA LUCAS;MR01;30/9/2026;1/9/2026;10159096;10;1;1/9/2026;1/9/2026;C26;4500137429;10;0377;1;YCOLMAN;2/9/2026;30/9/2026;C26;0;;;;;;;;;;;Sin aclaración;En curso - Próximo a vencer;;C26
00377-YPF 3° loop;1000094716;10;ZPAN;REG SAPSA - JUNIO;;0;;;;RTELLO;1022295;RSU SECOS - DISP FINAL X TN;6;6;6;0;0;5000187290;4/9/2026;Servicios;CUMPLIDO;SOLUCIONES AMBIENTALES PATAGONIA;MR01;21/9/2026;1/9/2026;10159128;10;1;1/9/2026;1/9/2026;C25;4500137523;10;0377;1;MPITTIA;3/9/2026;21/9/2026;C25;1;4/9/2026;;;;;;;;;;Sin aclaración;En curso - Próximo a vencer;;C25
00377-YPF 3° loop;1000094716;20;ZPAN;REG SAPSA - JUNIO;;0;;;;RTELLO;1022295;RSU INDUST - DISP FINAL X TN;1;1;1;0;0;5000187290;4/9/2026;Servicios;CUMPLIDO;SOLUCIONES AMBIENTALES PATAGONIA;MR01;21/9/2026;1/9/2026;10159128;20;1;1/9/2026;1/9/2026;C25;4500137523;20;0377;1;MPITTIA;3/9/2026;21/9/2026;C25;1;4/9/2026;;;;;;;;;;Sin aclaración;En curso - Próximo a vencer;;C25
00377-YPF 3° loop;1000094716;30;ZPAN;REG SAPSA - JUNIO;;0;;;;RTELLO;1022295;RSU HUMEDOS - DISP FINAL X TN;3;3;3;0;0;5000187290;4/9/2026;Servicios;CUMPLIDO;SOLUCIONES AMBIENTALES PATAGONIA;MR01;21/9/2026;1/9/2026;10159128;30;1;1/9/2026;1/9/2026;C25;4500137523;30;0377;1;MPITTIA;3/9/2026;21/9/2026;C25;1;4/9/2026;;;;;;;;;;Sin aclaración;En curso - Próximo a vencer;;C25
00377-YPF 3° loop;1000094716;40;ZPAN;REG SAPSA - JUNIO;;0;;;;RTELLO;1035384;ALQUILER DE CONTENEDORES RESIDUOS X UN;8;8;8;0;0;5000187290;4/9/2026;Servicios;CUMPLIDO;SOLUCIONES AMBIENTALES PATAGONIA;MR01;21/9/2026;1/9/2026;10159128;40;1;1/9/2026;1/9/2026;C25;4500137523;40;0377;1;MPITTIA;3/9/2026;21/9/2026;C25;1;4/9/2026;;;;;;;;;;Sin aclaración;En curso - Próximo a vencer;;C25
00377-YPF 3° loop;1000094760;10;ZPAN;SERV.GRUA 110 TN;;0;;;;CKOTRBA;1042362;ALQ. GRUA 110 TN C/ OPERADOR X DIA;3;0;3;0;3;;;Servicios;ADJUDICADO;DEINOS S.R.L.;MR01;7/9/2026;2/9/2026;10159231;10;1;2/9/2026;2/9/2026;C26;4500137416;10;0377;1;YCOLMAN;2/9/2026;7/9/2026;C26;0;;;;;;;;;;;Sin aclaración;En curso - Próximo a vencer;;C26
00377-YPF 3° loop;1000094760;20;ZPAN;SERV.GRUA 110 TN;;0;;;;CKOTRBA;1013034;SERV.PICKUP P/MOV.DE GRUISTA X DIA;3;0;3;0;3;;;Servicios;ADJUDICADO;DEINOS S.R.L.;MR01;7/9/2026;2/9/2026;10159231;20;1;2/9/2026;2/9/2026;C26;4500137416;20;0377;1;YCOLMAN;2/9/2026;7/9/2026;C26;0;;;;;;;;;;;Sin aclaración;En curso - Próximo a vencer;;C26
00377-YPF 3° loop;1000094760;30;ZPAN;SERV.GRUA 110 TN;;0;;;;CKOTRBA;1013034;MOVILIZACION Y DESMOVILIZACION GRÚA;2;0;2;0;2;;;Servicios;ADJUDICADO;DEINOS S.R.L.;MR01;7/9/2026;2/9/2026;10159231;30;1;2/9/2026;2/9/2026;C26;4500137416;30;0377;1;YCOLMAN;2/9/2026;7/9/2026;C26;0;;;;;;;;;;;Sin aclaración;En curso - Próximo a vencer;;C26
00377-YPF 3° loop;1000094776;10;ZPAN;REG SAPSA - AGOSTO 9;;0;;;;RTELLO;1022295;TRAT. RESI PELIGROSOS Y15 X TN;22;21,75;22;0;0,25;5000187368;4/9/2026;Servicios;CUMPLIDO PARCIAL;SOLUCIONES AMBIENTALES PATAGONIA;MR01;22/9/2026;2/9/2026;10159256;10;1;2/9/2026;2/9/2026;C25;4500137526;10;0377;1;MPITTIA;3/9/2026;22/9/2026;C25;1;4/9/2026;;;;;;;;;;Sin aclaración;En curso - Próximo a vencer;;C25
00377-YPF 3° loop;1000094776;20;ZPAN;REG SAPSA - AGOSTO 9;;0;;;;RTELLO;1022295;TRASLADO RESI PELIGROSOS x KM;7;7;7;0;0;5000187368;4/9/2026;Servicios;CUMPLIDO;SOLUCIONES AMBIENTALES PATAGONIA;MR01;22/9/2026;2/9/2026;10159256;20;1;2/9/2026;2/9/2026;C25;4500137526;20;0377;1;MPITTIA;3/9/2026;22/9/2026;C25;1;4/9/2026;;;;;;;;;;Sin aclaración;En curso - Próximo a vencer;;C25
00377-YPF 3° loop;1000094776;30;ZPAN;REG SAPSA - AGOSTO 9;;0;;;;RTELLO;1022295;TRAT. RESI PELIGROSOS Y9 X TN;2;1,54;2;0;0,46;5000187368;4/9/2026;Servicios;CUMPLIDO PARCIAL;SOLUCIONES AMBIENTALES PATAGONIA;MR01;22/9/2026;2/9/2026;10159256;30;1;2/9/2026;2/9/2026;C25;4500137526;30;0377;1;MPITTIA;3/9/2026;22/9/2026;C25;1;4/9/2026;;;;;;;;;;Sin aclaración;En curso - Próximo a vencer;;C25
00377-YPF 3° loop;1000094776;40;ZPAN;REG SAPSA - AGOSTO 9;;0;;;;RTELLO;1022295;TRAT. RESI PELIGROSOS Y5 X TN;3;2,1;3;0;0,9;5000187368;4/9/2026;Servicios;CUMPLIDO PARCIAL;SOLUCIONES AMBIENTALES PATAGONIA;MR01;22/9/2026;2/9/2026;10159256;40;1;2/9/2026;2/9/2026;C25;4500137526;40;0377;1;MPITTIA;3/9/2026;22/9/2026;C25;1;4/9/2026;;;;;;;;;;Sin aclaración;En curso - Próximo a vencer;;C25
00377-YPF 3° loop;1000094780;10;ZPAN;REG SAPSA - AGOSTO R;;0;;;;RTELLO;1022295;RSU SECOS - DISP FINAL X TN;7;7;7;0;0;5000187325;4/9/2026;Servicios;CUMPLIDO;SOLUCIONES AMBIENTALES PATAGONIA;MR01;22/9/2026;2/9/2026;10159259;10;1;2/9/2026;2/9/2026;C25;4500137527;10;0377;1;MPITTIA;3/9/2026;22/9/2026;C25;1;4/9/2026;;;;;;;;;;Sin aclaración;En curso - Próximo a vencer;;C25
00377-YPF 3° loop;1000094780;20;ZPAN;REG SAPSA - AGOSTO R;;0;;;;RTELLO;1022295;RSU HUMEDOS - DISP FINAL X TN;3;3;3;0;0;5000187325;4/9/2026;Servicios;CUMPLIDO;SOLUCIONES AMBIENTALES PATAGONIA;MR01;22/9/2026;2/9/2026;10159259;20;1;2/9/2026;2/9/2026;C25;4500137527;20;0377;1;MPITTIA;3/9/2026;22/9/2026;C25;1;4/9/2026;;;;;;;;;;Sin aclaración;En curso - Próximo a vencer;;C25
00377-YPF 3° loop;1000094780;30;ZPAN;REG SAPSA - AGOSTO R;;0;;;;RTELLO;1035384;ALQUILER DE CONTENEDORES RESIDUOS X UN;10;9,68;10;0;0,32;5000187325;4/9/2026;Servicios;CUMPLIDO PARCIAL;SOLUCIONES AMBIENTALES PATAGONIA;MR01;22/9/2026;2/9/2026;10159259;30;1;2/9/2026;2/9/2026;C25;4500137527;30;0377;1;MPITTIA;3/9/2026;22/9/2026;C25;1;4/9/2026;;;;;;;;;;Sin aclaración;En curso - Próximo a vencer;;C25
00377-YPF 3° loop;1000094864;10;ZPAN;FORMA.SERV.BOMBA PLU;;0;;;;CKOTRBA;1012984;SERVICIO BOMBA PLUMA;1;0;1;0;1;;;Servicios;ADJUDICADO;CONFLUENCIA HORMIGON;MR01;8/9/2026;3/9/2026;10159367;10;1;3/9/2026;3/9/2026;C18;4500137685;10;0377;1;JESPARZA;4/9/2026;8/9/2026;C18;0;;;;;;;;;;;Sin aclaración;En curso - Próximo a vencer;;C18
00377-YPF 3° loop;1000094937;10;ZPAN;RETIRO CONTROL POINT;;0;;;;CKOTRBA;1012981;FLETE PAQUETERIA S DETALLE XUN;1;0;0;1;0;;;Servicios;SIN TRATAMIENTO;;MR01;9/9/2026;5/9/2026;10159485;10;1;5/9/2026;5/9/2026;377;;0;;0;;;;;0;;;;;;;;;;;Sin aclaración;En curso - Próximo a vencer;;377
00377-YPF 3° loop;1000094937;20;ZPAN;RETIRO CONTROL POINT;;0;;;;CKOTRBA;1042362;SUB.X FAB.RACK P/BATERIAS;1;0;0;1;0;;;Servicios;SIN TRATAMIENTO;;MR01;9/9/2026;5/9/2026;10159485;20;1;5/9/2026;5/9/2026;C26;;0;;0;;;;;0;;;;;;;;;;;Sin aclaración;En curso - Próximo a vencer;;C26
00377-YPF 3° loop;1000094944;10;ZPAN;FORM.SERV.CALIB.INST;;0;;;;CKOTRBA;1026920;SERV. CALIBRACION MANGUERAS S/DETALLE;6;0;0;6;0;;;Servicios;SIN TRATAMIENTO;;MR01;14/9/2026;6/9/2026;10159500;10;1;6/9/2026;6/9/2026;377;;0;;0;;;;;0;;;;;;;;;;;Sin aclaración;En curso - Próximo a vencer;;377
00377-YPF 3° loop;1000094944;20;ZPAN;FORM.SERV.CALIB.INST;;0;;;;CKOTRBA;1026920;SERV. CALIBRACION MANOMETROS S/DETALLE;5;0;0;5;0;;;Servicios;SIN TRATAMIENTO;;MR01;14/9/2026;6/9/2026;10159500;20;1;6/9/2026;6/9/2026;377;;0;;0;;;;;0;;;;;;;;;;;Sin aclaración;En curso - Próximo a vencer;;377
00377-YPF 3° loop;1000094944;30;ZPAN;FORM.SERV.CALIB.INST;;0;;;;CKOTRBA;1026920;SERV. CALIBRACION BALANZA S/DETALLE;1;0;0;1;0;;;Servicios;SIN TRATAMIENTO;;MR01;14/9/2026;6/9/2026;10159500;30;1;6/9/2026;6/9/2026;377;;0;;0;;;;;0;;;;;;;;;;;Sin aclaración;En curso - Próximo a vencer;;377
00377-YPF 3° loop;1000094944;40;ZPAN;FORM.SERV.CALIB.INST;;0;;;;CKOTRBA;1026920;SERV. CALIBRACION DETECTOR GAS S/DETALLE;1;0;0;1;0;;;Servicios;SIN TRATAMIENTO;;MR01;14/9/2026;6/9/2026;10159500;40;1;6/9/2026;6/9/2026;377;;0;;0;;;;;0;;;;;;;;;;;Sin aclaración;En curso - Próximo a vencer;;377
00377-YPF 3° loop;1000094944;50;ZPAN;FORM.SERV.CALIB.INST;;0;;;;CKOTRBA;1026920;SERV. CALIBRACION TAMIZES S/DETALLE;7;0;0;7;0;;;Servicios;SIN TRATAMIENTO;;MR01;14/9/2026;6/9/2026;10159500;50;1;6/9/2026;6/9/2026;377;;0;;0;;;;;0;;;;;;;;;;;Sin aclaración;En curso - Próximo a vencer;;377
00377-YPF 3° loop;1000094944;60;ZPAN;FORM.SERV.CALIB.INST;;0;;;;CKOTRBA;1026920;SERV. CALIBRACION BLOQUE PATRON S/DET.;2;0;0;2;0;;;Servicios;SIN TRATAMIENTO;;MR01;14/9/2026;6/9/2026;10159500;60;1;6/9/2026;6/9/2026;377;;0;;0;;;;;0;;;;;;;;;;;Sin aclaración;En curso - Próximo a vencer;;377
00377-YPF 3° loop;1000094944;70;ZPAN;FORM.SERV.CALIB.INST;;0;;;;CKOTRBA;1026920;SERV. CALIBRACION CALIBRE DIGITAL S/DET.;1;0;0;1;0;;;Servicios;SIN TRATAMIENTO;;MR01;14/9/2026;6/9/2026;10159500;70;1;6/9/2026;6/9/2026;377;;0;;0;;;;;0;;;;;;;;;;;Sin aclaración;En curso - Próximo a vencer;;377
00377-YPF 3° loop;1000094945;10;ZPAN;FORM.SERV.CALIB.INST;;0;;;;CKOTRBA;1026920;SERV. CALIBRACION TAMIZ S/DETALLE;4;0;0;4;0;;;Servicios;SIN TRATAMIENTO;;MR01;15/9/2026;6/9/2026;10159501;10;1;6/9/2026;6/9/2026;377;;0;;0;;;;;0;;;;;;;;;;;Sin aclaración;En curso - Próximo a vencer;;377
00377-YPF 3° loop;1000094945;20;ZPAN;FORM.SERV.CALIB.INST;;0;;;;CKOTRBA;1026920;SERV. CALIBRACION IND.PRECION KELLER;1;0;0;1;0;;;Servicios;SIN TRATAMIENTO;;MR01;15/9/2026;6/9/2026;10159501;20;1;6/9/2026;6/9/2026;377;;0;;0;;;;;0;;;;;;;;;;;Sin aclaración;En curso - Próximo a vencer;;377
00377-YPF 3° loop;1000094945;30;ZPAN;FORM.SERV.CALIB.INST;;0;;;;CKOTRBA;1026920;SERV. CALIBRACION BLOQUE PATRON S/DET.;1;0;0;1;0;;;Servicios;SIN TRATAMIENTO;;MR01;15/9/2026;6/9/2026;10159501;30;1;6/9/2026;6/9/2026;377;;0;;0;;;;;0;;;;;;;;;;;Sin aclaración;En curso - Próximo a vencer;;377
00377-YPF 3° loop;1000094945;40;ZPAN;FORM.SERV.CALIB.INST;;0;;;;CKOTRBA;1026920;SERV. CALIBRACION CALIBRE DIGITAL S/DET.;1;0;0;1;0;;;Servicios;SIN TRATAMIENTO;;MR01;15/9/2026;6/9/2026;10159501;40;1;6/9/2026;6/9/2026;377;;0;;0;;;;;0;;;;;;;;;;;Sin aclaración;En curso - Próximo a vencer;;377
00378 YPF – Oleoducto Cnel. Pringle;1000087193;10;ZPAN;03 - SERV. TOPOGRAFÍ;;0;;;;JPIEDRABUENA;1027430;SERVICIO DE TOPOGRAFIA x MES;6;2,733;6;0;3,267;5000187432;4/9/2026;Servicios;CUMPLIDO PARCIAL;INGEAP S.A.S.;MR01;15/1/2027;23/4/2026;10148521;10;1;23/4/2026;14/5/2026;C26;4500127691;10;0378;1;AGONZALEZ;14/5/2026;15/1/2027;C26;3;4/9/2026;;;;;;;;;;03 Cert Mensual;En curso;Verde;C26
00378 YPF – Oleoducto Cnel. Pringle;1000087193;20;ZPAN;03 - SERV. TOPOGRAFÍ;;0;;;;JPIEDRABUENA;1013081;SERVICIO DE TOPOGRAFIA RELEVAMIENTO;1;1;1;0;0;5000178200;25/6/2026;Servicios;CUMPLIDO;INGEAP S.A.S.;MR01;15/1/2027;23/4/2026;10148521;20;1;23/4/2026;14/5/2026;C26;4500127691;20;0378;1;AGONZALEZ;14/5/2026;15/1/2027;C26;1;25/6/2026;;;;;;;;;;03 Cert Mensual;En curso - Total recepcionado;;C26
00378 YPF – Oleoducto Cnel. Pringle;1000087193;30;ZPAN;03 - SERV. TOPOGRAFÍ;;0;;;;JPIEDRABUENA;1042110;ALQUILER EQUIPO RECEPTOR GNSS;6;3;6;0;3;5000187432;4/9/2026;Servicios;CUMPLIDO PARCIAL;INGEAP S.A.S.;MR01;15/1/2027;23/4/2026;10148521;30;1;13/5/2026;14/5/2026;C26;4500127691;30;0378;1;AGONZALEZ;14/5/2026;15/1/2027;C26;3;4/9/2026;;;;;;;;;;03 Cert Mensual;En curso;Verde;C26
00378 YPF – Oleoducto Cnel. Pringle;1000087193;40;ZPAN;03 - SERV. TOPOGRAFÍ;;0;;;;JPIEDRABUENA;1042110;ALQUILER EQUIPO ESTACION TOTAL;6;0;6;0;6;;;Servicios;ADJUDICADO;INGEAP S.A.S.;MR01;15/1/2027;23/4/2026;10148521;40;1;13/5/2026;14/5/2026;C26;4500127691;40;0378;1;AGONZALEZ;14/5/2026;15/1/2027;C26;0;;;;;;;;;;;03 Cert Mensual;En curso;;C26
00378 YPF – Oleoducto Cnel. Pringle;1000087193;50;ZPAN;03 - SERV. TOPOGRAFÍ;;0;;;;JPIEDRABUENA;1013024;VIATICOS;12;5;12;0;7;5000187432;4/9/2026;Servicios;CUMPLIDO PARCIAL;INGEAP S.A.S.;MR01;15/1/2027;23/4/2026;10148521;50;1;14/5/2026;14/5/2026;C26;4500127691;50;0378;1;AGONZALEZ;14/5/2026;15/1/2027;C26;3;4/9/2026;;;;;;;;;;03 Cert Mensual;En curso;Verde;C26
00378 YPF – Oleoducto Cnel. Pringle;1000088429;10;ZPAN;03- SUBCONTRATO DE I;;0;;;;GPUJOL;1013007;SUBC. DE INGENIERIA OBRA 378;1;0,7;1;0;0,3;5000176545;10/6/2026;Servicios;CUMPLIDO PARCIAL;INGENIERIA METALMECANICA ECKERDT;MR01;15/9/2026;15/5/2026;10150250;10;1;15/5/2026;15/5/2026;C26;4500127892;10;0378;1;AGONZALEZ;15/5/2026;15/9/2026;C26;1;10/6/2026;;;;;;;;;;03 Cert Mensual;En curso - Próximo a vencer;Rojo;C26
00378 YPF – Oleoducto Cnel. Pringle;1000088496;10;ZPAN;04-RECARGA DE MATAFU;;0;;;;GPUJOL;1022295;RECARGA DE MATAFUEGO 10KG;35;5;35;0;30;5000175576;3/6/2026;Servicios;CUMPLIDO PARCIAL;DAGOSTINO SERGIO OSMAR;MR01;15/12/2026;15/5/2026;10150311;10;1;15/5/2026;15/5/2026;C25;4500128313;10;0378;1;MPITTIA;21/5/2026;15/12/2026;C25;1;3/6/2026;;;;;;;;;;04 Cert a Demanda;En curso;;C25
00378 YPF – Oleoducto Cnel. Pringle;1000088496;20;ZPAN;04-RECARGA DE MATAFU;;0;;;;GPUJOL;1022295;RECARGA DE MATAFUEGO 5KG;15;5;15;0;10;5000175576;3/6/2026;Servicios;CUMPLIDO PARCIAL;DAGOSTINO SERGIO OSMAR;MR01;15/12/2026;15/5/2026;10150311;20;1;15/5/2026;15/5/2026;C25;4500128313;20;0378;1;MPITTIA;21/5/2026;15/12/2026;C25;1;3/6/2026;;;;;;;;;;04 Cert a Demanda;En curso;;C25
00378 YPF – Oleoducto Cnel. Pringle;1000089391;20;ZPAN;Subcontrato semis;;20;;;;JPIEDRABUENA;1035446;SERV ALQ CAMION+SEMI  12MT+OPERADOR;2;1,71;1,71;0;0,29;5000183592;7/8/2026;Servicios;CUMPLIDO PARCIAL;CATEX SRL;MR01;19/8/2026;1/6/2026;10151355;20;1;1/6/2026;1/6/2026;C26;4500129322;20;0378;1;YCOLMAN;3/6/2026;8/8/2026;C26;2;7/8/2026;;;;;;;;;;Sin aclaración;Vencido con cant pendiente a recep;;C26
00378 YPF – Oleoducto Cnel. Pringle;1000089906;10;ZPAN;02-SERVICIO DE VIAND;;0;;;;GPUJOL;1013121;VIANDA ALMUERZO XUN;9000;1930;9000;0;7070;5000186428;31/8/2026;Servicios;CUMPLIDO PARCIAL;COLONNA OMAR RODOLFO;MR01;15/2/2027;9/6/2026;10152066;10;1;9/6/2026;26/6/2026;C25;4500131564;10;0378;2;MPITTIA;29/6/2026;15/2/2027;C25;3;31/8/2026;;;;;;;;;;02 Cert Quincenal;En curso;Verde;C25
00378 YPF – Oleoducto Cnel. Pringle;1000089983;10;ZPAN;04-SERVICIO DE SUBC;;0;;;;GPUJOL;1042083;"SOLDADURA LR. CAÑO 32"" X COSTURA";1021;960;1021;0;61;5000187106;3/9/2026;Servicios;CUMPLIDO PARCIAL;CATEX SRL;MR01;15/2/2027;10/6/2026;10152157;10;1;10/6/2026;10/6/2026;C26;4500130174;10;0378;1;YCOLMAN;12/6/2026;1/9/2026;C26;7;3/9/2026;;;;;;;;;;04 Cert a Demanda;En curso;;C26
00378 YPF – Oleoducto Cnel. Pringle;1000090023;10;ZPAN;03- ALQUILER DE IMPR;;0;;;;GPUJOL;1026315;ALQUILER IMPRESORA XMES;8;2;8;0;6;5000183357;5/8/2026;Servicios;CUMPLIDO PARCIAL;TECNICA Y SISTEMAS SRL;MR01;1/2/2027;10/6/2026;10152222;10;1;10/6/2026;11/6/2026;C24;4500130346;10;0378;1;MPITTIA;17/6/2026;1/2/2027;C24;2;5/8/2026;;;;;;;;;;03 Cert Mensual;En curso;Rojo;C24
00378 YPF – Oleoducto Cnel. Pringle;1000090205;10;ZPAN;03-ALQ DISPENSER Y A;;0;;;;GPUJOL;1022295;SERVICIO BOTELLON DE 20 LTS XUN;2000;187;2000;0;1813;5000184868;18/8/2026;Servicios;CUMPLIDO PARCIAL;SUR AGUA TRES ARROYOS S.A.;MR01;15/2/2027;12/6/2026;10152358;10;1;12/6/2026;12/6/2026;C25;4500130611;10;0378;1;MPITTIA;18/6/2026;15/2/2027;C25;2;18/8/2026;;;;;;;;;;03 Cert Mensual;En curso;Verde;C25
00378 YPF – Oleoducto Cnel. Pringle;1000090224;10;ZPAN;03-BAÑOS PARA OBRA 3;;0;;;;GPUJOL;1046066;ALQUILER BAÑO QUIMICO X UN. X MES;60;18;60;0;42;5000183286;5/8/2026;Servicios;CUMPLIDO PARCIAL;ZIJLSTRA ALBERTO ANTONIO;MR01;15/2/2027;12/6/2026;10152367;10;1;12/6/2026;12/6/2026;C25;4500130834;10;0378;1;MPITTIA;22/6/2026;15/2/2027;C25;2;5/8/2026;;;;;;;;;;03 Cert Mensual;En curso;Rojo;C25
00378 YPF – Oleoducto Cnel. Pringle;1000090224;20;ZPAN;03-BAÑOS PARA OBRA 3;;0;;;;GPUJOL;1013136;SERVICIO LIMPIEZA DESAGOTE BANO QUIMICO;72;8;72;0;64;5000183286;5/8/2026;Servicios;CUMPLIDO PARCIAL;ZIJLSTRA ALBERTO ANTONIO;MR01;15/2/2027;12/6/2026;10152367;20;1;12/6/2026;12/6/2026;C25;4500130834;20;0378;1;MPITTIA;22/6/2026;15/2/2027;C25;2;5/8/2026;;;;;;;;;;03 Cert Mensual;En curso;Rojo;C25
00378 YPF – Oleoducto Cnel. Pringle;1000090252;10;ZPAN;04-SERVICIO DE GAMMA;;0;;;;GPUJOL;1035533;SERVICIO ENSAYO ULTRASONIDO PHASED ARRAY;50;50;50;0;0;5000187359;4/9/2026;Servicios;CUMPLIDO;CAEFE S.A.;MR01;30/10/2026;13/6/2026;10152438;10;1;13/6/2026;16/6/2026;C26;4500130328;10;0378;1;YCOLMAN;16/6/2026;16/11/2026;C26;2;4/9/2026;;;;;;;;;;04 Cert a Demanda;En curso - Total recepcionado;;C26
00378 YPF – Oleoducto Cnel. Pringle;1000090252;20;ZPAN;04-SERVICIO DE GAMMA;;0;;;;GPUJOL;1013016;EQUIPO GAMMAGRAFIA EXTERNO;15;13;15;0;2;5000187359;4/9/2026;Servicios;CUMPLIDO PARCIAL;CAEFE S.A.;MR01;30/10/2026;13/6/2026;10152438;20;1;19/6/2026;19/6/2026;C26;4500130328;20;0378;1;YCOLMAN;16/6/2026;16/11/2026;C26;2;4/9/2026;;;;;;;;;;04 Cert a Demanda;En curso;;C26
00378 YPF – Oleoducto Cnel. Pringle;1000090252;30;ZPAN;04-SERVICIO DE GAMMA;;0;;;;GPUJOL;1013018;SERVICIO LIQUIDOS PENETRANTES;25;0;25;0;25;;;Servicios;ADJUDICADO;CAEFE S.A.;MR01;30/10/2026;13/6/2026;10152438;30;1;19/6/2026;19/6/2026;C26;4500130328;30;0378;1;YCOLMAN;16/6/2026;16/11/2026;C26;0;;;;;;;;;;;04 Cert a Demanda;En curso;;C26
00378 YPF – Oleoducto Cnel. Pringle;1000090252;40;ZPAN;04-SERVICIO DE GAMMA;;0;;;;GPUJOL;1035427;"PLACA GAMMA JUNTA Ø32"" SAUT";1045;60;1045;0;985;5000187359;4/9/2026;Servicios;CUMPLIDO PARCIAL;CAEFE S.A.;MR01;30/10/2026;13/6/2026;10152438;60;1;19/6/2026;19/6/2026;C26;4500130328;40;0378;1;YCOLMAN;16/6/2026;16/11/2026;C26;2;4/9/2026;;;;;;;;;;04 Cert a Demanda;En curso;;C26
00378 YPF – Oleoducto Cnel. Pringle;1000090328;10;ZPAN;04-SERVICIO DE FUMIG;;0;;;;GPUJOL;1035446;SERVICIO DE DESRATIZACION;6;0;6;0;6;;;Servicios;ADJUDICADO;ARAMBERRI LUIS ALFREDO;MR01;15/1/2027;16/6/2026;10152519;10;1;16/6/2026;17/6/2026;C25;4500130966;10;0378;1;MPITTIA;23/6/2026;15/1/2027;C25;0;;;;;;;;;;;04 Cert a Demanda;En curso;;C25
00378 YPF – Oleoducto Cnel. Pringle;1000090334;10;ZPAN;PM EXAMENES TOXICOLO;;0;;;;GPUJOL;1022295;EXAMEN TOXICOLOGICO  COCAINA, MARIHUANA;30;23;30;0;7;5000179870;8/7/2026;Servicios;CUMPLIDO PARCIAL;BURON FERNANDO ANDRES;MR01;15/8/2026;16/6/2026;10152524;10;1;16/6/2026;17/6/2026;C25;4500130392;10;0378;1;MPITTIA;17/6/2026;15/8/2026;C25;4;8/7/2026;;;;;;;;;;Sin aclaración;Vencido con cant pendiente a recep;;C25
00378 YPF – Oleoducto Cnel. Pringle;1000090339;10;ZPAN;POLIZA DE RESPONSABI;;0;;;;GPUJOL;1012957;SEGURO RESPONSABILIDAD CIVIL;1;1;1;0;0;5000179578;6/7/2026;Servicios;CUMPLIDO;SANCOR COOP. DE SEG. LTDA.;MR01;15/10/2026;16/6/2026;10152531;10;1;16/6/2026;17/6/2026;C16;4500131412;10;0378;1;JESPARZA;26/6/2026;15/10/2026;C16;1;6/7/2026;;;;;;;;;;Sin aclaración;En curso - Próximo a vencer;;C16
00378 YPF – Oleoducto Cnel. Pringle;1000090394;10;ZPAN;Examenes Pre-ocupaci;;2;;;;JPIEDRABUENA;1013131;EXAMEN PREOCUPACIONAL ADICIONALES XUN;50;0;50;0;50;;;Servicios;ADJUDICADO;CENTRO DEL TRABAJO SA;MR01;20/9/2026;17/6/2026;10152620;10;1;17/6/2026;17/6/2026;C25;4500130920;10;0378;1;MPITTIA;22/6/2026;20/9/2026;C25;0;;;;;;;;;;;Sin aclaración;En curso - Próximo a vencer;;C25
00378 YPF – Oleoducto Cnel. Pringle;1000090394;20;ZPAN;Examenes Pre-ocupaci;;0;;;;JPIEDRABUENA;1013131;EXAMEN PREOCUPACIONAL ADICIONALES XUN;50;0;50;0;50;;;Servicios;ADJUDICADO;CENTRO DEL TRABAJO SA;MR01;20/9/2026;17/6/2026;10152620;20;1;19/6/2026;19/6/2026;C25;4500130920;20;0378;1;MPITTIA;22/6/2026;20/9/2026;C25;0;;;;;;;;;;;Sin aclaración;En curso - Próximo a vencer;;C25
00378 YPF – Oleoducto Cnel. Pringle;1000090484;10;ZPAN;03-ALQUILER DE CARRE;;0;;;;GPUJOL;1033267;ALQUILER DE CARRETON X MES;2;1;2;0;1;5000187115;3/9/2026;Servicios;CUMPLIDO PARCIAL;CATEX SRL;MR01;20/8/2026;18/6/2026;10152796;10;1;18/6/2026;13/7/2026;EFO;4500132614;10;0378;1;GROSES;14/7/2026;20/8/2026;EFO;1;3/9/2026;;;;;;;;;;03 Cert Mensual;Vencido con cant pendiente a recep;;EFO
00378 YPF – Oleoducto Cnel. Pringle;1000090620;10;ZPAN;04-RECARGA GAS Y ALQ;;0;;;;GPUJOL;1022295;RECARGA TUBO GAS BUTANO X45KG X UN;60;16;60;0;44;5000184721;17/8/2026;Servicios;CUMPLIDO PARCIAL;FERRO MANUEL OSVALDO;MR01;20/12/2026;22/6/2026;10152971;10;1;22/6/2026;22/6/2026;C25;4500132074;10;0378;2;MPITTIA;6/7/2026;20/12/2026;C25;4;17/8/2026;;;;;;;;;;04 Cert a Demanda;En curso;;C25
00378 YPF – Oleoducto Cnel. Pringle;1000090620;20;ZPAN;04-RECARGA GAS Y ALQ;;0;;;;GPUJOL;1022295;RECARGA TUBO GAS BUTANO X10KG X UN;25;5;25;0;20;5000180997;18/7/2026;Servicios;CUMPLIDO PARCIAL;FERRO MANUEL OSVALDO;MR01;20/12/2026;22/6/2026;10152971;20;1;22/6/2026;22/6/2026;C25;4500132074;20;0378;2;MPITTIA;6/7/2026;20/12/2026;C25;1;18/7/2026;;;;;;;;;;04 Cert a Demanda;En curso;;C25
00378 YPF – Oleoducto Cnel. Pringle;1000090620;30;ZPAN;04-RECARGA GAS Y ALQ;;0;;;;GPUJOL;1022295;ALQUILER TUBO GAS BUTANO 45KG XUNXMES;48;16;48;0;32;5000184721;17/8/2026;Servicios;CUMPLIDO PARCIAL;FERRO MANUEL OSVALDO;MR01;20/12/2026;22/6/2026;10152971;30;1;22/6/2026;22/6/2026;C25;4500132074;30;0378;2;MPITTIA;6/7/2026;20/12/2026;C25;2;17/8/2026;;;;;;;;;;04 Cert a Demanda;En curso;;C25
00378 YPF – Oleoducto Cnel. Pringle;1000090620;40;ZPAN;04-RECARGA GAS Y ALQ;;0;;;;GPUJOL;1022295;ALQUILER TUBO GAS BUTANO 10KG XUNXMES;30;10;30;0;20;5000184721;17/8/2026;Servicios;CUMPLIDO PARCIAL;FERRO MANUEL OSVALDO;MR01;20/12/2026;22/6/2026;10152971;40;1;22/6/2026;22/6/2026;C25;4500132074;40;0378;2;MPITTIA;6/7/2026;20/12/2026;C25;2;17/8/2026;;;;;;;;;;04 Cert a Demanda;En curso;;C25
00378 YPF – Oleoducto Cnel. Pringle;1000091139;10;ZPAN;PEDIDO SERV INTERNET;;0;;;;JPIEDRABUENA;1025931;SERVICIO DE INTERNET X MES;9;3;9;0;6;5000183359;5/8/2026;Servicios;CUMPLIDO PARCIAL;ISP NET LA S.R.L.;MR01;31/3/2027;1/7/2026;10153707;10;1;1/7/2026;1/7/2026;C25;4500132043;10;0378;1;MPITTIA;6/7/2026;31/3/2027;C25;5;5/8/2026;;;;;;;;;;Sin aclaración;En curso;;C25
00378 YPF – Oleoducto Cnel. Pringle;1000091427;10;ZPAN;03-SERVICIO DE INTER;;0;;;;GPUJOL;1034212;SERVICIO DE INTERNET STARLINK X MES ANT1;6;2;6;0;4;5000183355;5/8/2026;Servicios;CUMPLIDO PARCIAL;JAWIT S.A.;MR01;15/1/2027;6/7/2026;10154033;10;1;6/7/2026;6/7/2026;C25;4500132163;10;0378;1;MPITTIA;7/7/2026;15/1/2027;C25;2;5/8/2026;;;;;;;;;;03 Cert Mensual;En curso;Rojo;C25
00378 YPF – Oleoducto Cnel. Pringle;1000091427;20;ZPAN;03-SERVICIO DE INTER;;0;;;;GPUJOL;1034212;SERVICIO DE INTERNET STARLINK X MES ANT2;6;2;6;0;4;5000183355;5/8/2026;Servicios;CUMPLIDO PARCIAL;JAWIT S.A.;MR01;15/1/2027;6/7/2026;10154033;20;1;6/7/2026;6/7/2026;C25;4500132163;20;0378;1;MPITTIA;7/7/2026;15/1/2027;C25;2;5/8/2026;;;;;;;;;;03 Cert Mensual;En curso;Rojo;C25
00378 YPF – Oleoducto Cnel. Pringle;1000091427;30;ZPAN;03-SERVICIO DE INTER;;0;;;;GPUJOL;1034212;SERVICIO DE INTERNET STARLINK X MES ANT3;6;2;6;0;4;5000183355;5/8/2026;Servicios;CUMPLIDO PARCIAL;JAWIT S.A.;MR01;15/1/2027;6/7/2026;10154033;30;1;6/7/2026;6/7/2026;C25;4500132163;30;0378;1;MPITTIA;7/7/2026;15/1/2027;C25;2;5/8/2026;;;;;;;;;;03 Cert Mensual;En curso;Rojo;C25
00378 YPF – Oleoducto Cnel. Pringle;1000091427;40;ZPAN;03-SERVICIO DE INTER;;0;;;;GPUJOL;1034212;SERVICIO DE INTERNET STARLINK X MES ANT4;6;2;6;0;4;5000183355;5/8/2026;Servicios;CUMPLIDO PARCIAL;JAWIT S.A.;MR01;15/1/2027;6/7/2026;10154033;40;1;6/7/2026;6/7/2026;C25;4500132163;40;0378;1;MPITTIA;7/7/2026;15/1/2027;C25;2;5/8/2026;;;;;;;;;;03 Cert Mensual;En curso;Rojo;C25
00378 YPF – Oleoducto Cnel. Pringle;1000091506;10;ZPAN;03-SERV DE ATENC PRI;;0;;;;GPUJOL;1027345;SERVICIO ATENCION PRIMARIA X MES;6;2;6;0;4;5000184341;13/8/2026;Servicios;CUMPLIDO PARCIAL;COOPERATIVA DE TRABAJO POLICOOP LIM;MR01;20/2/2027;8/7/2026;10154179;10;1;8/7/2026;8/7/2026;C25;4500132396;10;0378;1;MPITTIA;10/7/2026;20/2/2027;C25;2;13/8/2026;;;;;;;;;;03 Cert Mensual;En curso;Verde;C25
00378 YPF – Oleoducto Cnel. Pringle;1000091583;10;ZPAN;REGULARIZAR  ENTREGA;;0;;;;GPUJOL;1013138;SERVICIO BOTELLON DE 20 LTS XUN;20;0;20;0;20;;;Servicios;ADJUDICADO;ZORRILLA HNOS S.R.L.;MR01;30/7/2026;9/7/2026;10154267;10;1;9/7/2026;10/7/2026;C24;4500133111;10;0378;1;MPITTIA;20/7/2026;30/7/2026;C24;0;;;;;;;;;;;Sin aclaración;Vencido con cant pendiente a recep;;C24
00378 YPF – Oleoducto Cnel. Pringle;1000091703;10;ZPAN;03- ALQUILER DE CONT;;0;;;;GPUJOL;1035384;ALQUILER DE CONTENEDORES RESIDUOS X UN;54;0;54;0;54;;;Servicios;ADJUDICADO;KORRONTE ACEROS 3 ARROYOS S.R.L.;MR01;20/1/2027;13/7/2026;10154529;10;1;13/7/2026;13/7/2026;C25;4500132766;10;0378;1;ALOPEZ;15/7/2026;20/1/2027;C25;0;;;;;;;;;;;03 Cert Mensual;En curso;;C25
00378 YPF – Oleoducto Cnel. Pringle;1000092199;10;ZPAN;03-BAÑOS PARA OBRA 3;;0;;;;GPUJOL;1046066;ALQUILER BAÑO QUIMICO X UN. X MES;24;4;24;0;20;5000183285;5/8/2026;Servicios;CUMPLIDO PARCIAL;ZIJLSTRA ALBERTO ANTONIO;MR01;15/2/2027;21/7/2026;10155220;10;1;21/7/2026;21/7/2026;C25;4500134396;10;0378;1;MPITTIA;3/8/2026;15/2/2027;C25;1;5/8/2026;;;;;;;;;;03 Cert Mensual;En curso;Rojo;C25
00378 YPF – Oleoducto Cnel. Pringle;1000092607;10;ZPAN;Alquiler comedor de;;0;;;;JPIEDRABUENA;1058237;SERVICIO ALQ. CASILLA RODANTE 12MTS XMES;2;0;2;0;2;;;Servicios;ADJUDICADO;RENTAL MODULOS SA;MR01;14/8/2026;27/7/2026;10155819;10;1;27/7/2026;27/7/2026;C04;4500134421;10;0378;1;WVENTURINI;3/8/2026;10/10/2026;C04;0;;;;;;;;;;;Sin aclaración;Vencido con cant pendiente a recep;;C04
00378 YPF – Oleoducto Cnel. Pringle;1000092607;20;ZPAN;Alquiler comedor de;;0;;;;JPIEDRABUENA;1058237;SERVICIO ALQ. CASILLA RODANTE 12MTS XMES;2;0;2;0;2;;;Servicios;ADJUDICADO;RENTAL MODULOS SA;MR01;14/8/2026;27/7/2026;10155819;20;1;30/7/2026;30/7/2026;C04;4500134421;20;0378;1;WVENTURINI;3/8/2026;10/10/2026;C04;0;;;;;;;;;;;Sin aclaración;Vencido con cant pendiente a recep;;C04
00378 YPF – Oleoducto Cnel. Pringle;1000092607;30;ZPAN;Alquiler comedor de;;0;;;;JPIEDRABUENA;1012979;FLETE PLAYO  MT XVIAJE;1;0;1;0;1;;;Servicios;ADJUDICADO;RENTAL MODULOS SA;MR01;14/8/2026;27/7/2026;10155819;30;1;30/7/2026;31/7/2026;C04;4500134421;30;0378;1;WVENTURINI;3/8/2026;10/10/2026;C04;0;;;;;;;;;;;Sin aclaración;Vencido con cant pendiente a recep;;C04
00378 YPF – Oleoducto Cnel. Pringle;1000092891;10;ZPAN;Alquiler de Motobomb;;0;;;;JPIEDRABUENA;1033630;"MOTOBOMBA AUTOCEBANTES6""(200-300MM M3/H)";3;0;3;0;3;;;Servicios;ADJUDICADO;XYLEM WATER SOLUTIONS ARGENTINA S.R;MR01;21/8/2026;31/7/2026;10156284;10;1;31/7/2026;31/7/2026;C03;4500135013;10;0378;1;WVENTURINI;7/8/2026;9/9/2026;C03;0;;;;;;;;;;;Sin aclaración;Vencido con cant pendiente a recep;;C03
00378 YPF – Oleoducto Cnel. Pringle;1000092891;20;ZPAN;Alquiler de Motobomb;;0;;;;JPIEDRABUENA;1033630;"MOTOBOMBA AUTOCEBANTES6""(200-300MM M3/H)";3;0;3;0;3;;;Servicios;ADJUDICADO;XYLEM WATER SOLUTIONS ARGENTINA S.R;MR01;21/8/2026;31/7/2026;10156284;20;1;31/7/2026;31/7/2026;C03;4500135013;20;0378;1;WVENTURINI;7/8/2026;9/9/2026;C03;0;;;;;;;;;;;Sin aclaración;Vencido con cant pendiente a recep;;C03
00378 YPF – Oleoducto Cnel. Pringle;1000092891;30;ZPAN;Alquiler de Motobomb;;0;;;;JPIEDRABUENA;1033630;"MOTOBOMBA AUTOCEBANTES6""(200-300MM M3/H)";3;0;3;0;3;;;Servicios;ADJUDICADO;XYLEM WATER SOLUTIONS ARGENTINA S.R;MR01;21/8/2026;31/7/2026;10156284;30;1;31/7/2026;31/7/2026;C03;4500135013;30;0378;1;WVENTURINI;7/8/2026;9/9/2026;C03;0;;;;;;;;;;;Sin aclaración;Vencido con cant pendiente a recep;;C03
00378 YPF – Oleoducto Cnel. Pringle;1000093096;10;ZPAN;03- ALQUILER DE CONT;;0;;;;GPUJOL;1035384;ALQUILER DE CONTENEDORES RESIDUOS X UN;34;0;34;0;34;;;Servicios;ADJUDICADO;OCKIER SERGIO DANIEL;MR01;15/3/2027;4/8/2026;10156523;10;1;4/8/2026;5/8/2026;C25;4500135144;10;0378;1;MPITTIA;10/8/2026;15/3/2027;C25;0;;;;;;;;;;;03 Cert Mensual;En curso;;C25
00378 YPF – Oleoducto Cnel. Pringle;1000093096;20;ZPAN;03- ALQUILER DE CONT;;0;;;;GPUJOL;1022295;RETIRO DE CONTENEDOR X UNIDAD;34;0;34;0;34;;;Servicios;ADJUDICADO;OCKIER SERGIO DANIEL;MR01;15/3/2027;4/8/2026;10156523;20;1;4/8/2026;5/8/2026;C25;4500135144;20;0378;1;MPITTIA;10/8/2026;15/3/2027;C25;0;;;;;;;;;;;03 Cert Mensual;En curso;;C25
00378 YPF – Oleoducto Cnel. Pringle;1000093345;10;ZPAN;04-EXAMENES TOXICOLO;;0;;;;GPUJOL;1022295;EXAMEN TOXICOLOGICO  COCAINA, MARIHUANA;40;0;0;40;0;;;Servicios;SIN TRATAMIENTO;;MR01;15/1/2027;8/8/2026;10156961;10;1;8/8/2026;10/8/2026;C25;;0;;0;;;;;0;;;;;;;;;;;04 Cert a Demanda;En curso;;C25
00378 YPF – Oleoducto Cnel. Pringle;1000093349;10;ZPAN;04-RECARGA DE MATAFU;;0;;;;GPUJOL;1022295;RECARGA DE MATAFUEGO 10KG;30;0;30;0;30;;;Servicios;ADJUDICADO;DE LA PENNA SEGURIDAD FENIX S.A.;MR01;15/1/2027;8/8/2026;10156964;10;1;8/8/2026;10/8/2026;C25;4500135617;10;0378;1;MPITTIA;13/8/2026;15/1/2027;C25;0;;;;;;;;;;;04 Cert a Demanda;En curso;;C25
00378 YPF – Oleoducto Cnel. Pringle;1000093349;20;ZPAN;04-RECARGA DE MATAFU;;0;;;;GPUJOL;1022295;RECARGA DE MATAFUEGO 5KG;30;0;30;0;30;;;Servicios;ADJUDICADO;DE LA PENNA SEGURIDAD FENIX S.A.;MR01;15/1/2027;8/8/2026;10156964;20;1;8/8/2026;10/8/2026;C25;4500135617;20;0378;1;MPITTIA;13/8/2026;15/1/2027;C25;0;;;;;;;;;;;04 Cert a Demanda;En curso;;C25
00378 YPF – Oleoducto Cnel. Pringle;1000093349;30;ZPAN;04-RECARGA DE MATAFU;;0;;;;GPUJOL;1013042;RECARGA DE MATAFUEGO 1KG;30;0;30;0;30;;;Servicios;ADJUDICADO;DE LA PENNA SEGURIDAD FENIX S.A.;MR01;15/1/2027;8/8/2026;10156964;30;1;8/8/2026;10/8/2026;C25;4500135617;30;0378;1;MPITTIA;13/8/2026;15/1/2027;C25;0;;;;;;;;;;;04 Cert a Demanda;En curso;;C25
00378 YPF – Oleoducto Cnel. Pringle;1000093433;10;ZPAN;Servicio de arenado;;0;;;;GPUJOL;1042089;SUBC. ARENADO Y PINTURA / REVEST. TÉRM.;25;0;25;0;25;;;Servicios;ADJUDICADO;CATEX SRL;MR01;30/9/2026;10/8/2026;10157074;10;1;10/8/2026;10/8/2026;C26;4500135942;10;0378;1;AGONZALEZ;18/8/2026;30/9/2026;C26;0;;;;;;;;;;;Sin aclaración;En curso - Próximo a vencer;;C26
00378 YPF – Oleoducto Cnel. Pringle;1000093570;10;ZPAN;POLIZA PREDIO TRES A;;0;;;;GPUJOL;1012968;SEGURO DE INCENDIO;1;1;1;0;0;5000185192;20/8/2026;Servicios;CUMPLIDO;CIA. SEG. LA MERCANTIL ANDINA;MR01;2/10/2026;12/8/2026;10157294;10;1;12/8/2026;13/8/2026;C16;4500136233;10;0378;1;JESPARZA;20/8/2026;2/10/2026;C16;1;20/8/2026;;;;;;;;;;Sin aclaración;En curso - Próximo a vencer;;C16
00378 YPF – Oleoducto Cnel. Pringle;1000093837;10;ZPAN;curvado;;2;;;;JPIEDRABUENA;1013050;SUBC. CURVADO DE CAÑOS;5;0;5;0;5;;;Servicios;ADJUDICADO;KRAWCZYK ENRIQUE DANIEL;MR01;7/9/2026;17/8/2026;10157681;10;1;17/8/2026;18/8/2026;C26;4500135945;10;0378;1;YCOLMAN;18/8/2026;7/9/2026;C26;0;;;;;;;;;;;Sin aclaración;En curso - Próximo a vencer;;C26
00378 YPF – Oleoducto Cnel. Pringle;1000093907;10;ZPAN;04-SERVICIO DE FUMIG;;0;;;;GPUJOL;1035446;SERVICIO DE DESRATIZACION;5;0;5;0;5;;;Servicios;ADJUDICADO;ARAMBERRI LUIS ALFREDO;MR01;20/1/2027;18/8/2026;10157795;10;1;18/8/2026;19/8/2026;C25;4500136698;10;0378;1;MPITTIA;26/8/2026;20/1/2027;C25;0;;;;;;;;;;;04 Cert a Demanda;En curso;;C25
00378 YPF – Oleoducto Cnel. Pringle;1000094050;10;ZPAN;POLIZA CONTRATO TEMP;;2;;;;JPIEDRABUENA;1012967;POLIZA DE CAUCION CONTRATO DE ALQUILER;1;1;1;0;0;5000186598;1/9/2026;Servicios;CUMPLIDO;PREMIAR CIA.ARG.DE SEGUROS SA;MR01;9/9/2026;20/8/2026;10158106;10;1;20/8/2026;20/8/2026;C16;4500136968;10;0378;1;JESPARZA;28/8/2026;9/9/2026;C16;1;1/9/2026;;;;;;;;;;Sin aclaración;En curso - Próximo a vencer;;C16
00378 YPF – Oleoducto Cnel. Pringle;1000094128;10;ZPAN;ANALISIS DE AGUA;;0;;;;GPUJOL;1013044;ANALISIS AGUA - PH;8;0;8;0;8;;;Servicios;ADJUDICADO;URBAN NATALIA VERONICA;MR01;10/9/2026;21/8/2026;10158232;10;1;21/8/2026;24/8/2026;C25;4500137074;10;0378;1;MPITTIA;31/8/2026;10/9/2026;C25;0;;;;;;;;;;;Sin aclaración;En curso - Próximo a vencer;;C25
00378 YPF – Oleoducto Cnel. Pringle;1000094133;10;ZPAN;REGULARIZACION DE AL;;0;;;;GPUJOL;1035542;ALQUILER DE ANDAMIO X MES;1;1;1;0;0;5000186289;28/8/2026;Servicios;CUMPLIDO;LAYHER SUDAMERICANA SA;MR01;10/9/2026;21/8/2026;10158240;10;1;21/8/2026;24/8/2026;C26;4500136500;10;0378;1;YCOLMAN;24/8/2026;10/9/2026;C26;1;28/8/2026;;;;;;;;;;Sin aclaración;En curso - Próximo a vencer;;C26
00378 YPF – Oleoducto Cnel. Pringle;1000094570;10;ZPAN;REMPLAZO BATERIAS OB;;5;;;;JPIEDRABUENA;1012998;Traslado de las 24 baterías;1;0;1;0;1;;;Servicios;ADJUDICADO;G&M INFINITE ENERGY S. A.;MR01;18/9/2026;29/8/2026;10158917;10;1;29/8/2026;31/8/2026;C26;4500137291;70;0378;1;YCOLMAN;1/9/2026;18/9/2026;C26;0;;;;;;;;;;;Sin aclaración;En curso - Próximo a vencer;;C26
00378 YPF – Oleoducto Cnel. Pringle;1000094570;20;ZPAN;REMPLAZO BATERIAS OB;;5;;;;JPIEDRABUENA;1012998;Baterias con electrolito en gel de 2V-90;24;0;24;0;24;;;Servicios;ADJUDICADO;G&M INFINITE ENERGY S. A.;MR01;18/9/2026;29/8/2026;10158917;20;1;29/8/2026;31/8/2026;C26;4500137291;20;0378;1;YCOLMAN;1/9/2026;18/9/2026;C26;0;;;;;;;;;;;Sin aclaración;En curso - Próximo a vencer;;C26
00378 YPF – Oleoducto Cnel. Pringle;1000094570;30;ZPAN;REMPLAZO BATERIAS OB;;5;;;;JPIEDRABUENA;1012998;Montaje y armado del nuevo banco de bate;1;0;1;0;1;;;Servicios;ADJUDICADO;G&M INFINITE ENERGY S. A.;MR01;18/9/2026;29/8/2026;10158917;30;1;29/8/2026;31/8/2026;C26;4500137291;30;0378;1;YCOLMAN;1/9/2026;18/9/2026;C26;0;;;;;;;;;;;Sin aclaración;En curso - Próximo a vencer;;C26
00378 YPF – Oleoducto Cnel. Pringle;1000094570;40;ZPAN;REMPLAZO BATERIAS OB;;5;;;;JPIEDRABUENA;1012998;Retiro del banco actual de baterias;1;0;1;0;1;;;Servicios;ADJUDICADO;G&M INFINITE ENERGY S. A.;MR01;18/9/2026;29/8/2026;10158917;40;1;29/8/2026;31/8/2026;C26;4500137291;40;0378;1;YCOLMAN;1/9/2026;18/9/2026;C26;0;;;;;;;;;;;Sin aclaración;En curso - Próximo a vencer;;C26
00378 YPF – Oleoducto Cnel. Pringle;1000094570;50;ZPAN;REMPLAZO BATERIAS OB;;5;;;;JPIEDRABUENA;1012998;Adecuación o cambio de la estructura de;1;0;1;0;1;;;Servicios;ADJUDICADO;G&M INFINITE ENERGY S. A.;MR01;18/9/2026;29/8/2026;10158917;50;1;29/8/2026;31/8/2026;C26;4500137291;50;0378;1;YCOLMAN;1/9/2026;18/9/2026;C26;0;;;;;;;;;;;Sin aclaración;En curso - Próximo a vencer;;C26
00378 YPF – Oleoducto Cnel. Pringle;1000094570;60;ZPAN;REMPLAZO BATERIAS OB;;5;;;;JPIEDRABUENA;1012998;Configuración de los tres inversores;1;0;1;0;1;;;Servicios;ADJUDICADO;G&M INFINITE ENERGY S. A.;MR01;18/9/2026;29/8/2026;10158917;60;1;29/8/2026;31/8/2026;C26;4500137291;60;0378;1;YCOLMAN;1/9/2026;18/9/2026;C26;0;;;;;;;;;;;Sin aclaración;En curso - Próximo a vencer;;C26
00378 YPF – Oleoducto Cnel. Pringle;1000094851;10;ZPAN;EXTENSION OC OC 4500;;0;;;;JPIEDRABUENA;1035446;SERV ALQ CAMION+SEMI  12MT+OPERADOR;2;0;2;0;2;;;Servicios;ADJUDICADO;CATEX SRL;MR01;23/9/2026;3/9/2026;10159356;10;1;3/9/2026;3/9/2026;C26;4500137668;10;0378;1;YCOLMAN;4/9/2026;23/9/2026;C26;0;;;;;;;;;;;Sin aclaración;En curso - Próximo a vencer;;C26
00379 – VELADERO FASE 8C;1000091462;10;ZPAN;SS baños quimicos ca;;0;;;;GORIHUELA;1022295;ALQ. BAÑO QUIMICO X UN X MES;2;0;2;0;2;;;Servicios;ADJUDICADO;GONZALEZ SANCHEZ LEONARDO ISMAEL;MM01;15/9/2026;7/7/2026;10154117;10;1;7/7/2026;8/7/2026;C25;4500132569;10;0379;1;ALOPEZ;13/7/2026;15/9/2026;C25;2;;;;;;;;;;;Sin aclaración;En curso - Próximo a vencer;;C25
00379 – VELADERO FASE 8C;1000091462;20;ZPAN;SS baños quimicos ca;;0;;;;GORIHUELA;1022295;LIMPIEZA BAÑOS QUIMICOS X UN;72;0;72;0;72;;;Servicios;ADJUDICADO;GONZALEZ SANCHEZ LEONARDO ISMAEL;MM01;15/9/2026;7/7/2026;10154117;20;1;7/7/2026;8/7/2026;C25;4500132569;20;0379;1;ALOPEZ;13/7/2026;15/9/2026;C25;2;;;;;;;;;;;Sin aclaración;En curso - Próximo a vencer;;C25
00379 – VELADERO FASE 8C;1000091553;10;ZPAN;EXTINTORES ALISTAMIE;;0;;;;ERUARTE;1022295;RECARGA MATAFUEGO 10KG;120;117;120;0;3;5000184591;5/8/2026;Servicios;CUMPLIDO PARCIAL;LA PLATENSE SA;MM01;29/7/2026;8/7/2026;10154234;10;1;8/7/2026;14/7/2026;C25;4500133382;10;0379;1;MPITTIA;22/7/2026;29/7/2026;C25;2;3/8/2026;;;;;;;;;;Sin aclaración;Vencido con cant pendiente a recep;;C25
00379 – VELADERO FASE 8C;1000091554;20;ZPAN;O2 PARA ALISTAMIENTO;;0;;;;ERUARTE;1022295;RECARGA OXIGENO MEDICINAL m3;76;62;76;0;14;5000184230;12/8/2026;Servicios;CUMPLIDO PARCIAL;LA PLATENSE SA;MM01;29/7/2026;8/7/2026;10154235;20;1;8/7/2026;14/7/2026;C25;4500133158;10;0379;1;MPITTIA;20/7/2026;29/7/2026;C25;1;12/8/2026;;;;;;;;;;Sin aclaración;Vencido con cant pendiente a recep;;C25
00379 – VELADERO FASE 8C;1000091791;10;ZPAN;EPO INICIALES;;0;;;;GORIHUELA;1022295;EPO PROTOCOLO VELADERO X UN;50;50;50;0;0;5000185687;24/8/2026;Servicios;CUMPLIDO;REHABILITAR SAN JUAN SRL;MM01;31/12/2026;14/7/2026;10154688;30;1;14/7/2026;14/7/2026;C25;4500132828;10;0379;1;AGONZALEZ;15/7/2026;31/12/2026;C25;1;24/8/2026;;;;;;;;;;Sin aclaración;En curso - Total recepcionado;;C25
00379 – VELADERO FASE 8C;1000091791;20;ZPAN;EPO INICIALES;;0;;;;GORIHUELA;1022295;EPO PROTOCOLO VELADERO X UN;50;0;50;0;50;;;Servicios;ADJUDICADO;ESTANDAR CO SRL;MM01;31/12/2026;14/7/2026;10154688;40;1;14/7/2026;14/7/2026;C25;4500133052;10;0379;1;AGONZALEZ;17/7/2026;31/12/2026;C25;0;;;;;;;;;;;Sin aclaración;En curso;;C25
00379 – VELADERO FASE 8C;1000092222;40;ZPAN;CONSUMIBLES TOPOGRAF;;0;;;;GORIHUELA;1022295;TTE TUDCUM-SEDE SAN JUAN;1;1;1;0;0;5000186577;31/8/2026;Servicios;CUMPLIDO;TREU ADRIANO VIRGINIO;MM01;30/9/2026;21/7/2026;10155249;40;1;27/7/2026;27/7/2026;C22;4500133895;30;2001;1;GJULIANI;28/7/2026;21/8/2026;C22;1;25/8/2026;;;;;;;;;;Sin aclaración;En curso - Próximo a vencer;;C22
00379 – VELADERO FASE 8C;1000092294;10;ZPAN;PI 4000006961;;0;;;;GORIHUELA;1022295;RECARGA OXIGENO MEDICINAL 0.5 M3;500;0;500;0;500;;;Servicios;ADJUDICADO;LA PLATENSE SA;MM01;30/4/2027;22/7/2026;10155369;10;1;22/7/2026;22/7/2026;C25;4500134040;10;0379;1;MPITTIA;29/7/2026;30/4/2027;C25;0;;;;;;;;;;;Sin aclaración;En curso;;C25
00379 – VELADERO FASE 8C;1000092294;20;ZPAN;PI 4000006961;;0;;;;GORIHUELA;1022295;RECARGA OXIGENO INDUSTRIAL X M3;200;0;200;0;200;;;Servicios;ADJUDICADO;LA PLATENSE SA;MM01;30/4/2027;22/7/2026;10155369;20;1;22/7/2026;22/7/2026;C25;4500134040;20;0379;1;MPITTIA;29/7/2026;30/4/2027;C25;0;;;;;;;;;;;Sin aclaración;En curso;;C25
00379 – VELADERO FASE 8C;1000092294;30;ZPAN;PI 4000006961;;0;;;;GORIHUELA;1022295;RECARGA ACETILENO INDUSTRIAL X M3;100;0;100;0;100;;;Servicios;ADJUDICADO;LA PLATENSE SA;MM01;30/4/2027;22/7/2026;10155369;30;1;22/7/2026;22/7/2026;C25;4500134040;30;0379;1;MPITTIA;29/7/2026;30/4/2027;C25;0;;;;;;;;;;;Sin aclaración;En curso;;C25
00379 – VELADERO FASE 8C;1000092294;40;ZPAN;PI 4000006961;;0;;;;GORIHUELA;1022295;RECARGA CO2 X KG;240;0;240;0;240;;;Servicios;ADJUDICADO;LA PLATENSE SA;MM01;30/4/2027;22/7/2026;10155369;40;1;22/7/2026;22/7/2026;C25;4500134040;40;0379;1;MPITTIA;29/7/2026;30/4/2027;C25;0;;;;;;;;;;;Sin aclaración;En curso;;C25
00379 – VELADERO FASE 8C;1000092294;50;ZPAN;PI 4000006961;;0;;;;GORIHUELA;1022295;MANOMETRO PARA OXIGENO CON MASCARILLA;50;0;50;0;50;;;Servicios;ADJUDICADO;LA PLATENSE SA;MM01;30/4/2027;22/7/2026;10155369;50;1;22/7/2026;22/7/2026;C25;4500134040;50;0379;1;MPITTIA;29/7/2026;30/4/2027;C25;0;;;;;;;;;;;Sin aclaración;En curso;;C25
00379 – VELADERO FASE 8C;1000092294;60;ZPAN;PI 4000006961;;0;;;;GORIHUELA;1022295;REGULADOR MANOMETRO O2 C/MASCARILLA;50;0;50;0;50;;;Servicios;ADJUDICADO;LA PLATENSE SA;MM01;30/4/2027;22/7/2026;10155369;60;1;22/7/2026;22/7/2026;C25;4500134040;60;0379;1;MPITTIA;29/7/2026;30/4/2027;C25;0;;;;;;;;;;;Sin aclaración;En curso;;C25
00379 – VELADERO FASE 8C;1000092366;10;ZPAN;PI 4000006960;;0;;;;GORIHUELA;1022295;RECARGA DE MATAFUEGO 1KG ABC;10;0;10;0;10;;;Servicios;ADJUDICADO;UNSERE SAS;MM01;30/4/2027;23/7/2026;10155445;10;1;23/7/2026;23/7/2026;C25;4500137064;10;0379;2;MPITTIA;31/8/2026;30/4/2027;C25;0;;;;;;;;;;;Sin aclaración;En curso;;C25
00379 – VELADERO FASE 8C;1000092366;20;ZPAN;PI 4000006960;;0;;;;GORIHUELA;1022295;RECARGA DE MATAFUEGO 5KG ABC;100;62;100;0;38;5000187317;4/9/2026;Servicios;CUMPLIDO PARCIAL;UNSERE SAS;MM01;30/4/2027;23/7/2026;10155445;20;1;23/7/2026;23/7/2026;C25;4500137064;20;0379;2;MPITTIA;31/8/2026;30/4/2027;C25;3;4/9/2026;;;;;;;;;;Sin aclaración;En curso;;C25
00379 – VELADERO FASE 8C;1000092366;30;ZPAN;PI 4000006960;;0;;;;GORIHUELA;1022295;RECARGA DE MATAFUEGO 10KG ABC;250;65;250;0;185;5000187317;4/9/2026;Servicios;CUMPLIDO PARCIAL;UNSERE SAS;MM01;30/4/2027;23/7/2026;10155445;30;1;23/7/2026;23/7/2026;C25;4500137064;30;0379;2;MPITTIA;31/8/2026;30/4/2027;C25;3;4/9/2026;;;;;;;;;;Sin aclaración;En curso;;C25
00379 – VELADERO FASE 8C;1000092366;40;ZPAN;PI 4000006960;;0;;;;GORIHUELA;1022295;MANOMETRO CON SELLO IRAM DE 14KG/CM2;100;3;100;0;97;5000187317;4/9/2026;Servicios;CUMPLIDO PARCIAL;UNSERE SAS;MM01;30/4/2027;23/7/2026;10155445;40;1;23/7/2026;23/7/2026;C25;4500137064;40;0379;2;MPITTIA;31/8/2026;30/4/2027;C25;2;4/9/2026;;;;;;;;;;Sin aclaración;En curso;;C25
00379 – VELADERO FASE 8C;1000092366;50;ZPAN;PI 4000006960;;0;;;;GORIHUELA;1022295;PINTURA EXTINTORES MANUALES;100;0;100;0;100;;;Servicios;ADJUDICADO;UNSERE SAS;MM01;30/4/2027;23/7/2026;10155445;50;1;23/7/2026;23/7/2026;C25;4500137064;50;0379;2;MPITTIA;31/8/2026;30/4/2027;C25;0;;;;;;;;;;;Sin aclaración;En curso;;C25
00379 – VELADERO FASE 8C;1000092366;60;ZPAN;PI 4000006960;;0;;;;GORIHUELA;1022295;MANGUERAS PARA EXTINTORES ABC MANUALES;100;3;100;0;97;5000187317;4/9/2026;Servicios;CUMPLIDO PARCIAL;UNSERE SAS;MM01;30/4/2027;23/7/2026;10155445;60;1;23/7/2026;23/7/2026;C25;4500137064;60;0379;2;MPITTIA;31/8/2026;30/4/2027;C25;2;4/9/2026;;;;;;;;;;Sin aclaración;En curso;;C25
00379 – VELADERO FASE 8C;1000092366;70;ZPAN;PI 4000006960;;0;;;;GORIHUELA;1022295;KILOS DE POLVO QUIMICO ABC;600;19,1;600;0;580,9;5000187317;4/9/2026;Servicios;CUMPLIDO PARCIAL;UNSERE SAS;MM01;30/4/2027;23/7/2026;10155445;70;1;23/7/2026;23/7/2026;C25;4500137064;70;0379;2;MPITTIA;31/8/2026;30/4/2027;C25;3;4/9/2026;;;;;;;;;;Sin aclaración;En curso;;C25
00379 – VELADERO FASE 8C;1000092366;80;ZPAN;PI 4000006960;;0;;;;GORIHUELA;1022295;VIAJE A SJ-VELADERO HASTA 15 MATAFUEGOS;20;0;20;0;20;;;Servicios;ADJUDICADO;UNSERE SAS;MM01;30/4/2027;23/7/2026;10155445;80;1;23/7/2026;23/7/2026;C25;4500137064;80;0379;2;MPITTIA;31/8/2026;30/4/2027;C25;0;;;;;;;;;;;Sin aclaración;En curso;;C25
00379 – VELADERO FASE 8C;1000092369;10;ZPAN;PI 4000006991;;0;;;;GORIHUELA;1022295;INTERNET 3TB X MES;9;0;9;0;9;;;Servicios;ADJUDICADO;JAWIT S.A.;MM01;30/4/2027;23/7/2026;10155447;10;1;23/7/2026;23/7/2026;C25;4500134262;10;0379;1;MPITTIA;30/7/2026;30/4/2027;C25;0;;;;;;;;;;;Sin aclaración;En curso;;C25
00379 – VELADERO FASE 8C;1000092390;10;ZPAN;CAMARA DASHCAM;;0;;;;GORIHUELA;1022295;Camara Orbcomm FM6510 V x UN;34;22;34;0;12;5000184937;19/8/2026;Servicios;CUMPLIDO PARCIAL;AC SAT S.R.L.;MM01;15/8/2026;23/7/2026;10155472;10;1;23/7/2026;23/7/2026;C25;4500133844;10;0379;1;MPITTIA;27/7/2026;15/8/2026;C25;1;19/8/2026;;;;;;;;;;Sin aclaración;Vencido con cant pendiente a recep;;C25
00379 – VELADERO FASE 8C;1000092390;20;ZPAN;CAMARA DASHCAM;;0;;;;GORIHUELA;1022295;Software RSV - Montaje Camara X UN;35;22;35;0;13;5000184937;19/8/2026;Servicios;CUMPLIDO PARCIAL;AC SAT S.R.L.;MM01;15/8/2026;23/7/2026;10155472;20;1;23/7/2026;23/7/2026;C25;4500133844;20;0379;1;MPITTIA;27/7/2026;15/8/2026;C25;1;19/8/2026;;;;;;;;;;Sin aclaración;Vencido con cant pendiente a recep;;C25
00379 – VELADERO FASE 8C;1000092390;30;ZPAN;CAMARA DASHCAM;;0;;;;GORIHUELA;1022295;Software RSV - Abono Mensual X UN X MES;864;25;864;0;839;5000187102;3/9/2026;Servicios;CUMPLIDO PARCIAL;AC SAT S.R.L.;MM01;30/9/2028;23/7/2026;10155472;30;1;23/7/2026;23/7/2026;C25;4500133844;30;0379;1;MPITTIA;27/7/2026;30/9/2028;C25;1;3/9/2026;;;;;;;;;;Sin aclaración;En curso;;C25
00379 – VELADERO FASE 8C;1000092663;10;ZPAN;SS NUBI;;0;;;;GORIHUELA;1022295;SS DE RECARGA VIRTUAL;2000000;35432,15;2000000;0;1964567,85;5000185703;24/8/2026;Servicios;CUMPLIDO PARCIAL;NUBI S.A.;MM01;31/5/2027;28/7/2026;10155934;10;1;28/7/2026;28/7/2026;C25;4500134501;10;0379;1;MPITTIA;3/8/2026;31/5/2027;C25;1;24/8/2026;;;;;;;;;;Sin aclaración;En curso;;C25
00379 – VELADERO FASE 8C;1000092686;10;ZPAN;PI 4000006992;;0;;;;GORIHUELA;1022295;SS DOSIMETRIA SERGIO RIVERA;8;0;8;0;8;;;Servicios;ADJUDICADO;FUNDACION ESCUELA DE MEDICINA NUCLE;MM01;10/5/2027;28/7/2026;10155957;10;1;28/7/2026;28/7/2026;C25;4500134056;10;0379;1;MPITTIA;29/7/2026;10/5/2027;C25;0;;;;;;;;;;;Sin aclaración;En curso;;C25
00379 – VELADERO FASE 8C;1000092686;20;ZPAN;PI 4000006992;;0;;;;GORIHUELA;1022295;SS DOSIMETRIA MARTIN MANRIQUE;8;0;8;0;8;;;Servicios;ADJUDICADO;FUNDACION ESCUELA DE MEDICINA NUCLE;MM01;10/5/2027;28/7/2026;10155957;20;1;28/7/2026;28/7/2026;C25;4500134056;20;0379;1;MPITTIA;29/7/2026;10/5/2027;C25;0;;;;;;;;;;;Sin aclaración;En curso;;C25
00379 – VELADERO FASE 8C;1000092686;30;ZPAN;PI 4000006992;;0;;;;GORIHUELA;1022295;SS DOSIMETRIA FRANCO CASTRO;8;0;8;0;8;;;Servicios;ADJUDICADO;FUNDACION ESCUELA DE MEDICINA NUCLE;MM01;10/5/2027;28/7/2026;10155957;30;1;28/7/2026;28/7/2026;C25;4500134056;30;0379;1;MPITTIA;29/7/2026;10/5/2027;C25;0;;;;;;;;;;;Sin aclaración;En curso;;C25
00379 – VELADERO FASE 8C;1000092686;40;ZPAN;PI 4000006992;;0;;;;GORIHUELA;1022295;SS DOSIMETRIA JOSE LUIS BARRERA;8;0;8;0;8;;;Servicios;ADJUDICADO;FUNDACION ESCUELA DE MEDICINA NUCLE;MM01;10/5/2027;28/7/2026;10155957;40;1;28/7/2026;28/7/2026;C25;4500134056;40;0379;1;MPITTIA;29/7/2026;10/5/2027;C25;0;;;;;;;;;;;Sin aclaración;En curso;;C25
00379 – VELADERO FASE 8C;1000092686;50;ZPAN;PI 4000006992;;0;;;;GORIHUELA;1022295;SS DOSIMETRIA EZEQUIEL DIAZ;8;0;8;0;8;;;Servicios;ADJUDICADO;FUNDACION ESCUELA DE MEDICINA NUCLE;MM01;10/5/2027;28/7/2026;10155957;50;1;28/7/2026;28/7/2026;C25;4500134056;50;0379;1;MPITTIA;29/7/2026;10/5/2027;C25;0;;;;;;;;;;;Sin aclaración;En curso;;C25
00379 – VELADERO FASE 8C;1000092686;60;ZPAN;PI 4000006992;;0;;;;GORIHUELA;1022295;SS DOSIMETRIA JUAN PABLO MOYANO;8;0;8;0;8;;;Servicios;ADJUDICADO;FUNDACION ESCUELA DE MEDICINA NUCLE;MM01;10/5/2027;28/7/2026;10155957;60;1;28/7/2026;28/7/2026;C25;4500134056;60;0379;1;MPITTIA;29/7/2026;10/5/2027;C25;0;;;;;;;;;;;Sin aclaración;En curso;;C25
00379 – VELADERO FASE 8C;1000092686;70;ZPAN;PI 4000006992;;0;;;;GORIHUELA;1022295;SS DOSIMETRIA ANGEL MORENO;8;0;8;0;8;;;Servicios;ADJUDICADO;FUNDACION ESCUELA DE MEDICINA NUCLE;MM01;10/5/2027;28/7/2026;10155957;70;1;28/7/2026;28/7/2026;C25;4500134056;70;0379;1;MPITTIA;29/7/2026;10/5/2027;C25;0;;;;;;;;;;;Sin aclaración;En curso;;C25
00379 – VELADERO FASE 8C;1000092686;80;ZPAN;PI 4000006992;;0;;;;GORIHUELA;1022295;SS DOSIMETRIA LUIS ABREGO;8;0;8;0;8;;;Servicios;ADJUDICADO;FUNDACION ESCUELA DE MEDICINA NUCLE;MM01;10/5/2027;28/7/2026;10155957;80;1;28/7/2026;28/7/2026;C25;4500134056;80;0379;1;MPITTIA;29/7/2026;10/5/2027;C25;0;;;;;;;;;;;Sin aclaración;En curso;;C25
00379 – VELADERO FASE 8C;1000092686;90;ZPAN;PI 4000006992;;0;;;;GORIHUELA;1022295;SS DOSIMETRIA JNONATHAN VARGAS;8;0;8;0;8;;;Servicios;ADJUDICADO;FUNDACION ESCUELA DE MEDICINA NUCLE;MM01;10/5/2027;28/7/2026;10155957;90;1;28/7/2026;28/7/2026;C25;4500134056;90;0379;1;MPITTIA;29/7/2026;10/5/2027;C25;0;;;;;;;;;;;Sin aclaración;En curso;;C25
00379 – VELADERO FASE 8C;1000092686;100;ZPAN;PI 4000006992;;0;;;;GORIHUELA;1022295;SS DOSIMETRIA LEONEL SANTANA;8;0;8;0;8;;;Servicios;ADJUDICADO;FUNDACION ESCUELA DE MEDICINA NUCLE;MM01;10/5/2027;28/7/2026;10155957;100;1;28/7/2026;28/7/2026;C25;4500134056;100;0379;1;MPITTIA;29/7/2026;10/5/2027;C25;0;;;;;;;;;;;Sin aclaración;En curso;;C25
00379 – VELADERO FASE 8C;1000092700;10;ZPAN;EPO CLINICA COMUNIDA;;0;;;;GORIHUELA;1022295;EPO PROTOCOLO VELADERO XUN;250;138;250;0;112;5000186253;28/8/2026;Servicios;CUMPLIDO PARCIAL;CLINICA ARG- LA PODEROSA LGS;MM01;30/4/2027;28/7/2026;10155972;10;1;28/7/2026;28/7/2026;C25;4500134659;10;0379;1;MPITTIA;5/8/2026;30/4/2027;C25;2;28/8/2026;;;;;;;;;;Sin aclaración;En curso;;C25
00379 – VELADERO FASE 8C;1000092741;10;ZPAN;PI 4000006990;;0;;;;GORIHUELA;1022295;ALQ AUTOELEV ELECTRICO BAOLI x MES;9;0;9;0;9;;;Servicios;ADJUDICADO;M D AUTOELEVADORES Y EQUIPOS S;MM01;15/5/2027;29/7/2026;10156023;10;1;29/7/2026;29/7/2026;C04;4500134423;10;0379;1;WVENTURINI;3/8/2026;15/5/2027;C04;0;;;;;;;;;;;Sin aclaración;En curso;;C04
00379 – VELADERO FASE 8C;1000092773;10;ZPAN;PI 4000006967;;0;;;;GORIHUELA;1022295;POLISOMNOGRAFIA X UN;45;0;45;0;45;;;Servicios;ADJUDICADO;FULLANA MARTIN PABLO;MM01;31/12/2026;29/7/2026;10156050;10;1;29/7/2026;29/7/2026;C25;4500134801;10;0379;1;MPITTIA;6/8/2026;31/12/2026;C25;0;;;;;;;;;;;Sin aclaración;En curso;;C25
00379 – VELADERO FASE 8C;1000092773;20;ZPAN;PI 4000006967;;0;;;;GORIHUELA;1022295;POLISOMNOGRAFIA X UN;30;0;30;0;30;;;Servicios;ADJUDICADO;REHABILITAR SAN JUAN SRL;MM01;31/12/2026;29/7/2026;10156050;20;1;30/7/2026;30/7/2026;C25;4500134692;20;0379;1;MPITTIA;5/8/2026;31/12/2026;C25;0;;;;;;;;;;;Sin aclaración;En curso;;C25
00379 – VELADERO FASE 8C;1000092817;10;ZPAN;PI 4000007007;;0;;;;GORIHUELA;1022295;SERVICIO MENSUAL X USO Y MTTO. DE LA APP;8;0;8;0;8;;;Servicios;ADJUDICADO;INGEAP S.A.S.;MM01;15/5/2027;30/7/2026;10156116;10;1;30/7/2026;30/7/2026;C26;4500134286;10;0379;1;YCOLMAN;30/7/2026;15/5/2027;C26;0;;;;;;;;;;;Sin aclaración;En curso;;C26
00379 – VELADERO FASE 8C;1000092830;10;ZPAN;EPO´S SAN JUAN;;0;;;;GORIHUELA;1022295;EPO PROTOCOLO VELADERO X UN;300;0;300;0;300;;;Servicios;ADJUDICADO;REHABILITAR SAN JUAN SRL;MM01;31/12/2026;30/7/2026;10156132;10;1;30/7/2026;30/7/2026;C25;4500134449;10;0379;1;MPITTIA;3/8/2026;31/12/2026;C25;0;;;;;;;;;;;Sin aclaración;En curso;;C25
00379 – VELADERO FASE 8C;1000092830;20;ZPAN;EPO´S SAN JUAN;;0;;;;GORIHUELA;1022295;EPO PROTOCOLO VELADERO X UN;300;0;300;0;300;;;Servicios;ADJUDICADO;ESTANDAR CO SRL;MM01;31/12/2026;30/7/2026;10156132;20;1;30/7/2026;30/7/2026;C25;4500134884;10;0379;1;MPITTIA;6/8/2026;31/12/2026;C25;0;;;;;;;;;;;Sin aclaración;En curso;;C25
00379 – VELADERO FASE 8C;1000092843;10;ZPAN;FORMALIZACION RSV;;0;;;;GORIHUELA;1022295;KM ASITENCIA SOFTWARE MZA-SAN JUAN XKM;720;0;720;0;720;;;Servicios;ADJUDICADO;AC SAT S.R.L.;MM01;30/9/2026;30/7/2026;10156146;10;1;30/7/2026;30/7/2026;C25;4500134743;10;0379;1;MPITTIA;5/8/2026;30/9/2026;C25;0;;;;;;;;;;;Sin aclaración;En curso - Próximo a vencer;;C25
00379 – VELADERO FASE 8C;1000092843;20;ZPAN;FORMALIZACION RSV;;0;;;;GORIHUELA;1022295;VIATICOS MEDIA JORNADA X UN;1;0;1;0;1;;;Servicios;ADJUDICADO;AC SAT S.R.L.;MM01;30/9/2026;30/7/2026;10156146;20;1;30/7/2026;30/7/2026;C25;4500134743;20;0379;1;MPITTIA;5/8/2026;30/9/2026;C25;0;;;;;;;;;;;Sin aclaración;En curso - Próximo a vencer;;C25
00379 – VELADERO FASE 8C;1000092843;30;ZPAN;FORMALIZACION RSV;;0;;;;GORIHUELA;1022295;VIATICOS POR DIA X UN;3;0;3;0;3;;;Servicios;ADJUDICADO;AC SAT S.R.L.;MM01;30/9/2026;30/7/2026;10156146;30;1;30/7/2026;30/7/2026;C25;4500134743;30;0379;1;MPITTIA;5/8/2026;30/9/2026;C25;0;;;;;;;;;;;Sin aclaración;En curso - Próximo a vencer;;C25
00379 – VELADERO FASE 8C;1000093092;10;ZPAN;PINCHOTE GEO Y SEG;;0;;;;GORIHUELA;1022295;FABRICACION PINCHOTE 1.20 Ø20MM;200;0;200;0;200;;;Servicios;ADJUDICADO;MONTAÑO WALTER ALEJANDRO;MM01;5/9/2026;4/8/2026;10156518;10;1;4/8/2026;4/8/2026;C13;4500136653;10;2001;1;MALVAREZ;25/8/2026;5/9/2026;C13;0;;;;;;;;;;;Sin aclaración;Vencido con cant pendiente a recep;;C13
00379 – VELADERO FASE 8C;1000093092;20;ZPAN;PINCHOTE GEO Y SEG;;0;;;;GORIHUELA;1022295;FABRICACION PINCHOTE 1.10 Ø12MM;50;0;50;0;50;;;Servicios;ADJUDICADO;MONTAÑO WALTER ALEJANDRO;MM01;5/9/2026;4/8/2026;10156518;20;1;4/8/2026;4/8/2026;C13;4500136653;20;2001;1;MALVAREZ;25/8/2026;5/9/2026;C13;0;;;;;;;;;;;Sin aclaración;Vencido con cant pendiente a recep;;C13
00379 – VELADERO FASE 8C;1000093162;10;ZPAN;PI 4000007006;;0;;;;GORIHUELA;1022295;CERTIFICACION DE EQUIPOS;25;10;25;0;15;5000185253;21/8/2026;Servicios;CUMPLIDO PARCIAL;LENOR SRL;MM01;31/12/2026;5/8/2026;10156636;10;1;5/8/2026;5/8/2026;C25;4500134818;10;0379;1;MPITTIA;6/8/2026;31/12/2026;C25;1;21/8/2026;;;;;;;;;;Sin aclaración;En curso;;C25
00379 – VELADERO FASE 8C;1000093162;20;ZPAN;PI 4000007006;;0;;;;GORIHUELA;1022295;CERTIFICACION DE OPERARIOS;50;0;50;0;50;;;Servicios;ADJUDICADO;LENOR SRL;MM01;31/12/2026;5/8/2026;10156636;20;1;5/8/2026;5/8/2026;C25;4500134818;20;0379;1;MPITTIA;6/8/2026;31/12/2026;C25;0;;;;;;;;;;;Sin aclaración;En curso;;C25
00379 – VELADERO FASE 8C;1000093162;30;ZPAN;PI 4000007006;;0;;;;GORIHUELA;1022295;JORNADA DE INSPECCION;10;2;10;0;8;5000185253;21/8/2026;Servicios;CUMPLIDO PARCIAL;LENOR SRL;MM01;31/12/2026;5/8/2026;10156636;30;1;5/8/2026;5/8/2026;C25;4500134818;30;0379;1;MPITTIA;6/8/2026;31/12/2026;C25;1;21/8/2026;;;;;;;;;;Sin aclaración;En curso;;C25
00379 – VELADERO FASE 8C;1000093162;40;ZPAN;PI 4000007006;;0;;;;GORIHUELA;1022295;VIATICOS POR JORANDA DE INSPECCION;10;2;10;0;8;5000185253;21/8/2026;Servicios;CUMPLIDO PARCIAL;LENOR SRL;MM01;31/12/2026;5/8/2026;10156636;40;1;5/8/2026;5/8/2026;C25;4500134818;40;0379;1;MPITTIA;6/8/2026;31/12/2026;C25;1;21/8/2026;;;;;;;;;;Sin aclaración;En curso;;C25
00379 – VELADERO FASE 8C;1000093256;10;ZPAN;PI 4000006998 TTE PE;;0;;;;GORIHUELA;1022294;TTE PERSONAL TD 12HS X 35PAX;196;0;196;0;196;;;Servicios;ADJUDICADO;SOTUR SRL;MM01;31/5/2027;6/8/2026;10156777;10;1;6/8/2026;7/8/2026;C25;4500135841;10;0379;2;MPITTIA;18/8/2026;31/5/2027;C25;0;;;;;;;;;;;Sin aclaración;En curso;;C25
00379 – VELADERO FASE 8C;1000093256;20;ZPAN;PI 4000006998 TTE PE;;0;;;;GORIHUELA;1022294;TTE PERSONAL TN 12HS X 35PAX;960;0;960;0;960;;;Servicios;ADJUDICADO;SOTUR SRL;MM01;31/5/2027;6/8/2026;10156777;20;1;6/8/2026;7/8/2026;C25;4500135841;20;0379;2;MPITTIA;18/8/2026;31/5/2027;C25;0;;;;;;;;;;;Sin aclaración;En curso;;C25
00379 – VELADERO FASE 8C;1000093256;30;ZPAN;PI 4000006998 TTE PE;;0;;4;28/8/2026;GORIHUELA;1022294;TTE PERSONAL TD 12HS X 44PAX;120;0;0;120;120;;;Servicios;RESPONDIDO;;MM01;31/5/2027;6/8/2026;10156777;30;1;6/8/2026;6/8/2026;C25;;0;;1;;;;;0;;;;;;;;;;;Sin aclaración;En curso;;C25
00379 – VELADERO FASE 8C;1000093256;40;ZPAN;PI 4000006998 TTE PE;;0;;4;28/8/2026;GORIHUELA;1022294;TTE PERSONAL TN 12HS X 44PAX;120;0;0;120;120;;;Servicios;RESPONDIDO;;MM01;31/5/2027;6/8/2026;10156777;40;1;6/8/2026;6/8/2026;C25;;0;;1;;;;;0;;;;;;;;;;;Sin aclaración;En curso;;C25
00379 – VELADERO FASE 8C;1000093436;10;ZPAN;EPO HUMANA SALUD;;0;;;;GORIHUELA;1022295;EPO PROTOCOLO VELADERO XUN;50;22;50;0;28;5000187564;7/9/2026;Servicios;CUMPLIDO PARCIAL;ALES LOPEZ MARIA SOLEDAD GEMA;MM01;30/9/2026;10/8/2026;10157077;10;1;10/8/2026;11/8/2026;C25;4500137411;10;0379;1;MPITTIA;2/9/2026;30/9/2026;C25;1;7/9/2026;;;;;;;;;;Sin aclaración;En curso - Próximo a vencer;;C25
00379 – VELADERO FASE 8C;1000093538;10;ZPAN;App Mantenimiento y;;0;;;;CBAREA;1042362;APP MANTENIMIENTO Y PD MAQUINARIA;9;1;9;0;8;5000185993;26/8/2026;Servicios;CUMPLIDO PARCIAL;INGEAP S.A.S.;MM01;10/6/2027;12/8/2026;10157230;10;1;12/8/2026;12/8/2026;C26;4500135672;10;0379;1;ALOPEZ;13/8/2026;9/6/2027;C26;1;26/8/2026;;;;;;;;;;Sin aclaración;En curso;;C26
00379 – VELADERO FASE 8C;1000093556;10;ZPAN;CERTIFICACION EQUIPO;;0;;;;CBAREA;1022295;CERTIFICACION DE EQUIPOS;5;0;5;0;5;;;Servicios;ADJUDICADO;SUDAMERICA INSPECTION SERVICES S.R.;MM01;2/9/2026;12/8/2026;10157278;10;1;12/8/2026;12/8/2026;C25;4500135891;10;0379;1;MPITTIA;18/8/2026;2/9/2026;C25;0;;;;;;;;;;;Sin aclaración;Vencido con cant pendiente a recep;;C25
00379 – VELADERO FASE 8C;1000093556;20;ZPAN;CERTIFICACION EQUIPO;;0;;;;CBAREA;1022295;JORNADA DE INSPECCION;1;0;1;0;1;;;Servicios;ADJUDICADO;SUDAMERICA INSPECTION SERVICES S.R.;MM01;2/9/2026;12/8/2026;10157278;20;1;12/8/2026;12/8/2026;C25;4500135891;20;0379;1;MPITTIA;18/8/2026;2/9/2026;C25;0;;;;;;;;;;;Sin aclaración;Vencido con cant pendiente a recep;;C25
00379 – VELADERO FASE 8C;1000093556;30;ZPAN;CERTIFICACION EQUIPO;;0;;;;CBAREA;1022295;VIATICOS POR JORANDA DE INSPECCION;1;0;1;0;1;;;Servicios;ADJUDICADO;SUDAMERICA INSPECTION SERVICES S.R.;MM01;2/9/2026;12/8/2026;10157278;30;1;12/8/2026;12/8/2026;C25;4500135891;30;0379;1;MPITTIA;18/8/2026;2/9/2026;C25;0;;;;;;;;;;;Sin aclaración;Vencido con cant pendiente a recep;;C25
00379 – VELADERO FASE 8C;1000093675;10;ZPAN;CAPACITACION MAQ CGM;;0;;;;GORIHUELA;1022295;CAPACITACION OP EXC.;1;0;1;0;1;;;Servicios;ADJUDICADO;CGM RENTAL S. R. L.;MM01;30/9/2026;13/8/2026;10157449;10;1;13/8/2026;14/8/2026;C25;4500136187;10;0379;1;MPITTIA;20/8/2026;30/9/2026;C25;0;;;;;;;;;;;Sin aclaración;En curso - Próximo a vencer;;C25
00379 – VELADERO FASE 8C;1000093675;20;ZPAN;CAPACITACION MAQ CGM;;0;;;;GORIHUELA;1022295;CAPACITACION OP TOP;1;0;1;0;1;;;Servicios;ADJUDICADO;CGM RENTAL S. R. L.;MM01;30/9/2026;13/8/2026;10157449;20;1;13/8/2026;14/8/2026;C25;4500136187;20;0379;1;MPITTIA;20/8/2026;30/9/2026;C25;0;;;;;;;;;;;Sin aclaración;En curso - Próximo a vencer;;C25
00379 – VELADERO FASE 8C;1000093877;10;ZPAN;PROGRAMACION RADIOS;;0;;;;CBAREA;1022295;PROGRAMACION FRECUENCIA RADIO HANDY;60;0;60;0;60;;;Servicios;ADJUDICADO;ORTEGA SRL;MM01;7/9/2026;18/8/2026;10157760;10;1;18/8/2026;18/8/2026;C07;4500137713;20;0379;1;CBAREA;4/9/2026;23/9/2026;C07;0;;;;;;;;;;;Sin aclaración;En curso - Próximo a vencer;;C07
00379 – VELADERO FASE 8C;1000093882;10;ZPAN;SERVICIO CALIBRACION;;0;;;;CBAREA;1022295;CALIBRACION ACANALADOR;2;2;2;0;0;5000184861;18/8/2026;Servicios;CUMPLIDO;CALINS SA;MM01;7/9/2026;18/8/2026;10157766;10;1;18/8/2026;18/8/2026;C07;4500135939;10;0379;1;CBAREA;18/8/2026;7/9/2026;C07;1;18/8/2026;;;;;;;;;;Sin aclaración;En curso - Próximo a vencer;;C07
00379 – VELADERO FASE 8C;1000093901;10;ZPAN;FORMALIZACION ANDDES;;0;;;;GORIHUELA;1022295;GERENCIA Y CONTROL DE PROYECTO;1;0;1;0;1;;;Servicios;ADJUDICADO;ANDDES ARGENTINA S.A.;MM01;15/9/2026;18/8/2026;10157789;10;1;18/8/2026;18/8/2026;C26;4500136537;10;0379;1;YCOLMAN;24/8/2026;7/9/2026;C26;0;;;;;;;;;;;Sin aclaración;En curso - Próximo a vencer;;C26
00379 – VELADERO FASE 8C;1000093901;20;ZPAN;FORMALIZACION ANDDES;;0;;;;GORIHUELA;1022295;DESARROLLO DE MODELO Y ANALISIS DE ESTAB;1;0;1;0;1;;;Servicios;ADJUDICADO;ANDDES ARGENTINA S.A.;MM01;15/9/2026;18/8/2026;10157789;20;1;18/8/2026;18/8/2026;C26;4500136537;20;0379;1;YCOLMAN;24/8/2026;7/9/2026;C26;0;;;;;;;;;;;Sin aclaración;En curso - Próximo a vencer;;C26
00379 – VELADERO FASE 8C;1000093901;30;ZPAN;FORMALIZACION ANDDES;;0;;;;GORIHUELA;1022295;VERIFICACION DE GEOSINTETICOS;1;0;1;0;1;;;Servicios;ADJUDICADO;ANDDES ARGENTINA S.A.;MM01;15/9/2026;18/8/2026;10157789;30;1;18/8/2026;18/8/2026;C26;4500136537;30;0379;1;YCOLMAN;24/8/2026;7/9/2026;C26;0;;;;;;;;;;;Sin aclaración;En curso - Próximo a vencer;;C26
00379 – VELADERO FASE 8C;1000093901;40;ZPAN;FORMALIZACION ANDDES;;0;;;;GORIHUELA;1022295;ALTERNATIVA CONSTRUCTIVA;1;0;1;0;1;;;Servicios;ADJUDICADO;ANDDES ARGENTINA S.A.;MM01;15/9/2026;18/8/2026;10157789;40;1;18/8/2026;18/8/2026;C26;4500136537;40;0379;1;YCOLMAN;24/8/2026;7/9/2026;C26;0;;;;;;;;;;;Sin aclaración;En curso - Próximo a vencer;;C26
00379 – VELADERO FASE 8C;1000093901;50;ZPAN;FORMALIZACION ANDDES;;0;;;;GORIHUELA;1022295;MEMORANDUM TECNICO FINAL;1;0;1;0;1;;;Servicios;ADJUDICADO;ANDDES ARGENTINA S.A.;MM01;15/9/2026;18/8/2026;10157789;50;1;18/8/2026;18/8/2026;C26;4500136537;50;0379;1;YCOLMAN;24/8/2026;7/9/2026;C26;0;;;;;;;;;;;Sin aclaración;En curso - Próximo a vencer;;C26
00379 – VELADERO FASE 8C;1000093901;60;ZPAN;FORMALIZACION ANDDES;;0;;;;GORIHUELA;1022295;GASTO DE PROYECTO;1;0;1;0;1;;;Servicios;ADJUDICADO;ANDDES ARGENTINA S.A.;MM01;15/9/2026;18/8/2026;10157789;60;1;18/8/2026;18/8/2026;C26;4500136537;60;0379;1;YCOLMAN;24/8/2026;7/9/2026;C26;0;;;;;;;;;;;Sin aclaración;En curso - Próximo a vencer;;C26
00379 – VELADERO FASE 8C;1000093915;10;ZPAN;PI. 4000007026 LASTR;;0;;;;CBAREA;1022295;BASE P/CONT SEGUN PLANO;52;0;52;0;52;;;Servicios;ADJUDICADO;HORMISERV SRL;MM01;21/9/2026;18/8/2026;10157803;10;1;18/8/2026;18/8/2026;C18;4500136242;10;0379;1;JESPARZA;20/8/2026;18/9/2026;C18;0;;;;;;;;;;;Sin aclaración;En curso - Próximo a vencer;;C18
00379 – VELADERO FASE 8C;1000093990;10;ZPAN;TTE mosq y semis;;0;;;;GORIHUELA;1022295;SS TTE MOSQUITO ROS-SAN JUAN;1;1;1;0;0;5000185892;26/8/2026;Servicios;CUMPLIDO;TRANSPORTE BIANCHI SRL;MM01;15/9/2026;19/8/2026;10157954;10;1;19/8/2026;19/8/2026;C15;4500136373;10;0379;1;GDIAZ;21/8/2026;15/9/2026;C15;1;26/8/2026;;;;;;;;;;Sin aclaración;En curso - Próximo a vencer;;C15
00379 – VELADERO FASE 8C;1000093990;20;ZPAN;TTE mosq y semis;;0;;;;GORIHUELA;1022295;SS TTE SEMIS 14.5 MTS ROS-SAN JUAN;4;0;4;0;4;;;Servicios;ADJUDICADO;RIGATOSSO ESTEBAN E HIJOS S.A.;MM01;15/9/2026;19/8/2026;10157954;20;1;19/8/2026;19/8/2026;C15;4500136767;10;0379;1;GDIAZ;26/8/2026;15/9/2026;C15;0;;;;;;;;;;;Sin aclaración;En curso - Próximo a vencer;;C15
00379 – VELADERO FASE 8C;1000094142;10;ZPAN;MANT. EXTINTORES;;0;;;;CBAREA;1022295;VÁLVULA DE DESCARGA POLVO / AGUA VP4;100;9;100;0;91;5000187316;4/9/2026;Servicios;CUMPLIDO PARCIAL;UNSERE SAS;MM01;10/9/2026;21/8/2026;10158249;10;1;21/8/2026;24/8/2026;C25;4500137061;10;0379;1;MPITTIA;31/8/2026;10/9/2026;C25;3;4/9/2026;;;;;;;;;;Sin aclaración;En curso - Próximo a vencer;;C25
00379 – VELADERO FASE 8C;1000094142;20;ZPAN;MANT. EXTINTORES;;0;;;;CBAREA;1022295;PRUEBA HIDRÁULICA CILINDRO BAJA PRESIÓN;100;37;100;0;63;5000187316;4/9/2026;Servicios;CUMPLIDO PARCIAL;UNSERE SAS;MM01;10/9/2026;21/8/2026;10158249;20;1;21/8/2026;24/8/2026;C25;4500137061;20;0379;1;MPITTIA;31/8/2026;10/9/2026;C25;3;4/9/2026;;;;;;;;;;Sin aclaración;En curso - Próximo a vencer;;C25
00379 – VELADERO FASE 8C;1000094200;10;ZPAN;PROG. RADIO BASE;;0;;;;CBAREA;1022295;Licencia programada;1;1;1;0;0;5000186015;26/8/2026;Servicios;CUMPLIDO;ORTEGA SRL;MM01;11/9/2026;24/8/2026;10158320;10;1;24/8/2026;24/8/2026;C07;4500136620;10;0379;1;CBAREA;25/8/2026;11/9/2026;C07;1;26/8/2026;;;;;;;;;;Sin aclaración;En curso - Próximo a vencer;;C07
00379 – VELADERO FASE 8C;1000094200;20;ZPAN;PROG. RADIO BASE;;0;;;;CBAREA;1022295;Programaciones radios;31;31;31;0;0;5000186015;26/8/2026;Servicios;CUMPLIDO;ORTEGA SRL;MM01;11/9/2026;24/8/2026;10158320;20;1;24/8/2026;24/8/2026;C07;4500136620;20;0379;1;CBAREA;25/8/2026;11/9/2026;C07;1;26/8/2026;;;;;;;;;;Sin aclaración;En curso - Próximo a vencer;;C07
00379 – VELADERO FASE 8C;1000094211;10;ZPAN;POLIZA TRC Y RC;;0;;;;NLAFORNARO;1012960;POLIZA CAR VELADERO FASE 8 C;1;0;0;1;0;;;Servicios;SIN TRATAMIENTO;;MM01;11/9/2026;24/8/2026;10158343;10;1;24/8/2026;24/8/2026;C16;;0;;0;;;;;0;;;;;;;;;;;Sin aclaración;En curso - Próximo a vencer;;C16
00379 – VELADERO FASE 8C;1000094211;20;ZPAN;POLIZA TRC Y RC;;0;;;;NLAFORNARO;1012957;POLIZA RC VELADERO;1;0;0;1;0;;;Servicios;SIN TRATAMIENTO;;MM01;11/9/2026;24/8/2026;10158343;20;1;24/8/2026;24/8/2026;C16;;0;;0;;;;;0;;;;;;;;;;;Sin aclaración;En curso - Próximo a vencer;;C16
00379 – VELADERO FASE 8C;1000094229;10;ZPAN;SS baños quimicos ca;;0;;;;CBAREA;1022295;ALQ. BAÑO QUIMICO X UN X MES;2;0;2;0;2;;;Servicios;ADJUDICADO;GONZALEZ SANCHEZ LEONARDO ISMAEL;MM01;17/10/2026;24/8/2026;10158359;10;1;24/8/2026;24/8/2026;C25;4500137490;10;0379;1;MPITTIA;3/9/2026;17/10/2026;C25;0;;;;;;;;;;;Sin aclaración;En curso - Próximo a vencer;;C25
00379 – VELADERO FASE 8C;1000094229;20;ZPAN;SS baños quimicos ca;;0;;;;CBAREA;1022295;LIMPIEZA BAÑOS QUIMICOS X UN;64;0;64;0;64;;;Servicios;ADJUDICADO;GONZALEZ SANCHEZ LEONARDO ISMAEL;MM01;17/10/2026;24/8/2026;10158359;20;1;24/8/2026;24/8/2026;C25;4500137490;20;0379;1;MPITTIA;3/9/2026;17/10/2026;C25;0;;;;;;;;;;;Sin aclaración;En curso - Próximo a vencer;;C25
00379 – VELADERO FASE 8C;1000094256;10;ZPAN;NEW JERSEY Hº;;0;;;;CBAREA;1022295;NEW JERSEY HORMIGON PREM x 1 mt. long.;75;0;75;0;75;;;Servicios;ADJUDICADO;PREAR MINING SAS;MM01;30/9/2026;24/8/2026;10158382;10;1;24/8/2026;24/8/2026;C18;4500136879;10;0379;2;JESPARZA;27/8/2026;14/9/2026;C18;0;;;;;;;;;;;Sin aclaración;En curso - Próximo a vencer;;C18
00379 – VELADERO FASE 8C;1000094275;10;ZPAN;PROG. RADIO BASE;;0;;;;CBAREA;1022295;Programaciones radios;36;36;36;0;0;5000186012;26/8/2026;Servicios;CUMPLIDO;ORTEGA SRL;MM01;11/9/2026;24/8/2026;10158409;10;1;24/8/2026;24/8/2026;C07;4500136611;10;0379;1;CBAREA;25/8/2026;11/9/2026;C07;1;26/8/2026;;;;;;;;;;Sin aclaración;En curso - Próximo a vencer;;C07
00379 – VELADERO FASE 8C;1000094275;20;ZPAN;PROG. RADIO BASE;;0;;;;CBAREA;1022295;Licencia programada;2;2;2;0;0;5000186012;26/8/2026;Servicios;CUMPLIDO;ORTEGA SRL;MM01;11/9/2026;24/8/2026;10158409;20;1;24/8/2026;24/8/2026;C07;4500136611;20;0379;1;CBAREA;25/8/2026;11/9/2026;C07;1;26/8/2026;;;;;;;;;;Sin aclaración;En curso - Próximo a vencer;;C07
00379 – VELADERO FASE 8C;1000094301;10;ZPAN;MEDICION PUESTA TIER;;0;;;;CBAREA;1022295;MEDICION PUESTA A TIERRA PAT;1;0;0;1;0;;;Servicios;SIN TRATAMIENTO;;MM01;14/9/2026;25/8/2026;10158456;10;1;25/8/2026;25/8/2026;C25;;0;;0;;;;;0;;;;;;;;;;;Sin aclaración;En curso - Próximo a vencer;;C25
00379 – VELADERO FASE 8C;1000094305;10;ZPAN;BASES ESTANTERIAS;;0;;;;CBAREA;1022295;BASES Hº 45 x 45 x 30 cm;30;0;30;0;30;;;Servicios;ADJUDICADO;HORMISERV SRL;MM01;14/9/2026;25/8/2026;10158459;10;1;25/8/2026;25/8/2026;C18;4500136957;10;0379;1;JESPARZA;28/8/2026;11/9/2026;C18;0;;;;;;;;;;;Sin aclaración;En curso - Próximo a vencer;;C18
00379 – VELADERO FASE 8C;1000094331;10;ZPAN;4000006962 ALQ. IMPR;;0;;;;CBAREA;1022294;ALQ. IMPRESORA MULTIFUNC. B/N x DIA;270;0;270;0;270;;;Servicios;ADJUDICADO;TECNICA Y SISTEMAS SRL;MM01;31/5/2027;25/8/2026;10158497;10;1;25/8/2026;25/8/2026;C25;4500137112;10;0379;1;MPITTIA;31/8/2026;31/5/2027;C25;0;;;;;;;;;;;Sin aclaración;En curso;;C25
00379 – VELADERO FASE 8C;1000094331;20;ZPAN;4000006962 ALQ. IMPR;;0;;;;CBAREA;1022294;ALQ. IMPRESORA MULTIFUNC. COLOR X DIA;270;0;270;0;270;;;Servicios;ADJUDICADO;TECNICA Y SISTEMAS SRL;MM01;31/5/2027;25/8/2026;10158497;20;1;25/8/2026;25/8/2026;C25;4500137112;20;0379;1;MPITTIA;31/8/2026;31/5/2027;C25;0;;;;;;;;;;;Sin aclaración;En curso;;C25
00379 – VELADERO FASE 8C;1000094331;30;ZPAN;4000006962 ALQ. IMPR;;0;;;;CBAREA;1022295;COPIAS EXCEDENTES BYN X UN;20000;0;20000;0;20000;;;Servicios;ADJUDICADO;TECNICA Y SISTEMAS SRL;MM01;31/5/2027;25/8/2026;10158497;30;1;25/8/2026;25/8/2026;C25;4500137112;30;0379;1;MPITTIA;31/8/2026;31/5/2027;C25;0;;;;;;;;;;;Sin aclaración;En curso;;C25
00379 – VELADERO FASE 8C;1000094331;40;ZPAN;4000006962 ALQ. IMPR;;0;;;;CBAREA;1022295;COPIAS EXCEDENTES COLOR X UN;10000;0;10000;0;10000;;;Servicios;ADJUDICADO;TECNICA Y SISTEMAS SRL;MM01;31/5/2027;25/8/2026;10158497;40;1;25/8/2026;25/8/2026;C25;4500137112;40;0379;1;MPITTIA;31/8/2026;31/5/2027;C25;0;;;;;;;;;;;Sin aclaración;En curso;;C25
00379 – VELADERO FASE 8C;1000094356;10;ZPAN;TRANSPORTE P/PRUEBAS;;0;;;;CBAREA;1022296;TRANSP. PERSONAL JACHAL/IGLESIA/SAN JUAN;1;1;1;0;0;5000186111;27/8/2026;Servicios;CUMPLIDO;PAP S.R.L.;MM01;15/9/2026;26/8/2026;10158526;10;1;26/8/2026;26/8/2026;C07;4500136759;10;0379;1;CBAREA;26/8/2026;15/9/2026;C07;1;27/8/2026;;;;;;;;;;Sin aclaración;En curso - Próximo a vencer;;C07
00379 – VELADERO FASE 8C;1000094433;10;ZPAN;ENSAYOS;;0;;;;CBAREA;1022295;ENSAYO ABA XUN C/MOLIENDA;3;0;3;0;3;;;Servicios;ADJUDICADO;GRUPO INDUSER SRL;MM01;16/9/2026;27/8/2026;10158719;10;1;27/8/2026;27/8/2026;C20;4500137475;10;0379;1;JPUPULIN;2/9/2026;6/9/2026;C20;0;;;;;;;;;;;Sin aclaración;En curso - Próximo a vencer;;C20
00379 – VELADERO FASE 8C;1000094433;20;ZPAN;ENSAYOS;;0;;;;CBAREA;1022295;ENSAYO NAG XUN C/MOLIENDA;3;0;3;0;3;;;Servicios;ADJUDICADO;GRUPO INDUSER SRL;MM01;16/9/2026;27/8/2026;10158719;20;1;27/8/2026;27/8/2026;C20;4500137475;20;0379;1;JPUPULIN;2/9/2026;6/9/2026;C20;0;;;;;;;;;;;Sin aclaración;En curso - Próximo a vencer;;C20
00379 – VELADERO FASE 8C;1000094437;10;ZPAN;ENSAYOS;;0;;;;CBAREA;1022295;ENSAYO PERMEABILIDAD;8;0;8;0;8;;;Servicios;ADJUDICADO;AOSA SA;MM01;16/9/2026;27/8/2026;10158726;10;1;27/8/2026;27/8/2026;C20;4500137476;10;0379;1;JPUPULIN;2/9/2026;6/9/2026;C20;0;;;;;;;;;;;Sin aclaración;En curso - Próximo a vencer;;C20
00379 – VELADERO FASE 8C;1000094495;10;ZPAN;FLETE PREAR;;0;;;;CBAREA;1012974;FLETE SEMIRREMOLQUE MZA/VELADERO;4;0;4;0;4;;;Servicios;ADJUDICADO;GINER SAS;MM01;17/9/2026;28/8/2026;10158782;10;1;28/8/2026;28/8/2026;C15;4500137604;10;0379;1;GDIAZ;3/9/2026;17/9/2026;C15;0;;;;;;;;;;;Sin aclaración;En curso - Próximo a vencer;;C15
00379 – VELADERO FASE 8C;1000094495;20;ZPAN;FLETE PREAR;;0;;;;CBAREA;1012974;FLETE SEMIRREMOLQUE SAN JUAN/VELADERO;15;0;15;0;15;;;Servicios;ADJUDICADO;GINER SAS;MM01;17/9/2026;28/8/2026;10158782;20;1;28/8/2026;28/8/2026;C15;4500137604;20;0379;1;GDIAZ;3/9/2026;17/9/2026;C15;0;;;;;;;;;;;Sin aclaración;En curso - Próximo a vencer;;C15
00379 – VELADERO FASE 8C;1000094495;30;ZPAN;FLETE PREAR;;0;;;;CBAREA;1012974;FLETE SEMIRREMOLQUE SAN JUAN/VELADERO;3;0;3;0;3;;;Servicios;ADJUDICADO;V.MASSON TRAP.CRUZ DEL SUR SA;MM01;17/9/2026;28/8/2026;10158782;30;1;28/8/2026;28/8/2026;C15;4500137608;30;0379;1;GDIAZ;3/9/2026;17/9/2026;C15;0;;;;;;;;;;;Sin aclaración;En curso - Próximo a vencer;;C15
00379 – VELADERO FASE 8C;1000094495;40;ZPAN;FLETE PREAR;;0;;;;CBAREA;1012974;FLETE SEMIRREMOLQUE SAN JUAN/VELADERO;2;0;0;2;0;;;Servicios;SIN TRATAMIENTO;;MM01;17/9/2026;28/8/2026;10158782;40;1;28/8/2026;28/8/2026;C15;;0;;0;;;;;0;;;;;;;;;;;Sin aclaración;En curso - Próximo a vencer;;C15
00379 – VELADERO FASE 8C;1000094504;10;ZPAN;Recarga KIT3 Jawit;;0;;;;CBAREA;1022295;RECARGA INTERNET X 50GB;4;0;4;0;4;;;Servicios;ADJUDICADO;JAWIT S.A.;MM01;17/9/2026;28/8/2026;10158810;10;1;28/8/2026;28/8/2026;C25;4500137698;10;0379;1;MPITTIA;4/9/2026;17/9/2026;C25;0;;;;;;;;;;;Sin aclaración;En curso - Próximo a vencer;;C25
00379 – VELADERO FASE 8C;1000094538;10;ZPAN;EPO INICIALES;;0;;;;CBAREA;1022295;Electroencefalogramas;50;50;50;0;0;5000186863;2/9/2026;Servicios;CUMPLIDO;REHABILITAR SAN JUAN SRL;MM01;17/9/2026;28/8/2026;10158881;10;1;28/8/2026;28/8/2026;C25;4500137404;10;0379;1;MPITTIA;2/9/2026;17/9/2026;C25;1;2/9/2026;;;;;;;;;;Sin aclaración;En curso - Próximo a vencer;;C25
00379 – VELADERO FASE 8C;1000094602;10;ZPAN;DES. SOFTWARE CV;;0;;;;GORIHUELA;1022295;MANTENIMIENTO MENSUAL DEL SOFTWARE;6;0;0;6;0;;;Servicios;SIN TRATAMIENTO;;MM01;15/3/2027;31/8/2026;10158957;10;1;31/8/2026;31/8/2026;C25;;0;;0;;;;;0;;;;;;;;;;;Sin aclaración;En curso;;C25
00379 – VELADERO FASE 8C;1000094602;20;ZPAN;DES. SOFTWARE CV;;0;;;;GORIHUELA;1022295;PROCESAMIENTO CVS HASTA 2OO;6;0;0;6;0;;;Servicios;SIN TRATAMIENTO;;MM01;15/3/2027;31/8/2026;10158957;20;1;31/8/2026;31/8/2026;C25;;0;;0;;;;;0;;;;;;;;;;;Sin aclaración;En curso;;C25
00379 – VELADERO FASE 8C;1000094666;10;ZPAN;PROG. RADIO BASE;;0;;;;CBAREA;1022295;Programacion radios base;5;5;5;0;0;5000186738;1/9/2026;Servicios;CUMPLIDO;ORTEGA SRL;MM01;18/9/2026;31/8/2026;10159030;10;1;31/8/2026;1/9/2026;C07;4500137296;10;0379;1;CBAREA;1/9/2026;18/9/2026;C07;1;1/9/2026;;;;;;;;;;Sin aclaración;En curso - Próximo a vencer;;C07
00379 – VELADERO FASE 8C;1000094666;20;ZPAN;PROG. RADIO BASE;;0;;;;CBAREA;1022295;Licencia programada;1;1;1;0;0;5000186738;1/9/2026;Servicios;CUMPLIDO;ORTEGA SRL;MM01;18/9/2026;31/8/2026;10159030;20;1;31/8/2026;1/9/2026;C07;4500137296;20;0379;1;CBAREA;1/9/2026;18/9/2026;C07;1;1/9/2026;;;;;;;;;;Sin aclaración;En curso - Próximo a vencer;;C07
00379 – VELADERO FASE 8C;1000094801;10;ZPAN;FLETE GASES A SEDE;;0;;;;CBAREA;1022296;FLETE GASES A SEDE MINERIA;10;0;0;10;0;;;Servicios;SIN TRATAMIENTO;;MM01;23/9/2026;3/9/2026;10159301;10;1;3/9/2026;3/9/2026;C25;;0;;0;;;;;0;;;;;;;;;;;Sin aclaración;En curso - Próximo a vencer;;C25
00379 – VELADERO FASE 8C;1000094836;10;ZPAN;LICENCIA HANDY;;0;;;;CBAREA;1022295;LICENCIA LCP HANDY;8;0;8;0;8;;;Servicios;ADJUDICADO;ORTEGA SRL;MM01;23/9/2026;3/9/2026;10159340;10;1;3/9/2026;3/9/2026;C07;4500137713;10;0379;1;CBAREA;4/9/2026;23/9/2026;C07;0;;;;;;;;;;;Sin aclaración;En curso - Próximo a vencer;;C07
00379 – VELADERO FASE 8C;1000094905;10;ZPAN;PROGRAMACION RADIOS;;0;;;;CBAREA;1022295;Programaciones radios;4;0;4;0;4;;;Servicios;ADJUDICADO;ORTEGA SRL;MM01;24/9/2026;4/9/2026;10159444;10;1;4/9/2026;4/9/2026;C07;4500137762;10;0379;1;CBAREA;4/9/2026;24/9/2026;C07;0;;;;;;;;;;;Sin aclaración;En curso - Próximo a vencer;;C07
00379 – VELADERO FASE 8C;1000094905;20;ZPAN;PROGRAMACION RADIOS;;0;;;;CBAREA;1022295;Licencia programada LCP;2;0;2;0;2;;;Servicios;ADJUDICADO;ORTEGA SRL;MM01;24/9/2026;4/9/2026;10159444;20;1;4/9/2026;4/9/2026;C07;4500137762;20;0379;1;CBAREA;4/9/2026;24/9/2026;C07;0;;;;;;;;;;;Sin aclaración;En curso - Próximo a vencer;;C07
00379 – VELADERO FASE 8C;1000094915;10;ZPAN;CHEQUEO DE RADIOS;;0;;;;CBAREA;1022295;CHEQUEO/FUNCIONAMIENTO GPS RADIOS;40;0;40;0;40;;;Servicios;ADJUDICADO;ORTEGA SRL;MM01;24/9/2026;4/9/2026;10159464;10;1;4/9/2026;4/9/2026;C07;4500137767;10;0379;1;CBAREA;4/9/2026;24/9/2026;C07;0;;;;;;;;;;;Sin aclaración;En curso - Próximo a vencer;;C07
00379 – VELADERO FASE 8C;1000094917;10;ZPAN;MANT. EXTINTORES;;0;;;;CBAREA;1022295;MANGUERA PARA EXTINTOR POLVO 10 KILOS;50;0;0;50;0;;;Servicios;SIN TRATAMIENTO;;MM01;24/9/2026;4/9/2026;10159467;10;1;4/9/2026;4/9/2026;C25;;0;;0;;;;;0;;;;;;;;;;;Sin aclaración;En curso - Próximo a vencer;;C25
00379 – VELADERO FASE 8C;1000094917;20;ZPAN;MANT. EXTINTORES;;0;;;;CBAREA;1022295;VÁLVULA DE DESCARGA POLVO VP1;20;0;0;20;0;;;Servicios;SIN TRATAMIENTO;;MM01;24/9/2026;4/9/2026;10159467;20;1;4/9/2026;4/9/2026;C25;;0;;0;;;;;0;;;;;;;;;;;Sin aclaración;En curso - Próximo a vencer;;C25
00314 CASA Olavarría;4000006931;10;ZPIN;Flete cubiertas R35;;0;;;;ANAVARRO;1012978;FLETE CARRETON XVIAJE;1;0;0;1;0;;;Servicios;SIN TRATAMIENTO;;MM01;6/7/2026;29/6/2026;10153528;10;1;29/6/2026;1/7/2026;C15;;0;;0;;;;;0;;2;0;0;0;0;0;0;0;0;Sin aclaración;Pedido de Info;;C15
00314 CASA Olavarría;4000006931;20;ZPIN;Flete cubiertas R35;;0;;;;ANAVARRO;1012973;FLETE SEMIRREMOLQUE 13,5MT XVIAJE;1;0;0;1;0;;;Servicios;SIN TRATAMIENTO;;MM01;6/7/2026;29/6/2026;10153528;20;1;29/6/2026;1/7/2026;C15;;0;;0;;;;;0;;2;0;0;0;0;0;0;0;0;Sin aclaración;Pedido de Info;;C15
00314 CASA Olavarría;4000006932;10;ZPIN;alquileres para cubi;;0;;4;20/7/2026;ANAVARRO;1042110;ALQUILER MANITOU;1;0;0;1;0;;;Servicios;RESPONDIDO;;MM01;21/7/2026;29/6/2026;10153539;10;1;29/6/2026;29/6/2026;C04;;0;;0;;;;;0;;0;0;0;0;0;0;0;0;0;Sin aclaración;Pedido de Info;;C04
00314 CASA Olavarría;4000006932;20;ZPIN;alquileres para cubi;;0;;4;1/7/2026;ANAVARRO;1042110;ALQUILER CONTENEDOR 12 MT TIPO MARITIMO;1;0;0;1;0;;;Servicios;RESPONDIDO;;MM01;6/7/2026;29/6/2026;10153539;20;1;29/6/2026;29/6/2026;C04;;0;;0;;;;;0;;0;0;0;0;0;0;0;0;0;Sin aclaración;Pedido de Info;;C04
00035 CASA SAN LUIS-MM;4000007010;10;ZPIN;04 - SERVICIO FLETE;;0;;;;FALBARELLOS;1012981;SERVICIO FLETE DE PALLETS SL-LA CALERA;54;0;0;54;0;;;Servicios;SIN TRATAMIENTO;;MM01;22/8/2026;22/7/2026;10155407;10;1;22/7/2026;23/7/2026;C15;;0;;0;;;;;0;;1;0;0;0;0;0;0;0;0;Sin aclaración;Pedido de Info;;C15
00379 – VELADERO FASE 8C;4000007091;10;ZPIN;SERVICIO AMBULANCIA;;0;;;;CBAREA;1022295;Serv. Ambulancia Tudcum-San Juan;10;0;0;10;0;;;Servicios;SIN TRATAMIENTO;;MM01;28/8/2026;19/8/2026;10157834;10;1;19/8/2026;19/8/2026;C25;;0;;0;;;;;0;;0;0;0;0;0;0;0;0;0;Sin aclaración;Pedido de Info;;C25
00379 – VELADERO FASE 8C;4000007091;20;ZPIN;SERVICIO AMBULANCIA;;0;;;;CBAREA;1022295;Serv. Ambulancia Tudcum-Jachal;10;0;0;10;0;;;Servicios;SIN TRATAMIENTO;;MM01;28/8/2026;19/8/2026;10157834;20;1;19/8/2026;19/8/2026;C25;;0;;0;;;;;0;;0;0;0;0;0;0;0;0;0;Sin aclaración;Pedido de Info;;C25
00378 YPF – Oleoducto Cnel. Pringle;4000007102;10;ZPIN;COMPACTACIÓN CRUCE R;;2;;1;31/8/2026;JPIEDRABUENA;1042106;SUBC. PAVIMENTACIÓN ASFALTICA;1;0;0;1;0;;;Servicios;INCOMPLETO;;MR01;9/9/2026;22/8/2026;10158271;10;1;22/8/2026;22/8/2026;C26;;0;;0;;;;;0;;0;0;0;0;0;0;0;0;0;Sin aclaración;Pedido de Info;;C26
00379 – VELADERO FASE 8C;4000007111;10;ZPIN;MEDICO LABORAL;;0;;;;CBAREA;1022295;SERVICIO DE MEDICO LABORAL x MES;8;0;0;8;0;;;Servicios;SIN TRATAMIENTO;;MM01;3/9/2026;26/8/2026;10158601;10;1;26/8/2026;26/8/2026;C25;;0;;0;;;;;0;;0;0;0;0;0;0;0;0;0;Sin aclaración;Pedido de Info;;C25
00379 – VELADERO FASE 8C;4000007111;20;ZPIN;MEDICO LABORAL;;0;;;;CBAREA;1022295;SUBIDA DE MEDICO A VELADERO;8;0;0;8;0;;;Servicios;SIN TRATAMIENTO;;MM01;3/9/2026;26/8/2026;10158601;20;1;26/8/2026;26/8/2026;C25;;0;;0;;;;;0;;0;0;0;0;0;0;0;0;0;Sin aclaración;Pedido de Info;;C25
00377-YPF 3° loop;4000007114;10;ZPIN;PI ESTUDIOS MEDICOS;;0;;;;RTELLO;1013130;EXAMEN PREOCUPACIONAL BASICO XUN;1;0;0;1;0;;;Servicios;SIN TRATAMIENTO;;MR01;18/9/2026;28/8/2026;10158831;10;1;28/8/2026;28/8/2026;C25;;0;;0;;;;;0;;0;0;0;0;0;0;0;0;0;Sin aclaración;Pedido de Info;;C25
00377-YPF 3° loop;4000007114;20;ZPIN;PI ESTUDIOS MEDICOS;;0;;;;RTELLO;1013131;CLINICA PARA INTERCONSULTAS S DETALLE;1;0;0;1;0;;;Servicios;SIN TRATAMIENTO;;MR01;18/9/2026;28/8/2026;10158831;20;1;28/8/2026;28/8/2026;C25;;0;;0;;;;;0;;0;0;0;0;0;0;0;0;0;Sin aclaración;Pedido de Info;;C25
00377-YPF 3° loop;4000007114;30;ZPIN;PI ESTUDIOS MEDICOS;;0;;;;RTELLO;1013131;CLINICA PARA ATENCION PRIMARIA;1;0;0;1;0;;;Servicios;SIN TRATAMIENTO;;MR01;18/9/2026;28/8/2026;10158831;30;1;28/8/2026;28/8/2026;C25;;0;;0;;;;;0;;0;0;0;0;0;0;0;0;0;Sin aclaración;Pedido de Info;;C25
00374 TERMINAL PUNTA COLORADA;4000007115;10;ZPIN;04 - Representacion;;0;;;;DSUAREZ;1035446;REPRESENTACION TECNICA;5;0;0;5;0;;;Servicios;SIN TRATAMIENTO;;MR01;4/9/2026;28/8/2026;10158835;10;1;28/8/2026;29/8/2026;C25;;0;;0;;;;;0;;1;0;0;0;0;0;0;0;0;Sin aclaración;Pedido de Info;;C25
00374 TERMINAL PUNTA COLORADA;4000007122;10;ZPIN;Recotizacion Viandas;;0;;;;DSUAREZ;1013116;VIANDA ALMUERZO PUESTA EN OBRA XUN;72000;0;0;72000;0;;;Servicios;SIN TRATAMIENTO;;MR01;14/9/2026;3/9/2026;10159299;10;1;3/9/2026;3/9/2026;C25;;0;;0;;;;;0;;0;0;0;0;0;0;0;0;0;Sin aclaración;Pedido de Info;;C25
00379 – VELADERO FASE 8C;4000007123;10;ZPIN;CANCELACION OC. T&S;;0;;;;CBAREA;1022294;CANCELAR ALQ. IMPRESORA COLOR x dia;30;0;0;30;0;;;Servicios;SIN TRATAMIENTO;;MM01;11/9/2026;3/9/2026;10159329;10;1;3/9/2026;3/9/2026;C25;;0;;0;;;;;0;;0;0;0;0;0;0;0;0;0;Sin aclaración;Pedido de Info;;C25
00374 TERMINAL PUNTA COLORADA;4000007126;10;ZPIN;PM SSyMA Mediciones;;0;;;;DSUAREZ;1036630;MEDICIÓN ILUMINACIÓN;9;0;0;9;0;;;Servicios;SIN TRATAMIENTO;;MR01;10/9/2026;3/9/2026;10159344;10;1;3/9/2026;3/9/2026;C24;;0;;0;;;;;0;;0;0;0;0;0;0;0;0;0;Sin aclaración;Pedido de Info;;C24
00374 TERMINAL PUNTA COLORADA;4000007126;20;ZPIN;PM SSyMA Mediciones;;0;;;;DSUAREZ;1036630;MEDICIÓN RUIDO Y VIBRACIÓN;3;0;0;3;0;;;Servicios;SIN TRATAMIENTO;;MR01;10/9/2026;3/9/2026;10159344;20;1;3/9/2026;3/9/2026;C24;;0;;0;;;;;0;;0;0;0;0;0;0;0;0;0;Sin aclaración;Pedido de Info;;C24
00374 TERMINAL PUNTA COLORADA;4000007126;30;ZPIN;PM SSyMA Mediciones;;0;;;;DSUAREZ;1036630;MEDICIÓN PROYECCIÓN DE PARTÍCULAS;3;0;0;3;0;;;Servicios;SIN TRATAMIENTO;;MR01;10/9/2026;3/9/2026;10159344;30;1;3/9/2026;3/9/2026;C24;;0;;0;;;;;0;;0;0;0;0;0;0;0;0;0;Sin aclaración;Pedido de Info;;C24
00374 TERMINAL PUNTA COLORADA;4000007126;40;ZPIN;PM SSyMA Mediciones;;0;;;;DSUAREZ;1036630;MEDICIÓN ERGONOMÍA;3;0;0;3;0;;;Servicios;SIN TRATAMIENTO;;MR01;10/9/2026;3/9/2026;10159344;40;1;3/9/2026;3/9/2026;C24;;0;;0;;;;;0;;0;0;0;0;0;0;0;0;0;Sin aclaración;Pedido de Info;;C24
00374 TERMINAL PUNTA COLORADA;4000007126;50;ZPIN;PM SSyMA Mediciones;;0;;;;DSUAREZ;1036630;MEDICIÓN CONTACTO TERMICO;1;0;0;1;0;;;Servicios;SIN TRATAMIENTO;;MR01;10/9/2026;3/9/2026;10159344;50;1;3/9/2026;3/9/2026;C24;;0;;0;;;;;0;;0;0;0;0;0;0;0;0;0;Sin aclaración;Pedido de Info;;C24
00374 TERMINAL PUNTA COLORADA;4000007126;60;ZPIN;PM SSyMA Mediciones;;0;;;;DSUAREZ;1022295;LOGISTICA/VIATICOS;1;0;0;1;0;;;Servicios;SIN TRATAMIENTO;;MR01;10/9/2026;3/9/2026;10159344;60;1;3/9/2026;3/9/2026;C25;;0;;0;;;;;0;;0;0;0;0;0;0;0;0;0;Sin aclaración;Pedido de Info;;C25
