Cliente;Material;Tipo material;Texto breve de material;Nombre Fabricante;Numero Pieza de Fabricante;Centro área pl.nec.;Almacén;Caract.planif.nec.;Punto de pedido;Stock alm.máx.;Grupo de compras;Denominación GrpComp;Rubro;SubRubro;Unidad de peso;TIPO DOC;ESTADO ITEM;NRO. VA01/VA21;NRO. OC;FECHA RECEPCION;FECHA PICKING;FECHA CONTABILIZACION VL;FECHA ENTREGA ESPERADA;FECHA DE EMISION NECESIDAD;GRUPO DE COMPRA OC;NRO. SOLPED
00223 Comp Amb Santa Fe;1002087;ZSTO;TRAJE DE LLUVIA T.XL;;;MR01;223;V1;2;5;C28;SEGURIDAD/ROPA/EPP;ROPA;INDUMENTARIA;KG;ZPAS;DESPACHADO;1000093873;;;19/8/2026;2/9/2026;7/9/2026;18/8/2026;;
00223 Comp Amb Santa Fe;1001949;ZSTO;CANDADO 30MM XUN;;;MR01;223;V1;2;5;C27;FERRETERIA MR01;FERRETERIA;ACCESORIOS;KG;ZPAS;DESPACHADO;1000093873;;;19/8/2026;2/9/2026;7/9/2026;18/8/2026;;
00223 Comp Amb Santa Fe;1001757;ZSTO;BOTIN MARRON/NEGRO FLOR P.ACERO N 41;CONWORK // BORIS // VORAN // CALZADOS A // // //;53BAF // 3305 T41 // CRONOS N T41 // ESCORPIO PRUS 1050 T41 // RINGO MOD BOLT TALLE 41 // RINGO-MOD PUNCH TALLE 41 // SKIWAY MOD. 3243 T41;MR01;223;V1;1;2;C28;SEGURIDAD/ROPA/EPP;SEGURIDAD;CALZADO;KG;ZPAS;DESPACHADO;1000094543;;;31/8/2026;2/9/2026;17/9/2026;28/8/2026;;
00223 Comp Amb Santa Fe;1002901;ZSTO;FILTRO ACEITE;FLEETGUARD // DONALDSON // KOMATSU HO;LF9009 // P553000 // 6742014540;MR01;223;V1;1;2;F03;FILTRO ACEITE;FILTROS;VW 31-320 - 19360;KG;ZPAS;DESPACHADO;1000094595;;;31/8/2026;2/9/2026;18/9/2026;31/8/2026;;
00223 Comp Amb Santa Fe;1003138;ZSTO;FILTRO DE COMBUSTIBLE;KOMATSU HO // KOMATSU HO;6003193750 // 6003113750;MR01;223;V1;1;2;F06;FILTRO COMBUSTIBLE;FILTROS;KOMATSU PC 200-8;KG;ZPAS;DESPACHADO;1000094595;;;31/8/2026;2/9/2026;18/9/2026;31/8/2026;;
00223 Comp Amb Santa Fe;1016537;ZSTO;KIT FILTRO DE AIRE PRIMARIO Y SECUNDARIO;KOMATSU HO // DARMET;6001855100 // VP-3722 + VP-3723;MR01;223;V1;1;2;F04;FILTRO AIRE;FILTROS;PC2000;KG;ZPAS;DESPACHADO;1000094595;;;31/8/2026;2/9/2026;18/9/2026;31/8/2026;;
00314 CASA Olavarría;1049047;ZSTO;PLACA AGARRE DE PUNTA MARTILLO;;B36410142;MM01;26;V1;1;3;C03;EQUIPOS;REPUESTOS;DAEMO;KG;ZPAN;ADJUDICADO;1000089735;4500129943;;;;22/6/2026;5/6/2026;C03;10151806
00314 CASA Olavarría;1016262;ZSTO;Filtro Aire de Unidad Compresora Exterio;ATLAS COPC;2653 3762 08;MM01;26;V1;1;2;F04;FILTRO AIRE;FILTROS;PERFORADORA ATLAS T45-12;KG;ZPAS;SIN TRATAMIENTO;1000092816;;;;;12/9/2026;30/7/2026;;
00314 CASA Olavarría;1034538;ZSTO;CONDENSADOR A/A;;22768927 // 22768793;MM01;26;RE;1;1;C03;EQUIPOS;REPUESTOS;VOLVO 460 FMX;KG;ZPAN;SIN TRATAMIENTO;1000092853;;;;;15/8/2026;31/7/2026;;10156176
00314 CASA Olavarría;1003486;ZSTO;ESCOBILLA LIMPIAPARABRISAS P TRAKKER 380;TRICO;TX650;MM01;26;RE;1;2;C29;FILTROS/RESPUESTOS;REPUESTOS;IVECO;KG;ZPAN;ADJUDICADO;1000093732;4500136232;;;;29/8/2026;14/8/2026;C29;10157495
00314 CASA Olavarría;1001994;ZSTO;ELECTRODO AWS7018 X 2,50 MM X KG;CONARCO;AWS7018;MR01;314;V1;4;8;C27;FERRETERIA MR01;SOLDADURA;ELECTRODOS;KG;ZPAS;EMBALADO;1000094006;;;3/9/2026;;4/9/2026;20/8/2026;;
00314 CASA Olavarría;1002271;ZSTO;PLACA DE CIERRE;CATERPILLA;8W1749;MM01;26;V1;8;15;G02;LATERALES;DESGASTE;CAT 140H;KG;ZPAS;SIN TRATAMIENTO;1000094010;;;;;4/9/2026;20/8/2026;;
00314 CASA Olavarría;1015850;ZSSD;PINCEL CERDA Nº30 XUN;;;MR01;314;V1;3;6;C27;FERRETERIA MR01;FERRETERIA;INSUMOS;KG;ZPAN;INCOMPLETO;1000094012;;;;;4/9/2026;20/8/2026;;10158012
00314 CASA Olavarría;1015849;ZSSD;PINCEL CERDA Nº20 XUN;;;MR01;314;V1;1;3;C27;FERRETERIA MR01;FERRETERIA;INSUMOS;KG;ZPAN;INCOMPLETO;1000094012;;;;;4/9/2026;20/8/2026;;10158012
00314 CASA Olavarría;1015805;ZSSD;"HOJA DE SIERRA PARA ARCO 24D&#160; XUN";;;MR01;314;V1;4;8;C27;FERRETERIA MR01;FERRETERIA;INSUMOS;KG;ZPAN;SIN TRATAMIENTO;1000094012;;;;;4/9/2026;20/8/2026;;10158012
00314 CASA Olavarría;1001794;ZSTO;ACEITE HIPOIDAL X 205L;YPF S.A. // YPF S.A.;80W90 // 123092;MM01;26;V1;1;2;L01;ACEITES;LUBRICANTES;ACEITES;KG;ZPAS;SIN TRATAMIENTO;1000094337;;;;;10/9/2026;26/8/2026;;
00314 CASA Olavarría;1004316;ZSTO;ACEITE DE EJES X 20LTS;VOLVO CONS;WB102;MM01;26;V1;1;3;L01;ACEITES;LUBRICANTES;CARGADORA VOLVO L220G;KG;ZPAS;SIN TRATAMIENTO;1000094337;;;;;10/9/2026;26/8/2026;;
00314 CASA Olavarría;1001795;ZSTO;ACEITE 85W140 X 205L;YPF S.A. // YPF S.A.;85W140 // 123192;MM01;26;RE;1;2;L01;ACEITES;LUBRICANTES;ACEITES;KG;ZPAN;ADJUDICADO;1000094650;4500137435;;;;15/9/2026;31/8/2026;L01;10159012
00314 CASA Olavarría;1022760;ZSTO;CONJUNTO PASADOR;;425-0275;MM01;26;RE;1;2;C03;EQUIPOS;REPUESTOS;CAT;KG;ZPAN;ADJUDICADO;1000094650;4500137628;;;;15/9/2026;31/8/2026;C03;10159012
00314 CASA Olavarría;1024674;ZSTO;SWITCH LUCES;;70369702;MM01;26;RE;1;2;C03;EQUIPOS;REPUESTOS;?;KG;ZPAN;ADJUDICADO;1000094650;4500137511;;;;15/9/2026;31/8/2026;C03;10159012
00314 CASA Olavarría;1058532;ZSTO;ACEITE 75W80 - MOBIL X 20 LTS;;75W80 MOBIL;MM01;26;RE;1;2;L01;ACEITES;;;KG;ZPAN;ADJUDICADO;1000094650;4500137438;;;;15/9/2026;31/8/2026;L01;10159012
00314 CASA Olavarría;1017829;ZSSD;VISCOSO;;24017079;MM01;26;RE;1;2;C03;EQUIPOS;REPUESTOS;VOLVO;KG;ZPAN;SIN TRATAMIENTO;1000094714;;;;;16/9/2026;1/9/2026;;10159123
00314 CASA Olavarría;1042215;ZSTO;CILINDRO COLUMNA DIRECCION CAT 775;;332-7047;MM01;26;RE;1;1;C03;EQUIPOS;REPUESTOS;?;KG;ZPAN;SIN TRATAMIENTO;1000094802;;;;;18/9/2026;3/9/2026;;10159306
00314 CASA Olavarría;1001961;ZSTO;CINTA AISLADORA NEGRA X10MT;;;MR01;314;V1;13;23;C27;FERRETERIA MR01;FERRETERIA;INSUMOS;KG;ZPAS;EMBALADO;1000094852;;;4/9/2026;;18/9/2026;3/9/2026;;
00365 RIO TINTO;1003087;ZSTO;FILTRO COMBUSTIBLE;TOYOTA ARG //;233900L07000 // 233900L100;U365;365;V1;2;3;C29;FILTROS/RESPUESTOS;FILTROS;HILUX 2017;KG;ZPAN;ADJUDICADO;1000093048;4500134826;;;;30/10/2026;4/8/2026;C29;10156483
00341 Mov. Suelos San Luis;1029358;ZSTO;CORREA MOTOR;;07W903137;MM01;35;V1;1;2;C03;EQUIPOS;CORREAS;?;KG;ZPAN;EMBALADO;1000094265;4500136757;2/9/2026;2/9/2026;;11/9/2026;24/8/2026;C03;10158394
00341 Mov. Suelos San Luis;1029359;ZSTO;CORREA A/A;;07W145933;MM01;35;V1;1;2;C03;EQUIPOS;CORREAS;?;KG;ZPAN;EMBALADO;1000094265;4500136757;2/9/2026;2/9/2026;;11/9/2026;24/8/2026;C03;10158394
00341 Mov. Suelos San Luis;1029362;ZSTO;TENSOR DE CORREA;;07W903133;MM01;35;V1;1;2;C03;EQUIPOS;REPUESTOS;VW;KG;ZPAN;EMBALADO;1000094265;4500136757;2/9/2026;2/9/2026;;11/9/2026;24/8/2026;C03;10158394
00341 Mov. Suelos San Luis;1017050;ZSSD;BOBINA PAPEL 25CM 400MT;;;MR01;341;V1;7;10;C17;INSUMOS A;LIMPIEZA;LIMPIEZA /SEGURIDAD;KG;ZPAN;ADJUDICADO;1000094373;4500137327;;;;15/9/2026;26/8/2026;C17;10158571
00341 Mov. Suelos San Luis;1022226;ZSTO;TRABA TUERCAS TOYOTA HILUX (CHECKPOINT);TOYOTA ARG;3001450;MM01;35;V1;24;48;C03;EQUIPOS;SEGURIDAD;TOYOTA HILUX;KG;ZPAN;ADJUDICADO;1000094374;4500137183;;;;15/9/2026;26/8/2026;C03;10158572
00341 Mov. Suelos San Luis;1029604;ZSTO;JGO BARREROS UNIVERSAL C/TELA 60cmX60cm;;680-049 . VER ANEXO;MM01;35;V1;3;6;C03;EQUIPOS;REPUESTOS;?;KG;ZPAN;PICKEADO;1000094374;4500137328;3/9/2026;3/9/2026;;15/9/2026;26/8/2026;C03;10158572
00341 Mov. Suelos San Luis;1003466;ZSTO;PERTIGA 3.4M-3.7MC/LED/BANDSOP12/24v xUN;MAXWHIP;CON LED Y BANDERILLA C/SOPORTE 12V;MM01;35;V1;2;3;C03;EQUIPOS;REPUESTOS;AUTOMOTOR;KG;ZPAS;SIN TRATAMIENTO;1000094669;;;;;18/9/2026;31/8/2026;;
00372 UTE 372 GEO POSCO II;1001914;ZSTO;CABO MADERA P/ESCOBA;;;U003;372;RE;2;3;C17;INSUMOS A;LIMPIEZA;INSUMOS;KG;ZPAN;ADJUDICADO;1000094672;4500137799;;;;22/9/2026;1/9/2026;C17;10159040
00372 UTE 372 GEO POSCO II;1003957;ZSTO;BATERIA 12V 110 AMP  318X162X220;MOURA;ME100HA;U003;372;RE;1;3;C29;FILTROS/RESPUESTOS;REPUESTOS;BOMAG;KG;ZPAN;SIN TRATAMIENTO;1000094672;;;;;22/9/2026;1/9/2026;;10159040
00372 UTE 372 GEO POSCO II;1016938;ZSSD;SILICONA LIQUIDA BRILLO SILICONADO X5LT;;;U003;372;RE;2;3;C17;INSUMOS A;LIMPIEZA;LIMPIEZA /SEGURIDAD;KG;ZPAN;ADJUDICADO;1000094672;4500137799;;;;22/9/2026;1/9/2026;C17;10159040
00372 UTE 372 GEO POSCO II;1046208;ZSCD;CABEZAL SOPLETE P/CARTU GAS BUTANO 227GR;;;U003;372;RE;2;3;C27;FERRETERIA MR01;FERRETERIA;INSUMOS;KG;ZPAN;SIN TRATAMIENTO;1000094672;;;;;22/9/2026;1/9/2026;;10159040
00372 UTE 372 GEO POSCO II;1026185;ZSSD;GUANTE ANTICORTE GRADO 5 C/CERTIFICADO;;MÚLT. 12U;U003;372;RE;18;30;C28;SEGURIDAD/ROPA/EPP;SEGURIDAD;GUANTES;KG;ZPAN;SIN TRATAMIENTO;1000094916;;;;;18/9/2026;4/9/2026;;10159466
00372 UTE 372 GEO POSCO II;1015977;ZSCD;RODILLERA SOLDADOR;;;U003;372;RE;18;35;C28;SEGURIDAD/ROPA/EPP;SEGURIDAD;EPP;KG;ZPAN;SIN TRATAMIENTO;1000094916;;;;;18/9/2026;4/9/2026;;10159466
00372 UTE 372 GEO POSCO II;1033986;ZSCD;DISCO LIJA GRANO 60 DE 4 1/2 - DOBLE A;;"C&#24;176GRADO36";U003;372;RE;41;83;C27;FERRETERIA MR01;FERRETERIA;INSUMOS;KG;ZPAN;SIN TRATAMIENTO;1000094916;;;;;18/9/2026;4/9/2026;;10159466
00372 UTE 372 GEO POSCO II;1016922;ZSSD;CHOCLA 30MT;;;U003;372;RE;4;6;C27;FERRETERIA MR01;FERRETERIA;FERRETERIA;KG;ZPAN;SIN TRATAMIENTO;1000094916;;;;;18/9/2026;4/9/2026;;10159466
00365 RIO TINTO;1028207;ZSSD;BULONES SHANTUI;;175-71-11454 - SHANTUI;U365;365;V1;19;41;AGV;COMPRAS AGV;REPUESTOS;?;KG;ZPAN;ADJUDICADO;1000082403;4500121143;;;;18/2/2026;4/2/2026;AGV;10142282
00365 RIO TINTO;1049604;ZSTO;FILTRO ACEITE MOTOR;;YUCHAI 160101060005A003;U365;365;V1;2;4;AGV;COMPRAS AGV;REPUESTOS;FILTRO;KG;ZPAN;ADJUDICADO;1000082403;4500134133;;;;18/2/2026;4/2/2026;AGV;10142282
00365 RIO TINTO;1054687;ZSTO;FILTRO REFRIGERANTE;;WE2076 HI-FI // WF2076 (4058965) FLEETGU;U365;365;V1;3;6;AGV;COMPRAS AGV;REPUESTOS;FILTRO;KG;ZPAN;ADJUDICADO;1000089812;4500130879;;;;8/7/2026;8/6/2026;AGV;10151904
00365 RIO TINTO;1002732;ZSTO;FILTRO DE AIRE DE CABINA;CATERPILLA;2314486;U365;365;V1;2;4;C29;FILTROS/RESPUESTOS;FILTROS;CAT;KG;ZPAN;ADJUDICADO;1000090290;4500130458;;;;10/9/2026;16/6/2026;C29;10152484
00365 RIO TINTO;1016098;ZSTO;FILTRO DE AIRE PRIMARIO;VOLVO MAQU;17500260;U365;365;V1;3;6;C29;FILTROS/RESPUESTOS;FILTROS;VOLVO EC 480D;KG;ZPAN;EMBALADO;1000090609;4500130988;31/8/2026;1/9/2026;;10/9/2026;22/6/2026;C29;10152961
00365 RIO TINTO;1027767;ZSTO;FILTRO COLADOR DEL TANQUE DE COMBUSTIBLE;CNH;CNH BU0360092;U365;365;V1;2;3;C29;FILTROS/RESPUESTOS;FILTROS;?;KG;ZPAN;SIN TRATAMIENTO;1000090609;;;;;22/7/2026;22/6/2026;;10152961
00365 RIO TINTO;1016195;ZSTO;CUBIERTA DELANTERO 13 R 22.5 I;PIRELLI NE //;FG:01 // S811;U365;365;V1;4;8;C03;EQUIPOS;CUBIERTAS;CAMION;KG;ZPAN;EMBALADO;1000090904;4500132246;3/9/2026;3/9/2026;;10/9/2026;26/6/2026;C03;10153405
00365 RIO TINTO;1057042;ZSTO;CANTONERAS SANY;;SANY 12827269;U365;365;V1;2;4;AGV;COMPRAS AGV;DESGASTE;?;KG;ZPAN;ADJUDICADO;1000091035;4500134947;;;;20/7/2026;29/6/2026;AGV;10153548
00365 RIO TINTO;1057046;ZSTO;TUERCAS;;A210307000078;U365;365;V1;9;19;AGV;COMPRAS AGV;DESGASTE;?;KG;ZPAN;ADJUDICADO;1000091035;4500134947;;;;20/7/2026;29/6/2026;AGV;10153548
00365 RIO TINTO;1057048;ZSTO;SEGMENTOS;;SANY A820403000893;U365;365;V1;4;8;AGV;COMPRAS AGV;DESGASTE;?;KG;ZPAN;ADJUDICADO;1000091035;4500134947;;;;20/7/2026;29/6/2026;AGV;10153548
00365 RIO TINTO;1056995;ZSTO;CUCHILLAS KOMATSU  SHANTUI;WEICHAI HE;25A-80-00003 (10 AGUJEROS);U365;365;V1;2;3;AGV;COMPRAS AGV;DESGASTE;KOMATSU;KG;ZPAN;SIN TRATAMIENTO;1000091035;;;;;20/7/2026;29/6/2026;;10153548
00365 RIO TINTO;1056998;ZSTO;CANTONERA IZQUIERDA SHANTUI;WEICHAI HE;25A-80-00004 (5 AGUJEROS);U365;365;V1;2;3;AGV;COMPRAS AGV;DESGASTE;?;KG;ZPAN;SIN TRATAMIENTO;1000091035;;;;;20/7/2026;29/6/2026;;10153548
00365 RIO TINTO;1056999;ZSTO;CANTONERA DERECHA SHANTUI;WEICHAI HE;25A-80-00002(5 AGUJEROS);U365;365;V1;2;4;AGV;COMPRAS AGV;DESGASTE;?;KG;ZPAN;SIN TRATAMIENTO;1000091035;;;;;20/7/2026;29/6/2026;;10153548
00365 RIO TINTO;1057000;ZSTO;BULONES SHANTUI;WEICHAI HE;26A-80-00004;U365;365;V1;27;58;AGV;COMPRAS AGV;DESGASTE;?;KG;ZPAN;SIN TRATAMIENTO;1000091035;;;;;20/7/2026;29/6/2026;;10153548
00365 RIO TINTO;1057002;ZSTO;TUERCAS SHANTUI;WEICHAI HE;26A-80-00003;U365;365;V1;27;58;AGV;COMPRAS AGV;DESGASTE;?;KG;ZPAN;SIN TRATAMIENTO;1000091035;;;;;20/7/2026;29/6/2026;;10153548
00365 RIO TINTO;1057498;ZSTO;PASADORES CAT;;107-3378;U365;365;V1;5;10;C03;EQUIPOS;DESGASTE;CAT;KG;ZPAN;EMBALADO;1000091035;4500131911;2/9/2026;2/9/2026;;10/9/2026;29/6/2026;C03;10153548
00365 RIO TINTO;1057499;ZSTO;RETENES CAT;;107-8559 (8E5559);U365;365;V1;5;10;C03;EQUIPOS;DESGASTE;CAT;KG;ZPAN;EMBALADO;1000091035;4500131911;2/9/2026;2/9/2026;;10/9/2026;29/6/2026;C03;10153548
00365 RIO TINTO;1057500;ZSTO;PORTAUÑAS CENTRAL CAT;;6I6554;U365;365;V1;3;6;C03;EQUIPOS;DESGASTE;CAT;KG;ZPAN;EMBALADO;1000091035;4500131911;2/9/2026;2/9/2026;;10/9/2026;29/6/2026;C03;10153548
00365 RIO TINTO;1057573;ZSTO;FILTRO DE ACEITE DE MOTOR;REPUESTOS;YUCHAI K09L-1012240-01-244;U365;365;V1;2;3;AGV;COMPRAS AGV;FILTROS;?;KG;ZPAN;SIN TRATAMIENTO;1000091058;;;;;14/7/2026;30/6/2026;;10153588
00365 RIO TINTO;1057595;ZSTO;FILTRO DE AIRE DE CABINA;REPUESTOS;CNH 47929890 O HIFI SC90399 / 4W6231500;U365;365;V1;2;3;AGV;COMPRAS AGV;FILTROS;?;KG;ZPAN;SIN TRATAMIENTO;1000091058;;;;;14/7/2026;30/6/2026;;10153588
00365 RIO TINTO;1057600;ZSTO;FILTRO DE TRANSMISION;REPUESTOS;CNH 47484442 O HIFI SH630126;U365;365;V1;2;3;AGV;COMPRAS AGV;FILTROS;?;KG;ZPAN;SIN TRATAMIENTO;1000091058;;;;;14/7/2026;30/6/2026;;10153588
00365 RIO TINTO;1033416;ZSTO;FILTRO DE VENTEO;PALFINGER // HIFI FILTE;EA2244 // FS 291;U365;365;V1;2;3;C29;FILTROS/RESPUESTOS;FILTROS;HIDROGRUA PALFINGER PKB32080;KG;ZPAN;DESPACHADO;1000091058;4500132531;26/8/2026;26/8/2026;28/8/2026;10/9/2026;30/6/2026;C29;10153588
00365 RIO TINTO;1057585;ZSTO;DIENTES BALDE CARGADOR CASE;REPUESTOS;47792971;U365;365;V1;8;16;AGV;COMPRAS AGV;DESGASTE;?;KG;ZPAN;SIN TRATAMIENTO;1000091058;;;;;14/7/2026;30/6/2026;;10153588
00365 RIO TINTO;1057586;ZSTO;ARANDELAS CASE;REPUESTOS;BU3460021;U365;365;V1;15;32;AGV;COMPRAS AGV;FERRETERIA;BULONERIA;KG;ZPAN;SIN TRATAMIENTO;1000091058;;;;;14/7/2026;30/6/2026;;10153588
00365 RIO TINTO;1057587;ZSTO;ARANDELAS CASE;REPUESTOS;47634533;U365;365;V1;15;32;AGV;COMPRAS AGV;FERRETERIA;BULONERIA;KG;ZPAN;SIN TRATAMIENTO;1000091058;;;;;14/7/2026;30/6/2026;;10153588
00365 RIO TINTO;1057589;ZSTO;DIENTES BALDE AGUILON;REPUESTOS;CNH 47792971;U365;365;V1;4;8;AGV;COMPRAS AGV;DESGASTE;?;KG;ZPAN;SIN TRATAMIENTO;1000091058;;;;;14/7/2026;30/6/2026;;10153588
00365 RIO TINTO;1057590;ZSTO;ARANDELAS CASE;REPUESTOS;BU3460021 (M16);U365;365;V1;11;23;AGV;COMPRAS AGV;FERRETERIA;BULONERIA;KG;ZPAN;SIN TRATAMIENTO;1000091058;;;;;14/7/2026;30/6/2026;;10153588
00365 RIO TINTO;1057592;ZSTO;ARANDELAS CASE;REPUESTOS;47634533;U365;365;V1;15;32;AGV;COMPRAS AGV;FERRETERIA;BULONERIA;KG;ZPAN;SIN TRATAMIENTO;1000091058;;;;;14/7/2026;30/6/2026;;10153588
00365 RIO TINTO;1057593;ZSTO;BULONES;REPUESTOS;CNH 412398 (M16 X 50 MM DUREZA 10.9);U365;365;V1;4;8;AGV;COMPRAS AGV;DESGASTE;?;KG;ZPAN;SIN TRATAMIENTO;1000091058;;;;;14/7/2026;30/6/2026;;10153588
00365 RIO TINTO;1057578;ZSTO;CORREA DE ALTERNADOR;SANY INTER;YC80-7PK-1872B (7PK1872);U365;365;V1;2;3;AGV;COMPRAS AGV;CORREAS;?;KG;ZPAN;SIN TRATAMIENTO;1000091058;;;;;14/7/2026;30/6/2026;;10153588
00365 RIO TINTO;1057579;ZSTO;CORREA DE VENTILADOR;SANY INTER;YC80-8PK-790BF (8PK790);U365;365;V1;2;3;AGV;COMPRAS AGV;CORREAS;?;KG;ZPAN;SIN TRATAMIENTO;1000091058;;;;;14/7/2026;30/6/2026;;10153588
00365 RIO TINTO;1057567;ZSTO;CORREA DE VENTILADOR-ALTERNADOR;REPUESTOS;MITSUBOSHI MH014622 (17X1170 MM);U365;365;V1;2;3;AGV;COMPRAS AGV;CORREAS;?;KG;ZPAN;SIN TRATAMIENTO;1000091058;;;;;14/7/2026;30/6/2026;;10153588
00365 RIO TINTO;1029233;ZSTO;KIT PRIMARIO Y SECUNDARIO;;612600114993;U365;365;V1;4;8;C29;FILTROS/RESPUESTOS;FILTROS;?;KG;ZPAN;ADJUDICADO PARCIAL;1000091116;4500134136;;;;1/8/2026;1/7/2026;AGV;10153643
00365 RIO TINTO;1056952;ZSTO;FILTRO ADMISION;FLEETGUARD;KW1524;U365;365;V1;14;29;C04;SERVICIOS EQUIPOS;FILTROS;FLEETGUARD;KG;ZPAN;SIN TRATAMIENTO;1000091116;;;;;1/8/2026;1/7/2026;;10153643
00365 RIO TINTO;1016715;ZSTO;Filtro Hidraulico Direccion;SANY HEAVY //;RPSAN60345316 // SH75010;U365;365;V1;3;6;C29;FILTROS/RESPUESTOS;FILTROS;CAMION FUERA DE RUTA SANY SKT 90S;KG;ZPAN;CUMPLIDO PARCIAL;1000091523;4500132402;16/7/2026;16/7/2026;21/7/2026;8/8/2026;8/7/2026;C29;10154210
00365 RIO TINTO;1001841;ZSTO;CAMARA 12.00 R20;;MARCA DONGAH // MARCA PIRELLI;U365;365;V1;27;58;C03;EQUIPOS;CUBIERTAS;CUBIERTAS;KG;ZPAN;ADJUDICADO;1000092143;4500133514;;;;10/9/2026;20/7/2026;C03;10155124
00365 RIO TINTO;1028199;ZSSD;FILTRO REFRIGERANTE;FLEETGUARD;WF2076;U365;365;V1;2;4;AGV;COMPRAS AGV;REPUESTOS;FILTRO;KG;ZPAN;ADJUDICADO;1000092143;4500136004;;;;20/8/2026;20/7/2026;AGV;10155124
00365 RIO TINTO;1028202;ZSSD;CORREA VENTILADOR;DISTRIBUID;30402292 (13X1025);U365;365;V1;2;3;C29;FILTROS/RESPUESTOS;CORREAS;?;KG;ZPAN;DESPACHADO;1000092143;4500133986;27/8/2026;27/8/2026;28/8/2026;10/9/2026;20/7/2026;C29;10155124
00365 RIO TINTO;1026906;ZSTO;MODULO DE LUCES;VOLVO TRUC;82494763;U365;365;V1;7;14;C03;EQUIPOS;REPUESTOS;VOLVO;KG;ZPAN;ADJUDICADO;1000092258;4500133639;;;;1/10/2026;21/7/2026;C03;10155291
00365 RIO TINTO;1057047;ZSTO;ARANDELAS;;60013102;U365;365;V1;9;19;C03;EQUIPOS;FERRETERIA;BULONERIA;KG;ZPAN;ADJUDICADO;1000092503;4500133809;;;;15/10/2026;24/7/2026;C03;10155673
00365 RIO TINTO;1003040;ZSTO;FILTRO DE AIRE;;VRA124;U365;365;V1;2;3;C29;FILTROS/RESPUESTOS;VERIFICAR;AIRMAN PTS 175;KG;ZPAN;SIN TRATAMIENTO;1000092609;;;;;20/9/2026;27/7/2026;;10155821
00365 RIO TINTO;1058180;ZSTO;FILTRO ACEITE MOTOR;;WEICHAI 1000602934 / 1000424655A;U365;365;V1;2;3;C29;FILTROS/RESPUESTOS;FILTROS;?;KG;ZPAN;SIN TRATAMIENTO;1000092609;;;;;27/8/2026;27/7/2026;;10155821
00365 RIO TINTO;1003383;ZSTO;BOMBA AUTOCEBANTE;SYLWAN S.A;10A1178;U365;365;V1;2;3;C29;FILTROS/RESPUESTOS;HERRAMIENTAS;P/REGADOR;KG;ZPAN;ADJUDICADO;1000092957;4500134570;;;;12/9/2026;3/8/2026;C29;10156373
00365 RIO TINTO;1016713;ZSTO;Filtro Aceite Motor;SANY HEAVY // // // MANN;RPSAN60327523 // SO6193 // WP1169 // WP1169;U365;365;V1;23;49;C29;FILTROS/RESPUESTOS;FILTROS;CAMION FUERA DE RUTA SANY SKT 90S;KG;ZPAN;ADJUDICADO;1000093048;4500134901;;;;30/10/2026;4/8/2026;C29;10156483
00365 RIO TINTO;1001957;ZSTO;SILICONA UNIVERSAL X100G;;BLANCA/TRANSPARENTE X110ML;U365;365;V1;2;3;C27;FERRETERIA MR01;FERRETERIA;ADHESIVOS;KG;ZPAN;ADJUDICADO;1000093170;4500136309;;;;12/9/2026;5/8/2026;C27;10156641
00365 RIO TINTO;1018926;ZSSD;FILTRO DE ACEITE HIDRAULICO DE DIRECCION;;4120000304;U365;365;V1;2;4;AGV;COMPRAS AGV;;;KG;ZPAN;SIN TRATAMIENTO;1000093288;;;;;28/8/2026;7/8/2026;;10156849
00365 RIO TINTO;1026288;ZSCD;FILTRO DE CABINA;;;U365;365;V1;2;4;AGV;COMPRAS AGV;;;KG;ZPAN;SIN TRATAMIENTO;1000093288;;;;;28/8/2026;7/8/2026;;10156849
00365 RIO TINTO;1026304;ZSCD;FILTRO LIMPIADOR DE AIRE;SANY INTER;4120000634;U365;365;V1;1;2;AGV;COMPRAS AGV;;;KG;ZPAN;SIN TRATAMIENTO;1000093288;;;;;28/8/2026;7/8/2026;;10156849
00365 RIO TINTO;1004044;ZSTO;ALARMA RETROCESO (INTELIGENTE);;B250 // BOC 12505 DZE;U365;365;V1;6;12;C29;FILTROS/RESPUESTOS;REPUESTOS;ELECTRICIDAD DE TALLER;KG;ZPAN;DESPACHADO;1000093421;4500135535;21/8/2026;21/8/2026;25/8/2026;10/9/2026;10/8/2026;C29;10157053
00365 RIO TINTO;1003849;ZSTO;GUIA PATIN BRONCE P VERT;JOHN DEERE // JOHN DEERE // JOHN DEERE;T158069 // T183474 // T185579;U365;365;V1;15;32;C29;FILTROS/RESPUESTOS;REPUESTOS;JD 770 D;KG;ZPAN;EMBALADO;1000093652;4500135815;31/8/2026;1/9/2026;;13/9/2026;13/8/2026;C29;10157429
00365 RIO TINTO;1026303;ZSCD;STRAINER;SANY INTER;4110702794003;U365;365;V1;1;2;AGV;COMPRAS AGV;;;KG;ZPAN;SIN TRATAMIENTO;1000093777;;;;;14/9/2026;14/8/2026;;10157619
00365 RIO TINTO;1001961;ZSTO;CINTA AISLADORA NEGRA X10MT;;;U365;365;V1;27;58;C27;FERRETERIA MR01;FERRETERIA;INSUMOS;KG;ZPAN;ADJUDICADO;1000093876;4500136975;;;;18/9/2026;18/8/2026;C27;10157758
00365 RIO TINTO;1015783;ZSSD;CINTA REFLECTIVA ROJA X MTS;;;U365;365;V1;356;769;C27;FERRETERIA MR01;SEGURIDAD;SEÑALIZACION;KG;ZPAN;ADJUDICADO;1000093876;4500137519;;;;18/9/2026;18/8/2026;C27;10157758
00365 RIO TINTO;1027580;ZSTO;TAPA DE FARO;VOLVO TRUC;82355057;U365;365;V1;7;14;AGV;COMPRAS AGV;REPUESTOS;VOLVO;KG;ZPAN;EMBALADO PARCIAL;1000093876;4500136694;3/9/2026;3/9/2026;;20/9/2026;18/8/2026;C03;10157758
00365 RIO TINTO;1057981;ZSTO;JGO BOCINAS HELLA 24V CAMION;;;U365;365;V1;6;12;C03;EQUIPOS;REPUESTOS;CAMIONES;KG;ZPAN;DESPACHADO;1000093876;4500135985;28/8/2026;28/8/2026;1/9/2026;18/9/2026;18/8/2026;C03;10157758
00365 RIO TINTO;1057982;ZSTO;JGO DE BOCINA HELLA UNV 12V 350/420 Hz 1;;;U365;365;V1;6;12;C03;EQUIPOS;REPUESTOS;CAMIONES;KG;ZPAN;DESPACHADO;1000093876;4500135985;28/8/2026;28/8/2026;1/9/2026;18/9/2026;18/8/2026;C03;10157758
00365 RIO TINTO;1036100;ZSTO;CONO FLEX. C/REFLECT. Y BASE CAUCHO 70CM;;NARANJA DE PVC FLEXIBLE CON MEMORIA-70CM;U365;365;V1;114;246;C28;SEGURIDAD/ROPA/EPP;SEGURIDAD;SEÑALIZACION;KG;ZPAN;ADJUDICADO;1000093950;4500136284;;;;20/9/2026;19/8/2026;C28;10157888
00365 RIO TINTO;1001778;ZSTO;YERBA MATE X 500GRS X UN;;;U365;365;V1;72;155;C17;INSUMOS A;ALIMENTOS;?;KG;ZPAN;ADJUDICADO;1000094098;4500136969;;;;21/9/2026;21/8/2026;C17;10158165
00365 RIO TINTO;1017055;ZSSD;ZAPATILLA ELECTRICA 6 TOMAS C CABLE 3M;;DE 4 TOMAS;U365;365;V1;2;4;C11;ELECTRICIDAD;ELECTRICIDAD;ACCESORIOS;KG;ZPAN;SIN TRATAMIENTO;1000094098;;;;;21/9/2026;21/8/2026;;10158165
00365 RIO TINTO;1058169;ZSTO;CABLE DE COBRE DESNUDO 1X35MM2;;;U365;365;V1;45;97;C11;ELECTRICIDAD;;;KG;ZPAN;ADJUDICADO;1000094123;4500137794;;;;21/9/2026;21/8/2026;C35;10158207
00365 RIO TINTO;1033122;ZSTO;"CONECTOR A COMPRESION ""C"" SEC 25A35MM2";;MARCA LCT MOD CCD 35 O SIM. IRAM 2349;U365;365;V1;9;19;C11;ELECTRICIDAD;ELECTRICIDAD;?;KG;ZPAN;ADJUDICADO;1000094123;4500137794;;;;21/9/2026;21/8/2026;C35;10158207
00365 RIO TINTO;1033123;ZSTO;"JABAL. AC-COB IRAM2309;D:19MM;L:1500MM";;Ø 19MM LARGO 1500MM;U365;365;V1;3;6;C11;ELECTRICIDAD;ELECTRICIDAD;?;KG;ZPAN;ADJUDICADO;1000094123;4500137794;;;;21/9/2026;21/8/2026;C35;10158207
00365 RIO TINTO;1033124;ZSTO;CONEXIÓN JABALINAS 3/4A CABLE D 25A70MM2;;MARCA LCT CCD 150 O SIMILAR;U365;365;V1;3;6;C11;ELECTRICIDAD;ELECTRICIDAD;?;KG;ZPAN;ADJUDICADO;1000094123;4500137794;;;;21/9/2026;21/8/2026;C35;10158207
00365 RIO TINTO;1058170;ZSTO;TERMINAL OJAL P/ CABLE 35MM;;;U365;365;V1;18;39;C11;ELECTRICIDAD;;;KG;ZPAN;ADJUDICADO;1000094123;4500137794;;;;21/9/2026;21/8/2026;C35;10158207
00365 RIO TINTO;1058171;ZSTO;CABLE DE POTENCIA 1X(3X4MM2);;;U365;365;V1;27;58;C11;ELECTRICIDAD;;;KG;ZPAN;ADJUDICADO;1000094123;4500137794;;;;21/9/2026;21/8/2026;C35;10158207
00365 RIO TINTO;1058186;ZSTO;CABLE TPR TIPO TALLER 3X4MM2;;MT O MÚLT. 100 MTS;U365;365;V1;89;192;C11;ELECTRICIDAD;;;KG;ZPAN;ADJUDICADO;1000094123;4500137794;;;;21/9/2026;21/8/2026;C35;10158207
00365 RIO TINTO;1035289;ZSTO;PROLONGACION MONOFASICA X35MTS;;VER ANEXO;U365;365;V1;1;2;C11;ELECTRICIDAD;ELECTRICIDAD;?;KG;ZPAN;SIN TRATAMIENTO;1000094123;;;;;21/9/2026;21/8/2026;;10158207
00365 RIO TINTO;1035288;ZSTO;PROLONGACION TRIFASICA X 35MTS;;VER ANEXO;U365;365;V1;1;2;C11;ELECTRICIDAD;ELECTRICIDAD;?;KG;ZPAN;SIN TRATAMIENTO;1000094123;;;;;21/9/2026;21/8/2026;;10158207
00365 RIO TINTO;1058172;ZSTO;CAJA ESTANCA PLASTICA 115X115X80MM;;;U365;365;V1;3;6;C11;ELECTRICIDAD;;;KG;ZPAN;ADJUDICADO;1000094123;4500137794;;;;21/9/2026;21/8/2026;C35;10158207
00365 RIO TINTO;1058939;ZSTO;PRENSACABLE METALICO 3/4 PG;;;U365;365;V1;9;19;C11;ELECTRICIDAD;;;KG;ZPAN;ADJUDICADO;1000094123;4500137794;;;;21/9/2026;21/8/2026;C35;10158207
00365 RIO TINTO;1058173;ZSTO;TERMOMAGNETICA BIPOLAR 2X20A;;;U365;365;V1;5;10;C11;ELECTRICIDAD;;;KG;ZPAN;ADJUDICADO;1000094123;4500137794;;;;21/9/2026;21/8/2026;C35;10158207
00365 RIO TINTO;1058174;ZSTO;TERMOMAGNETICA TETRAPOLAR 4X63A;;;U365;365;V1;1;2;C11;ELECTRICIDAD;;;KG;ZPAN;ADJUDICADO;1000094123;4500137794;;;;21/9/2026;21/8/2026;C35;10158207
00365 RIO TINTO;1058175;ZSTO;TERMOMAGNETICA TETRAPOLAR 4X25A;;;U365;365;V1;2;4;C11;ELECTRICIDAD;;;KG;ZPAN;ADJUDICADO;1000094123;4500137794;;;;21/9/2026;21/8/2026;C35;10158207
00365 RIO TINTO;1058176;ZSTO;DISYUNTOR TETRAPOLAR 4X63A;;;U365;365;V1;1;2;C11;ELECTRICIDAD;;;KG;ZPAN;ADJUDICADO;1000094123;4500137794;;;;21/9/2026;21/8/2026;C35;10158207
00365 RIO TINTO;1058178;ZSTO;DISYUNTOR BIPOLAR 2X25A;;;U365;365;V1;3;6;C11;ELECTRICIDAD;;;KG;ZPAN;ADJUDICADO;1000094123;4500137794;;;;21/9/2026;21/8/2026;C35;10158207
00365 RIO TINTO;1058187;ZSTO;CAJA PVC RECTANG. 100X50X50;;MT O MÚLT. 100 MTS;U365;365;V1;3;6;C11;ELECTRICIDAD;;;KG;ZPAN;ADJUDICADO;1000094123;4500137794;;;;21/9/2026;21/8/2026;C35;10158207
00365 RIO TINTO;1058179;ZSTO;CAÑO PVC RIGIDO SEMIPESADO D20MM X3M;;MARCA:GENROD;U365;365;V1;5;10;C11;ELECTRICIDAD;;;KG;ZPAN;ADJUDICADO;1000094123;4500137794;;;;21/9/2026;21/8/2026;C35;10158207
00365 RIO TINTO;1058182;ZSTO;CONECTOR PARA TUBO PVC DIAM20MM;;;U365;365;V1;9;19;C11;ELECTRICIDAD;;;KG;ZPAN;ADJUDICADO;1000094123;4500137794;;;;21/9/2026;21/8/2026;C35;10158207
00365 RIO TINTO;1058183;ZSTO;"UNION PVC P/CAÑO RIGIDO 3/4""";;MARCA:GENROD;U365;365;V1;5;10;C11;ELECTRICIDAD;;;KG;ZPAN;ADJUDICADO;1000094123;4500137794;;;;21/9/2026;21/8/2026;C35;10158207
00365 RIO TINTO;1058935;ZSTO;CURVA 90 PARA TUBO DE PVC 20MM;;MARCA SISTELECTRIC O SIMILAR;U365;365;V1;5;10;;;;;KG;ZPAN;ADJUDICADO;1000094123;4500137794;;;;21/9/2026;21/8/2026;C35;10158207
00365 RIO TINTO;1058188;ZSTO;TOMACORRIENTE SIMPLE P/EMBUTIR 10A;;;U365;365;V1;3;6;C11;ELECTRICIDAD;;;KG;ZPAN;ADJUDICADO;1000094123;4500137794;;;;21/9/2026;21/8/2026;C35;10158207
00365 RIO TINTO;1058189;ZSTO;TOMACORRIENTE SIMPLE P/EMBUTIR 20A;;;U365;365;V1;1;2;C11;ELECTRICIDAD;;;KG;ZPAN;ADJUDICADO;1000094123;4500137794;;;;21/9/2026;21/8/2026;C35;10158207
00365 RIO TINTO;1058190;ZSTO;TOMACORRIENTE DOBLE P/EMBUTIR 10A;;;U365;365;V1;3;6;C11;ELECTRICIDAD;;;KG;ZPAN;ADJUDICADO;1000094123;4500137794;;;;21/9/2026;21/8/2026;C35;10158207
00365 RIO TINTO;1058191;ZSTO;TOMACORRIENTE DOBLE P/EMBUTIR 20A;;;U365;365;V1;1;2;C11;ELECTRICIDAD;;;KG;ZPAN;SIN TRATAMIENTO;1000094123;;;;;21/9/2026;21/8/2026;;10158207
00365 RIO TINTO;1058192;ZSTO;INTERRUPTOR ILUMINACION SIMPLE 1 PTO;;;U365;365;V1;3;6;C11;ELECTRICIDAD;;;KG;ZPAN;ADJUDICADO;1000094123;4500137794;;;;21/9/2026;21/8/2026;C35;10158207
00365 RIO TINTO;1058193;ZSTO;INTERRUPTOR ILUMINACION SIMPLE 2 PTOS;;;U365;365;V1;3;6;C11;ELECTRICIDAD;;;KG;ZPAN;SIN TRATAMIENTO;1000094123;;;;;21/9/2026;21/8/2026;;10158207
00365 RIO TINTO;1058184;ZSTO;PLAFON ESTANCO LED 2X18W;;;U365;365;V1;2;4;C11;ELECTRICIDAD;;;KG;ZPAN;ADJUDICADO;1000094123;4500137794;;;;21/9/2026;21/8/2026;C35;10158207
00365 RIO TINTO;1058185;ZSTO;TUBO LED LUZ FRIA 18W;;;U365;365;V1;5;10;C11;ELECTRICIDAD;;;KG;ZPAN;ADJUDICADO;1000094123;4500137794;;;;21/9/2026;21/8/2026;C35;10158207
00365 RIO TINTO;1058936;ZSTO;PRECINTOS NYLON 3,6 X 200 MM NEGROS X100;;;U365;365;V1;2;4;C27;FERRETERIA MR01;;;KG;ZPAN;ADJUDICADO;1000094123;4500137387;;;;21/9/2026;21/8/2026;C27;10158207
00365 RIO TINTO;1058937;ZSTO;PRECINTO PLASTICO AL-5 300MM X100U;;;U365;365;V1;2;4;C27;FERRETERIA MR01;;;KG;ZPAN;ADJUDICADO;1000094123;4500137387;;;;21/9/2026;21/8/2026;C27;10158207
00365 RIO TINTO;1058938;ZSTO;CINTA AISLADORA X18M;;;U365;365;V1;5;11;C27;FERRETERIA MR01;;;KG;ZPAN;ADJUDICADO;1000094123;4500137505;;;;21/9/2026;21/8/2026;C27;10158207
00365 RIO TINTO;1001775;ZSTO;ESLINGA SINTETICA 8MTS 6TN CERTIFICADA;;;U365;365;V1;5;10;C27;FERRETERIA MR01;SEGURIDAD;LOGISTICA;KG;ZPAN;ADJUDICADO;1000094238;4500137387;;;;24/9/2026;24/8/2026;C27;10158366
00365 RIO TINTO;1001867;ZSTO;MARCADOR INDUSTRIAL-BLANCOXUN;UNIPAINT;MÚLT. 10U;U365;365;V1;18;39;C17;INSUMOS A;LIBRERIA;ESCRITURA;KG;ZPAN;EMBALADO;1000094238;4500137009;31/8/2026;31/8/2026;;24/9/2026;24/8/2026;C17;10158366
00365 RIO TINTO;1001868;ZSTO;FILMSTRECHMANUALXBOBINAx2,70KG;;MEDIDAS 0,50X200METROSX2;U365;365;V1;4;8;C17;INSUMOS A;LIBRERIA;CINTAS ADHESIVAS;KG;ZPAN;ADJUDICADO;1000094238;4500137797;;;;24/9/2026;24/8/2026;C17;10158366
00365 RIO TINTO;1001927;ZSTO;DISCO CORTE 178X1.6X22 SECUR EXTRA  x UN;TYROLIT;178X16X222;U365;365;V1;15;32;C27;FERRETERIA MR01;FERRETERIA;ABRASIVOS/DISCOS;KG;ZPAN;ADJUDICADO;1000094238;4500137398;;;;24/9/2026;24/8/2026;C27;10158366
00365 RIO TINTO;1001944;ZSTO;ADHESIVO TRANSPARENTE X70ML XUN;POXIPOL;;U365;365;V1;2;4;C27;FERRETERIA MR01;FERRETERIA;ADHESIVOS;KG;ZPAN;ADJUDICADO;1000094238;4500137398;;;;24/9/2026;24/8/2026;C27;10158366
00365 RIO TINTO;1001945;ZSTO;ADHESIVO FASTIX BLANCO 100ML XUN;;;U365;365;V1;4;8;C27;FERRETERIA MR01;FERRETERIA;ADHESIVOS;KG;ZPAN;ADJUDICADO;1000094238;4500137387;;;;24/9/2026;24/8/2026;C27;10158366
00365 RIO TINTO;1016453;ZSTO;Filtro Cartucho Trampa de Agua;VOLKSWAGEN;23B127177;U365;365;V1;1;2;C29;FILTROS/RESPUESTOS;FILTROS;DELIVERY 11.180;KG;ZPAN;EMBALADO;1000094238;4500137039;2/9/2026;2/9/2026;;24/9/2026;24/8/2026;C29;10158366
00365 RIO TINTO;1016496;ZSSD;GUANTE DE ALTO IMPACTO;;MÚLT. 12U;U365;365;V1;86;185;C28;SEGURIDAD/ROPA/EPP;SEGURIDAD;ACCESORIO SEGURIDAD;KG;ZPAN;ADJUDICADO;1000094238;4500137335;;;;24/9/2026;24/8/2026;C28;10158366
00365 RIO TINTO;1016938;ZSSD;SILICONA LIQUIDA BRILLO SILICONADO X5LT;;;U365;365;V1;5;10;C17;INSUMOS A;LIMPIEZA;LIMPIEZA /SEGURIDAD;KG;ZPAN;ADJUDICADO;1000094238;4500136969;;;;24/9/2026;24/8/2026;C17;10158366
00365 RIO TINTO;1016955;ZSSD;SOGA NAUTICA 10MM;;MÚLT. 100 MTS;U365;365;V1;18;39;C27;FERRETERIA MR01;FERRETERIA;ACCESORIOS;KG;ZPAN;ADJUDICADO;1000094238;4500137519;;;;24/9/2026;24/8/2026;C27;10158366
00365 RIO TINTO;1017063;ZSSD;ESCOBILLON TIPO BARRANDERO;;;U365;365;V1;2;3;C17;INSUMOS A;LIMPIEZA;?;KG;ZPAN;ADJUDICADO;1000094238;4500136969;;;;24/9/2026;24/8/2026;C17;10158366
00365 RIO TINTO;1017064;ZSSD;SECADOR DE PISO 50CM;;;U365;365;V1;2;3;C17;INSUMOS A;LIMPIEZA;LIMPIEZA /SEGURIDAD;KG;ZPAN;ADJUDICADO;1000094238;4500136969;;;;24/9/2026;24/8/2026;C17;10158366
00365 RIO TINTO;1022421;ZSTO;FARO TRASERO DERECHO;VOLVO TRUC;82483073 / 84441760 / 23522308;U365;365;V1;2;4;C03;EQUIPOS;REPUESTOS;VOLVO FM460;KG;ZPAN;EMBALADO;1000094238;4500136694;3/9/2026;3/9/2026;;24/9/2026;24/8/2026;C03;10158366
00365 RIO TINTO;1027509;ZSTO;BOTON PARADA DE EMERGENCIA;SCHNEIDER;XB7ES542P;U365;365;V1;2;4;C11;ELECTRICIDAD;SEGURIDAD;?;KG;ZPAN;SIN TRATAMIENTO;1000094238;;;;;24/9/2026;24/8/2026;;10158366
00365 RIO TINTO;1057359;ZSCD;ESLINGA SINT. C/CERTI. CALIDAD 6TN X4MT;;;U365;365;V1;4;8;C27;FERRETERIA MR01;SEGURIDAD;LOGISTICA;KG;ZPAN;ADJUDICADO;1000094238;4500137387;;;;24/9/2026;24/8/2026;C27;10158366
00365 RIO TINTO;1058845;ZSTO;LUBRICANTE AEROSOL MULTIUSO X311GR;;WD-40;U365;365;V1;17;40;C27;FERRETERIA MR01;FERRETERIA;ADHESIVOS/SELLADORES/LUBRICANT;KG;ZPAN;ADJUDICADO;1000094238;4500137387;;;;24/9/2026;24/8/2026;C27;10158366
00365 RIO TINTO;1055202;ZSTO;MAMEL. 2°CAL. DESC. LAMIN.BLANCO 60GR.XL;GRUPO AIVI // KLEENGUARD // //;TP800 // A40/XL // MICROMAX NS/XL // NUBO 401/XL;U365;365;V1;223;481;C28;SEGURIDAD/ROPA/EPP;SEGURIDAD;INDUMENTARIA;KG;ZPAN;ADJUDICADO;1000094522;4500137335;;;;28/9/2026;28/8/2026;C28;10158870
00365 RIO TINTO;1017879;ZSTO;Filtro Admision Primario;CATERPILLA;4969841;U365;365;V1;1;3;C29;FILTROS/RESPUESTOS;FILTROS;FILTRO AIRE;KG;ZPAN;SIN TRATAMIENTO;1000094588;;;;;13/9/2026;30/8/2026;;10158934
00365 RIO TINTO;1001958;ZSTO;CINTA TEFLON 1/2 X 20MT;;;U365;365;V1;5;10;C27;FERRETERIA MR01;FERRETERIA;INSUMOS;KG;ZPAN;SIN TRATAMIENTO;1000094638;;;;;30/9/2026;31/8/2026;;10159007
00365 RIO TINTO;1001970;ZSTO;ESMALTE SINT. AEROSOL NEGRO X440CC;;KUWAIT-SINTEPLAST;U365;365;V1;9;19;C22;INSUMOS C;PINTURAS;PINTURA AEROSOL;KG;ZPAN;ADJUDICADO;1000094638;4500137691;;;;30/9/2026;31/8/2026;C22;10159007
00365 RIO TINTO;1003210;ZSTO;FILTRO DE AIRE PRIMARIO;DONALDSON // BALDWIN;P613335 // RS5329;U365;365;V1;2;4;C29;FILTROS/RESPUESTOS;FILTROS;ONAN C 150 D5 4;KG;ZPAN;ADJUDICADO;1000094638;4500137602;;;;30/9/2026;31/8/2026;C29;10159007
00365 RIO TINTO;1003213;ZSTO;ELEMENTO FILTRO DE ACEITE;FLEETGUARD // DONALDSON //;LF9028 // DBL7349 // P558615;U365;365;V1;2;4;C29;FILTROS/RESPUESTOS;FILTROS;ONAN C 150 D5 4;KG;ZPAN;ADJUDICADO;1000094638;4500137602;;;;30/9/2026;31/8/2026;C29;10159007
00365 RIO TINTO;1022036;ZSTO;CORREA;ONAN;8PK-1430;U365;365;V1;1;2;C29;FILTROS/RESPUESTOS;REPUESTOS;ONAN C 150 D5 4;KG;ZPAN;ADJUDICADO;1000094638;4500137599;;;;30/9/2026;31/8/2026;C29;10159007
00365 RIO TINTO;1001700;ZSTO;CASCO CARCAZA AMARILLO;LIBUS // 3M // MSA // STEELPRO //;MILENIUM // H-700 AMARILLO // V-GARD AMARILLO // STEELPRO SAFETY AMARILLO // DEPASCALE-UCU1112PC;U365;365;V1;15;32;C28;SEGURIDAD/ROPA/EPP;SEGURIDAD;ACCESORIO SEGURIDAD;KG;ZPAN;SIN TRATAMIENTO;1000094932;;;;;19/9/2026;5/9/2026;;10159479
00365 RIO TINTO;1001943;ZSTO;ADHESIVO CIANO 20 G XUN;CIANO;;U365;365;V1;3;6;C27;FERRETERIA MR01;FERRETERIA;ADHESIVOS;KG;ZPAN;SIN TRATAMIENTO;1000094854;;;;;3/10/2026;3/9/2026;;10159357
00365 RIO TINTO;1003027;ZSTO;ELEMENTO FILTRO DE ACEITE;FLEETGUARD // No aplica // // BALDWIN //;LF16061 // P556615 // DBL7349 // B7362 // LF3806;U365;365;V1;11;23;C29;FILTROS/RESPUESTOS;FILTROS;ONAN C66D5;KG;ZPAN;SIN TRATAMIENTO;1000094854;;;;;3/10/2026;3/9/2026;;10159357
00365 RIO TINTO;1017005;ZSSD;CADENA PLASTICA ROJA Y BLANCA X ML;;MÚLT. 50/100 MTS;U365;365;V1;89;192;C28;SEGURIDAD/ROPA/EPP;SEGURIDAD;SEGURIDAD;KG;ZPAN;SIN TRATAMIENTO;1000094854;;;;;3/10/2026;3/9/2026;;10159357
00379 – VELADERO FASE 8C;1016494;ZSSD;CASCO CARCAZA GRIS;;;MM01;379;V1;10;20;C28;SEGURIDAD/ROPA/EPP;SEGURIDAD;ACCESORIO SEGURIDAD;KG;ZPAN;CUMPLIDO PARCIAL;1000091777;4500133351;5/8/2026;27/7/2026;6/8/2026;11/9/2026;14/7/2026;C28;10154669
00379 – VELADERO FASE 8C;1017031;ZSSD;GUANTES ALTO IMPACTO X PAR;;MÚLT. 12U;MM01;379;V1;150;350;C28;SEGURIDAD/ROPA/EPP;INDUMENTARIA;EPP;KG;ZPAN;EMBALADO;1000091777;4500133348;14/8/2026;14/8/2026;;11/9/2026;14/7/2026;C28;10154669
00379 – VELADERO FASE 8C;1016479;ZSCD;PROTECTOR SOLAR CREMA 60FPS X120ML;;VILLENEUVE - BABY & KIDS;MM01;379;V1;250;400;C28;SEGURIDAD/ROPA/EPP;SEGURIDAD;INSUMO;KG;ZPAN;CUMPLIDO PARCIAL;1000091777;4500134734;18/8/2026;18/8/2026;18/8/2026;11/9/2026;14/7/2026;C28;10154669
00379 – VELADERO FASE 8C;1016480;ZSCD;PROTECTOR SOLAR LABIAL 50FPS X4,8G;;NIVEA - SUN PROTECT;MM01;379;V1;250;400;C28;SEGURIDAD/ROPA/EPP;SEGURIDAD;INSUMO;KG;ZPAN;CUMPLIDO PARCIAL;1000091777;4500134734;14/8/2026;14/8/2026;14/8/2026;11/9/2026;14/7/2026;C28;10154669
00379 – VELADERO FASE 8C;1016495;ZSSD;CASCO CARCAZA VERDE OSCURO;;;MM01;379;V1;25;40;C28;SEGURIDAD/ROPA/EPP;SEGURIDAD;ACCESORIO SEGURIDAD;KG;ZPAN;CUMPLIDO PARCIAL;1000091777;4500134734;14/8/2026;14/8/2026;18/8/2026;11/9/2026;14/7/2026;C28;10154669
00379 – VELADERO FASE 8C;1002056;ZSTO;CAMPERA ABRIGO T. S ROJA CON LOGO;No aplica;CON REFLECTIVO T. S;MM01;379;V1;10;20;C28;SEGURIDAD/ROPA/EPP;ROPA;INDUMENTARIA;KG;ZPAS;CUMPLIDO PARCIAL;1000091926;;;12/8/2026;12/8/2026;15/9/2026;16/7/2026;;
00379 – VELADERO FASE 8C;1002057;ZSTO;CAMPERA ABRIGO T. M ROJA CON LOGO;No aplica;CON REFLECTIVO T. M;MM01;379;V1;10;30;C28;SEGURIDAD/ROPA/EPP;ROPA;INDUMENTARIA;KG;ZPAS;CUMPLIDO PARCIAL;1000091926;;;11/8/2026;11/8/2026;15/9/2026;16/7/2026;;
00379 – VELADERO FASE 8C;1002058;ZSTO;CAMPERA ABRIGO T. L ROJA CON LOGO;No aplica;CON REFLECTIVO T. L;MM01;379;V1;15;40;C28;SEGURIDAD/ROPA/EPP;ROPA;INDUMENTARIA;KG;ZPAS;CUMPLIDO PARCIAL;1000091926;;;10/8/2026;12/8/2026;15/9/2026;16/7/2026;;
00379 – VELADERO FASE 8C;1002059;ZSTO;CAMPERA ABRIGO T. XL ROJA CON LOGO;No aplica;CON REFLECTIVO T. XL;MM01;379;V1;15;40;C28;SEGURIDAD/ROPA/EPP;ROPA;INDUMENTARIA;KG;ZPAS;CUMPLIDO PARCIAL;1000091926;;;10/8/2026;12/8/2026;15/9/2026;16/7/2026;;
00379 – VELADERO FASE 8C;1002060;ZSTO;CAMPERA ABRIGO T. XXL ROJA CON LOGO;No aplica;CON REFLECTIVO T. XXL;MM01;379;V1;10;20;C28;SEGURIDAD/ROPA/EPP;ROPA;INDUMENTARIA;KG;ZPAS;CUMPLIDO PARCIAL;1000091926;;;10/8/2026;12/8/2026;15/9/2026;16/7/2026;;
00379 – VELADERO FASE 8C;1002049;ZSTO;CAMPERA 2 PIEL T. S;;;MM01;379;V1;10;20;C28;SEGURIDAD/ROPA/EPP;SEGURIDAD;INDUMENTARIA;KG;ZPAS;CUMPLIDO PARCIAL;1000091926;;;5/8/2026;5/8/2026;15/9/2026;16/7/2026;;
00379 – VELADERO FASE 8C;1002050;ZSTO;CAMPERA 2 PIEL T. M;;;MM01;379;V1;10;30;C28;SEGURIDAD/ROPA/EPP;SEGURIDAD;INDUMENTARIA;KG;ZPAS;SIN TRATAMIENTO;1000091926;;;;;15/9/2026;16/7/2026;;
00379 – VELADERO FASE 8C;1002051;ZSTO;CAMPERA 2 PIEL T. L;;;MM01;379;V1;15;40;C28;SEGURIDAD/ROPA/EPP;SEGURIDAD;INDUMENTARIA;KG;ZPAS;CUMPLIDO PARCIAL;1000091926;;;10/8/2026;10/8/2026;15/9/2026;16/7/2026;;
00379 – VELADERO FASE 8C;1002052;ZSTO;CAMPERA 2 PIEL T. XL;;;MM01;379;V1;15;40;C28;SEGURIDAD/ROPA/EPP;SEGURIDAD;INDUMENTARIA;KG;ZPAS;SIN TRATAMIENTO;1000091926;;;;;15/9/2026;16/7/2026;;
00379 – VELADERO FASE 8C;1002053;ZSTO;CAMPERA 2 PIEL T. XXL;;;MM01;379;V1;10;20;C28;SEGURIDAD/ROPA/EPP;SEGURIDAD;INDUMENTARIA;KG;ZPAS;CUMPLIDO PARCIAL;1000091926;;;4/8/2026;5/8/2026;15/9/2026;16/7/2026;;
00379 – VELADERO FASE 8C;1002054;ZSTO;CAMPERA 2 PIEL T. XXXL;;;MM01;379;V1;10;20;C28;SEGURIDAD/ROPA/EPP;SEGURIDAD;INDUMENTARIA;KG;ZPAS;CUMPLIDO PARCIAL;1000091926;;;4/8/2026;4/8/2026;15/9/2026;16/7/2026;;
00379 – VELADERO FASE 8C;1002001;ZSTO;CAMISA JEAN T.40 C LOGO;;;MM01;379;V1;5;10;C28;SEGURIDAD/ROPA/EPP;ROPA;INDUMENTARIA;KG;ZPAS;CUMPLIDO PARCIAL;1000091926;;;14/8/2026;14/8/2026;15/9/2026;16/7/2026;;
00379 – VELADERO FASE 8C;1002002;ZSTO;CAMISA JEAN T.42 C LOGO;;;MM01;379;V1;10;25;C28;SEGURIDAD/ROPA/EPP;ROPA;INDUMENTARIA;KG;ZPAS;CUMPLIDO PARCIAL;1000091926;;;14/8/2026;14/8/2026;15/9/2026;16/7/2026;;
00379 – VELADERO FASE 8C;1002003;ZSTO;CAMISA JEAN T.44 C LOGO;;;MM01;379;V1;15;35;C28;SEGURIDAD/ROPA/EPP;ROPA;INDUMENTARIA;KG;ZPAS;CUMPLIDO PARCIAL;1000091926;;;14/8/2026;14/8/2026;15/9/2026;16/7/2026;;
00379 – VELADERO FASE 8C;1002004;ZSTO;CAMISA JEAN T.46 C LOGO;;;MM01;379;V1;10;25;C28;SEGURIDAD/ROPA/EPP;ROPA;INDUMENTARIA;KG;ZPAS;CUMPLIDO PARCIAL;1000091926;;;14/8/2026;14/8/2026;15/9/2026;16/7/2026;;
00379 – VELADERO FASE 8C;1002005;ZSTO;CAMISA JEAN T.48 C LOGO;;;MM01;379;V1;10;25;C28;SEGURIDAD/ROPA/EPP;ROPA;INDUMENTARIA;KG;ZPAS;CUMPLIDO PARCIAL;1000091926;;;14/8/2026;14/8/2026;15/9/2026;16/7/2026;;
00379 – VELADERO FASE 8C;1002006;ZSTO;CAMISA JEAN T.50 C LOGO;;;MM01;379;V1;5;15;C28;SEGURIDAD/ROPA/EPP;ROPA;INDUMENTARIA;KG;ZPAS;CUMPLIDO PARCIAL;1000091926;;;14/8/2026;14/8/2026;15/9/2026;16/7/2026;;
00379 – VELADERO FASE 8C;1002007;ZSTO;CAMISA JEAN T.52 C LOGO;;;MM01;379;V1;5;10;C28;SEGURIDAD/ROPA/EPP;ROPA;INDUMENTARIA;KG;ZPAS;CUMPLIDO PARCIAL;1000091926;;;14/8/2026;14/8/2026;15/9/2026;16/7/2026;;
00379 – VELADERO FASE 8C;1002008;ZSTO;CAMISA JEAN T.54 C LOGO;;;MM01;379;V1;5;10;C28;SEGURIDAD/ROPA/EPP;ROPA;INDUMENTARIA;KG;ZPAS;CUMPLIDO PARCIAL;1000091926;;;14/8/2026;14/8/2026;15/9/2026;16/7/2026;;
00379 – VELADERO FASE 8C;1002010;ZSTO;CAMISA JEAN T.58 C LOGO;;;MM01;379;V1;3;5;C28;SEGURIDAD/ROPA/EPP;ROPA;INDUMENTARIA;KG;ZPAS;CUMPLIDO PARCIAL;1000091926;;;14/8/2026;14/8/2026;15/9/2026;16/7/2026;;
00379 – VELADERO FASE 8C;1004663;ZSTO;CAMISA JEAN T.36 C LOGO;;;MM01;379;V1;3;5;C28;SEGURIDAD/ROPA/EPP;ROPA;INDUMENTARIA;KG;ZPAS;CUMPLIDO PARCIAL;1000091926;;;14/8/2026;14/8/2026;15/9/2026;16/7/2026;;
00379 – VELADERO FASE 8C;1002011;ZSTO;PANTALON JEAN T.38;;;MM01;379;V1;3;5;C28;SEGURIDAD/ROPA/EPP;ROPA;INDUMENTARIA;KG;ZPAS;SIN TRATAMIENTO;1000091926;;;;;15/9/2026;16/7/2026;;
00379 – VELADERO FASE 8C;1002012;ZSTO;PANTALON JEAN T.40;;;MM01;379;V1;3;5;C28;SEGURIDAD/ROPA/EPP;ROPA;INDUMENTARIA;KG;ZPAS;CUMPLIDO PARCIAL;1000091926;;;4/8/2026;4/8/2026;15/9/2026;16/7/2026;;
00379 – VELADERO FASE 8C;1002013;ZSTO;PANTALON JEAN T.42;;;MM01;379;V1;8;15;C28;SEGURIDAD/ROPA/EPP;ROPA;INDUMENTARIA;KG;ZPAS;CUMPLIDO PARCIAL;1000091926;;;4/8/2026;4/8/2026;15/9/2026;16/7/2026;;
00379 – VELADERO FASE 8C;1002014;ZSTO;PANTALON JEAN T.44;;;MM01;379;V1;15;30;C28;SEGURIDAD/ROPA/EPP;ROPA;INDUMENTARIA;KG;ZPAS;CUMPLIDO PARCIAL;1000091926;;;5/8/2026;5/8/2026;15/9/2026;16/7/2026;;
00379 – VELADERO FASE 8C;1002015;ZSTO;PANTALON JEAN T.46;;;MM01;379;V1;15;30;C28;SEGURIDAD/ROPA/EPP;ROPA;INDUMENTARIA;KG;ZPAS;CUMPLIDO PARCIAL;1000091926;;;5/8/2026;5/8/2026;15/9/2026;16/7/2026;;
00379 – VELADERO FASE 8C;1002016;ZSTO;PANTALON JEAN T.48;;;MM01;379;V1;15;30;C28;SEGURIDAD/ROPA/EPP;ROPA;INDUMENTARIA;KG;ZPAS;CUMPLIDO PARCIAL;1000091926;;;4/8/2026;5/8/2026;15/9/2026;16/7/2026;;
00379 – VELADERO FASE 8C;1002017;ZSTO;PANTALON JEAN T.50;;;MM01;379;V1;10;20;C28;SEGURIDAD/ROPA/EPP;ROPA;INDUMENTARIA;KG;ZPAS;SIN TRATAMIENTO;1000091926;;;;;15/9/2026;16/7/2026;;
00379 – VELADERO FASE 8C;1002018;ZSTO;PANTALON JEAN T.52;;;MM01;379;V1;10;20;C28;SEGURIDAD/ROPA/EPP;ROPA;INDUMENTARIA;KG;ZPAS;CUMPLIDO PARCIAL;1000091926;;;4/8/2026;4/8/2026;15/9/2026;16/7/2026;;
00379 – VELADERO FASE 8C;1002019;ZSTO;PANTALON JEAN T.54;;;MM01;379;V1;5;10;C28;SEGURIDAD/ROPA/EPP;ROPA;INDUMENTARIA;KG;ZPAS;CUMPLIDO PARCIAL;1000091926;;;4/8/2026;4/8/2026;15/9/2026;16/7/2026;;
00379 – VELADERO FASE 8C;1002020;ZSTO;PANTALON JEAN T.56;;;MM01;379;V1;3;5;C28;SEGURIDAD/ROPA/EPP;ROPA;INDUMENTARIA;KG;ZPAS;CUMPLIDO PARCIAL;1000091926;;;4/8/2026;4/8/2026;15/9/2026;16/7/2026;;
00379 – VELADERO FASE 8C;1002021;ZSTO;PANTALON JEAN T.58;;;MM01;379;V1;3;5;C28;SEGURIDAD/ROPA/EPP;ROPA;INDUMENTARIA;KG;ZPAS;CUMPLIDO PARCIAL;1000091926;;;4/8/2026;4/8/2026;15/9/2026;16/7/2026;;
00379 – VELADERO FASE 8C;1002022;ZSTO;PANTALON JEAN T.60;;;MM01;379;V1;3;5;C28;SEGURIDAD/ROPA/EPP;ROPA;INDUMENTARIA;KG;ZPAS;CUMPLIDO PARCIAL;1000091926;;;14/8/2026;14/8/2026;15/9/2026;16/7/2026;;
00379 – VELADERO FASE 8C;1004664;ZSTO;PANTALON JEAN T.36 S XUN;;;MM01;379;V1;3;5;C28;SEGURIDAD/ROPA/EPP;ROPA;INDUMENTARIA;KG;ZPAS;SIN TRATAMIENTO;1000091926;;;;;15/9/2026;16/7/2026;;
00379 – VELADERO FASE 8C;1002045;ZSTO;CAMISETA PRIMERA PIEL T.L;;;MM01;379;V1;15;40;C28;SEGURIDAD/ROPA/EPP;SEGURIDAD;INDUMENTARIA;KG;ZPAS;CUMPLIDO PARCIAL;1000091926;;;20/8/2026;27/8/2026;15/9/2026;16/7/2026;;
00379 – VELADERO FASE 8C;1002046;ZSTO;CAMISETA PRIMERA PIEL T.XL;;;MM01;379;V1;15;40;C28;SEGURIDAD/ROPA/EPP;SEGURIDAD;INDUMENTARIA;KG;ZPAS;CUMPLIDO PARCIAL;1000091926;;;20/8/2026;27/8/2026;15/9/2026;16/7/2026;;
00379 – VELADERO FASE 8C;1002064;ZSTO;PANTALON PRIMERA PIEL T.S;;;MM01;379;V1;10;20;C28;SEGURIDAD/ROPA/EPP;SEGURIDAD;INDUMENTARIA;KG;ZPAS;CUMPLIDO PARCIAL;1000091926;;;4/8/2026;4/8/2026;15/9/2026;16/7/2026;;
00379 – VELADERO FASE 8C;1002065;ZSTO;PANTALON PRIMERA PIEL T.M;;;MM01;379;V1;10;30;C28;SEGURIDAD/ROPA/EPP;SEGURIDAD;INDUMENTARIA;KG;ZPAS;CUMPLIDO PARCIAL;1000091926;;;5/8/2026;;15/9/2026;16/7/2026;;
00379 – VELADERO FASE 8C;1002066;ZSTO;PANTALON PRIMERA PIEL T.L;;;MM01;379;V1;15;40;C28;SEGURIDAD/ROPA/EPP;SEGURIDAD;INDUMENTARIA;KG;ZPAS;CUMPLIDO PARCIAL;1000091926;;;20/8/2026;27/8/2026;15/9/2026;16/7/2026;;
00379 – VELADERO FASE 8C;1002067;ZSTO;PANTALON PRIMERA PIEL T.XL;;;MM01;379;V1;15;40;C28;SEGURIDAD/ROPA/EPP;SEGURIDAD;INDUMENTARIA;KG;ZPAS;CUMPLIDO PARCIAL;1000091926;;;20/8/2026;27/8/2026;15/9/2026;16/7/2026;;
00379 – VELADERO FASE 8C;1001707;ZSTO;CHALECOGRAFANARANJACONREFLETIVOT.XLC2;;MÚLT. 12U;MM01;379;V1;50;150;C28;SEGURIDAD/ROPA/EPP;SEGURIDAD;INDUMENTARIA;KG;ZPAS;CUMPLIDO PARCIAL;1000091926;;;27/7/2026;21/8/2026;15/9/2026;16/7/2026;;
00379 – VELADERO FASE 8C;1002075;ZSTO;BOTIN ALTA MONT MAR/NEG P METAL N40;MARASCO //;845 // TECHNICAL PERFORMANCE - BOTIN SUR;MM01;379;V1;5;8;C28;SEGURIDAD/ROPA/EPP;SEGURIDAD;CALZADO;KG;ZPAS;CUMPLIDO PARCIAL;1000091926;;;26/8/2026;26/8/2026;15/9/2026;16/7/2026;;
00379 – VELADERO FASE 8C;1002081;ZSTO;BOTIN ALTA MONT MAR/NEG P METAL N39;;MARASCO845N // TECHNICAL PERFORMANCE - BOTIN SUR T.39;MM01;379;V1;3;5;C28;SEGURIDAD/ROPA/EPP;SEGURIDAD;CALZADO;KG;ZPAS;SIN TRATAMIENTO;1000091926;;;;;15/9/2026;16/7/2026;;
00379 – VELADERO FASE 8C;1002083;ZSTO;BOTIN ALTA MONT MAR/NEG P METAL N37;;MARASCO845N // TECHNICAL PERFORMANCE - BOTIN SUR T.37;MM01;379;V1;2;5;C28;SEGURIDAD/ROPA/EPP;SEGURIDAD;CALZADO;KG;ZPAS;SIN TRATAMIENTO;1000091926;;;;;15/9/2026;16/7/2026;;
00379 – VELADERO FASE 8C;1002084;ZSTO;BOTIN ALTA MONT MAR/NEG P METAL N38;;MARASCO845N // TECHNICAL PERFORMANCE - BOTIN SUR T.38;MM01;379;V1;2;5;C28;SEGURIDAD/ROPA/EPP;SEGURIDAD;CALZADO;KG;ZPAS;SIN TRATAMIENTO;1000091926;;;;;15/9/2026;16/7/2026;;
00379 – VELADERO FASE 8C;1001694;ZSTO;PASAMONTANAS PARA -10 GRADOS;;;MM01;379;V1;50;150;C28;SEGURIDAD/ROPA/EPP;SEGURIDAD;INDUMENTARIA;KG;ZPAS;CUMPLIDO PARCIAL;1000091926;;;19/8/2026;26/8/2026;15/9/2026;16/7/2026;;
00379 – VELADERO FASE 8C;1001700;ZSTO;CASCO CARCAZA AMARILLO;LIBUS // 3M // MSA // STEELPRO //;MILENIUM // H-700 AMARILLO // V-GARD AMARILLO // STEELPRO SAFETY AMARILLO // DEPASCALE-UCU1112PC;MM01;379;V1;20;50;C28;SEGURIDAD/ROPA/EPP;SEGURIDAD;ACCESORIO SEGURIDAD;KG;ZPAS;CUMPLIDO PARCIAL;1000091926;;;18/8/2026;4/9/2026;15/9/2026;16/7/2026;;
00379 – VELADERO FASE 8C;1004255;ZSTO;SEMIMASCARA X UN;3M;3M - MOD. 6100 TS;MM01;379;V1;5;10;C28;SEGURIDAD/ROPA/EPP;SEGURIDAD;ACCESORIO SEGURIDAD;KG;ZPAS;EMBALADO;1000091926;;;27/8/2026;;15/9/2026;16/7/2026;;
00379 – VELADERO FASE 8C;1001693;ZSTO;MENTONERA BANDA ELASTICA;LIBUS // 3M // MSA // STEELPRO //;902003 // BARBIQUEJO H-700 4PUNTOS // CHINSTRAP V-GARD // BARBIQUEJO STEELPRO 4PTO // DEPASCALE-UCU2130PC;MM01;379;V1;50;150;C28;SEGURIDAD/ROPA/EPP;SEGURIDAD;ACCESORIO SEGURIDAD;KG;ZPAS;CUMPLIDO PARCIAL;1000091926;;;21/8/2026;21/8/2026;15/9/2026;16/7/2026;;
00379 – VELADERO FASE 8C;1002061;ZSTO;CAMPERA ABRIGO T. XXXL ROJA CON LOGO;No aplica;CON REFLECTIVO T. XXXL;MM01;379;V1;10;20;C28;SEGURIDAD/ROPA/EPP;ROPA;INDUMENTARIA;KG;ZPAS;SIN TRATAMIENTO;1000092125;;;;;30/9/2026;20/7/2026;;
00379 – VELADERO FASE 8C;1002000;ZSTO;CAMISA JEAN T.38 C LOGO;;;MM01;379;V1;3;5;C28;SEGURIDAD/ROPA/EPP;ROPA;INDUMENTARIA;KG;ZPAS;SIN TRATAMIENTO;1000092125;;;;;30/9/2026;20/7/2026;;
00379 – VELADERO FASE 8C;1002009;ZSTO;CAMISA JEAN T.56 C LOGO;;;MM01;379;V1;3;5;C28;SEGURIDAD/ROPA/EPP;ROPA;INDUMENTARIA;KG;ZPAS;SIN TRATAMIENTO;1000092125;;;;;30/9/2026;20/7/2026;;
00379 – VELADERO FASE 8C;1002047;ZSTO;CAMISETA PRIMERA PIEL T.XXL;;;MM01;379;V1;10;20;C28;SEGURIDAD/ROPA/EPP;SEGURIDAD;INDUMENTARIA;KG;ZPAS;SIN TRATAMIENTO;1000092125;;;;;30/9/2026;20/7/2026;;
00379 – VELADERO FASE 8C;1002048;ZSTO;CAMISETA PRIMERA PIEL T.XXXL;;;MM01;379;V1;10;20;C28;SEGURIDAD/ROPA/EPP;SEGURIDAD;INDUMENTARIA;KG;ZPAS;SIN TRATAMIENTO;1000092125;;;;;30/9/2026;20/7/2026;;
00379 – VELADERO FASE 8C;1002069;ZSTO;PANTALON PRIMERA PIEL T.XXXL;;;MM01;379;V1;10;20;C28;SEGURIDAD/ROPA/EPP;SEGURIDAD;INDUMENTARIA;KG;ZPAS;SIN TRATAMIENTO;1000092125;;;;;30/9/2026;20/7/2026;;
00379 – VELADERO FASE 8C;1002080;ZSTO;BOTIN ALTA MONT MAR/NEG P METAL N46;MARASCO //;845 // TECHNICAL PERFORMANCE - BOTIN SUR T.46;MM01;379;V1;3;8;C28;SEGURIDAD/ROPA/EPP;SEGURIDAD;CALZADO;KG;ZPAS;SIN TRATAMIENTO;1000092125;;;;;30/9/2026;20/7/2026;;
00379 – VELADERO FASE 8C;1016910;ZSSD;CINTA METRICA X10MT CON PASACINTO;;;MM01;379;V1;3;5;C13;FERRETERÍA MM01;FERRETERIA;INSUMOS;KG;ZPAN;EMBALADO;1000093050;4500134948;14/8/2026;15/8/2026;;20/9/2026;4/8/2026;C13;10156484
00379 – VELADERO FASE 8C;1026082;ZSSD;MAZA VOLEO 5KG BRONCE/CABO PLASTICO;;;MM01;379;V1;1;3;C13;FERRETERÍA MM01;FERRETERIA;HERRAMIENTAS;KG;ZPAN;EMBALADO;1000093050;4500134941;22/8/2026;24/8/2026;;20/9/2026;4/8/2026;C13;10156484
00379 – VELADERO FASE 8C;1017054;ZSSD;CABLE TPR TIPO TALLER 3X4MM2;;MT O MÚLT. 100 MTS;MM01;379;V1;50;100;C11;ELECTRICIDAD;ELECTRICIDAD;CABLES;KG;ZPAN;PICKEADO;1000093050;4500135368;22/8/2026;24/8/2026;;20/9/2026;4/8/2026;C11;10156484
00379 – VELADERO FASE 8C;1001848;ZSTO;KIT TECLADO MOUSE USB;;;MM01;379;V1;3;5;C05;INFORMÁT.-HARDWARE;INFORMATICA;HARDWARE;KG;ZPAS;EMBALADO;1000093188;;;11/8/2026;;5/9/2026;5/8/2026;;
00379 – VELADERO FASE 8C;1001851;ZSTO;MOUSE INALAMBRICO;;MARCA: LOGITECH/MICROSOFT;MM01;379;V1;5;10;C05;INFORMÁT.-HARDWARE;INFORMATICA;HARDWARE;KG;ZPAS;EMBALADO;1000093188;;;11/8/2026;;5/9/2026;5/8/2026;;
00379 – VELADERO FASE 8C;1001860;ZSTO;MOCHILA PARA NOTEBOOK (20-22 LTS);CASE LOGIC;;MM01;379;V1;5;10;C05;INFORMÁT.-HARDWARE;INFORMATICA;HARDWARE;KG;ZPAS;EMBALADO;1000093188;;;26/8/2026;;5/9/2026;5/8/2026;;
00379 – VELADERO FASE 8C;1001868;ZSTO;FILMSTRECHMANUALXBOBINAx2,70KG;;MEDIDAS 0,50X200METROSX2;MM01;379;V1;5;10;C17;INSUMOS A;LIBRERIA;CINTAS ADHESIVAS;KG;ZPAS;EMBALADO;1000093188;;;11/8/2026;;5/9/2026;5/8/2026;;
00379 – VELADERO FASE 8C;1001898;ZSTO;BOBINA DE PAPEL 25 X 400MTS X UN;ELEGANTE // ELITE;1003 (MÚLT. 2U) // 6264;MM01;379;V1;10;20;C17;INSUMOS A;LIMPIEZA;INSUMOS;KG;ZPAS;EMBALADO;1000093188;;;11/8/2026;;5/9/2026;5/8/2026;;
00379 – VELADERO FASE 8C;1001951;ZSTO;CANDADO 50MM XUN;;;MM01;379;V1;10;30;C13;FERRETERÍA MM01;FERRETERIA;ACCESORIOS;KG;ZPAS;EMBALADO PARCIAL;1000093188;;;11/8/2026;;5/9/2026;5/8/2026;;
00379 – VELADERO FASE 8C;1002044;ZSTO;CAMISETA PRIMERA PIEL T.M;;;MM01;379;V1;10;30;C28;SEGURIDAD/ROPA/EPP;SEGURIDAD;INDUMENTARIA;KG;ZPAS;PICKEADO;1000093188;;;27/8/2026;;5/9/2026;5/8/2026;;
00379 – VELADERO FASE 8C;1000004;ZSTO;BULON PORTAUNA (1-8X3.25-IN)XUN;CATERPILLA;4J9058;MM01;379;V1;22;44;G05;AJUSTE;REPUESTOS;CAT 938H;KG;ZPAS;EMBALADO;1000093322;;;27/8/2026;;15/9/2026;7/8/2026;;
00379 – VELADERO FASE 8C;1000007;ZSTO;ELEMENTO FILTRO DE CABINA;JOHN DEERE // JOHN DEERE;AT315957 // AT528017;MM01;379;V1;2;4;F05;FILTRO AIRE CABINA;FILTROS;TOPADOR JD 850;KG;ZPAS;EMBALADO;1000093322;;;27/8/2026;;15/9/2026;7/8/2026;;
00379 – VELADERO FASE 8C;1000030;ZSTO;FILTRO HIDRAULICO;PALFINGER //;EA1412 // MSA02 KIT;MM01;379;V1;1;2;F07;FILTRO FLUIDO HIDR;FILTROS;PKB15500;KG;ZPAS;EMBALADO;1000093322;;;3/9/2026;;15/9/2026;7/8/2026;;
00379 – VELADERO FASE 8C;1001672;ZSTO;ALAMBRE 4.06MM NEGRO RECOCIDO XKG;;MÚLT. 45/50 KG;MM01;379;V1;50;150;C08;ACERO;ACEROS;ALAMBRES;KG;ZPAN;PICKEADO;1000093191;4500135734;31/8/2026;1/9/2026;;15/9/2026;5/8/2026;C08;10156662
00379 – VELADERO FASE 8C;1001678;ZSTO;FICHA T.STECK HEMBRA 220V 16A 2P T X UN;;;MM01;379;V1;10;30;C11;ELECTRICIDAD;ELECTRICIDAD;FICHAS;KG;ZPAS;EMBALADO;1000093190;;;25/8/2026;;15/9/2026;5/8/2026;;
00379 – VELADERO FASE 8C;1001679;ZSTO;FICHA T.STECK MACHO 220V 16A 2P T XUN;;;MM01;379;V1;10;30;C11;ELECTRICIDAD;ELECTRICIDAD;FICHAS;KG;ZPAS;EMBALADO;1000093190;;;25/8/2026;;15/9/2026;5/8/2026;;
00379 – VELADERO FASE 8C;1002068;ZSTO;PANTALON PRIMERA PIEL T.XXL;;;MM01;379;V1;10;20;C28;SEGURIDAD/ROPA/EPP;SEGURIDAD;INDUMENTARIA;KG;ZPAS;EMBALADO;1000093188;;;24/8/2026;;5/9/2026;5/8/2026;;
00379 – VELADERO FASE 8C;1001682;ZSTO;MAMEL. 1°CAL. DESC. LAMIN.BLANCO 60GR.XL;;FABRICANTE:DUPONT | MODELO:TYVEK 500;MM01;379;V1;300;600;C28;SEGURIDAD/ROPA/EPP;SEGURIDAD;INDUMENTARIA;KG;ZPAS;EMBALADO;1000093190;;;27/8/2026;;15/9/2026;5/8/2026;;
00379 – VELADERO FASE 8C;1001683;ZSTO;RESPIRADOR PARA POLVOSTIPON95CAJAX20UN;;;MM01;379;V1;50;100;C28;SEGURIDAD/ROPA/EPP;SEGURIDAD;ACCESORIO SEGURIDAD;KG;ZPAS;EMBALADO PARCIAL;1000093190;;;25/8/2026;;15/9/2026;5/8/2026;;
00379 – VELADERO FASE 8C;1002079;ZSTO;BOTIN ALTA MONT MAR/NEG P METAL N45;MARASCO //;845 // TECHNICAL PERFORMANCE - BOTIN SUR T.45;MM01;379;V1;5;10;C28;SEGURIDAD/ROPA/EPP;SEGURIDAD;CALZADO;KG;ZPAS;PICKEADO;1000093188;;;27/8/2026;;5/9/2026;5/8/2026;;
00379 – VELADERO FASE 8C;1004046;ZSTO;BATERIA 12V 200 AMP;LEVAS BOSC // VOLVO CONS // LEVAS BOSC // LEVAS BOSC;4180E12VOL180AH1390 // 22813727 // BAT BOSCH S4200E // S5X 220E BOSCH;MM01;379;V1;2;4;C29;FILTROS/RESPUESTOS;REPUESTOS;VOLVO FMX HID VOLCADORA;KG;ZPAS;EMBALADO;1000093188;;;11/8/2026;;5/9/2026;5/8/2026;;
00379 – VELADERO FASE 8C;1021970;ZSTO;CABLE HDMI 3METROS;;CABLE CON AMBAS FICHAS HDMI MACHO DE 3 M;MM01;379;V1;2;5;C05;INFORMÁT.-HARDWARE;INSUMOS;INFORMATICA;KG;ZPAS;EMBALADO;1000093188;;;11/8/2026;;5/9/2026;5/8/2026;;
00379 – VELADERO FASE 8C;1026078;ZSTO;LAMPARA 12V-H11 55W X UN;;12V-H11 55W-PHILIPS-OSRAM;MM01;379;V1;20;50;C03;EQUIPOS;REPUESTOS;LAMPARAS;KG;ZPAS;EMBALADO PARCIAL;1000093188;;;11/8/2026;;5/9/2026;5/8/2026;;
00379 – VELADERO FASE 8C;1001702;ZSTO;GUANTE SOLDADOR COSTURA KEVLAR;;;MM01;379;V1;10;20;C28;SEGURIDAD/ROPA/EPP;SEGURIDAD;GUANTE;KG;ZPAS;EMBALADO;1000093190;;;25/8/2026;;15/9/2026;5/8/2026;;
00379 – VELADERO FASE 8C;1026806;ZSTO;PILA ALCALINA AAA x UN;;ENERGIZER/DURACELL (MÚLT. 4U);MM01;379;V1;50;150;C05;INFORMÁT.-HARDWARE;INSUMOS;LIBRERIA;KG;ZPAS;EMBALADO;1000093188;;;3/9/2026;;5/9/2026;5/8/2026;;
00379 – VELADERO FASE 8C;1027035;ZSTO;PICO DE GRASERA LINCOLN;LINCOLN;LINCOLN 5845;MM01;379;V1;10;20;C13;FERRETERÍA MM01;REPUESTO;?;KG;ZPAS;EMBALADO PARCIAL;1000093188;;;11/8/2026;;5/9/2026;5/8/2026;;
00379 – VELADERO FASE 8C;1041396;ZSTO;FARO LED 9V 36 LUXLED XUN;;8010ES CONCETRA/SPOT;MM01;379;V1;10;20;C11;ELECTRICIDAD;REPUESTOS;ACCESORIOS;KG;ZPAS;SIN TRATAMIENTO;1000093188;;;;;5/9/2026;5/8/2026;;
00379 – VELADERO FASE 8C;1001706;ZSTO;GUANTE LATEX USO MEDICINAL CAJA X 100 UN;;;MM01;379;V1;5;10;C28;SEGURIDAD/ROPA/EPP;SEGURIDAD;GUANTE;KG;ZPAS;EMBALADO;1000093190;;;26/8/2026;;15/9/2026;5/8/2026;;
00379 – VELADERO FASE 8C;1015814;ZSSD;LOCTITE 277 TORQUE ALTO X 50GS;;;MM01;379;V1;5;10;C13;FERRETERÍA MM01;FERRETERIA;ADHESIVOS;KG;ZPAN;EMBALADO;1000093189;4500135487;22/8/2026;24/8/2026;;5/9/2026;5/8/2026;C13;10156660
00379 – VELADERO FASE 8C;1001708;ZSTO;GUANTE POLIAMIDA LAMINADO PALMAPU-TALLE9;;MÚLT. 12U;MM01;379;V1;350;600;C28;SEGURIDAD/ROPA/EPP;SEGURIDAD;GUANTE;KG;ZPAS;EMBALADO;1000093190;;;28/8/2026;;15/9/2026;5/8/2026;;
00379 – VELADERO FASE 8C;1015866;ZSSD;TRAPO DE PISO X UN;;;MM01;379;V1;10;20;C17;INSUMOS A;LIMPIEZA;INSUMOS;KG;ZPAN;EMBALADO;1000093189;4500135765;22/8/2026;24/8/2026;;5/9/2026;5/8/2026;C17;10156660
00379 – VELADERO FASE 8C;1016027;ZSCD;"TALONARIO REMITO ""R"" CUADRUPLICADO X 25H";;;MM01;379;V1;3;5;C17;INSUMOS A;LIBRERIA;TALONARIOS;KG;ZPAN;ADJUDICADO;1000093189;4500137659;;;;5/9/2026;5/8/2026;C17;10156660
00379 – VELADERO FASE 8C;1017032;ZSSD;BORRADOR PIZARRA BLANCA;;;MM01;379;V1;5;10;C17;INSUMOS A;LIBRERIA;LIBRERIA;KG;ZPAN;EMBALADO;1000093189;4500135687;22/8/2026;24/8/2026;;5/9/2026;5/8/2026;C17;10156660
00379 – VELADERO FASE 8C;1017061;ZSSD;PIZARRA BLANCA MARCO ALUMINIO 75X100CM;;;MM01;379;V1;1;5;C17;INSUMOS A;LIBRERIA;LIBRERIA;KG;ZPAN;PICKEADO;1000093189;4500135697;31/8/2026;1/9/2026;;5/9/2026;5/8/2026;C17;10156660
00379 – VELADERO FASE 8C;1001718;ZSTO;RODILLERA SOLDADOR;;;MM01;379;V1;30;50;C28;SEGURIDAD/ROPA/EPP;SEGURIDAD;ACCESORIO SEGURIDAD;KG;ZPAS;EMBALADO;1000093190;;;28/8/2026;;15/9/2026;5/8/2026;;
00379 – VELADERO FASE 8C;1027576;ZSSD;PAVA ELECTRICA 2 LTS;;;MM01;379;V1;3;8;C19;ARQ./AMOBLAMIENTO;AMOBLAMIENTO;INSUMOS;KG;ZPAN;EMBALADO;1000093189;4500135612;22/8/2026;24/8/2026;;5/9/2026;5/8/2026;C19;10156660
00379 – VELADERO FASE 8C;1016954;ZSSD;TANZA 0.80MM -COLOR ROJO- XROLLO;;;MM01;379;V1;1;3;C13;FERRETERÍA MM01;FERRETERIA;ACCESORIOS;KG;ZPAN;EMBALADO;1000093189;4500135470;28/8/2026;28/8/2026;;5/9/2026;5/8/2026;C13;10156660
00379 – VELADERO FASE 8C;1001720;ZSTO;SEMIMASCARA;3M;6200;MM01;379;V1;50;100;C28;SEGURIDAD/ROPA/EPP;SEGURIDAD;ACCESORIO SEGURIDAD;KG;ZPAS;EMBALADO;1000093190;;;24/8/2026;;15/9/2026;5/8/2026;;
00379 – VELADERO FASE 8C;1001727;ZSTO;PROTECTOR AUDITIVO COPA P/CASCO;LIBUS // 3M // MSA // STEELPRO //;L300 // PELTOR X4P3E // LEFT/RIGHT CAP MOUNTED // CM-502 CASCO // DEPASCALE-NRR23 VERISHIELD VS110DH;MM01;379;V1;5;10;C28;SEGURIDAD/ROPA/EPP;SEGURIDAD;ACCESORIO SEGURIDAD;KG;ZPAS;EMBALADO;1000093190;;;25/8/2026;;15/9/2026;5/8/2026;;
00379 – VELADERO FASE 8C;1001738;ZSTO;GRILLETE 7/8   8,5TONELADASC CERTIFICADO;;;MM01;379;V1;3;5;C13;FERRETERÍA MM01;SEGURIDAD;LOGISTICA;KG;ZPAS;EMBALADO;1000093190;;;25/8/2026;;15/9/2026;5/8/2026;;
00379 – VELADERO FASE 8C;1001771;ZSTO;GRILLETECORAZON6,5TONELADASC CERTIFICADO;;;MM01;379;V1;3;5;C13;FERRETERÍA MM01;SEGURIDAD;SERVICIOS GENERALES;KG;ZPAS;EMBALADO;1000093190;;;25/8/2026;;15/9/2026;5/8/2026;;
00379 – VELADERO FASE 8C;1001773;ZSTO;CHALECOMICROPERFAMARILLOCONREFLECTIVO;;;MM01;379;V1;100;200;C28;SEGURIDAD/ROPA/EPP;SEGURIDAD;INDUMENTARIA;KG;ZPAS;EMBALADO;1000093190;;;25/8/2026;;15/9/2026;5/8/2026;;
00379 – VELADERO FASE 8C;1001776;ZSTO;ESLINGA SINTETICA 3MTS 3TN CERTIFICADA;;;MM01;379;V1;3;6;C13;FERRETERÍA MM01;SEGURIDAD;LOGISTICA;KG;ZPAS;EMBALADO;1000093190;;;28/8/2026;;15/9/2026;5/8/2026;;
00379 – VELADERO FASE 8C;1001777;ZSTO;ESLINGA SINTETICA 6MTS 4TN CERTIFICADA;;;MM01;379;V1;3;6;C13;FERRETERÍA MM01;SEGURIDAD;SERVICIOS GENERALES;KG;ZPAS;EMBALADO;1000093190;;;28/8/2026;;15/9/2026;5/8/2026;;
00379 – VELADERO FASE 8C;1001778;ZSTO;YERBA MATE X 500GRS X UN;;;MM01;379;V1;200;400;C17;INSUMOS A;ALIMENTOS;?;KG;ZPAS;EMBALADO;1000093190;;;25/8/2026;;15/9/2026;5/8/2026;;
00379 – VELADERO FASE 8C;1001784;ZSTO;ACEITE  HY GARD X 209L;JOHN DEERE;HY GARD;MM01;379;V1;1;2;L01;ACEITES;LUBRICANTES;ACEITES;KG;ZPAS;EMBALADO;1000093318;;;14/8/2026;;5/9/2026;7/8/2026;;
00379 – VELADERO FASE 8C;1001786;ZSTO;ACEITE ISO 46 HIDRAULICO  X 205L;YPF S.A. // YPF S.A.;BP46 // 135392;MM01;379;V1;5;10;L01;ACEITES;LUBRICANTES;ACEITES;KG;ZPAS;SIN TRATAMIENTO;1000093322;;;;;15/9/2026;7/8/2026;;
00379 – VELADERO FASE 8C;1001790;ZSTO;ACEITE 15W40  X 205L;YPF S.A. // YPF S.A. // EXXON MOBI // CATERPILLA // SHELL PLC. // VOLVO MAQU;EXTRAVIDA XV300 // 189292 // DELVAC MX 15W40 APICI4 // DEO 15W40 // R4 15W40 APICI4 ACEAE5E7 // VDS3;MM01;379;V1;10;30;L01;ACEITES;LUBRICANTES;ACEITES;KG;ZPAS;PICKEADO PARCIAL;1000093322;;;4/9/2026;;15/9/2026;7/8/2026;;
00379 – VELADERO FASE 8C;1001853;ZSTO;PENDRIVE 32 GB;;MARCA: SANDISK,KINGSTON,LEXAR;MM01;379;V1;5;10;C05;INFORMÁT.-HARDWARE;INFORMATICA;HARDWARE;KG;ZPAS;EMBALADO;1000093190;;;25/8/2026;;15/9/2026;5/8/2026;;
00379 – VELADERO FASE 8C;1001854;ZSTO;PILAS RECARGABLES AA SUELTA X UNIDAD;;;MM01;379;V1;20;50;C05;INFORMÁT.-HARDWARE;INFORMATICA;HARDWARE;KG;ZPAS;EMBALADO PARCIAL;1000093190;;;25/8/2026;;15/9/2026;5/8/2026;;
00379 – VELADERO FASE 8C;1001798;ZSTO;ACEITE HIDRAULICO X 20 LTS;TOTAL;AZOLLA32;MM01;379;V1;1;2;L01;ACEITES;LUBRICANTES;ACEITES;KG;ZPAS;EMBALADO;1000093322;;;3/9/2026;;15/9/2026;7/8/2026;;
00379 – VELADERO FASE 8C;1001858;ZSTO;PILAS RECARGABLES AAA SUELTA X UNIDAD;;MÚLT. 4U;MM01;379;V1;20;50;C05;INFORMÁT.-HARDWARE;INFORMATICA;HARDWARE;KG;ZPAS;EMBALADO;1000093190;;;25/8/2026;;15/9/2026;5/8/2026;;
00379 – VELADERO FASE 8C;1001861;ZSTO;TALONARIOREMITO R CUADRUPLICADOX25H.;;;MM01;379;V1;5;10;C17;INSUMOS A;LIBRERIA;TALONARIOS;KG;ZPAS;EMBALADO;1000093190;;;25/8/2026;;15/9/2026;5/8/2026;;
00379 – VELADERO FASE 8C;1001862;ZSTO;TALONARIO REMITO X TRIPLICADO X 25 H.;;;MM01;379;V1;5;10;C17;INSUMOS A;LIBRERIA;TALONARIOS;KG;ZPAS;EMBALADO;1000093190;;;25/8/2026;;15/9/2026;5/8/2026;;
00379 – VELADERO FASE 8C;1001866;ZSTO;MARCADOR INDUSTRIAL-NEGROXUN;UNIPAINT;MÚLT. 10U;MM01;379;V1;100;250;C17;INSUMOS A;LIBRERIA;ESCRITURA;KG;ZPAS;EMBALADO PARCIAL;1000093190;;;25/8/2026;;15/9/2026;5/8/2026;;
00379 – VELADERO FASE 8C;1001812;ZSTO;REFRIGERANTE ANTICONG. X20 LT;YPF S.A. // YPF S.A.;KRIOX 3 INORGANICO // 185280;MM01;379;V1;5;10;L02;FLUIDOS;LUBRICANTES;ADITIVOS;KG;ZPAS;SIN TRATAMIENTO;1000093322;;;;;15/9/2026;7/8/2026;;
00379 – VELADERO FASE 8C;1001867;ZSTO;MARCADOR INDUSTRIAL-BLANCOXUN;UNIPAINT;MÚLT. 10U;MM01;379;V1;100;250;C17;INSUMOS A;LIBRERIA;ESCRITURA;KG;ZPAS;EMBALADO PARCIAL;1000093190;;;25/8/2026;;15/9/2026;5/8/2026;;
00379 – VELADERO FASE 8C;1001814;ZSTO;LIQUIDO FRENO X1LT;WAGNER;;MM01;379;V1;12;24;L02;FLUIDOS;LUBRICANTES;ADITIVOS;KG;ZPAS;PICKEADO PARCIAL;1000093322;;;4/9/2026;;15/9/2026;7/8/2026;;
00379 – VELADERO FASE 8C;1001869;ZSTO;MARCADORINDUSTRIAL-AMARILLOXUN;UNIPAINT;MÚLT. 10U;MM01;379;V1;50;150;C17;INSUMOS A;LIBRERIA;ESCRITURA;KG;ZPAS;EMBALADO;1000093190;;;25/8/2026;;15/9/2026;5/8/2026;;
00379 – VELADERO FASE 8C;1001815;ZSTO;AGUA DESMINERALIZADA X 20L;;;MM01;379;V1;11;22;L02;FLUIDOS;LUBRICANTES;ADITIVOS;KG;ZPAS;SIN TRATAMIENTO;1000093322;;;;;15/9/2026;7/8/2026;;
00379 – VELADERO FASE 8C;1001870;ZSTO;FILMSTRECHAUTOMATICOXBOBINAx12KG;;MEDIDAS 0,50X100METROS;MM01;379;V1;5;10;C17;INSUMOS A;LIBRERIA;CINTAS ADHESIVAS;KG;ZPAS;EMBALADO;1000093190;;;28/8/2026;;15/9/2026;5/8/2026;;
00379 – VELADERO FASE 8C;1001871;ZSTO;RESMA DE HOJA A4 70GR. X UN;;;MM01;379;V1;30;60;C17;INSUMOS A;LIBRERIA;PAPEL;KG;ZPAS;EMBALADO;1000093190;;;25/8/2026;;15/9/2026;5/8/2026;;
00379 – VELADERO FASE 8C;1001876;ZSTO;CINTA EMBALAR TRANSPARENTE 48MM X 100 MT;SCOTCH;;MM01;379;V1;10;30;C17;INSUMOS A;LIBRERIA;CINTAS ADHESIVAS;KG;ZPAS;EMBALADO;1000093190;;;3/9/2026;;15/9/2026;5/8/2026;;
00379 – VELADERO FASE 8C;1001823;ZSTO;ACEITE F50 5W40 X 20 L;ELAION // YPF S.A. // ELAION;F50 5W40 // 151792 // FS540;MM01;379;V1;11;22;L01;ACEITES;LUBRICANTES;AMAROK-HILUX;KG;ZPAS;EMBALADO;1000093322;;;3/9/2026;;15/9/2026;7/8/2026;;
00379 – VELADERO FASE 8C;1001877;ZSTO;CINTA EMBALAR MARRON 48MM X 100 MT;;;MM01;379;V1;10;30;C17;INSUMOS A;LIBRERIA;CINTAS ADHESIVAS;KG;ZPAS;EMBALADO;1000093190;;;3/9/2026;;15/9/2026;5/8/2026;;
00379 – VELADERO FASE 8C;1001827;ZSTO;CUBIERTA 12.00 R20 FG85 (lineal);PIRELLI NE // MICHELIN A // GOOD YEAR;FG85 // XZY3 // G686MSS;MM01;379;V1;5;10;C48;CUBIERTAS CAMIONES;CUBIERTAS;IVECO TRAKKER;KG;ZPAS;EMBALADO;1000093318;;;20/8/2026;;5/9/2026;7/8/2026;;
00379 – VELADERO FASE 8C;1001878;ZSTO;CINTA DE ENMASCARAR 48MM X ROLLO;SCOTCH;;MM01;379;V1;10;30;C17;INSUMOS A;LIBRERIA;CINTAS ADHESIVAS;KG;ZPAS;EMBALADO;1000093190;;;25/8/2026;;15/9/2026;5/8/2026;;
00379 – VELADERO FASE 8C;1001828;ZSTO;CUBIERTA 12.00 R20 TG85 (TRACCION);PIRELLI NE // GOOD YEAR // MICHELIN A // GOOD YEAR // GOOD YEAR // GOOD YEAR;TG85 // G677OTR // XDY // G677 // G677MSD. // G-677 MSD;MM01;379;V1;10;20;C48;CUBIERTAS CAMIONES;CUBIERTAS;CUBIERTAS;KG;ZPAS;EMBALADO PARCIAL;1000093318;;;12/8/2026;;5/9/2026;7/8/2026;;
00379 – VELADERO FASE 8C;1001879;ZSTO;CINTA DE ENMASCARAR 24 MM XROLLO;;;MM01;379;V1;10;30;C17;INSUMOS A;LIBRERIA;CINTAS ADHESIVAS;KG;ZPAS;EMBALADO;1000093190;;;25/8/2026;;15/9/2026;5/8/2026;;
00379 – VELADERO FASE 8C;1001834;ZSTO;CUBIERTA 265 65 17 DUELER A T 693;BRIDGESTON // PIRELLI NE // BRIDGESTON // PIRELLI NE // GOOD YEAR;DUELER A T 693 // SCORPION ATR // AT REVO 2 // S MTR // WRANGLER WORKHORSE;MM01;379;V1;20;40;C47;CUBIERTAS AUTOMOTR;CUBIERTAS;hilux hasta 2016;KG;ZPAS;EMBALADO;1000093318;;;12/8/2026;;5/9/2026;7/8/2026;;
00379 – VELADERO FASE 8C;1001885;ZSTO;BOLSAS RESIDUOS XUN 102X130 VERDE;;;MM01;379;V1;800;1500;C17;INSUMOS A;LIMPIEZA;LIMPIEZA /SEGURIDAD;KG;ZPAS;EMBALADO;1000093190;;;28/8/2026;;15/9/2026;5/8/2026;;
00379 – VELADERO FASE 8C;1001837;ZSTO;CUBIERTA 12-16.5;GOOD YEAR // MICHELIN A // GOOD YEAR // PIRELLI NE // TITAN ARGE;12165NHS // BIBSTEEL-HARD-SURFACE // IT323 // PN16 // NHS IT 323  10PR;MM01;379;V1;1;2;C49;CUBIERTAS INDUSTRI;CUBIERTAS;JD 310;KG;ZPAS;EMBALADO;1000093318;;;12/8/2026;;5/9/2026;7/8/2026;;
00379 – VELADERO FASE 8C;1001888;ZSTO;BOLSAS RESIDUOS XUN 102X130 NEGRA;;;MM01;379;V1;200;400;C17;INSUMOS A;LIMPIEZA;LIMPIEZA /SEGURIDAD;KG;ZPAS;EMBALADO PARCIAL;1000093190;;;25/8/2026;;15/9/2026;5/8/2026;;
00379 – VELADERO FASE 8C;1001841;ZSTO;CAMARA 12.00 R20;;MARCA DONGAH // MARCA PIRELLI;MM01;379;V1;20;36;C52;CAMARAS;CUBIERTAS;CUBIERTAS;KG;ZPAS;EMBALADO;1000093322;;;27/8/2026;;15/9/2026;7/8/2026;;
00379 – VELADERO FASE 8C;1001891;ZSTO;PANOABSORVENTE PARAHIDROCARBUROXPAQ100;;;MM01;379;V1;10;20;C17;INSUMOS A;LIMPIEZA;MANTENIMIENTO TALLER;KG;ZPAS;EMBALADO;1000093190;;;28/8/2026;;15/9/2026;5/8/2026;;
00379 – VELADERO FASE 8C;1001842;ZSTO;PROTECTOR P CAMARA 12.00;;;MM01;379;V1;10;20;C52;CAMARAS;CUBIERTAS;CUBIERTAS;KG;ZPAS;EMBALADO PARCIAL;1000093322;;;27/8/2026;;15/9/2026;7/8/2026;;
00379 – VELADERO FASE 8C;1001892;ZSTO;BOLSAS RESIDUOS XUN 102X130ROJA100MICXUN;;;MM01;379;V1;400;800;C17;INSUMOS A;LIMPIEZA;LIMPIEZA /SEGURIDAD;KG;ZPAS;EMBALADO;1000093190;;;28/8/2026;;15/9/2026;5/8/2026;;
00379 – VELADERO FASE 8C;1001843;ZSTO;CUBIERTA 10-16.5;PIRELLI NE // BOBCAT // TITAN ARGE // GOOD YEAR //;PN16 // HEAVY DUTY // IT 323 10RP TL // IT 323 // TITAN HD2000 10T;MM01;379;V1;1;2;C49;CUBIERTAS INDUSTRI;CUBIERTAS;BOBCAT;KG;ZPAS;PICKEADO;1000093318;;;3/9/2026;;5/9/2026;7/8/2026;;
00379 – VELADERO FASE 8C;1001893;ZSTO;BOLSARESIDUPLASTICA60X90NEGRAXROLLOX10UN;;;MM01;379;V1;20;50;C17;INSUMOS A;LIMPIEZA;BOLSAS;KG;ZPAS;EMBALADO;1000093190;;;3/9/2026;;15/9/2026;5/8/2026;;
00379 – VELADERO FASE 8C;1001845;ZSTO;CUBIERTA 400 80-24 20 PR162A8 18TELY4750;MICHELIN A // FIRESTONE // SAMSON MAC // BALKRISHNA // CAMSO USA;POWERCL(15,5/80/R24) // S8000 // 400/80 R24 TL IND R-4E // 400/80-24 BKT MP522 RAD // 400/80-24 TM R4 20 PR TL;MM01;379;V1;1;2;C49;CUBIERTAS INDUSTRI;CUBIERTAS;HAULOTTE HTL 4014 - HTL 4017;KG;ZPAS;EMBALADO;1000093318;;;12/8/2026;;5/9/2026;7/8/2026;;
00379 – VELADERO FASE 8C;1001895;ZSTO;ALCOHOL LIQUIDO X LITRO;;;MM01;379;V1;50;100;C17;INSUMOS A;LIMPIEZA;ALCOHOL LIQUIDO;KG;ZPAS;EMBALADO;1000093190;;;25/8/2026;;15/9/2026;5/8/2026;;
00379 – VELADERO FASE 8C;1001902;ZSTO;PERFUMINA X 5 LTS;;;MM01;379;V1;5;10;C17;INSUMOS A;LIMPIEZA;INSUMOS;KG;ZPAS;EMBALADO;1000093190;;;3/9/2026;;15/9/2026;5/8/2026;;
00379 – VELADERO FASE 8C;1001905;ZSTO;DESODORANTE AEROSOL X360CM3;;;MM01;379;V1;20;50;C17;INSUMOS A;LIMPIEZA;INSUMOS;KG;ZPAS;EMBALADO PARCIAL;1000093190;;;27/8/2026;;15/9/2026;5/8/2026;;
00379 – VELADERO FASE 8C;1001909;ZSTO;LUSTRAMUEBLES X360ML;;;MM01;379;V1;50;150;C17;INSUMOS A;LIMPIEZA;INSUMOS;KG;ZPAS;EMBALADO;1000093190;;;3/9/2026;;15/9/2026;5/8/2026;;
00379 – VELADERO FASE 8C;1001915;ZSTO;REJILLA DE COCINA;;;MM01;379;V1;50;150;C17;INSUMOS A;LIMPIEZA;INSUMOS;KG;ZPAS;EMBALADO;1000093190;;;3/9/2026;;15/9/2026;5/8/2026;;
00379 – VELADERO FASE 8C;1001916;ZSTO;FRANELA;;;MM01;379;V1;5;150;C17;INSUMOS A;LIMPIEZA;INSUMOS;KG;ZPAS;SIN TRATAMIENTO;1000093190;;;;;15/9/2026;5/8/2026;;
00379 – VELADERO FASE 8C;1001927;ZSTO;DISCO CORTE 178X1.6X22 SECUR EXTRA  x UN;TYROLIT;178X16X222;MM01;379;V1;50;100;C13;FERRETERÍA MM01;FERRETERIA;ABRASIVOS/DISCOS;KG;ZPAS;EMBALADO;1000093190;;;27/8/2026;;15/9/2026;5/8/2026;;
00379 – VELADERO FASE 8C;1001929;ZSTO;DISCO 178X4,8X22,23TYROLIT OASECUR XUN;TYROLIT;178X48X222;MM01;379;V1;25;50;C13;FERRETERÍA MM01;FERRETERIA;ABRASIVOS/DISCOS;KG;ZPAS;EMBALADO;1000093190;;;27/8/2026;;15/9/2026;5/8/2026;;
00379 – VELADERO FASE 8C;1001930;ZSTO;DISCO C D O A 178X7.0X22.2 SECUR x UN;TYROLIT;178X70X222;MM01;379;V1;25;50;C13;FERRETERÍA MM01;FERRETERIA;ABRASIVOS/DISCOS;KG;ZPAS;EMBALADO;1000093190;;;27/8/2026;;15/9/2026;5/8/2026;;
00379 – VELADERO FASE 8C;1001933;ZSTO;DISCO 114x1,6x222 REFORZADO x UN;TYROLIT;114X16X222;MM01;379;V1;100;200;C13;FERRETERÍA MM01;FERRETERIA;ABRASIVOS/DISCOS;KG;ZPAS;EMBALADO;1000093190;;;27/8/2026;;15/9/2026;5/8/2026;;
00379 – VELADERO FASE 8C;1001934;ZSTO;DISCO C D O A 114X4.8X22.2 SECUR x UN;TYROLIT;114X48X222;MM01;379;V1;25;50;C13;FERRETERÍA MM01;FERRETERIA;ABRASIVOS/DISCOS;KG;ZPAS;EMBALADO;1000093190;;;27/8/2026;;15/9/2026;5/8/2026;;
00379 – VELADERO FASE 8C;1001943;ZSTO;ADHESIVO CIANO 20 G XUN;CIANO;;MM01;379;V1;15;30;C13;FERRETERÍA MM01;FERRETERIA;ADHESIVOS;KG;ZPAS;EMBALADO;1000093190;;;27/8/2026;;15/9/2026;5/8/2026;;
00379 – VELADERO FASE 8C;1001949;ZSTO;CANDADO 30MM XUN;;;MM01;379;V1;20;40;C13;FERRETERÍA MM01;FERRETERIA;ACCESORIOS;KG;ZPAS;EMBALADO;1000093190;;;27/8/2026;;15/9/2026;5/8/2026;;
00379 – VELADERO FASE 8C;1001952;ZSTO;TRAPO LIMPIO (BOLSAX10KG) XUN;;MÚLT. 10 KG;MM01;379;V1;10;20;C13;FERRETERÍA MM01;FERRETERIA;ACCESORIOS;KG;ZPAS;EMBALADO PARCIAL;1000093190;;;27/8/2026;;15/9/2026;5/8/2026;;
00379 – VELADERO FASE 8C;1001960;ZSTO;CINTA AISLADORA AMARILLO X10MT;;;MM01;379;V1;15;50;C13;FERRETERÍA MM01;FERRETERIA;INSUMOS;KG;ZPAS;EMBALADO PARCIAL;1000093190;;;27/8/2026;;15/9/2026;5/8/2026;;
00379 – VELADERO FASE 8C;1001961;ZSTO;CINTA AISLADORA NEGRA X10MT;;;MM01;379;V1;15;50;C13;FERRETERÍA MM01;FERRETERIA;INSUMOS;KG;ZPAS;EMBALADO;1000093190;;;3/9/2026;;15/9/2026;5/8/2026;;
00379 – VELADERO FASE 8C;1001962;ZSTO;CINTA AISLADORA ROJA X10MT;;;MM01;379;V1;15;50;C13;FERRETERÍA MM01;FERRETERIA;INSUMOS;KG;ZPAS;EMBALADO PARCIAL;1000093190;;;27/8/2026;;15/9/2026;5/8/2026;;
00379 – VELADERO FASE 8C;1001963;ZSTO;CINTA AISLADORA VERDE X10MT;;;MM01;379;V1;15;50;C13;FERRETERÍA MM01;FERRETERIA;INSUMOS;KG;ZPAS;EMBALADO PARCIAL;1000093190;;;26/8/2026;;15/9/2026;5/8/2026;;
00379 – VELADERO FASE 8C;1001964;ZSTO;CINTA AISLADORA BLANCA;;;MM01;379;V1;15;50;C13;FERRETERÍA MM01;FERRETERIA;INSUMOS;KG;ZPAS;EMBALADO PARCIAL;1000093190;;;27/8/2026;;15/9/2026;5/8/2026;;
00379 – VELADERO FASE 8C;1001968;ZSTO;ESMALTE SINT. AEROSOL AMARILLO X440CC;;KUWAIT-SINTEPLAST;MM01;379;V1;50;100;C22;INSUMOS C;PINTURAS;PINTURA AEROSOL;KG;ZPAS;EMBALADO;1000093190;;;27/8/2026;;15/9/2026;5/8/2026;;
00379 – VELADERO FASE 8C;1001969;ZSTO;ESMALTE SINT. AEROSOL BLANCO X440CC;;KUWAIT-SINTEPLAST;MM01;379;V1;100;200;C22;INSUMOS C;PINTURAS;PINTURA AEROSOL;KG;ZPAS;EMBALADO;1000093190;;;27/8/2026;;15/9/2026;5/8/2026;;
00379 – VELADERO FASE 8C;1001970;ZSTO;ESMALTE SINT. AEROSOL NEGRO X440CC;;KUWAIT-SINTEPLAST;MM01;379;V1;50;100;C22;INSUMOS C;PINTURAS;PINTURA AEROSOL;KG;ZPAS;EMBALADO PARCIAL;1000093190;;;27/8/2026;;15/9/2026;5/8/2026;;
00379 – VELADERO FASE 8C;1001971;ZSTO;ESMALTE SINT. AEROSOL ROJO X 440CC;;KUWAIT-SINTEPLAST;MM01;379;V1;150;250;C22;INSUMOS C;PINTURAS;PINTURA AEROSOL;KG;ZPAS;EMBALADO;1000093190;;;27/8/2026;;15/9/2026;5/8/2026;;
00379 – VELADERO FASE 8C;1001972;ZSTO;ESMALTE SINT. AEROSOL VERDE X440CC;;KUWAIT-SINTEPLAST;MM01;379;V1;20;50;C22;INSUMOS C;PINTURAS;PINTURA AEROSOL;KG;ZPAS;EMBALADO;1000093190;;;27/8/2026;;15/9/2026;5/8/2026;;
00379 – VELADERO FASE 8C;1001973;ZSTO;ESMALTE SINT. AEROSOL AZUL X440CC;;KUWAIT-SINTEPLAST;MM01;379;V1;30;50;C22;INSUMOS C;PINTURAS;PINTURA AEROSOL;KG;ZPAS;EMBALADO;1000093190;;;27/8/2026;;15/9/2026;5/8/2026;;
00379 – VELADERO FASE 8C;1001984;ZSTO;CARETA PARA SOLDADOR X UN;;;MM01;379;V1;2;4;C13;FERRETERÍA MM01;SOLDADURA;ACCESORIOS;KG;ZPAS;EMBALADO;1000093190;;;27/8/2026;;15/9/2026;5/8/2026;;
00379 – VELADERO FASE 8C;1001987;ZSTO;ELECTRODO 3,25 MM X KG;CONARCO;AWS6010;MM01;379;V1;10;30;C13;FERRETERÍA MM01;SOLDADURA;ELECTRODOS;KG;ZPAS;EMBALADO;1000093190;;;27/8/2026;;15/9/2026;5/8/2026;;
00379 – VELADERO FASE 8C;1001994;ZSTO;ELECTRODO AWS7018 X 2,50 MM X KG;CONARCO;AWS7018;MM01;379;V1;10;30;C13;FERRETERÍA MM01;SOLDADURA;ELECTRODOS;KG;ZPAS;EMBALADO;1000093190;;;27/8/2026;;15/9/2026;5/8/2026;;
00379 – VELADERO FASE 8C;1001996;ZSTO;ELECTRODO 6010 X 2.5 MM X KG;CONARCO;AWS6010;MM01;379;V1;10;30;C13;FERRETERÍA MM01;SOLDADURA;ELECTRODOS;KG;ZPAS;EMBALADO;1000093190;;;27/8/2026;;15/9/2026;5/8/2026;;
00379 – VELADERO FASE 8C;1001997;ZSTO;ELECTRODO 6013 X 2 MM X KG;CONARCO;AWSE6013;MM01;379;V1;10;30;C13;FERRETERÍA MM01;SOLDADURA;ELECTRODOS;KG;ZPAS;EMBALADO;1000093190;;;27/8/2026;;15/9/2026;5/8/2026;;
00379 – VELADERO FASE 8C;1001998;ZSTO;ESTANOLIN 1,00 MM X ROLLO XUN;;;MM01;379;V1;3;5;C13;FERRETERÍA MM01;SOLDADURA;INSUMOS ELECTRICIDAD;KG;ZPAS;EMBALADO PARCIAL;1000093190;;;27/8/2026;;15/9/2026;5/8/2026;;
00379 – VELADERO FASE 8C;1001914;ZSTO;CABO MADERA P/ESCOBA;;;MM01;379;V1;5;10;C17;INSUMOS A;LIMPIEZA;INSUMOS;KG;ZPAN;EMBALADO;1000093191;4500135765;22/8/2026;24/8/2026;;15/9/2026;5/8/2026;C17;10156662
00379 – VELADERO FASE 8C;1001918;ZSTO;ESCOBA PLASTICO S/CABO;;;MM01;379;V1;5;10;C17;INSUMOS A;LIMPIEZA;INSUMOS;KG;ZPAN;EMBALADO;1000093191;4500135763;22/8/2026;24/8/2026;;15/9/2026;5/8/2026;C17;10156662
00379 – VELADERO FASE 8C;1002055;ZSTO;MEDIAS TERMICAS T. UNICO PARA -10 GRADOS;;;MM01;379;V1;75;200;C28;SEGURIDAD/ROPA/EPP;ROPA;INDUMENTARIA;KG;ZPAS;EMBALADO;1000093190;;;28/8/2026;;15/9/2026;5/8/2026;;
00379 – VELADERO FASE 8C;1002071;ZSTO;CAMPERA DESCARNE T.XXXL;;;MM01;379;V1;5;10;C28;SEGURIDAD/ROPA/EPP;SEGURIDAD;INDUMENTARIA;KG;ZPAS;EMBALADO;1000093190;;;3/9/2026;;15/9/2026;5/8/2026;;
00379 – VELADERO FASE 8C;1002076;ZSTO;BOTIN ALTA MONT MAR/NEG P METAL N41;MARASCO //;845 // TECHNICAL PERFORMANCE - BOTIN SUR T.41;MM01;379;V1;8;15;C28;SEGURIDAD/ROPA/EPP;SEGURIDAD;CALZADO;KG;ZPAS;EMBALADO;1000093190;;;28/8/2026;;15/9/2026;5/8/2026;;
00379 – VELADERO FASE 8C;1002077;ZSTO;BOTIN ALTA MONT MAR/NEG P METAL N42;MARASCO //;845 // TECHNICAL PERFORMANCE - BOTIN SUR T.42;MM01;379;V1;15;30;C28;SEGURIDAD/ROPA/EPP;SEGURIDAD;CALZADO;KG;ZPAS;EMBALADO;1000093190;;;26/8/2026;;15/9/2026;5/8/2026;;
00379 – VELADERO FASE 8C;1002078;ZSTO;BOTIN ALTA MONT MAR/NEG P METAL N44;MARASCO //;845 // TECHNICAL PERFORMANCE - BOTIN SUR T.44;MM01;379;V1;10;25;C28;SEGURIDAD/ROPA/EPP;SEGURIDAD;CALZADO;KG;ZPAS;EMBALADO;1000093190;;;28/8/2026;;15/9/2026;5/8/2026;;
00379 – VELADERO FASE 8C;1002082;ZSTO;BOTIN ALTA MONT MAR/NEG P METAL N43;;MARASCO845N // TECHNICAL PERFORMANCE - BOTIN SUR T.43;MM01;379;V1;15;30;C28;SEGURIDAD/ROPA/EPP;SEGURIDAD;CALZADO;KG;ZPAS;EMBALADO;1000093190;;;28/8/2026;;15/9/2026;5/8/2026;;
00379 – VELADERO FASE 8C;1003466;ZSTO;PERTIGA 3.4M-3.7MC/LED/BANDSOP12/24v xUN;MAXWHIP;CON LED Y BANDERILLA C/SOPORTE 12V;MM01;379;V1;10;25;C03;EQUIPOS;REPUESTOS;AUTOMOTOR;KG;ZPAS;SIN TRATAMIENTO;1000093190;;;;;15/9/2026;5/8/2026;;
00379 – VELADERO FASE 8C;1003953;ZSTO;BATERIA 12V 75AMP;MOURA;M30LD;MM01;379;V1;3;5;C03;EQUIPOS;REPUESTOS;hilux 2017 en adelante;KG;ZPAS;EMBALADO;1000093190;;;27/8/2026;;15/9/2026;5/8/2026;;
00379 – VELADERO FASE 8C;1003954;ZSTO;BATERIA 12V 180AMP;;25 PLACAS POR ELEMENTO;MM01;379;V1;3;6;C29;FILTROS/RESPUESTOS;REPUESTOS;MAQUINARIA PESADA;KG;ZPAS;EMBALADO;1000093190;;;27/8/2026;;15/9/2026;5/8/2026;;
00379 – VELADERO FASE 8C;1003957;ZSTO;BATERIA 12V 110 AMP  318X162X220;MOURA;ME100HA;MM01;379;V1;3;6;C29;FILTROS/RESPUESTOS;REPUESTOS;BOMAG;KG;ZPAS;EMBALADO;1000093190;;;24/8/2026;;15/9/2026;5/8/2026;;
00379 – VELADERO FASE 8C;1004020;ZSTO;LAMPARA 12V-H4 P43T X UN;;P43T38;MM01;379;V1;10;20;C29;FILTROS/RESPUESTOS;REPUESTOS;ELECTRICIDAD AUTOMOTOR;KG;ZPAS;EMBALADO;1000093190;;;27/8/2026;;15/9/2026;5/8/2026;;
00379 – VELADERO FASE 8C;1004027;ZSTO;LAMPARA 12V-21W AMBAR X UN;;BAU15S;MM01;379;V1;10;20;C29;FILTROS/RESPUESTOS;REPUESTOS;ELECTRICIDAD AUTOMOTOR;KG;ZPAS;EMBALADO;1000093190;;;27/8/2026;;15/9/2026;5/8/2026;;
00379 – VELADERO FASE 8C;1004030;ZSTO;LAMPARA 24V-5W S CULOTE XUN;;PHILIPS-OSRAM;MM01;379;V1;20;40;C29;FILTROS/RESPUESTOS;REPUESTOS;ELECTRICIDAD AUTOMOTOR;KG;ZPAS;EMBALADO;1000093190;;;27/8/2026;;15/9/2026;5/8/2026;;
00379 – VELADERO FASE 8C;1004033;ZSTO;LAMPARA 24V-5W C CULOTE X UN;;BA15S;MM01;379;V1;20;40;C29;FILTROS/RESPUESTOS;REPUESTOS;ELECTRICIDAD AUTOMOTOR;KG;ZPAS;EMBALADO;1000093190;;;27/8/2026;;15/9/2026;5/8/2026;;
00379 – VELADERO FASE 8C;1004042;ZSTO;LAMPARA 24V-H7 70W X UN;;PX26D-PHILIPS-OSRAM;MM01;379;V1;50;100;C29;FILTROS/RESPUESTOS;REPUESTOS;ELECTRICIDAD AUTOMOTOR;KG;ZPAS;EMBALADO;1000093190;;;27/8/2026;;15/9/2026;5/8/2026;;
00379 – VELADERO FASE 8C;1004043;ZSTO;LAMPARA 24V-75 70W P43T X UN;;P43T38;MM01;379;V1;10;20;C29;FILTROS/RESPUESTOS;REPUESTOS;ELECTRICIDAD AUTOMOTOR;KG;ZPAS;EMBALADO;1000093190;;;27/8/2026;;15/9/2026;5/8/2026;;
00379 – VELADERO FASE 8C;1004044;ZSTO;ALARMA RETROCESO (INTELIGENTE);;B250 // BOC 12505 DZE;MM01;379;V1;5;10;C29;FILTROS/RESPUESTOS;REPUESTOS;ELECTRICIDAD DE TALLER;KG;ZPAS;EMBALADO;1000093190;;;27/8/2026;;15/9/2026;5/8/2026;;
00379 – VELADERO FASE 8C;1004251;ZSTO;ESCOBILLALIMPIAPARABRIZASTOYOTAHILUXJGO;TOYOTA ARG;;MM01;379;V1;5;10;C03;EQUIPOS;REPUESTOS;HILUX;KG;ZPAS;EMBALADO;1000093190;;;27/8/2026;;15/9/2026;5/8/2026;;
00379 – VELADERO FASE 8C;1004252;ZSTO;BALIZASTROBOSCOPICAINTELIGENTE(12V 24V);;20963 (12V/80V) // 2096/4 12V/90V // W018B227;MM01;379;V1;5;15;C29;FILTROS/RESPUESTOS;REPUESTOS;ACCESORIOS;KG;ZPAS;SIN TRATAMIENTO;1000093190;;;;;15/9/2026;5/8/2026;;
00379 – VELADERO FASE 8C;1004256;ZSTO;SEMIMASCARA X UN;3M;3M - MOD. 6300 TL;MM01;379;V1;20;50;C28;SEGURIDAD/ROPA/EPP;SEGURIDAD;ACCESORIO SEGURIDAD;KG;ZPAS;EMBALADO;1000093190;;;24/8/2026;;15/9/2026;5/8/2026;;
00379 – VELADERO FASE 8C;1004265;ZSTO;KIT DE 6 MUESTRAS DE ACEITE CON MANGUERA;CATERPILLA;9Z0009100;MM01;379;V1;10;20;C29;FILTROS/RESPUESTOS;REPUESTOS;KIT MUESTRA;KG;ZPAS;EMBALADO PARCIAL;1000093190;;;27/8/2026;;15/9/2026;5/8/2026;;
00379 – VELADERO FASE 8C;1009472;ZSTO;GUANTE VAQUETA MEDIO PASEO-FORRADO X PAR;;TALLE 10;MM01;379;V1;30;100;C28;SEGURIDAD/ROPA/EPP;SEGURIDAD;INDUMENTARIA;KG;ZPAS;EMBALADO;1000093190;;;27/8/2026;;15/9/2026;5/8/2026;;
00379 – VELADERO FASE 8C;1009480;ZSTO;FILTRO P/MASC. 3M X  2 UNID X JGO;3M //;MODELO 2091 // F200;MM01;379;V1;150;350;C28;SEGURIDAD/ROPA/EPP;SEGURIDAD;ACCESORIO SEGURIDAD;KG;ZPAS;EMBALADO;1000093190;;;24/8/2026;;15/9/2026;5/8/2026;;
00379 – VELADERO FASE 8C;1009481;ZSTO;ANTEOJO GRIS H/C;LIBUS // 3M // MSA // STEELPRO //;ARGON HC // SECUREFIT SF402AF // MSA MOVE SMOKE // STEELPRO ODYSSEY SMOKE // DEPASCALE-UCU022E;MM01;379;V1;250;500;C28;SEGURIDAD/ROPA/EPP;SEGURIDAD;INDUMENTARIA;KG;ZPAS;EMBALADO;1000093190;;;28/8/2026;;15/9/2026;5/8/2026;;
00379 – VELADERO FASE 8C;1016894;ZSTO;MAMEL. 1°CAL. DESC. LAMIN.BLANCO 60GRXXL;;FABRICANTE DUPONT/MODELO TIVEK 500;MM01;379;V1;300;500;C28;SEGURIDAD/ROPA/EPP;SEGURIDAD;INDUMENTARIA;KG;ZPAS;EMBALADO;1000093190;;;27/8/2026;;15/9/2026;5/8/2026;;
00379 – VELADERO FASE 8C;1017974;ZSTO;LIMPIACONTACTOS AEROSOL X240ML;;440CC 350G DELTA;MM01;379;V1;10;25;C13;FERRETERÍA MM01;INSUMOS;INFORMATICA;KG;ZPAS;EMBALADO PARCIAL;1000093190;;;27/8/2026;;15/9/2026;5/8/2026;;
00379 – VELADERO FASE 8C;1021946;ZSTO;TONER TN 2370 / TN660;;;MM01;379;V1;5;10;C05;INFORMÁT.-HARDWARE;INSUMOS;INSUMOS;KG;ZPAS;EMBALADO;1000093190;;;27/8/2026;;15/9/2026;5/8/2026;;
00379 – VELADERO FASE 8C;1021947;ZSTO;UNIDAD DE IMAGEN DR 2340 / 630;;;MM01;379;V1;2;5;C05;INFORMÁT.-HARDWARE;INSUMOS;INSUMOS;KG;ZPAS;EMBALADO PARCIAL;1000093190;;;27/8/2026;;15/9/2026;5/8/2026;;
00379 – VELADERO FASE 8C;1036100;ZSTO;CONO FLEX. C/REFLECT. Y BASE CAUCHO 70CM;;NARANJA DE PVC FLEXIBLE CON MEMORIA-70CM;MM01;379;V1;50;150;C28;SEGURIDAD/ROPA/EPP;SEGURIDAD;SEÑALIZACION;KG;ZPAS;EMBALADO;1000093190;;;25/8/2026;;15/9/2026;5/8/2026;;
00379 – VELADERO FASE 8C;1004263;ZSTO;LAMPARA 12V-51W XUN;;(HB4 O 9006);MM01;379;V1;10;20;C29;FILTROS/RESPUESTOS;REPUESTOS;ELECTRICIDAD AUTOMOTOR;KG;ZPAN;DESPACHADO;1000093191;4500134939;13/8/2026;13/8/2026;14/8/2026;15/9/2026;5/8/2026;C29;10156662
00379 – VELADERO FASE 8C;1013578;ZSSD;FUSIBLE PLANO 10AMP. XUN;;;MM01;379;V1;20;40;C29;FILTROS/RESPUESTOS;REPUESTOS;ELECTRICIDAD AUTOMOTOR;KG;ZPAN;DESPACHADO;1000093191;4500135039;11/8/2026;11/8/2026;14/8/2026;15/9/2026;5/8/2026;C29;10156662
00379 – VELADERO FASE 8C;1015792;ZSSD;FUSIBLE PLANO 15AMP. X1UN;;;MM01;379;V1;10;20;C03;EQUIPOS;REPUESTOS;ELECTRICIDAD AUTOMOTOR;KG;ZPAN;DESPACHADO;1000093191;4500135039;11/8/2026;11/8/2026;14/8/2026;15/9/2026;5/8/2026;C29;10156662
00379 – VELADERO FASE 8C;1015804;ZSSD;HOJA DE SIERRA 32D;;;MM01;379;V1;5;10;C13;FERRETERÍA MM01;FERRETERIA;INSUMOS;KG;ZPAN;PICKEADO;1000093191;4500135479;31/8/2026;1/9/2026;;15/9/2026;5/8/2026;C13;10156662
00379 – VELADERO FASE 8C;1015844;ZSSD;USAR 1026805;;;MM01;379;V1;30;50;C13;FERRETERÍA MM01;FERRETERIA;INSUMOS;KG;ZPAN;EMBALADO;1000093191;4500135618;22/8/2026;24/8/2026;;15/9/2026;5/8/2026;C13;10156662
00379 – VELADERO FASE 8C;1015852;ZSSD;PRECINTO PLASTICO AL-2 X 104MM X UN;;MÚLT. 100U;MM01;379;V1;3;5;C13;FERRETERÍA MM01;FERRETERIA;INSUMOS;KG;ZPAN;EMBALADO;1000093191;4500135470;26/8/2026;26/8/2026;;15/9/2026;5/8/2026;C13;10156662
00379 – VELADERO FASE 8C;1015854;ZSSD;PRECINTO PLASTICO AL-4 X 200MM;;MÚLT. 100U;MM01;379;V1;3;5;C13;FERRETERÍA MM01;FERRETERIA;INSUMOS;KG;ZPAN;EMBALADO;1000093191;4500135470;26/8/2026;26/8/2026;;15/9/2026;5/8/2026;C13;10156662
00379 – VELADERO FASE 8C;1015855;ZSSD;PRECINTO PLASTICO AL-5 X 300MM;;MÚLT. 100U;MM01;379;V1;3;5;C13;FERRETERÍA MM01;FERRETERIA;INSUMOS;KG;ZPAN;EMBALADO;1000093191;4500135470;26/8/2026;26/8/2026;;15/9/2026;5/8/2026;C13;10156662
00379 – VELADERO FASE 8C;1015856;ZSSD;PRECINTO PLASTICO AL-7 X400MM X UN;;MÚLT. 100U;MM01;379;V1;3;5;C13;FERRETERÍA MM01;FERRETERIA;INSUMOS;KG;ZPAN;EMBALADO;1000093191;4500135470;26/8/2026;26/8/2026;;15/9/2026;5/8/2026;C13;10156662
00379 – VELADERO FASE 8C;1016909;ZSSD;CINTA METRICA X5MT;;;MM01;379;V1;3;5;C13;FERRETERÍA MM01;FERRETERIA;INSUMOS;KG;ZPAN;EMBALADO;1000093191;4500135470;26/8/2026;26/8/2026;;15/9/2026;5/8/2026;C13;10156662
00379 – VELADERO FASE 8C;1016911;ZSSD;CINTA METRICA X20MT;;;MM01;379;V1;1;2;C13;FERRETERÍA MM01;FERRETERIA;INSUMOS;KG;ZPAN;EMBALADO;1000093191;4500135470;26/8/2026;26/8/2026;;15/9/2026;5/8/2026;C13;10156662
00379 – VELADERO FASE 8C;1016914;ZSSD;PINCEL CERDA NB 10;;;MM01;379;V1;5;10;C22;INSUMOS C;FERRETERIA;INSUMOS;KG;ZPAN;EMBALADO;1000093191;4500135056;14/8/2026;15/8/2026;;15/9/2026;5/8/2026;C22;10156662
00379 – VELADERO FASE 8C;1016919;ZSSD;LUBRICANTE MULTIUSO WD-40 440CC;;;MM01;379;V1;20;40;C13;FERRETERÍA MM01;FERRETERIA;ADHESIVOS/SELLADORES/LUBRICANT;KG;ZPAN;EMBALADO;1000093191;4500135487;22/8/2026;24/8/2026;;15/9/2026;5/8/2026;C13;10156662
00379 – VELADERO FASE 8C;1016922;ZSSD;CHOCLA 30MT;;;MM01;379;V1;5;10;C13;FERRETERÍA MM01;FERRETERIA;FERRETERIA;KG;ZPAN;ADJUDICADO;1000093191;4500135470;;;;15/9/2026;5/8/2026;C13;10156662
00379 – VELADERO FASE 8C;1016932;ZSSD;RUEDA NEUMATICA P CARRETILLA 70LT;;;MM01;379;V1;2;5;C13;FERRETERÍA MM01;FERRETERIA;INSUMOS;KG;ZPAN;PICKEADO;1000093191;4500135479;31/8/2026;1/9/2026;;15/9/2026;5/8/2026;C13;10156662
00379 – VELADERO FASE 8C;1016933;ZSSD;MAZA MINERO 1KG;;;MM01;379;V1;2;5;C13;FERRETERÍA MM01;FERRETERIA;HERRAMIENTA MANUAL;KG;ZPAN;PICKEADO;1000093191;4500135479;31/8/2026;1/9/2026;;15/9/2026;5/8/2026;C13;10156662
00379 – VELADERO FASE 8C;1016938;ZSSD;SILICONA LIQUIDA BRILLO SILICONADO X5LT;;;MM01;379;V1;10;20;C17;INSUMOS A;LIMPIEZA;LIMPIEZA /SEGURIDAD;KG;ZPAN;EMBALADO;1000093191;4500135763;22/8/2026;24/8/2026;;15/9/2026;5/8/2026;C17;10156662
00379 – VELADERO FASE 8C;1016939;ZSSD;DESODORANTE LIQUIDO P PISO X5LT;;;MM01;379;V1;5;10;C17;INSUMOS A;LIMPIEZA;LIMPIEZA /SEGURIDAD;KG;ZPAN;EMBALADO;1000093191;4500135765;22/8/2026;24/8/2026;;15/9/2026;5/8/2026;C17;10156662
00379 – VELADERO FASE 8C;1016941;ZSSD;SECADOR DE PISO 60CM;;;MM01;379;V1;5;10;C17;INSUMOS A;LIMPIEZA;INSUMOS;KG;ZPAN;EMBALADO;1000093191;4500135763;22/8/2026;24/8/2026;;15/9/2026;5/8/2026;C17;10156662
00379 – VELADERO FASE 8C;1016950;ZSSD;ARRANCAMOTOR AEROSOL WURTH START-RAPID;;;MM01;379;V1;15;30;C13;FERRETERÍA MM01;FERRETERIA;INSUMOS;KG;ZPAN;ADJUDICADO;1000093191;4500136737;;;;15/9/2026;5/8/2026;C13;10156662
00379 – VELADERO FASE 8C;1016958;ZSSD;SEPARADOR A4 PLASTICO A-Z PLASTICO;;MÚLT. 5U;MM01;379;V1;10;20;C17;INSUMOS A;LIMPIEZA;LIMPIEZA /SEGURIDAD;KG;ZPAN;ADJUDICADO;1000093191;4500136665;;;;15/9/2026;5/8/2026;C17;10156662
00379 – VELADERO FASE 8C;1016960;ZSSD;RESALTADOR VERDE PUNTA CHANFLEADA;;MÚLT. 10U;MM01;379;V1;20;40;C17;INSUMOS A;LIBRERIA;ESCRITURA;KG;ZPAN;EMBALADO;1000093191;4500135687;22/8/2026;24/8/2026;;15/9/2026;5/8/2026;C17;10156662
00379 – VELADERO FASE 8C;1016961;ZSSD;RESALTADOR ROSA PUNTA CHANFLEADA;;MÚLT. 10U;MM01;379;V1;20;40;C17;INSUMOS A;LIBRERIA;ESCRITURA;KG;ZPAN;EMBALADO;1000093191;4500135687;22/8/2026;24/8/2026;;15/9/2026;5/8/2026;C17;10156662
00379 – VELADERO FASE 8C;1016963;ZSSD;RESALTADOR CELESTE PUNTA CHANFLEADA;;MÚLT. 10U;MM01;379;V1;20;40;C17;INSUMOS A;LIBRERIA;ESCRITURA;KG;ZPAN;EMBALADO;1000093191;4500135687;22/8/2026;24/8/2026;;15/9/2026;5/8/2026;C17;10156662
00379 – VELADERO FASE 8C;1016964;ZSSD;RESALTADOR AMARILLO PUNTA CHANFLEADA;;MÚLT. 10U;MM01;379;V1;20;40;C17;INSUMOS A;LIBRERIA;ESCRITURA;KG;ZPAN;EMBALADO;1000093191;4500135687;22/8/2026;24/8/2026;;15/9/2026;5/8/2026;C17;10156662
00379 – VELADERO FASE 8C;1016965;ZSSD;PORTABLOCK ACRILICO C CLIP SUPERIOR;;;MM01;379;V1;20;50;C17;INSUMOS A;LIBRERIA;ACCESORIOS;KG;ZPAN;EMBALADO;1000093191;4500135687;22/8/2026;24/8/2026;;15/9/2026;5/8/2026;C17;10156662
00379 – VELADERO FASE 8C;1016966;ZSSD;PICO PUNTA Y PALA;;;MM01;379;V1;5;10;C13;FERRETERÍA MM01;FERRETERIA;HERRAMIENTA MANUAL;KG;ZPAN;PICKEADO;1000093191;4500135479;31/8/2026;1/9/2026;;15/9/2026;5/8/2026;C13;10156662
00379 – VELADERO FASE 8C;1016972;ZSSD;MAZA MINERO 5KG;;;MM01;379;V1;2;5;C13;FERRETERÍA MM01;FERRETERIA;HERRAMIENTA MANUAL;KG;ZPAN;PICKEADO;1000093191;4500135479;31/8/2026;1/9/2026;;15/9/2026;5/8/2026;C13;10156662
00379 – VELADERO FASE 8C;1016973;ZSSD;MAZA MINERO 3 KG;;;MM01;379;V1;2;5;C13;FERRETERÍA MM01;FERRETERIA;HERRAMIENTA MANUAL;KG;ZPAN;PICKEADO;1000093191;4500135479;31/8/2026;1/9/2026;;15/9/2026;5/8/2026;C13;10156662
00379 – VELADERO FASE 8C;1016974;ZSSD;MARTILLO BOLITA 350 GR;;;MM01;379;V1;2;5;C13;FERRETERÍA MM01;FERRETERIA;HERRAMIENTA;KG;ZPAN;EMBALADO;1000093191;4500135470;26/8/2026;26/8/2026;;15/9/2026;5/8/2026;C13;10156662
00379 – VELADERO FASE 8C;1016975;ZSSD;MARCADOR P PIZARRA ROJO;;MÚLT. 10U;MM01;379;V1;10;20;C17;INSUMOS A;LIBRERIA;ESCRITURA;KG;ZPAN;EMBALADO;1000093191;4500135703;22/8/2026;24/8/2026;;15/9/2026;5/8/2026;C17;10156662
00379 – VELADERO FASE 8C;1016976;ZSSD;MARCADOR P PIZARRA NEGRO;;MÚLT. 10U;MM01;379;V1;10;20;C17;INSUMOS A;LIBRERIA;ESCRITURA;KG;ZPAN;EMBALADO;1000093191;4500135703;22/8/2026;24/8/2026;;15/9/2026;5/8/2026;C17;10156662
00379 – VELADERO FASE 8C;1016977;ZSSD;MARCADOR P PIZARRA AZUL;;MÚLT. 10U;MM01;379;V1;10;20;C17;INSUMOS A;LIBRERIA;ESCRITURA;KG;ZPAN;EMBALADO;1000093191;4500135703;22/8/2026;24/8/2026;;15/9/2026;5/8/2026;C17;10156662
00379 – VELADERO FASE 8C;1016982;ZSSD;FOLIO A4 ST X100;;;MM01;379;V1;5;10;C17;INSUMOS A;LIBRERIA;PAPEL;KG;ZPAN;PICKEADO;1000093191;4500135697;31/8/2026;1/9/2026;;15/9/2026;5/8/2026;C17;10156662
00379 – VELADERO FASE 8C;1016987;ZSSD;CORTA FIERRO;;;MM01;379;V1;5;10;C13;FERRETERÍA MM01;FERRETERIA;INSUMOS;KG;ZPAN;EMBALADO;1000093191;4500135470;26/8/2026;26/8/2026;;15/9/2026;5/8/2026;C13;10156662
00379 – VELADERO FASE 8C;1016988;ZSSD;CINTA METRICA 3MT;;;MM01;379;V1;5;10;C13;FERRETERÍA MM01;FERRETERIA;INSUMOS;KG;ZPAN;EMBALADO;1000093191;4500135470;26/8/2026;26/8/2026;;15/9/2026;5/8/2026;C13;10156662
00379 – VELADERO FASE 8C;1016995;ZSSD;BROCHES FLEX CON FILO N50 X1000;;;MM01;379;V1;10;20;C17;INSUMOS A;LIBRERIA;LIBRERIA;KG;ZPAN;PICKEADO;1000093191;4500135697;31/8/2026;1/9/2026;;15/9/2026;5/8/2026;C17;10156662
00379 – VELADERO FASE 8C;1017011;ZSSD;CUADERNO ESPIRAL RAY A4 T.SEMIDURA 80 HJ;;;MM01;379;V1;10;20;C17;INSUMOS A;LIBRERIA;PAPEL;KG;ZPAN;EMBALADO;1000093191;4500135703;22/8/2026;24/8/2026;;15/9/2026;5/8/2026;C17;10156662
00379 – VELADERO FASE 8C;1017018;ZSSD;MINAS 0.5MM 2B X12;;;MM01;379;V1;10;20;C17;INSUMOS A;LIBRERIA;INSUMOS;KG;ZPAN;PICKEADO;1000093191;4500135697;31/8/2026;1/9/2026;;15/9/2026;5/8/2026;C17;10156662
00379 – VELADERO FASE 8C;1017019;ZSSD;ABROCHADORA PINZA N10;;;MM01;379;V1;5;10;C17;INSUMOS A;LIBRERIA;ACCESORIOS;KG;ZPAN;EMBALADO;1000093191;4500135687;22/8/2026;24/8/2026;;15/9/2026;5/8/2026;C17;10156662
00379 – VELADERO FASE 8C;1017021;ZSSD;CUADERNO ESPIRAL CUAD A4 T.DURA 80 HJ;;;MM01;379;V1;10;30;C17;INSUMOS A;LIBRERIA;LIBRERIA;KG;ZPAN;EMBALADO;1000093191;4500135687;22/8/2026;24/8/2026;;15/9/2026;5/8/2026;C17;10156662
00379 – VELADERO FASE 8C;1017022;ZSSD;CUADERNO ESPIRAL CUAD A4 T.SEMIDURA 80HJ;;;MM01;379;V1;10;20;C17;INSUMOS A;LIBRERIA;PAPEL;KG;ZPAN;EMBALADO;1000093191;4500135703;22/8/2026;24/8/2026;;15/9/2026;5/8/2026;C17;10156662
00379 – VELADERO FASE 8C;1017023;ZSSD;CUADERNO ESPIRAL RAY A4 T.DURA 80 HJ;;;MM01;379;V1;10;30;C17;INSUMOS A;LIBRERIA;ESCRITURA;KG;ZPAN;EMBALADO;1000093191;4500135687;22/8/2026;24/8/2026;;15/9/2026;5/8/2026;C17;10156662
00379 – VELADERO FASE 8C;1017030;ZSSD;CINTA AISLADORA AZUL ( GENERICO );;;MM01;379;V1;20;50;C13;FERRETERÍA MM01;FERRETERIA;INSUMOS;KG;ZPAN;EMBALADO;1000093191;4500135470;26/8/2026;26/8/2026;;15/9/2026;5/8/2026;C13;10156662
00379 – VELADERO FASE 8C;1017035;ZSSD;GOMA DE BORRAR LAPIZ;;;MM01;379;V1;10;20;C17;INSUMOS A;LIBRERIA;LIBRERIA;KG;ZPAN;EMBALADO;1000093191;4500135703;22/8/2026;24/8/2026;;15/9/2026;5/8/2026;C17;10156662
00379 – VELADERO FASE 8C;1017037;ZSSD;MARCADOR P PIZARRA VERDE;;MÚLT. 10U;MM01;379;V1;10;20;C17;INSUMOS A;LIBRERIA;ESCRITURA;KG;ZPAN;EMBALADO;1000093191;4500135703;22/8/2026;24/8/2026;;15/9/2026;5/8/2026;C17;10156662
00379 – VELADERO FASE 8C;1017092;ZSSD;MAZA DE GOMA 1KG;;;MM01;379;V1;2;5;C13;FERRETERÍA MM01;FERRETERIA;HERRAMIENTAS;KG;ZPAN;EMBALADO;1000093191;4500135487;22/8/2026;24/8/2026;;15/9/2026;5/8/2026;C13;10156662
00379 – VELADERO FASE 8C;1017094;ZSSD;PINZA UNIVERSAL 180 MM;;;MM01;379;V1;2;5;C13;FERRETERÍA MM01;FERRETERIA;HERRAMIENTAS;KG;ZPAN;EMBALADO;1000093191;4500135470;26/8/2026;26/8/2026;;15/9/2026;5/8/2026;C13;10156662
00379 – VELADERO FASE 8C;1017099;ZSSD;MASCARA PARA SOLDAR FOTOSENSIBLE;;;MM01;379;V1;2;4;C13;FERRETERÍA MM01;SOLDADURA;ACCESORIOS;KG;ZPAN;PICKEADO;1000093191;4500135805;31/8/2026;1/9/2026;;15/9/2026;5/8/2026;C13;10156662
00379 – VELADERO FASE 8C;1017110;ZSSD;MATAFUEGO ABC X10KG;;;MM01;379;V1;5;15;C28;SEGURIDAD/ROPA/EPP;SEGURIDAD;SEGURIDAD;KG;ZPAN;EMBALADO;1000093191;4500135393;31/8/2026;14/8/2026;;15/9/2026;5/8/2026;C28;10156662
00379 – VELADERO FASE 8C;1017147;ZSSD;BARRETA SACACLAVOS 19X1000;;;MM01;379;V1;2;5;C13;FERRETERÍA MM01;FERRETERIA;INSUMOS;KG;ZPAN;EMBALADO;1000093191;4500135470;26/8/2026;26/8/2026;;15/9/2026;5/8/2026;C13;10156662
00379 – VELADERO FASE 8C;1017148;ZSSD;BARRETA SACACLAVOS 19X400;;;MM01;379;V1;2;5;C13;FERRETERÍA MM01;FERRETERIA;INSUMOS;KG;ZPAN;PICKEADO;1000093191;4500135479;31/8/2026;1/9/2026;;15/9/2026;5/8/2026;C13;10156662
00379 – VELADERO FASE 8C;1017177;ZSSD;LLAVE AJUSTABLE 12PG;;;MM01;379;V1;2;5;C13;FERRETERÍA MM01;FERRETERIA;HERRAMIENTAS;KG;ZPAN;EMBALADO;1000093191;4500135470;26/8/2026;26/8/2026;;15/9/2026;5/8/2026;C13;10156662
00379 – VELADERO FASE 8C;1017178;ZSSD;LLAVE AJUSTABLE 8PG;;;MM01;379;V1;2;5;C13;FERRETERÍA MM01;FERRETERIA;HERRAMIENTAS;KG;ZPAN;EMBALADO;1000093191;4500135470;26/8/2026;26/8/2026;;15/9/2026;5/8/2026;C13;10156662
00379 – VELADERO FASE 8C;1017218;ZSSD;LAMPAZO;;;MM01;379;V1;5;10;C17;INSUMOS A;LIMPIEZA;LIMPIEZA /SEGURIDAD;KG;ZPAN;EMBALADO;1000093191;4500135765;22/8/2026;24/8/2026;;15/9/2026;5/8/2026;C17;10156662
00379 – VELADERO FASE 8C;1017220;ZSSD;REGLA PLASTICA 30 CM;;;MM01;379;V1;10;20;C17;INSUMOS A;LIBRERIA;ACCESORIOS;KG;ZPAN;EMBALADO;1000093191;4500135703;22/8/2026;24/8/2026;;15/9/2026;5/8/2026;C17;10156662
00379 – VELADERO FASE 8C;1017222;ZSSD;LAPIZ A MINA 05 MM B;;;MM01;379;V1;10;20;C17;INSUMOS A;LIBRERIA;INSUMOS;KG;ZPAN;EMBALADO;1000093191;4500135687;22/8/2026;24/8/2026;;15/9/2026;5/8/2026;C17;10156662
00379 – VELADERO FASE 8C;1017223;ZSSD;LAPIZ A MINA 07 MM 2B;;;MM01;379;V1;10;20;C17;INSUMOS A;LIBRERIA;INSUMOS;KG;ZPAN;EMBALADO;1000093191;4500135687;22/8/2026;24/8/2026;;15/9/2026;5/8/2026;C17;10156662
00379 – VELADERO FASE 8C;1026080;ZSSD;CEPILLO BARRENDERO 80CM XUN;;;MM01;379;V1;10;20;C17;INSUMOS A;LIMPIEZA;LIMPIEZA /SEGURIDAD;KG;ZPAN;EMBALADO;1000093191;4500135763;22/8/2026;24/8/2026;;15/9/2026;5/8/2026;C17;10156662
00379 – VELADERO FASE 8C;1028713;ZSSD;LAMPARA H16L 64219 19W;;;MM01;379;V1;10;40;C29;FILTROS/RESPUESTOS;REPUESTOS;?;KG;ZPAN;DESPACHADO;1000093191;4500134939;13/8/2026;13/8/2026;14/8/2026;15/9/2026;5/8/2026;C29;10156662
00379 – VELADERO FASE 8C;1034939;ZSSD;GUANTE POLIESTER G13 ALTO IMPACTO X PAR;;MÚLT. 12U;MM01;379;V1;50;150;C28;SEGURIDAD/ROPA/EPP;SEGURIDAD;GUANTE;KG;ZPAN;EMBALADO;1000093191;4500134839;14/8/2026;18/8/2026;;15/9/2026;5/8/2026;C28;10156662
00379 – VELADERO FASE 8C;1046320;ZSTO;BALIZA ESTROBOSCOPICA COLOR VERDE 12V-24;;661094253408;MM01;379;V1;10;20;C03;EQUIPOS;REPUESTOS;ACCESORIOS;KG;ZPAN;EMBALADO;1000093191;4500135062;14/8/2026;14/8/2026;;15/9/2026;5/8/2026;C03;10156662
00379 – VELADERO FASE 8C;1046768;ZSTO;LAMPARA HB3 12V 65W HALOGENA;;9005PRC;MM01;379;V1;10;20;C03;EQUIPOS;REPUESTOS;LAMPARAS;KG;ZPAN;DESPACHADO;1000093191;4500134939;13/8/2026;13/8/2026;14/8/2026;15/9/2026;5/8/2026;C29;10156662
00379 – VELADERO FASE 8C;1002101;ZSTO;CORREA ALTERNADOR STRAL;CNH // CNH;5801361410 // 500341810;MM01;379;V1;4;8;C03;EQUIPOS;CORREAS;AUTOMOTOR;KG;ZPAS;EMBALADO PARCIAL;1000093322;;;2/9/2026;;15/9/2026;7/8/2026;;
00379 – VELADERO FASE 8C;1046906;ZSTO;AMPOLLETA LUZ PERTIGA 12/24V;;LED FLASHER ROJA 12/24 TIPO AMERICANA;MM01;379;V1;10;20;C03;EQUIPOS;REPUESTO;ELECTRICIDAD AUTOMOTOR;KG;ZPAN;EMBALADO;1000093191;4500135131;14/8/2026;15/8/2026;;15/9/2026;5/8/2026;C03;10156662
00379 – VELADERO FASE 8C;1056086;ZSTO;BOLIGRAFO TRAZO GRUESO AZUL;;;MM01;379;V1;2;400;C17;INSUMOS A;LIBRERIA;ESCRITURA;KG;ZPAN;EMBALADO;1000093191;4500135687;22/8/2026;24/8/2026;;15/9/2026;5/8/2026;C17;10156662
00379 – VELADERO FASE 8C;1056104;ZSTO;CORRECTOR LAPIZ 7MM;;;MM01;379;V1;10;30;C17;INSUMOS A;LIBRERIA;ESCRITURA;KG;ZPAN;EMBALADO;1000093191;4500135687;22/8/2026;24/8/2026;;15/9/2026;5/8/2026;C17;10156662
00379 – VELADERO FASE 8C;1056106;ZSTO;LOCK ESPIRAL CUADRIC A5 X70HS;;;MM01;379;V1;10;20;C17;INSUMOS A;LIBRERIA;ESCRITURA;KG;ZPAN;EMBALADO;1000093191;4500135703;22/8/2026;24/8/2026;;15/9/2026;5/8/2026;C17;10156662
00379 – VELADERO FASE 8C;1002124;ZSTO;CORREA;CATERPILLA;5L3308;MM01;379;V1;1;2;C29;FILTROS/RESPUESTOS;CORREAS;CATERPILLAR;KG;ZPAS;EMBALADO;1000093322;;;27/8/2026;;15/9/2026;7/8/2026;;
00379 – VELADERO FASE 8C;1056152;ZSTO;BOLSA RESIDUOS 45X60CM X30UN;;;MM01;379;V1;20;40;C17;INSUMOS A;LIMPIEZA;LIMPIEZA /SEGURIDAD;KG;ZPAN;EMBALADO;1000093191;4500135765;22/8/2026;24/8/2026;;15/9/2026;5/8/2026;C17;10156662
00379 – VELADERO FASE 8C;1002239;ZSTO;RETEN. RIPPER;CATERPILLA // CATERPILLA;1140359 // 8E6359;MM01;379;V1;10;18;G03;RIPPER;DESGASTE;D6T, 140K, 988H;KG;ZPAS;EMBALADO;1000093318;;;14/8/2026;;5/9/2026;7/8/2026;;
00379 – VELADERO FASE 8C;1002240;ZSTO;TRABA RIPPER XUN;CATERPILLA;1140358;MM01;379;V1;3;6;G05;AJUSTE;DESGASTE;D6T;KG;ZPAS;EMBALADO;1000093318;;;14/8/2026;;5/9/2026;7/8/2026;;
00379 – VELADERO FASE 8C;1002283;ZSTO;DIENTE;JOHN DEERE;TF23D;MM01;379;V1;5;10;G04;UÑAS;DESGASTE;JD310J;KG;ZPAS;EMBALADO;1000093318;;;14/8/2026;;5/9/2026;7/8/2026;;
00379 – VELADERO FASE 8C;1002204;ZSTO;CORREA ALTERNADOR;;3032915 // AV 13X890;MM01;379;V1;6;12;C03;EQUIPOS;CORREAS;HIMOINSA LTA 8 V LED;KG;ZPAS;EMBALADO PARCIAL;1000093322;;;27/8/2026;;15/9/2026;7/8/2026;;
00379 – VELADERO FASE 8C;1002287;ZSTO;CUCHILLA;JOHN DEERE // JOHN DEERE;T150517 // T166437;MM01;379;V1;2;4;G01;CUCHILLAS;DESGASTE;JD310J;KG;ZPAS;EMBALADO;1000093318;;;14/8/2026;;5/9/2026;7/8/2026;;
00379 – VELADERO FASE 8C;1002299;ZSTO;UNA RIPPER X UN;CATERPILLA;6Y0309;MM01;379;V1;8;16;G04;UÑAS;DESGASTE;CAT 140K;KG;ZPAS;EMBALADO;1000093318;;;14/8/2026;;5/9/2026;7/8/2026;;
00379 – VELADERO FASE 8C;1002211;ZSTO;CORREA VENTILADOR;;10PK1448-20712530 // 10PK1448-24635977;MM01;379;V1;3;6;C29;FILTROS/RESPUESTOS;CORREAS;PLATAFORMA DE MANTENIMIENTO VE;KG;ZPAS;EMBALADO;1000093322;;;27/8/2026;;15/9/2026;7/8/2026;;
00379 – VELADERO FASE 8C;1002310;ZSTO;UNA RIPPER X UN;CATERPILLA;9W2451;MM01;379;V1;2;4;G04;UÑAS;DESGASTE;D8T;KG;ZPAS;EMBALADO;1000093318;;;14/8/2026;;5/9/2026;7/8/2026;;
00379 – VELADERO FASE 8C;1002212;ZSTO;CORREA DE ALTERNADOR;CATERPILLA // No aplica //;8PK1537 // 22275091 // 8PK1535 // 8PK-1540;MM01;379;V1;3;6;C29;FILTROS/RESPUESTOS;CORREAS;PLATAFORMA DE MANTENIMIENTO VE;KG;ZPAS;EMBALADO;1000093322;;;27/8/2026;;15/9/2026;7/8/2026;;
00379 – VELADERO FASE 8C;1002311;ZSTO;PROTECTOR RIPPER;CATERPILLA // CATERPILLA;6J8814 // 8E1848;MM01;379;V1;1;2;G03;RIPPER;DESGASTE;CAT D8;KG;ZPAS;EMBALADO;1000093318;;;14/8/2026;;5/9/2026;7/8/2026;;
00379 – VELADERO FASE 8C;1002314;ZSTO;BRAZO DE RIPPER X UN;CATERPILLA;9J6586;MM01;379;V1;1;2;G03;RIPPER;DESGASTE;CAT 140K // JD670 CAT 140K;KG;ZPAS;EMBALADO;1000093318;;;14/8/2026;;5/9/2026;7/8/2026;;
00379 – VELADERO FASE 8C;1002229;ZSTO;TUERCA CUCHILLA CORTE LATERAL;CATERPILLA // CATERPILLA;2J3507 // 8J2933;MM01;379;V1;44;86;G05;AJUSTE;DESGASTE;938HG,D9T, 324DL, 330,336,988;KG;ZPAS;EMBALADO;1000093322;;;27/8/2026;;15/9/2026;7/8/2026;;
00379 – VELADERO FASE 8C;1002365;ZSTO;CUCHILLA PARA BALDE 68;BOBCAT;PRPBO6716015;MM01;379;V1;1;2;G01;CUCHILLAS;DESGASTE;BOBCAT S530 /Á S185;KG;ZPAS;EMBALADO;1000093318;;;14/8/2026;;5/9/2026;7/8/2026;;
00379 – VELADERO FASE 8C;1002385;ZSTO;UNA;HENSLEY // KOMATSU HO // KOMATSU HO //;KH20S // KH20EX // KH20HS // KH20SDX // IKA20LN;MM01;379;V1;20;36;G04;UÑAS;DESGASTE;PC130-8 OM;KG;ZPAS;EMBALADO;1000093318;;;14/8/2026;;5/9/2026;7/8/2026;;
00379 – VELADERO FASE 8C;1002231;ZSTO;TACOP T204018(TRABAESCARIFICADOR)XUN;JOHN DEERE;T150347;MM01;379;V1;12;22;G05;AJUSTE;DESGASTE;770D;KG;ZPAS;EMBALADO;1000093322;;;27/8/2026;;15/9/2026;7/8/2026;;
00379 – VELADERO FASE 8C;1002390;ZSTO;PORTA UNAS CENTRALES;;KH115020;MM01;379;V1;1;2;G04;UÑAS;DESGASTE;PC130-8 OM;KG;ZPAS;EMBALADO;1000093318;;;14/8/2026;;5/9/2026;7/8/2026;;
00379 – VELADERO FASE 8C;1002397;ZSTO;PORTA UNAS CENTRALES;No aplica;KH117523 // 206920B730;MM01;379;V1;2;4;G04;UÑAS;DESGASTE;EXCAVADORA KOMATSU PC 240;KG;ZPAS;EMBALADO;1000093318;;;14/8/2026;;5/9/2026;7/8/2026;;
00379 – VELADERO FASE 8C;1002398;ZSTO;PORTA UÑAS DERECHOS;No aplica;KH617523R // 206920B840;MM01;379;V1;1;2;G04;UÑAS;DESGASTE;EXCAVADORA KOMATSU PC 240;KG;ZPAS;EMBALADO;1000093318;;;14/8/2026;;5/9/2026;7/8/2026;;
00379 – VELADERO FASE 8C;1002399;ZSTO;PORTA UNAS IZQUIERDOS;IGARRETA M;206920B850 // KH617523L;MM01;379;V1;1;2;G04;UÑAS;DESGASTE;EXCAVADORA KOMATSU PC 240;KG;ZPAS;EMBALADO;1000093318;;;14/8/2026;;5/9/2026;7/8/2026;;
00379 – VELADERO FASE 8C;1002400;ZSTO;SEGMENTO DE CORTE DERECHO;No aplica;2057074190 // 20Y70B1371;MM01;379;V1;2;4;G01;CUCHILLAS;DESGASTE;EXCAVADORA KOMATSU PC 240;KG;ZPAS;EMBALADO;1000093318;;;14/8/2026;;5/9/2026;7/8/2026;;
00379 – VELADERO FASE 8C;1002401;ZSTO;SEGMENTOS DE CORTE IZQUIERDO;KOMATSU HO;20Y70B1361 // 2057074180;MM01;379;V1;2;4;G01;CUCHILLAS;DESGASTE;EXCAVADORA KOMATSU PC 240;KG;ZPAS;EMBALADO;1000093318;;;14/8/2026;;5/9/2026;7/8/2026;;
00379 – VELADERO FASE 8C;1002621;ZSTO;FILTRO AIRE 1 XUN;JOHN DEERE;AT300487;MM01;379;V1;8;14;F04;FILTRO AIRE;FILTROS;JD. 544K;KG;ZPAS;EMBALADO;1000093318;;;14/8/2026;;5/9/2026;7/8/2026;;
00379 – VELADERO FASE 8C;1002255;ZSTO;SEGMENTO DE CUCHILLA XUN;JOHN DEERE // JOHN DEERE;T226229 // T167850;MM01;379;V1;6;12;G04;UÑAS;DESGASTE;JD 644K - 46776;KG;ZPAS;SIN TRATAMIENTO;1000093322;;;;;15/9/2026;7/8/2026;;
00379 – VELADERO FASE 8C;1002889;ZSTO;FILTRO COMBUSTIBLE;BOMAG GMBH // HIFI FILTE;5717961 // SN909110;MM01;379;V1;2;4;F06;FILTRO COMBUSTIBLE;FILTROS;BOMAG;KG;ZPAS;EMBALADO;1000093318;;;14/8/2026;;5/9/2026;7/8/2026;;
00379 – VELADERO FASE 8C;1002256;ZSTO;BULON SEGMENTO 25.4X50X6MXUN;JOHN DEERE;T146933;MM01;379;V1;44;86;G05;AJUSTE;DESGASTE;JD 644K - 46776;KG;ZPAS;EMBALADO;1000093322;;;27/8/2026;;15/9/2026;7/8/2026;;
00379 – VELADERO FASE 8C;1002907;ZSTO;FILTRO TRAMPA AGUA XUN;JOHN DEERE;AT365870;MM01;379;V1;14;28;F13;FILTRO TRAMPA DE A;FILTROS;JD 644K, 544K;KG;ZPAS;EMBALADO;1000093318;;;14/8/2026;;5/9/2026;7/8/2026;;
00379 – VELADERO FASE 8C;1002257;ZSTO;TUERCA P 146933 XUN;JOHN DEERE;14H1048;MM01;379;V1;32;66;G05;AJUSTE;DESGASTE;JD 644K - 46776;KG;ZPAS;EMBALADO;1000093322;;;27/8/2026;;15/9/2026;7/8/2026;;
00379 – VELADERO FASE 8C;1003021;ZSTO;FILTRO AIRE SEGURIDAD;JOHN DEERE;AT332909;MM01;379;V1;4;8;F04;FILTRO AIRE;FILTROS;JD 310K;KG;ZPAS;EMBALADO;1000093318;;;14/8/2026;;5/9/2026;7/8/2026;;
00379 – VELADERO FASE 8C;1002258;ZSTO;UNA BALDE;JOHN DEERE;TK300LD;MM01;379;V1;60;110;G04;UÑAS;DESGASTE;JD 644K - 46776;KG;ZPAS;SIN TRATAMIENTO;1000093322;;;;;15/9/2026;7/8/2026;;
00379 – VELADERO FASE 8C;1003213;ZSTO;ELEMENTO FILTRO DE ACEITE;FLEETGUARD // DONALDSON //;LF9028 // DBL7349 // P558615;MM01;379;V1;2;4;F03;FILTRO ACEITE;FILTROS;ONAN C 150 D5 4;KG;ZPAS;EMBALADO;1000093318;;;14/8/2026;;5/9/2026;7/8/2026;;
00379 – VELADERO FASE 8C;1002259;ZSTO;TRABA XUN;JOHN DEERE;TK300P;MM01;379;V1;60;110;G05;AJUSTE;DESGASTE;P/ UÑA TK300FD;KG;ZPAS;PICKEADO PARCIAL;1000093322;;;4/9/2026;;15/9/2026;7/8/2026;;
00379 – VELADERO FASE 8C;1003843;ZSTO;KIT MUESTRA LUBRICANTE C ACOPLE RAP XUN;CATERPILLA;9Z0006;MM01;379;V1;4;8;C29;FILTROS/RESPUESTOS;EQUIPOS;CAT;KG;ZPAS;EMBALADO;1000093318;;;20/8/2026;;5/9/2026;7/8/2026;;
00379 – VELADERO FASE 8C;1002260;ZSTO;RETEN XUN;JOHN DEERE;TK4L;MM01;379;V1;100;220;G05;AJUSTE;DESGASTE;TK300FD;KG;ZPAS;PICKEADO PARCIAL;1000093322;;;4/9/2026;;15/9/2026;7/8/2026;;
00379 – VELADERO FASE 8C;1016076;ZSTO;SEGMENTO E/ PORTAUÑAS BALDE-50/60BPE120;VOLVO CONS // VOLVO CONS;VOE14619306 // 50/60BPE120;MM01;379;V1;4;8;G04;UÑAS;DESGASTE;VOLVO EC 480D;KG;ZPAS;EMBALADO;1000093318;;;14/8/2026;;5/9/2026;7/8/2026;;
00379 – VELADERO FASE 8C;1016195;ZSTO;CUBIERTA DELANTERO 13 R 22.5 I;PIRELLI NE //;FG:01 // S811;MM01;379;V1;5;10;C48;CUBIERTAS CAMIONES;CUBIERTAS;CAMION;KG;ZPAS;EMBALADO;1000093318;;;12/8/2026;;5/9/2026;7/8/2026;;
00379 – VELADERO FASE 8C;1016196;ZSTO;CUBIERTA TRASERO 13 R 22.5;PIRELLI NE // TRIANGLE T;TQ:01 // TR918 18PR;MM01;379;V1;10;20;C48;CUBIERTAS CAMIONES;CUBIERTAS;CAMION;KG;ZPAS;EMBALADO;1000093318;;;12/8/2026;;5/9/2026;7/8/2026;;
00379 – VELADERO FASE 8C;1002276;ZSTO;PROTECTOR LATERAL BALDE;VOLVO CONS // VOLVO CONS;VOE14537759 // 22E158;MM01;379;V1;4;8;G04;UÑAS;DESGASTE;VOLVO EC 480D;KG;ZPAS;SIN TRATAMIENTO;1000093322;;;;;15/9/2026;7/8/2026;;
00379 – VELADERO FASE 8C;1016223;ZSTO;SEGMENTO ENTRE PORTAUÑAS BALDE;VOLVO MAQU;VOE14576187;MM01;379;V1;4;8;G01;CUCHILLAS;DESGASTE;EXCAVADORA VOLVO EC 480 D;KG;ZPAS;EMBALADO;1000093318;;;14/8/2026;;5/9/2026;7/8/2026;;
00379 – VELADERO FASE 8C;1016224;ZSTO;PORTA UÑA BALDE  - EA56TLW50;VOLVO MAQU //;VOE14732190 // EA56TLW50;MM01;379;V1;1;2;G04;UÑAS;DESGASTE;EXCAVADORA VOLVO EC 480 D;KG;ZPAS;EMBALADO;1000093318;;;14/8/2026;;5/9/2026;7/8/2026;;
00379 – VELADERO FASE 8C;1016279;ZSTO;FILTRO LINEA HIDRAULICO;BOMAG GMBH // HIFI FILTE;07993094 // SH 52628;MM01;379;V1;1;2;F06;FILTRO COMBUSTIBLE;FILTROS;FILTRO COMB;KG;ZPAS;EMBALADO;1000093318;;;14/8/2026;;5/9/2026;7/8/2026;;
00379 – VELADERO FASE 8C;1002282;ZSTO;TUERCA P 9H1776 JD 310J;JOHN DEERE;14H1039;MM01;379;V1;12;22;G05;AJUSTE;DESGASTE;JD 310J;KG;ZPAS;EMBALADO;1000093322;;;27/8/2026;;15/9/2026;7/8/2026;;
00379 – VELADERO FASE 8C;1016292;ZSTO;Porta uñas Centrales;CATERPILLA;5054029;MM01;379;V1;4;8;G04;UÑAS;DESGASTE;CAT 950L;KG;ZPAS;EMBALADO;1000093318;;;14/8/2026;;5/9/2026;7/8/2026;;
00379 – VELADERO FASE 8C;1016293;ZSTO;Porta uñas Izquierdos;CATERPILLA;5054032;MM01;379;V1;1;2;G04;UÑAS;DESGASTE;CAT 950L;KG;ZPAS;EMBALADO;1000093318;;;14/8/2026;;5/9/2026;7/8/2026;;
00379 – VELADERO FASE 8C;1016294;ZSTO;Porta uñas Derechos;CATERPILLA;5054033;MM01;379;V1;1;2;G04;UÑAS;DESGASTE;CAT 950L;KG;ZPAS;EMBALADO;1000093318;;;14/8/2026;;5/9/2026;7/8/2026;;
00379 – VELADERO FASE 8C;1016438;ZSTO;NEUMATICO 17.5 R25 MINERA SUELO ROCOSO;MICHELIN A // GOOD YEAR // BRIDGESTON;MICHELIN XHA2 / MAXAM 301 E3/L3 // GOODYEAR RL-2+ // VJT 17.5 R25;MM01;379;V1;2;4;C50;CUBIERTAS MINERIA;CUBIERTAS;?;KG;ZPAS;EMBALADO;1000093318;;;12/8/2026;;5/9/2026;7/8/2026;;
00379 – VELADERO FASE 8C;1016445;ZSTO;Portauñas Derecho;KOMATSU HO // KOMATSU HO;20Y70B1980 // KH615020R;MM01;379;V1;1;2;G04;UÑAS;DESGASTE;PC210;KG;ZPAS;EMBALADO;1000093318;;;14/8/2026;;5/9/2026;7/8/2026;;
00379 – VELADERO FASE 8C;1002309;ZSTO;PROTECTOR ESCARIFICADOR X UN;CATERPILLA;6Y5230;MM01;379;V1;6;12;G04;UÑAS;DESGASTE;JD670 CAT 140K;KG;ZPAS;SIN TRATAMIENTO;1000093322;;;;;15/9/2026;7/8/2026;;
00379 – VELADERO FASE 8C;1016446;ZSTO;Portauñas Izquierdo;KOMATSU HO //;20Y70B1990 // KH615020L;MM01;379;V1;1;2;G04;UÑAS;DESGASTE;PC210;KG;ZPAS;EMBALADO;1000093318;;;14/8/2026;;5/9/2026;7/8/2026;;
00379 – VELADERO FASE 8C;1017892;ZSTO;PORTA UÑA BALDE - EA66TLW50;VOLVO MAQU;VOE14732191;MM01;379;V1;3;6;G04;UÑAS;DESGASTE;VOLVO EC 480D;KG;ZPAS;PICKEADO;1000093318;;;28/8/2026;;5/9/2026;7/8/2026;;
00379 – VELADERO FASE 8C;1018605;ZSTO;PORTAUÑAS CENTRAL;JOHN DEERE;TK300C125B;MM01;379;V1;4;8;G04;UÑAS;DESGASTE;644K;KG;ZPAS;EMBALADO;1000093318;;;14/8/2026;;5/9/2026;7/8/2026;;
00379 – VELADERO FASE 8C;1018606;ZSTO;PORTAUÑAS IZQUIERDO / DERECHO;JOHN DEERE;TK300E125B;MM01;379;V1;1;2;G04;UÑAS;DESGASTE;644K;KG;ZPAS;EMBALADO;1000093318;;;14/8/2026;;5/9/2026;7/8/2026;;
00379 – VELADERO FASE 8C;1022055;ZSTO;PORTA UÑA CENTRAL;KOMATSU HO;20Y-70-B1950;MM01;379;V1;1;2;G04;UÑAS;DESGASTE;KOMATSU PC-220;KG;ZPAS;EMBALADO;1000093318;;;14/8/2026;;5/9/2026;7/8/2026;;
00379 – VELADERO FASE 8C;1022223;ZSTO;"ESCOBILLA HILUX 16"" L/2016+";TOYOTA ARG;85212-42130;MM01;379;V1;6;12;C03;EQUIPOS;REPUESTOS;AUTOMOTOR;KG;ZPAS;EMBALADO;1000093318;;;14/8/2026;;5/9/2026;7/8/2026;;
00379 – VELADERO FASE 8C;1022305;ZSTO;Protector Superior de Balde;JOHN DEERE;T1386551;MM01;379;V1;2;4;G01;CUCHILLAS;DESGASTE;EXCAVADORA JD 350 LC;KG;ZPAS;PICKEADO;1000093318;;;4/9/2026;;5/9/2026;7/8/2026;;
00379 – VELADERO FASE 8C;1002338;ZSTO;RIPPER UNA X UN;CATERPILLA;6Y0359;MM01;379;V1;3;6;G03;RIPPER;DESGASTE;D6T;KG;ZPAS;SIN TRATAMIENTO;1000093322;;;;;15/9/2026;7/8/2026;;
00379 – VELADERO FASE 8C;1026211;ZSTO;ESCOBILLA;;82485683;MM01;379;V1;4;10;C29;FILTROS/RESPUESTOS;REPUESTOS;VOLVO 460 FMX;KG;ZPAS;EMBALADO PARCIAL;1000093318;;;14/8/2026;;5/9/2026;7/8/2026;;
00379 – VELADERO FASE 8C;1002340;ZSTO;BULON 5/8 X 21/2;CATERPILLA // No aplica;3F5108 // PB510;MM01;379;V1;90;172;G05;AJUSTE;DESGASTE;JD 770D/CAT 140K;KG;ZPAS;EMBALADO;1000093322;;;3/9/2026;;15/9/2026;7/8/2026;;
00379 – VELADERO FASE 8C;1026343;ZSTO;LLAVE DE RUEDA N° 33-32 + PALANCA;VOLVO TRUC;I240P908 PALANCA + I240L790 LLAVE. JURE;MM01;379;V1;2;4;C29;FILTROS/RESPUESTOS;REPUESTOS;CAMION VOLVO // VOLVO;KG;ZPAS;EMBALADO;1000093318;;;14/8/2026;;5/9/2026;7/8/2026;;
00379 – VELADERO FASE 8C;1034629;ZSTO;JUNTA TAPA PRINCIPAL;DBT S.A. //;3036097 // 119717-11331;MM01;379;V1;6;12;C29;FILTROS/RESPUESTOS;REPUESTOS;HIMOINSA LTA 8 V LED;KG;ZPAS;EMBALADO PARCIAL;1000093318;;;14/8/2026;;5/9/2026;7/8/2026;;
00379 – VELADERO FASE 8C;1036796;ZSTO;ESCOBILLA LIMPIAPARABRISAS (CORTA);;6V-5849;MM01;379;V1;2;6;C03;EQUIPOS;REPUESTOS;CAT D6T;KG;ZPAS;SIN TRATAMIENTO;1000093318;;;;;5/9/2026;7/8/2026;;
00379 – VELADERO FASE 8C;1046534;ZSTO;FILTRO ADMISION SECUNDARIO;;AF25963;MM01;379;V1;2;4;C03;EQUIPOS;FILTROS;CUMMINS C150D5;KG;ZPAS;EMBALADO;1000093318;;;14/8/2026;;5/9/2026;7/8/2026;;
00379 – VELADERO FASE 8C;1002355;ZSTO;SEGURO TRABA RIPPER X UN;CATERPILLA;5K1458;MM01;379;V1;12;24;G03;RIPPER;DESGASTE;140K;KG;ZPAS;EMBALADO;1000093322;;;27/8/2026;;15/9/2026;7/8/2026;;
00379 – VELADERO FASE 8C;1002358;ZSTO;CORTADOR LATERAL;JOHN DEERE;T202876;MM01;379;V1;4;8;G02;LATERALES;DESGASTE;JD 670G;KG;ZPAS;SIN TRATAMIENTO;1000093322;;;;;15/9/2026;7/8/2026;;
00379 – VELADERO FASE 8C;1002373;ZSTO;TUERCAS PARA CORTADORES LATERALES;CATERPILLA;8T4131;MM01;379;V1;20;36;G05;AJUSTE;DESGASTE;CAT;KG;ZPAS;EMBALADO;1000093322;;;27/8/2026;;15/9/2026;7/8/2026;;
00379 – VELADERO FASE 8C;1002376;ZSTO;UNA BALDE TRAS;JOHN DEERE;TK225FD;MM01;379;V1;5;10;G04;UÑAS;DESGASTE;310L;KG;ZPAS;SIN TRATAMIENTO;1000093322;;;;;15/9/2026;7/8/2026;;
00379 – VELADERO FASE 8C;1002377;ZSTO;PERNO UNA TRAS;JOHN DEERE;TK225P;MM01;379;V1;5;10;G05;AJUSTE;DESGASTE;310L;KG;ZPAS;EMBALADO;1000093322;;;27/8/2026;;15/9/2026;7/8/2026;;
00379 – VELADERO FASE 8C;1002378;ZSTO;TRABA BALDE TRAS;JOHN DEERE;TK3LSER;MM01;379;V1;5;10;G05;AJUSTE;DESGASTE;310L;KG;ZPAS;EMBALADO;1000093322;;;27/8/2026;;15/9/2026;7/8/2026;;
00379 – VELADERO FASE 8C;1002386;ZSTO;TRABA UNAS;;KH20P // K20;MM01;379;V1;9;18;G05;AJUSTE;DESGASTE;PC130-8 OM;KG;ZPAS;EMBALADO;1000093322;;;27/8/2026;;15/9/2026;7/8/2026;;
00379 – VELADERO FASE 8C;1002395;ZSTO;UNA;KOMATSU HO // No aplica // // KOMATSU HO // HENSLEY;KH23EX // 206920B740 // KH23HS // KH23HS // KH23SDX;MM01;379;V1;30;62;G04;UÑAS;DESGASTE;EXCAVADORA KOMATSU PC 240;KG;ZPAS;SIN TRATAMIENTO;1000093322;;;;;15/9/2026;7/8/2026;;
00379 – VELADERO FASE 8C;1002396;ZSTO;TRABA DE UNA;No aplica;KH23P // 206920B750;MM01;379;V1;12;22;G05;AJUSTE;DESGASTE;EXCAVADORA KOMATSU PC 240;KG;ZPAS;EMBALADO;1000093322;;;27/8/2026;;15/9/2026;7/8/2026;;
00379 – VELADERO FASE 8C;1002402;ZSTO;BULON-JUNTAR 1016281;;1763211210;MM01;379;V1;1;2;C29;FILTROS/RESPUESTOS;DESGASTE;EXCAVADORA KOMATSU PC 240;KG;ZPAS;EMBALADO;1000093508;;;28/8/2026;;5/9/2026;11/8/2026;;
00379 – VELADERO FASE 8C;1002410;ZSTO;BULONES PARA SEGMENTOS DE CORTE;CATERPILLA;4F4042;MM01;379;V1;24;46;G05;AJUSTE;DESGASTE;CAT 950;KG;ZPAS;EMBALADO;1000093322;;;27/8/2026;;15/9/2026;7/8/2026;;
00379 – VELADERO FASE 8C;1002414;ZSTO;ARANDELAS PARA BULON DE CUCHILLAS TALON;JOHN DEERE;24M7242;MM01;379;V1;20;36;G05;AJUSTE;DESGASTE;JD 310 L 4X4 - 4X2;KG;ZPAS;EMBALADO;1000093322;;;27/8/2026;;15/9/2026;7/8/2026;;
00379 – VELADERO FASE 8C;1002416;ZSTO;ARANDELA ACE 3/4 X UN;CATERPILLA;5P8248;MM01;379;V1;50;96;G05;AJUSTE;DESGASTE;CAT 815 K;KG;ZPAS;EMBALADO;1000093322;;;27/8/2026;;15/9/2026;7/8/2026;;
00379 – VELADERO FASE 8C;1002427;ZSTO;BULON DE PORTA UNA IZQUIERDO Y DERECHO;JOHN DEERE;19M8288;MM01;379;V1;12;24;G05;AJUSTE;DESGASTE;JD 624 K;KG;ZPAS;SIN TRATAMIENTO;1000093322;;;;;15/9/2026;7/8/2026;;
00379 – VELADERO FASE 8C;1002443;ZSTO;PLOW BOLT TUERCA;HENSLEY;AC10412;MM01;379;V1;12;22;G05;AJUSTE;DESGASTE;KOMPC 450 LC-8;KG;ZPAS;EMBALADO;1000093322;;;3/9/2026;;15/9/2026;7/8/2026;;
00379 – VELADERO FASE 8C;1002472;ZSTO;FILTRO COMBUSTIBLE XUN;JOHN DEERE // JOHN DEERE;RE529643 // RE541922;MM01;379;V1;11;22;F06;FILTRO COMBUSTIBLE;FILTROS;PARA 544J 544;KG;ZPAS;EMBALADO PARCIAL;1000093322;;;3/9/2026;;15/9/2026;7/8/2026;;
00379 – VELADERO FASE 8C;1002473;ZSTO;FILTRO COMBUSTUBLE XUN;JOHN DEERE;RE522878;MM01;379;V1;11;22;F06;FILTRO COMBUSTIBLE;FILTROS;JD 544J, 544K;KG;ZPAS;EMBALADO PARCIAL;1000093322;;;3/9/2026;;15/9/2026;7/8/2026;;
00379 – VELADERO FASE 8C;1002480;ZSTO;FILTRO ACEITE;BOMAG GMBH // DONALDSON;5710640 // P553771;MM01;379;V1;7;14;F03;FILTRO ACEITE;FILTROS;BOMAG 213/219;KG;ZPAS;EMBALADO PARCIAL;1000093322;;;3/9/2026;;15/9/2026;7/8/2026;;
00379 – VELADERO FASE 8C;1002490;ZSTO;FILTRO COMBUSTIBLE;CATERPILLA;2998229;MM01;379;V1;2;4;F06;FILTRO COMBUSTIBLE;FILTROS;CAT 938H;KG;ZPAS;EMBALADO;1000093322;;;3/9/2026;;15/9/2026;7/8/2026;;
00379 – VELADERO FASE 8C;1002514;ZSTO;FILTRO ACEITE;JOHN DEERE // JOHN DEERE;RE541420 // RE504836;MM01;379;V1;16;32;F03;FILTRO ACEITE;FILTROS;J.D. 544K/310J;KG;ZPAS;EMBALADO PARCIAL;1000093322;;;26/8/2026;;15/9/2026;7/8/2026;;
00379 – VELADERO FASE 8C;1002515;ZSTO;FILTRO ACEITE XUN;JOHN DEERE // JOHN DEERE //;RE521420 // DZ101884 // DZ118283;MM01;379;V1;7;14;F03;FILTRO ACEITE;FILTROS;JD 850J;KG;ZPAS;EMBALADO;1000093322;;;3/9/2026;;15/9/2026;7/8/2026;;
00379 – VELADERO FASE 8C;1002532;ZSTO;FILTRO RESPIRADERO XUN;JOHN DEERE;AT223493;MM01;379;V1;12;24;F04;FILTRO AIRE;FILTROS;J.D.544K;KG;ZPAS;EMBALADO;1000093322;;;3/9/2026;;15/9/2026;7/8/2026;;
00379 – VELADERO FASE 8C;1002541;ZSTO;FILTRO DE LINEA XUN;JOHN DEERE;AT101565;MM01;379;V1;4;8;F04;FILTRO AIRE;FILTROS;JOHN DEERE;KG;ZPAS;EMBALADO;1000093322;;;3/9/2026;;15/9/2026;7/8/2026;;
00379 – VELADERO FASE 8C;1002542;ZSTO;FILTRO ACEITE TRANSMISION JD;JOHN DEERE // JOHN DEERE;AT466863 // AT179323;MM01;379;V1;1;2;F03;FILTRO ACEITE;FILTROS;JD;KG;ZPAS;EMBALADO;1000093574;;;14/8/2026;;5/9/2026;12/8/2026;;
00379 – VELADERO FASE 8C;1002543;ZSTO;FILTRO AIRE X UN;JOHN DEERE;AT191102;MM01;379;V1;12;24;F04;FILTRO AIRE;FILTROS;CABINA J.D. 544K;KG;ZPAS;EMBALADO PARCIAL;1000093322;;;3/9/2026;;15/9/2026;7/8/2026;;
00379 – VELADERO FASE 8C;1002546;ZSTO;FILTRO HIDRAULICO;JOHN DEERE //;AT308274 // AT367840;MM01;379;V1;2;4;F04;FILTRO AIRE;FILTROS;FILTROS;KG;ZPAS;EMBALADO;1000093322;;;3/9/2026;;15/9/2026;7/8/2026;;
00379 – VELADERO FASE 8C;1002557;ZSTO;FILTRO COMBUSTIBLE XUN;JOHN DEERE;RE62418;MM01;379;V1;2;4;F06;FILTRO COMBUSTIBLE;FILTROS;JD 6615;KG;ZPAS;EMBALADO;1000093574;;;14/8/2026;;5/9/2026;12/8/2026;;
00379 – VELADERO FASE 8C;1002566;ZSTO;FILTRO LINEA COMBUSTIBLE;FLEETGUARD // FLEETGUARD // FLEETGUARD // FLEETGUARD // DONALDSON //;FF5079 // 4080720 // FF5006 // FS5288 // P550090 // P550974;MM01;379;V1;20;38;F07;FILTRO FLUIDO HIDR;FILTROS;FILTROS;KG;ZPAS;EMBALADO;1000093322;;;3/9/2026;;15/9/2026;7/8/2026;;
00379 – VELADERO FASE 8C;1002569;ZSTO;FILTRO RESPIRADERO TANQUE HIDRAULICO XUN;JOHN DEERE;AM39653;MM01;379;V1;1;2;F04;FILTRO AIRE;FILTROS;JD 544K;KG;ZPAS;EMBALADO;1000093574;;;14/8/2026;;5/9/2026;12/8/2026;;
00379 – VELADERO FASE 8C;1002572;ZSTO;FILTRO ACEITE X UN;CATERPILLA;7W2326;MM01;379;V1;2;4;F03;FILTRO ACEITE;FILTROS;CAT 416E;KG;ZPAS;EMBALADO;1000093574;;;14/8/2026;;5/9/2026;12/8/2026;;
00379 – VELADERO FASE 8C;1002591;ZSTO;FILTRO DE COMBUSTIBLE PRINCIPAL XU;KOMATSU HO // KOMATSU HO // // //;6754716130 // 6754796140 // FF5614 // P550881 // WK950/21 // 6754716140;MM01;379;V1;6;12;F06;FILTRO COMBUSTIBLE;FILTROS;PC350LC8;KG;ZPAS;EMBALADO;1000093322;;;3/9/2026;;15/9/2026;7/8/2026;;
00379 – VELADERO FASE 8C;1002592;ZSTO;FILTRO ACEITE MOTOR XUN;KOMATSU HO // KOMATSU HO // DONALDSON;6736515142 // DBL7349 // P550909;MM01;379;V1;10;18;F03;FILTRO ACEITE;FILTROS;FILTROS;KG;ZPAS;EMBALADO;1000093322;;;3/9/2026;;15/9/2026;7/8/2026;;
00379 – VELADERO FASE 8C;1002606;ZSTO;FILTRO COMBUSTIBLE X UN;JOHN DEERE;AT365869;MM01;379;V1;7;14;F06;FILTRO COMBUSTIBLE;FILTROS;JD 850J;KG;ZPAS;EMBALADO;1000093322;;;3/9/2026;;15/9/2026;7/8/2026;;
00379 – VELADERO FASE 8C;1002607;ZSTO;FILTRO RETORNO ACEITE HIDRAULICO;JOHN DEERE;T175002;MM01;379;V1;1;2;F07;FILTRO FLUIDO HIDR;FILTROS;JD 850J;KG;ZPAS;EMBALADO;1000093574;;;14/8/2026;;5/9/2026;12/8/2026;;
00379 – VELADERO FASE 8C;1002608;ZSTO;FILTRO HIDRAULICO XUN;JOHN DEERE;AT318160;MM01;379;V1;1;2;F07;FILTRO FLUIDO HIDR;FILTROS;JD 850J;KG;ZPAS;EMBALADO;1000093574;;;14/8/2026;;5/9/2026;12/8/2026;;
00379 – VELADERO FASE 8C;1002609;ZSTO;FILTRO AIRE PRIMARIO;JOHN DEERE;AT223226;MM01;379;V1;4;8;F04;FILTRO AIRE;FILTROS;JD 850J;KG;ZPAS;EMBALADO;1000093574;;;14/8/2026;;5/9/2026;12/8/2026;;
00379 – VELADERO FASE 8C;1002610;ZSTO;FILTRO AIRE SECUNDARIO;JOHN DEERE;AT175224;MM01;379;V1;12;22;F04;FILTRO AIRE;FILTROS;JD 850J;KG;ZPAS;EMBALADO PARCIAL;1000093322;;;3/9/2026;;15/9/2026;7/8/2026;;
00379 – VELADERO FASE 8C;1002611;ZSTO;FILTRO CABINA;CATERPILLA;7T7358;MM01;379;V1;2;4;F05;FILTRO AIRE CABINA;FILTROS;CAT 140K;KG;ZPAS;EMBALADO;1000093322;;;3/9/2026;;15/9/2026;7/8/2026;;
00379 – VELADERO FASE 8C;1002620;ZSTO;FILTRO LINEA XUN;GOLD FILTE // DONALDSON;6511393 // P550094;MM01;379;V1;3;6;F07;FILTRO FLUIDO HIDR;FILTROS;BOBCAT S185;KG;ZPAS;EMBALADO;1000093322;;;3/9/2026;;15/9/2026;7/8/2026;;
00379 – VELADERO FASE 8C;1002623;ZSTO;FILTRO AIRE 2 XUN;JOHN DEERE;AT314583;MM01;379;V1;8;14;F04;FILTRO AIRE;FILTROS;JOHN DEERE;KG;ZPAS;EMBALADO PARCIAL;1000093322;;;3/9/2026;;15/9/2026;7/8/2026;;
00379 – VELADERO FASE 8C;1002628;ZSTO;FILTRO AIRE CABINA XUN;JOHN DEERE;AT307501;MM01;379;V1;8;14;F05;FILTRO AIRE CABINA;FILTROS;JD 544K;KG;ZPAS;EMBALADO PARCIAL;1000093322;;;3/9/2026;;15/9/2026;7/8/2026;;
00379 – VELADERO FASE 8C;1002667;ZSTO;FILTRO CARGA HIDRAULICA XUN;BOBCAT;6692337;MM01;379;V1;1;2;F07;FILTRO FLUIDO HIDR;FILTROS;BOBCAT S185;KG;ZPAS;EMBALADO;1000093574;;;14/8/2026;;5/9/2026;12/8/2026;;
00379 – VELADERO FASE 8C;1002669;ZSTO;FITLRO ACEITE XUN;BOBCAT;6675517;MM01;379;V1;2;4;F03;FILTRO ACEITE;FILTROS;BOBCAT S185;KG;ZPAS;EMBALADO;1000093574;;;14/8/2026;;5/9/2026;12/8/2026;;
00379 – VELADERO FASE 8C;1002675;ZSTO;FILTRO COMBUSTIBLE;PERKINS // MANITOU // HAULOTTE G // PERKINS // PERKINS // PARKER // // //;26560201 // 605013 // 2427003070 // 26560201 // 4816636 // REC-154 // SN40645 // TCE1804I // FS20009;MM01;379;V1;2;4;F06;FILTRO COMBUSTIBLE;FILTROS;MANITOU/HAULOTTE;KG;ZPAS;EMBALADO;1000093322;;;3/9/2026;;15/9/2026;7/8/2026;;
00379 – VELADERO FASE 8C;1002682;ZSTO;FILTRO ACEITE MOTOR XUN;CNH INDUST;2992544;MM01;379;V1;26;52;F03;FILTRO ACEITE;FILTROS;IVECO;KG;ZPAS;EMBALADO;1000093322;;;3/9/2026;;15/9/2026;7/8/2026;;
00379 – VELADERO FASE 8C;1002688;ZSTO;FILTRO GASOIL;BOBCAT;6667352;MM01;379;V1;2;4;F06;FILTRO COMBUSTIBLE;FILTROS;BOBCAT S185;KG;ZPAS;EMBALADO;1000093574;;;14/8/2026;;5/9/2026;12/8/2026;;
00379 – VELADERO FASE 8C;1002704;ZSTO;FILTRO AIRE XUN;CATERPILLA;6I2501;MM01;379;V1;8;14;F04;FILTRO AIRE;FILTROS;FILTROS;KG;ZPAS;EMBALADO;1000093574;;;14/8/2026;;5/9/2026;12/8/2026;;
00379 – VELADERO FASE 8C;1002713;ZSTO;FILTRO AIRE ANTERIOR;CNH INDUST // CNH INDUST //;2992261 // 5803208328 // Z8250;MM01;379;V1;8;14;F04;FILTRO AIRE;FILTROS;VOLVO 330;KG;ZPAS;EMBALADO;1000093322;;;3/9/2026;;15/9/2026;7/8/2026;;
00379 – VELADERO FASE 8C;1002705;ZSTO;FILTRO AIRE XUN;CATERPILLA;6I2502;MM01;379;V1;8;14;F04;FILTRO AIRE;FILTROS;FILTROS;KG;ZPAS;EMBALADO;1000093574;;;14/8/2026;;5/9/2026;12/8/2026;;
00379 – VELADERO FASE 8C;1002717;ZSTO;FILTRO BLOW BY;CNH // CNH // CNH;504209107 // 500086393 // 504153481;MM01;379;V1;8;16;F14;GENERICOS FILTROS;FILTROS;IVECO TRAKKER T380;KG;ZPAS;EMBALADO;1000093322;;;3/9/2026;;15/9/2026;7/8/2026;;
00379 – VELADERO FASE 8C;1002727;ZSTO;FILTRO AIRE CABINA XUN;KOMATSU HO // DONALDSON;17M9113530 // P500138;MM01;379;V1;6;12;F05;FILTRO AIRE CABINA;FILTROS;KMS 155AX6;KG;ZPAS;EMBALADO;1000093322;;;3/9/2026;;15/9/2026;7/8/2026;;
00379 – VELADERO FASE 8C;1002738;ZSTO;Filtro Aceite Motor;FLEETGUARD // DONALDSON;LF3345 // P558616;MM01;379;V1;2;4;F03;FILTRO ACEITE;FILTROS;ONAN 40DGCA;KG;ZPAS;EMBALADO;1000093322;;;3/9/2026;;15/9/2026;7/8/2026;;
00379 – VELADERO FASE 8C;1002722;ZSTO;FILTRO COMBUSTIBLE;CATERPILLA //;1R0749 // P551311;MM01;379;V1;22;42;F06;FILTRO COMBUSTIBLE;FILTROS;CAT;KG;ZPAS;EMBALADO PARCIAL;1000093574;;;14/8/2026;;5/9/2026;12/8/2026;;
00379 – VELADERO FASE 8C;1002742;ZSTO;FILTRO ACEITE XUN;CATERPILLA // CATERPILLA // CATERPILLA;1R1808 // 1R0716 // 1R1808;MM01;379;V1;12;22;F03;FILTRO ACEITE;FILTROS;CAT 755G;KG;ZPAS;EMBALADO;1000093322;;;3/9/2026;;15/9/2026;7/8/2026;;
00379 – VELADERO FASE 8C;1002750;ZSTO;FILTRO COMBUSTIBLE;KOMATSU HO // KOMATSU HO // FLEETGUARD //;6003193610 // 6003113620 // FS1242 // P551864;MM01;379;V1;12;22;F06;FILTRO COMBUSTIBLE;FILTROS;PC350LC8;KG;ZPAS;EMBALADO;1000093322;;;3/9/2026;;15/9/2026;7/8/2026;;
00379 – VELADERO FASE 8C;1002755;ZSTO;FILTRO COMBUSTIBLE XUN;CATERPILLA // CATERPILLA // CATERPILLA;3261644 // 1R0770 // 4238525;MM01;379;V1;4;8;F06;FILTRO COMBUSTIBLE;FILTROS;CAT;KG;ZPAS;EMBALADO;1000093322;;;3/9/2026;;15/9/2026;7/8/2026;;
00379 – VELADERO FASE 8C;1002766;ZSTO;FILTRO COMBUSTIBLE;KOMATSU HO // //;4216035170 // AF4167 // P502574;MM01;379;V1;12;22;F06;FILTRO COMBUSTIBLE;FILTROS;WA600;KG;ZPAS;EMBALADO PARCIAL;1000093322;;;3/9/2026;;15/9/2026;7/8/2026;;
00379 – VELADERO FASE 8C;1002772;ZSTO;FILTRO COMBUSTIBLE XUN;JOHN DEERE;RE62419;MM01;379;V1;4;8;F06;FILTRO COMBUSTIBLE;FILTROS;FILTROS;KG;ZPAS;EMBALADO;1000093322;;;3/9/2026;;15/9/2026;7/8/2026;;
00379 – VELADERO FASE 8C;1002754;ZSTO;FILTRO A. U. COMPRESORA SULLAIR 185;SULLAIR AR // FLEETGUARD //;2250078031 // SE-1721 // OS 5194;MM01;379;V1;2;4;F04;FILTRO AIRE;FILTROS;FILTROS;KG;ZPAS;EMBALADO;1000093574;;;14/8/2026;;5/9/2026;12/8/2026;;
00379 – VELADERO FASE 8C;1002776;ZSTO;FILTRO AIRE PRIMARIO XUN;DARMET;V750;MM01;379;V1;2;4;F04;FILTRO AIRE;FILTROS;ONAN / MULLER;KG;ZPAS;EMBALADO;1000093322;;;2/9/2026;;15/9/2026;7/8/2026;;
00379 – VELADERO FASE 8C;1002780;ZSTO;FILTRO AIRE 1;MANN // MANN //;5821149 // C23610 // AB3006;MM01;379;V1;2;4;F04;FILTRO AIRE;FILTROS;BOMAG 213/219;KG;ZPAS;EMBALADO;1000093322;;;2/9/2026;;15/9/2026;7/8/2026;;
00379 – VELADERO FASE 8C;1002760;ZSTO;FILTRO AIRE CABINA INTERIOR XUN;KOMATSU HO;2089797620;MM01;379;V1;3;6;F05;FILTRO AIRE CABINA;FILTROS;PC350LC8;KG;ZPAS;EMBALADO;1000093574;;;14/8/2026;;5/9/2026;12/8/2026;;
00379 – VELADERO FASE 8C;1002809;ZSTO;FILTRO CABINA XUN;CATERPILLA;6T0988;MM01;379;V1;4;8;F05;FILTRO AIRE CABINA;FILTROS;CAT D6;KG;ZPAS;EMBALADO;1000093322;;;2/9/2026;;15/9/2026;7/8/2026;;
00379 – VELADERO FASE 8C;1002810;ZSTO;FILTRO CABINA CAT D6 XUN;CATERPILLA;6T5068;MM01;379;V1;4;8;F05;FILTRO AIRE CABINA;FILTROS;CAT D6;KG;ZPAS;EMBALADO;1000093322;;;2/9/2026;;15/9/2026;7/8/2026;;
00379 – VELADERO FASE 8C;1002815;ZSTO;FILTRO AIRE SECUNDARIO XUN;DARMET // No aplica // LEVAS BOSC // MANN // DONALDSON // DARMET //;V750S // C1000 // 0986B03904 // CF1000 // P776695 // V-717/S // AF1840;MM01;379;V1;2;4;F04;FILTRO AIRE;FILTROS;ONAN / MULLER;KG;ZPAS;EMBALADO;1000093322;;;2/9/2026;;15/9/2026;7/8/2026;;
00379 – VELADERO FASE 8C;1002819;ZSTO;FILTRO CABINA FIAT STRALIS 420;CNH //;2995964 // CU4594;MM01;379;V1;8;16;F05;FILTRO AIRE CABINA;FILTROS;STRALIS;KG;ZPAS;EMBALADO;1000093322;;;2/9/2026;;15/9/2026;7/8/2026;;
00379 – VELADERO FASE 8C;1002822;ZSTO;FILTRO COMBUSTIBLE VOLVO;VOLVO CONS // VOLVO CONS // VOLVO CONS // DONALDSON;FL8193841 // 20805349 // O5717966 // P550372;MM01;379;V1;4;8;F06;FILTRO COMBUSTIBLE;FILTROS;FILTROS - VOLVO PL 3005D- FMX;KG;ZPAS;EMBALADO;1000093322;;;2/9/2026;;15/9/2026;7/8/2026;;
00379 – VELADERO FASE 8C;1002782;ZSTO;FILTRO DE TRANSMISION;CATERPILLA // CATERPILLA // CATERPILLA;1328876 // 3434465 // 1R0778;MM01;379;V1;1;2;F03;FILTRO ACEITE;FILTROS;FILTROS;KG;ZPAS;EMBALADO;1000093574;;;14/8/2026;;5/9/2026;12/8/2026;;
00379 – VELADERO FASE 8C;1002832;ZSTO;FILTRO COMBUSTIBLE;FLEETGUARD // FLEETGUARD // DONALDSON // MANN //;2RK127177A // FF5052 // P553004 // WK723 // DB0519;MM01;379;V1;10;18;F06;FILTRO COMBUSTIBLE;FILTROS;VW 26260 - ONAN;KG;ZPAS;EMBALADO;1000093322;;;2/9/2026;;15/9/2026;7/8/2026;;
00379 – VELADERO FASE 8C;1002838;ZSTO;FILTRO ACEITE;TOYOTA ARG // TOYOTA ARG;909152000300 // 90915YZZD2;MM01;379;V1;35;70;F03;FILTRO ACEITE;FILTROS;PARA HILUX;KG;ZPAS;EMBALADO PARCIAL;1000093322;;;2/9/2026;;15/9/2026;7/8/2026;;
00379 – VELADERO FASE 8C;1002850;ZSTO;FILTRO AIRE 1 CAT. D8;CATERPILLA;6I2505;MM01;379;V1;4;8;F04;FILTRO AIRE;FILTROS;FILTROS;KG;ZPAS;EMBALADO;1000093322;;;2/9/2026;;15/9/2026;7/8/2026;;
00379 – VELADERO FASE 8C;1002812;ZSTO;CF600 1;MANN // DARMET;CF6001 // VP1740SC;MM01;379;V1;2;4;F01;CARTUCHO;FILTROS;BOMAG;KG;ZPAS;EMBALADO;1000093574;;;14/8/2026;;5/9/2026;12/8/2026;;
00379 – VELADERO FASE 8C;1002851;ZSTO;FILTRO AIRE 2 CAT. D8;CATERPILLA;6I2506;MM01;379;V1;4;8;F04;FILTRO AIRE;FILTROS;FILTROS;KG;ZPAS;EMBALADO;1000093322;;;2/9/2026;;15/9/2026;7/8/2026;;
00379 – VELADERO FASE 8C;1002853;ZSTO;FILTRO HIDRAULICO;CATERPILLA // DONALDSON;1R0777 // P550523;MM01;379;V1;2;4;F07;FILTRO FLUIDO HIDR;FILTROS;CAT D6T;KG;ZPAS;EMBALADO;1000093322;;;2/9/2026;;15/9/2026;7/8/2026;;
00379 – VELADERO FASE 8C;1002818;ZSTO;FILTRO GASOIL;LEVAS BOSC // PARKER RAC // LEVAS BOSC // BOMAG GMBH // DONALDSON;5825010 // R160T // 5825010 // 5825015 // P551026;MM01;379;V1;2;4;F06;FILTRO COMBUSTIBLE;FILTROS;FILTROS;KG;ZPAS;EMBALADO;1000093574;;;14/8/2026;;5/9/2026;12/8/2026;;
00379 – VELADERO FASE 8C;1002877;ZSTO;FILTRO EL. HIDR. PILOTO;KOMATSU HO;20Y6251691;MM01;379;V1;2;4;F07;FILTRO FLUIDO HIDR;FILTROS;KMS 155AX6;KG;ZPAS;EMBALADO;1000093322;;;2/9/2026;;15/9/2026;7/8/2026;;
00379 – VELADERO FASE 8C;1002920;ZSTO;FILTRO TRAMPA DE AGUA;CNH INDUST;2992662;MM01;379;V1;18;34;F13;FILTRO TRAMPA DE A;FILTROS;DAILY;KG;ZPAS;EMBALADO PARCIAL;1000093322;;;2/9/2026;;15/9/2026;7/8/2026;;
00379 – VELADERO FASE 8C;1002923;ZSTO;FILTRO COMBUSTIBLE;BOMAG GMBH // DONALDSON;5716779 // P554620;MM01;379;V1;4;8;F06;FILTRO COMBUSTIBLE;FILTROS;BW24RH;KG;ZPAS;EMBALADO;1000093322;;;2/9/2026;;15/9/2026;7/8/2026;;
00379 – VELADERO FASE 8C;1002925;ZSTO;FILTRO AIRE PRIMARIO;BOMAG GMBH // DONALDSON // // BALDWIN // DONALDSON;5821147 // P779894 // C20500 // RS3992 // P778994;MM01;379;V1;6;12;F04;FILTRO AIRE;FILTROS;BW24RH;KG;ZPAS;EMBALADO PARCIAL;1000093322;;;2/9/2026;;15/9/2026;7/8/2026;;
00379 – VELADERO FASE 8C;1002931;ZSTO;FILTRO ACEITE;VOLVO CONS // VOLVO CONS // VOLVO CONS // FLEETGUARD // VOLVO MAQU;P21707133 // VOE478736 // 23658092 // LF667 // 17533660;MM01;379;V1;40;74;F03;FILTRO ACEITE;FILTROS;VOLVO 330 // VOLVO L260H;KG;ZPAS;EMBALADO;1000093322;;;2/9/2026;;15/9/2026;7/8/2026;;
00379 – VELADERO FASE 8C;1002932;ZSTO;FILTRO ACEITE;VOLVO CONS // VOLVO CONS;P21707132 // VOE477556;MM01;379;V1;20;38;F03;FILTRO ACEITE;FILTROS;VOLVO L260H;KG;ZPAS;EMBALADO;1000093322;;;2/9/2026;;15/9/2026;7/8/2026;;
00379 – VELADERO FASE 8C;1002934;ZSTO;FILTRO PRIMARIO COMBUSTIBLE;VOLVO CONS;VOE11110683;MM01;379;V1;8;14;F06;FILTRO COMBUSTIBLE;FILTROS;EC 480D - L220G - PL 3005D;KG;ZPAS;EMBALADO;1000093322;;;2/9/2026;;15/9/2026;7/8/2026;;
00379 – VELADERO FASE 8C;1002852;ZSTO;FILTRO TRANSMISION XUN;CATERPILLA // CATERPILLA;3283655 // 1R1809;MM01;379;V1;1;2;F03;FILTRO ACEITE;FILTROS;CAT D6T, 980H;KG;ZPAS;EMBALADO;1000093574;;;14/8/2026;;5/9/2026;12/8/2026;;
00379 – VELADERO FASE 8C;1002935;ZSTO;FILTRO AIRE COMBUSTIBLE;VOLVO CONS // DONALDSON;VOE11172907 // P528708;MM01;379;V1;6;12;F04;FILTRO AIRE;FILTROS;EC 480D - L220G - PL 3005D;KG;ZPAS;EMBALADO;1000093322;;;2/9/2026;;15/9/2026;7/8/2026;;
00379 – VELADERO FASE 8C;1002936;ZSTO;FILTRO AIRE CABINA;VOLVO CONS // No aplica;VOE11703979 // 150522786;MM01;379;V1;3;6;F05;FILTRO AIRE CABINA;FILTROS;VOLVO EC 480D;KG;ZPAS;EMBALADO;1000093322;;;2/9/2026;;15/9/2026;7/8/2026;;
00379 – VELADERO FASE 8C;1002859;ZSTO;FILTRO ACEITE DIRECCION;CATERPILLA // CATERPILLA //;1560214 // 3321871 // P164378;MM01;379;V1;1;2;F03;FILTRO ACEITE;FILTROS;CAT D6;KG;ZPAS;EMBALADO;1000093574;;;14/8/2026;;5/9/2026;12/8/2026;;
00379 – VELADERO FASE 8C;1002937;ZSTO;FILTRO AIRE ACONDICIONADO CABINA EX;VOLVO CONS // VOLVO CONS;VOE14689735 // 14506997;MM01;379;V1;3;6;F10;FILTRO HVAC;FILTROS;VOLVO EC 480D - PL 3005D;KG;ZPAS;EMBALADO;1000093322;;;2/9/2026;;15/9/2026;7/8/2026;;
00379 – VELADERO FASE 8C;1002860;ZSTO;FILTRO AIRE CABINA;CATERPILLA;2098217;MM01;379;V1;1;2;F05;FILTRO AIRE CABINA;FILTROS;CAT D8;KG;ZPAS;EMBALADO;1000093574;;;14/8/2026;;5/9/2026;12/8/2026;;
00379 – VELADERO FASE 8C;1002946;ZSTO;FILTRO COMBUSTIBLE;CATERPILLA;3087298;MM01;379;V1;2;4;F06;FILTRO COMBUSTIBLE;FILTROS;2100X;KG;ZPAS;EMBALADO PARCIAL;1000093322;;;2/9/2026;;15/9/2026;7/8/2026;;
00379 – VELADERO FASE 8C;1002861;ZSTO;FILTRO AIRE CABINA;CATERPILLA;2380479;MM01;379;V1;1;2;F05;FILTRO AIRE CABINA;FILTROS;CAT D8;KG;ZPAS;EMBALADO;1000093574;;;14/8/2026;;5/9/2026;12/8/2026;;
00379 – VELADERO FASE 8C;1002954;ZSTO;FILTRO ACEITE ORIGINAL;KOHLER;WAN5000155736;MM01;379;V1;2;4;F03;FILTRO ACEITE;FILTROS;TORRE WACKER;KG;ZPAS;EMBALADO;1000093322;;;2/9/2026;;15/9/2026;7/8/2026;;
00379 – VELADERO FASE 8C;1002990;ZSTO;FILTRO DE AIRE PRIMARIO;BOBCAT // DONALDSON;6666333 // P822768;MM01;379;V1;2;4;F04;FILTRO AIRE;FILTROS;BOBCAT S530;KG;ZPAS;EMBALADO;1000093322;;;2/9/2026;;15/9/2026;7/8/2026;;
00379 – VELADERO FASE 8C;1002991;ZSTO;FILTRO DE AIRE SECUNDARIO;BOBCAT // DONALDSON;6666334 // P822769;MM01;379;V1;2;4;F04;FILTRO AIRE;FILTROS;BOBCAT;KG;ZPAS;EMBALADO;1000093322;;;2/9/2026;;15/9/2026;7/8/2026;;
00379 – VELADERO FASE 8C;1002901;ZSTO;FILTRO ACEITE;FLEETGUARD // DONALDSON // KOMATSU HO;LF9009 // P553000 // 6742014540;MM01;379;V1;2;4;F03;FILTRO ACEITE;FILTROS;VW 31-320 - 19360;KG;ZPAS;EMBALADO;1000093574;;;14/8/2026;;5/9/2026;12/8/2026;;
00379 – VELADERO FASE 8C;1002994;ZSTO;PERKINS FILTRO ACEITE;HAULOTTE G // PERKINS // DONALDSON;2427003080 // 2654407 // P554407;MM01;379;V1;2;4;F03;FILTRO ACEITE;FILTROS;HAULOTTE HTL 4014/4017/4010;KG;ZPAS;EMBALADO;1000093322;;;2/9/2026;;15/9/2026;7/8/2026;;
00379 – VELADERO FASE 8C;1002904;ZSTO;FILTRO HIDRAULICO CAT XUN;CATERPILLA // CATERPILLA;1261818 // 4656506;MM01;379;V1;1;2;F07;FILTRO FLUIDO HIDR;FILTROS;CAT 980H, 775G;KG;ZPAS;EMBALADO;1000093574;;;14/8/2026;;5/9/2026;12/8/2026;;
00379 – VELADERO FASE 8C;1002995;ZSTO;FILTRO HIDRAULICO DE PRESION;HAULOTTE G // DONALDSON //;2427002910 // P783753 // P564860;MM01;379;V1;1;2;F07;FILTRO FLUIDO HIDR;FILTROS;HAULOTTE HTL 4014/4017/4010;KG;ZPAS;EMBALADO;1000093322;;;2/9/2026;;15/9/2026;7/8/2026;;
00379 – VELADERO FASE 8C;1003001;ZSTO;FILTRO DE AIRE PRIMARIO;FLEETGUARD // DONALDSON // FLEETGUARD;2324005070 // P828889 // AF25557;MM01;379;V1;2;4;F04;FILTRO AIRE;FILTROS;HAULOTTE HTL 4014/4017/4010;KG;ZPAS;EMBALADO;1000093322;;;2/9/2026;;15/9/2026;7/8/2026;;
00379 – VELADERO FASE 8C;1003002;ZSTO;FILTRO DE AIRE SECUNDARIO;HAULOTTE G // DONALDSON;2326001910 // P829333;MM01;379;V1;2;4;F04;FILTRO AIRE;FILTROS;HAULOTTE HTL 4014/4017/4010;KG;ZPAS;EMBALADO;1000093322;;;2/9/2026;;15/9/2026;7/8/2026;;
00379 – VELADERO FASE 8C;1002922;ZSTO;FILTRO ACEITE TRANSMISIÓN DIFERENCIAL;JOHN DEERE;AT335492;MM01;379;V1;2;4;F03;FILTRO ACEITE;FILTROS;JD 644K, 544K;KG;ZPAS;EMBALADO PARCIAL;1000093574;;;14/8/2026;;5/9/2026;12/8/2026;;
00379 – VELADERO FASE 8C;1003020;ZSTO;FILTRO AIRE MOTOR;JOHN DEERE;AT332908;MM01;379;V1;4;8;F04;FILTRO AIRE;FILTROS;JD 310K;KG;ZPAS;EMBALADO;1000093322;;;2/9/2026;;15/9/2026;7/8/2026;;
00379 – VELADERO FASE 8C;1003026;ZSTO;FILTRO SEPARADOR DE AGUA;FLEETGUARD // FLEETGUARD // DONALDSON;FS19652 // FS1280 // P551329;MM01;379;V1;16;32;F13;FILTRO TRAMPA DE A;FILTROS;ONAN C66D5;KG;ZPAS;EMBALADO PARCIAL;1000093322;;;2/9/2026;;15/9/2026;7/8/2026;;
00379 – VELADERO FASE 8C;1003027;ZSTO;ELEMENTO FILTRO DE ACEITE;FLEETGUARD // No aplica // // BALDWIN //;LF16061 // P556615 // DBL7349 // B7362 // LF3806;MM01;379;V1;4;8;F03;FILTRO ACEITE;FILTROS;ONAN C66D5;KG;ZPAS;EMBALADO;1000093322;;;2/9/2026;;15/9/2026;7/8/2026;;
00379 – VELADERO FASE 8C;1002926;ZSTO;FILTRO AIRE SECUNDARIO;BOMAG GMBH // DONALDSON // // BALDWIN;5821148 // P780036 // CF5001 // RS3993;MM01;379;V1;6;12;F04;FILTRO AIRE;FILTROS;BOMAG BW24 RH;KG;ZPAS;EMBALADO PARCIAL;1000093574;;;14/8/2026;;5/9/2026;12/8/2026;;
00379 – VELADERO FASE 8C;1003051;ZSTO;FILTRO AIRE PRIMARIO VOLVO;VOLVO CONS;VOE11110022;MM01;379;V1;2;4;F04;FILTRO AIRE;FILTROS;PIPELAYER PL 3005D VOLVO;KG;ZPAS;EMBALADO;1000093322;;;28/8/2026;;15/9/2026;7/8/2026;;
00379 – VELADERO FASE 8C;1003052;ZSTO;FILTRO AIRE SECUNDARIO VOLVO;VOLVO CONS;VOE11110023;MM01;379;V1;2;4;F04;FILTRO AIRE;FILTROS;PIPELAYER PL 3005D VOLVO;KG;ZPAS;EMBALADO;1000093322;;;2/9/2026;;15/9/2026;7/8/2026;;
00379 – VELADERO FASE 8C;1003055;ZSTO;FILTRO DE ACEITE MOTOR VOLVO;VOLVO CONS // VOLVO CONS //;VOE17457469 // 3831236 // VOE17535679;MM01;379;V1;2;4;F03;FILTRO ACEITE;FILTROS;PIPELAYER PL 3005D VOLVO;KG;ZPAS;EMBALADO;1000093322;;;2/9/2026;;15/9/2026;7/8/2026;;
00379 – VELADERO FASE 8C;1003057;ZSTO;ELEMENTO FILTRO DE AIRE PRIMARIO;JOHN DEERE;AT175223;MM01;379;V1;8;14;F04;FILTRO AIRE;FILTROS;MOTONIVELADORA JD 770 G;KG;ZPAS;EMBALADO PARCIAL;1000093322;;;2/9/2026;;15/9/2026;7/8/2026;;
00379 – VELADERO FASE 8C;1003058;ZSTO;KIT FILTRO COMBUSTIBLE COMPLETO;JOHN DEERE // JOHN DEERE;RE525523 // RE52090652323;MM01;379;V1;8;14;F06;FILTRO COMBUSTIBLE;FILTROS;MOTONIVELADORA JD 770 G;KG;ZPAS;EMBALADO;1000093322;;;2/9/2026;;15/9/2026;7/8/2026;;
00379 – VELADERO FASE 8C;1003087;ZSTO;FILTRO COMBUSTIBLE;TOYOTA ARG //;233900L07000 // 233900L100;MM01;379;V1;35;70;F06;FILTRO COMBUSTIBLE;FILTROS;HILUX 2017;KG;ZPAS;EMBALADO PARCIAL;1000093322;;;2/9/2026;;15/9/2026;7/8/2026;;
00379 – VELADERO FASE 8C;1003088;ZSTO;FILTRO AIRE;TOYOTA ARG // TOYOTA ARG;178010L04000 // 178010E030;MM01;379;V1;35;70;F04;FILTRO AIRE;FILTROS;HILUX 2017;KG;ZPAS;EMBALADO PARCIAL;1000093322;;;2/9/2026;;15/9/2026;7/8/2026;;
00379 – VELADERO FASE 8C;1002938;ZSTO;FILTRO HIDRAULICO RETORNO;VOLVO CONS //;VOE14569658 // 14690316;MM01;379;V1;1;2;F07;FILTRO FLUIDO HIDR;FILTROS;VOLVO EC 480D;KG;ZPAS;EMBALADO;1000093574;;;14/8/2026;;5/9/2026;12/8/2026;;
00379 – VELADERO FASE 8C;1003089;ZSTO;FILTRO DE CABINA;TOYOTA ARG;871390K080;MM01;379;V1;35;70;F05;FILTRO AIRE CABINA;FILTROS;HILUX 2017;KG;ZPAS;EMBALADO PARCIAL;1000093322;;;2/9/2026;;15/9/2026;7/8/2026;;
00379 – VELADERO FASE 8C;1003093;ZSTO;FILTRO DE COMBUSTIBLE;VOLVO CONS // VOLVO CONS;P22480372 // VOE15126069;MM01;379;V1;20;38;F06;FILTRO COMBUSTIBLE;FILTROS;VOLVO FM460;KG;ZPAS;EMBALADO;1000093322;;;2/9/2026;;15/9/2026;7/8/2026;;
00379 – VELADERO FASE 8C;1003094;ZSTO;FILTRO DE DRENAJE BOMBA;VOLVO CONS // No aplica //;21392404 // 7632141111 // 20580233;MM01;379;V1;3;6;F07;FILTRO FLUIDO HIDR;FILTROS;VOLVO 330 // VOLVO FM460;KG;ZPAS;EMBALADO;1000093322;;;2/9/2026;;15/9/2026;7/8/2026;;
00379 – VELADERO FASE 8C;1002971;ZSTO;FILTRO DE TRANSMISION CAT;CATERPILLA //;3375270 // 5715253;MM01;379;V1;1;2;F03;FILTRO ACEITE;FILTROS;CAT D8,D9,336,775,390,988;KG;ZPAS;EMBALADO;1000093574;;;14/8/2026;;5/9/2026;12/8/2026;;
00379 – VELADERO FASE 8C;1003095;ZSTO;FILTRO TRAMPA DE AGUA COMBUSTIBLE;PARKER RAC //;21925732 // 23662435;MM01;379;V1;20;34;F13;FILTRO TRAMPA DE A;FILTROS;VOLVO FM460;KG;ZPAS;EMBALADO PARCIAL;1000093322;;;2/9/2026;;15/9/2026;7/8/2026;;
00379 – VELADERO FASE 8C;1002973;ZSTO;FILTRO A A CABINA EXTERIOR;CATERPILLA;1127448;MM01;379;V1;1;2;F10;FILTRO HVAC;FILTROS;CAT 988;KG;ZPAS;EMBALADO;1000093574;;;14/8/2026;;5/9/2026;12/8/2026;;
00379 – VELADERO FASE 8C;1003096;ZSTO;FILTRO DE AIRE TANQUE DE COMBUSTIBLE;VOLVO CONS // DONALDSON;21743197 // P954869;MM01;379;V1;30;56;F06;FILTRO COMBUSTIBLE;FILTROS;VOLVO 330 // VOLVO FM460;KG;ZPAS;EMBALADO;1000093322;;;2/9/2026;;15/9/2026;7/8/2026;;
00379 – VELADERO FASE 8C;1003097;ZSTO;FILTRO DE AIRE PRIMARIO;VOLVO CONS;21337557;MM01;379;V1;20;34;F04;FILTRO AIRE;FILTROS;VOLVO FM460;KG;ZPAS;EMBALADO;1000093322;;;2/9/2026;;15/9/2026;7/8/2026;;
00379 – VELADERO FASE 8C;1003108;ZSTO;FILTRO DE AIRE PRIMARIO;CASE // FLEETGUARD;87344135 // AF25174;MM01;379;V1;2;4;F04;FILTRO AIRE;FILTROS;FARMALL A-120;KG;ZPAS;EMBALADO;1000093322;;;2/9/2026;;15/9/2026;7/8/2026;;
00379 – VELADERO FASE 8C;1002992;ZSTO;FILTRO RESPIRADERO TANQUE;BOBCAT;6727475;MM01;379;V1;1;2;F04;FILTRO AIRE;FILTROS;S530;KG;ZPAS;EMBALADO;1000093574;;;14/8/2026;;5/9/2026;12/8/2026;;
00379 – VELADERO FASE 8C;1003109;ZSTO;FILTRO DE AIRE SECUNDARIO;MANN;87344136 // CF360;MM01;379;V1;2;4;F04;FILTRO AIRE;FILTROS;FARMALL A-120;KG;ZPAS;EMBALADO;1000093322;;;2/9/2026;;15/9/2026;7/8/2026;;
00379 – VELADERO FASE 8C;1003110;ZSTO;FILTRO DE COMBUSTIBLE;DONALDSON;47377748 // P556287;MM01;379;V1;2;4;F06;FILTRO COMBUSTIBLE;FILTROS;FARMALL A-120;KG;ZPAS;EMBALADO;1000093322;;;2/9/2026;;15/9/2026;7/8/2026;;
00379 – VELADERO FASE 8C;1003111;ZSTO;FILTRO MOTOR;;84228488 // LF16117;MM01;379;V1;2;4;F03;FILTRO ACEITE;FILTROS;FARMALL A-120;KG;ZPAS;EMBALADO;1000093322;;;2/9/2026;;15/9/2026;7/8/2026;;
00379 – VELADERO FASE 8C;1002996;ZSTO;FILTRO RESP DE TANQUE;HAULOTTE G;2505003370;MM01;379;V1;1;2;F04;FILTRO AIRE;FILTROS;HAULOTTE HTL 4014/4017/4010;KG;ZPAS;EMBALADO;1000093574;;;14/8/2026;;5/9/2026;12/8/2026;;
00379 – VELADERO FASE 8C;1003126;ZSTO;FILTRO SECADO DE AIRE;VOLVO CONS // VOLVO CONS // VOLVO CONS //;21412848 // 22223804 // 23260134 // 23690622;MM01;379;V1;6;12;F11;FILTRO SECADOR DE;FILTROS;VOLVO FM460;KG;ZPAS;EMBALADO;1000093322;;;2/9/2026;;15/9/2026;7/8/2026;;
00379 – VELADERO FASE 8C;1002997;ZSTO;FILTRO CABINA INTERIOR;HAULOTTE G // DIECI // HIFI FILTE;2820301610 // 2I094123 // SC 70087;MM01;379;V1;1;2;F05;FILTRO AIRE CABINA;FILTROS;HAULOTTE HTL 4014/4017/4010;KG;ZPAS;EMBALADO;1000093574;;;14/8/2026;;5/9/2026;12/8/2026;;
00379 – VELADERO FASE 8C;1003138;ZSTO;FILTRO DE COMBUSTIBLE;KOMATSU HO // KOMATSU HO;6003193750 // 6003113750;MM01;379;V1;6;12;F06;FILTRO COMBUSTIBLE;FILTROS;KOMATSU PC 200-8;KG;ZPAS;EMBALADO;1000093322;;;2/9/2026;;15/9/2026;7/8/2026;;
00379 – VELADERO FASE 8C;1002998;ZSTO;FILTRO COMBUSTIBLE;PERKINS // FLEETGUARD // // DONALDSON // MANN;4415122 // FF5788 // P556245 // P502420 // P917X;MM01;379;V1;2;4;F06;FILTRO COMBUSTIBLE;FILTROS;HAULOTTE;KG;ZPAS;EMBALADO;1000093574;;;14/8/2026;;5/9/2026;12/8/2026;;
00379 – VELADERO FASE 8C;1003139;ZSTO;FILTRO HIDRAULICO;KOMATSU HO;2076071183;MM01;379;V1;2;4;F07;FILTRO FLUIDO HIDR;FILTROS;KOMATSU PC 200-8;KG;ZPAS;EMBALADO;1000093322;;;2/9/2026;;15/9/2026;7/8/2026;;
00379 – VELADERO FASE 8C;1003000;ZSTO;FILTRO HIDRAULICO DE RETORNO;HAULOTTE G //;2505001940 // 16782 ELEVAMUNDO;MM01;379;V1;1;2;F07;FILTRO FLUIDO HIDR;FILTROS;HAULOTTE HTL 4014/4017;KG;ZPAS;EMBALADO;1000093574;;;14/8/2026;;5/9/2026;12/8/2026;;
00379 – VELADERO FASE 8C;1003170;ZSTO;FILTRO DE AIRE PRIMARIO;FLEETGUARD // FILPLUS //;AF26085 // MSA26085 // FAI6085;MM01;379;V1;6;12;F04;FILTRO AIRE;FILTROS;FILTRO AIRE;KG;ZPAS;SIN TRATAMIENTO;1000093322;;;;;15/9/2026;7/8/2026;;
00379 – VELADERO FASE 8C;1003171;ZSTO;FILTRO DE AIRE SECUNDARIO;FLEETGUARD // FILPLUS;AF26086 // MSA26086;MM01;379;V1;6;12;F04;FILTRO AIRE;FILTROS;FILTRO AIRE;KG;ZPAS;SIN TRATAMIENTO;1000093322;;;;;15/9/2026;7/8/2026;;
00379 – VELADERO FASE 8C;1003172;ZSTO;Filtro Aceite Motor;FLEETGUARD // DONALDSON // DONALDSON;LF16011 // P550335 // P551132;MM01;379;V1;6;12;F03;FILTRO ACEITE;FILTROS;CAT 950;KG;ZPAS;EMBALADO PARCIAL;1000093322;;;1/9/2026;;15/9/2026;7/8/2026;;
00379 – VELADERO FASE 8C;1003180;ZSTO;FILTRO DE AIRE;DBT S.A. // DONALDSON // DARMET;3025127 // P822686 // VP-2735;MM01;379;V1;40;84;F04;FILTRO AIRE;FILTROS;HIMOINSA LTA 8 V LED;KG;ZPAS;EMBALADO PARCIAL;1000093322;;;1/9/2026;;15/9/2026;7/8/2026;;
00379 – VELADERO FASE 8C;1003181;ZSTO;FILTRO DE COMBUSTIBLE;DBT S.A. // FLEETGUARD // DONALDSON // HIFI FILTE;3048841 // FF 5259 // P502166 // SN 21590;MM01;379;V1;40;84;F06;FILTRO COMBUSTIBLE;FILTROS;HIMOINSA LTA 8 V LED;KG;ZPAS;EMBALADO PARCIAL;1000093322;;;1/9/2026;;15/9/2026;7/8/2026;;
00379 – VELADERO FASE 8C;1003024;ZSTO;ELEMENTO FILTRO AIRE;FLEETGUARD // No aplica // No aplica;AF26094 // 8200651 // A034P660;MM01;379;V1;2;4;F04;FILTRO AIRE;FILTROS;ONAN C66D5;KG;ZPAS;EMBALADO;1000093574;;;14/8/2026;;5/9/2026;12/8/2026;;
00379 – VELADERO FASE 8C;1003182;ZSTO;FILTRO GASOIL;DBT S.A. // VER // HIMOINSA S // DONALDSON;3024206 // 17108155910 // 3082015 // P502406;MM01;379;V1;40;84;F06;FILTRO COMBUSTIBLE;FILTROS;HIMOINSA LTA 8 V LED;KG;ZPAS;EMBALADO PARCIAL;1000093322;;;1/9/2026;;15/9/2026;7/8/2026;;
00379 – VELADERO FASE 8C;1003025;ZSTO;ELEMENTO FILTRO AIRE;FLEETGUARD // No aplica // No aplica //;AF26093 // 8200650 // A034P656 // P131394;MM01;379;V1;2;4;F04;FILTRO AIRE;FILTROS;ONAN C66D5;KG;ZPAS;EMBALADO;1000093574;;;14/8/2026;;5/9/2026;12/8/2026;;
00379 – VELADERO FASE 8C;1003183;ZSTO;FILTRO DE ACEITE MOTOR;DBT S.A. // // DONALDSON // // // // FLEETGUARD;3035098 // LF3925 // P502067 // T 600 // W67/1 // W671 // LF3925;MM01;379;V1;40;84;F03;FILTRO ACEITE;FILTROS;HIMOINSA LTA 8 V LED;KG;ZPAS;EMBALADO PARCIAL;1000093322;;;1/9/2026;;15/9/2026;7/8/2026;;
00379 – VELADERO FASE 8C;1003199;ZSTO;FILTRO AIRE;DONALDSON;C065003;MM01;379;V1;2;4;F04;FILTRO AIRE;FILTROS;IS VENTEC 6TK/2TB/AY/TECEL/11,;KG;ZPAS;EMBALADO;1000093322;;;1/9/2026;;15/9/2026;7/8/2026;;
00379 – VELADERO FASE 8C;1003205;ZSTO;SILICAGEL AZUL X KG SILICONA;;MP000040;MM01;379;V1;3;6;C17;INSUMOS A;FILTROS;IS VENTEC 6TK/2TB/AY/TECEL/11,;KG;ZPAS;EMBALADO;1000093322;;;3/9/2026;;15/9/2026;7/8/2026;;
00379 – VELADERO FASE 8C;1003212;ZSTO;FILTRO TRAMPA DE AGUA;FLEETGUARD // DONALDSON;FS119657 // P550929;MM01;379;V1;2;4;F13;FILTRO TRAMPA DE A;FILTROS;ONAN C 150 D5 4;KG;ZPAS;EMBALADO;1000093322;;;1/9/2026;;15/9/2026;7/8/2026;;
00379 – VELADERO FASE 8C;1003217;ZSTO;FILTRO DE COMBUSTIBLE;CATERPILLA;3608958;MM01;379;V1;8;14;F06;FILTRO COMBUSTIBLE;FILTROS;CAT 815 K;KG;ZPAS;EMBALADO;1000093322;;;1/9/2026;;15/9/2026;7/8/2026;;
00379 – VELADERO FASE 8C;1003053;ZSTO;FILTRO RETORNO (HIDRAULICO DRENAJE DE GI;VOLVO CONS // VOLVO CONS;14532687 // 14744967;MM01;379;V1;1;2;F07;FILTRO FLUIDO HIDR;FILTROS;PIPELAYER PL 3005D VOLVO;KG;ZPAS;SIN TRATAMIENTO;1000093574;;;;;5/9/2026;12/8/2026;;
00379 – VELADERO FASE 8C;1003227;ZSTO;FILTRO DE DE LOS EJES;JOHN DEERE;AH128449;MM01;379;V1;2;4;C29;FILTROS/RESPUESTOS;FILTROS;JD 624 K;KG;ZPAS;EMBALADO PARCIAL;1000093322;;;1/9/2026;;15/9/2026;7/8/2026;;
00379 – VELADERO FASE 8C;1003054;ZSTO;FILTRO VENTILACION TANQUE HID.;VOLVO CONS;14596399;MM01;379;V1;1;2;F04;FILTRO AIRE;FILTROS;PIPELAYER PL 3005D VOLVO;KG;ZPAS;EMBALADO;1000093574;;;14/8/2026;;5/9/2026;12/8/2026;;
00379 – VELADERO FASE 8C;1003258;ZSTO;FILTRO DE ACEITE;FLEETGUARD;LF3959;MM01;379;V1;6;12;C29;FILTROS/RESPUESTOS;REPUESTOS;FILTROS;KG;ZPAS;EMBALADO PARCIAL;1000093322;;;1/9/2026;;15/9/2026;7/8/2026;;
00379 – VELADERO FASE 8C;1003300;ZSTO;FILTRO DOSIFICACION DE UREA (COLADOR);VOLVO CONS;21954674;MM01;379;V1;3;6;F09;FILTRO DE UREA;FILTROS;VOLVO 460 FMX;KG;ZPAS;EMBALADO;1000093322;;;3/9/2026;;15/9/2026;7/8/2026;;
00379 – VELADERO FASE 8C;1003301;ZSTO;FILTRO DE TANQUE;VOLVO CONS // VOLVO CONS;21516229 // 23381562;MM01;379;V1;3;6;F06;FILTRO COMBUSTIBLE;FILTROS;VOLVO 460 FMX;KG;ZPAS;EMBALADO;1000093322;;;1/9/2026;;15/9/2026;7/8/2026;;
00379 – VELADERO FASE 8C;1003345;ZSTO;FILTRO DE AIRE;FLEETGUARD;AH8742;MM01;379;V1;2;4;F04;FILTRO AIRE;FILTROS;KOMATSU;KG;ZPAS;EMBALADO;1000093322;;;1/9/2026;;15/9/2026;7/8/2026;;
00379 – VELADERO FASE 8C;1003358;ZSTO;FILTRO AIRE XUN;FLEETGUARD // DONALDSON // // No aplica;AH1136 // B085001 // C085004 // PA2815;MM01;379;V1;6;12;F04;FILTRO AIRE;FILTROS;ONAN 67412;KG;ZPAS;EMBALADO PARCIAL;1000093322;;;1/9/2026;;15/9/2026;7/8/2026;;
00379 – VELADERO FASE 8C;1003359;ZSTO;FILTRO DE AIRE PRIMARIO;KOMATSU HO //;2A59791551 // AF55884;MM01;379;V1;3;6;F10;FILTRO HVAC;FILTROS;KOMATSU PC 200-8;KG;ZPAS;EMBALADO;1000093322;;;1/9/2026;;15/9/2026;7/8/2026;;
00379 – VELADERO FASE 8C;1003364;ZSTO;FILTRO AIRE SECUNDARIO;FLEETGUARD // KOMATSU HO // DONALDSON // // DARMET;AF26114 // 6001854120 // P533781 // TR9988 // VP-2741;MM01;379;V1;10;18;F04;FILTRO AIRE;FILTROS;FLEETGUARD;KG;ZPAS;EMBALADO;1000093322;;;1/9/2026;;15/9/2026;7/8/2026;;
00379 – VELADERO FASE 8C;1003365;ZSTO;FILTRO AIRE PRIMARIO;FLEETGUARD // KOMATSU HO // DONALDSON //;AF25667 // 6001854110 // P532966 // VP2740;MM01;379;V1;10;18;F04;FILTRO AIRE;FILTROS;FLEETGUARD;KG;ZPAS;EMBALADO;1000093322;;;1/9/2026;;15/9/2026;7/8/2026;;
00379 – VELADERO FASE 8C;1003373;ZSTO;FILTROAIREACONDCABINAEXTERIORINTERIOR;VOLVO CONS;21758906;MM01;379;V1;8;14;F10;FILTRO HVAC;FILTROS;VOLVO FM460;KG;ZPAS;EMBALADO;1000093322;;;1/9/2026;;15/9/2026;7/8/2026;;
00379 – VELADERO FASE 8C;1003393;ZSTO;ORING PARA TAPA BLOW BY;CNH INDUST;2996234;MM01;379;V1;20;34;C29;FILTROS/RESPUESTOS;REPUESTOS;IVECO;KG;ZPAS;SIN TRATAMIENTO;1000093322;;;;;15/9/2026;7/8/2026;;
00379 – VELADERO FASE 8C;1003713;ZSTO;SHIM MOTONIVELADORA JD670;;T129981;MM01;379;V1;22;44;C29;FILTROS/RESPUESTOS;REPUESTOS;JD 670;KG;ZPAS;SIN TRATAMIENTO;1000093322;;;;;15/9/2026;7/8/2026;;
00379 – VELADERO FASE 8C;1003856;ZSTO;TRABA ESC.;CATERPILLA;5K1459;MM01;379;V1;6;12;C29;FILTROS/RESPUESTOS;REPUESTOS;CAT 140K;KG;ZPAS;SIN TRATAMIENTO;1000093322;;;;;15/9/2026;7/8/2026;;
00379 – VELADERO FASE 8C;1003098;ZSTO;FILTRO COMBUSTIBLE;BOMAG GMBH;O5718268;MM01;379;V1;2;4;F06;FILTRO COMBUSTIBLE;FILTROS;BOMAG;KG;ZPAS;EMBALADO;1000093574;;;14/8/2026;;5/9/2026;12/8/2026;;
00379 – VELADERO FASE 8C;1004005;ZSTO;TUERCA CARGADORA;;14M7278;MM01;379;V1;70;130;G05;AJUSTE;DESGASTE;CARGADOR FRONTAL JD 544K;KG;ZPAS;EMBALADO PARCIAL;1000093322;;;3/9/2026;;15/9/2026;7/8/2026;;
00379 – VELADERO FASE 8C;1004011;ZSTO;LAMPARA 12V-5W S CULOTE X UN;;PHILIPS-OSRAM;MM01;379;V1;20;60;C03;EQUIPOS;REPUESTOS;ELECTRICIDAD AUTOMOTOR;KG;ZPAS;EMBALADO;1000093322;;;1/9/2026;;15/9/2026;7/8/2026;;
00379 – VELADERO FASE 8C;1004018;ZSTO;LAMPARA 12V-4W X UN;;BA9S;MM01;379;V1;20;60;C29;FILTROS/RESPUESTOS;REPUESTOS;ELECTRICIDAD AUTOMOTOR;KG;ZPAS;EMBALADO;1000093322;;;1/9/2026;;15/9/2026;7/8/2026;;
00379 – VELADERO FASE 8C;1004037;ZSTO;LAMPARA 24V-4W X UN;;BA9S;MM01;379;V1;20;60;C29;FILTROS/RESPUESTOS;REPUESTOS;ELECTRICIDAD AUTOMOTOR;KG;ZPAS;EMBALADO;1000093322;;;1/9/2026;;15/9/2026;7/8/2026;;
00379 – VELADERO FASE 8C;1016074;ZSTO;UÑA BALDE HEAVY DUTY  - 66ARXE;VOLVO CONS;VOE14732402;MM01;379;V1;12;22;G04;UÑAS;DESGASTE;VOLVO EC 480D;KG;ZPAS;PICKEADO PARCIAL;1000093322;;;4/9/2026;;15/9/2026;7/8/2026;;
00379 – VELADERO FASE 8C;1003112;ZSTO;FILTRO HIDRAULICO;CNH // DONALDSON;47628831 // P164375;MM01;379;V1;1;2;F07;FILTRO FLUIDO HIDR;FILTROS;FARMALL A-120;KG;ZPAS;EMBALADO PARCIAL;1000093574;;;14/8/2026;;5/9/2026;12/8/2026;;
00379 – VELADERO FASE 8C;1016075;ZSTO;TRABA UÑA BALDE - 66P;VOLVO CONS;VOE17473106;MM01;379;V1;6;12;G05;AJUSTE;DESGASTE;VOLVO EC 480D;KG;ZPAS;EMBALADO;1000093322;;;3/9/2026;;15/9/2026;7/8/2026;;
00379 – VELADERO FASE 8C;1003113;ZSTO;FILTRO HIDRAULICO;CNH // DONALDSON;47427164 // P551364;MM01;379;V1;1;2;F07;FILTRO FLUIDO HIDR;FILTROS;FARMALL A-120;KG;ZPAS;EMBALADO PARCIAL;1000093574;;;14/8/2026;;5/9/2026;12/8/2026;;
00379 – VELADERO FASE 8C;1016077;ZSTO;ARANDELA;JOHN DEERE;24M7243;MM01;379;V1;70;130;G05;AJUSTE;DESGASTE;VOLVO EC 480D;KG;ZPAS;EMBALADO PARCIAL;1000093322;;;3/9/2026;;15/9/2026;7/8/2026;;
00379 – VELADERO FASE 8C;1003114;ZSTO;FILTRO HIDRAULICO;CNH // DONALDSON;47628830 // P551551;MM01;379;V1;1;2;F07;FILTRO FLUIDO HIDR;FILTROS;FARMALL A-120;KG;ZPAS;EMBALADO;1000093574;;;14/8/2026;;5/9/2026;12/8/2026;;
00379 – VELADERO FASE 8C;1016163;ZSTO;FILTRO TRAMPA DE AGUA;VOLVO MAQU;17515206;MM01;379;V1;2;4;F13;FILTRO TRAMPA DE A;FILTROS;VOLVO EC 480D;KG;ZPAS;SIN TRATAMIENTO;1000093322;;;;;15/9/2026;7/8/2026;;
00379 – VELADERO FASE 8C;1003121;ZSTO;FILTRO DE UREA;VOLVO CONS;82269261;MM01;379;V1;2;4;F09;FILTRO DE UREA;FILTROS;VOLVO 330;KG;ZPAS;EMBALADO;1000093574;;;14/8/2026;;5/9/2026;12/8/2026;;
00379 – VELADERO FASE 8C;1016225;ZSTO;TRABA UÑA BALDE - 56P;VOLVO MAQU;VOE17473105;MM01;379;V1;10;18;G05;AJUSTE;DESGASTE;EXCAVADORA VOLVO EC 480 D;KG;ZPAS;EMBALADO;1000093322;;;27/8/2026;;15/9/2026;7/8/2026;;
00379 – VELADERO FASE 8C;1016226;ZSTO;UÑA BALDE HEAVY DUTY - 56ARXE;VOLVO MAQU;VOE14732397;MM01;379;V1;10;18;G04;UÑAS;DESGASTE;EXCAVADORA VOLVO EC 480 D;KG;ZPAS;SIN TRATAMIENTO;1000093322;;;;;15/9/2026;7/8/2026;;
00379 – VELADERO FASE 8C;1016297;ZSTO;Tornillo de Portauñas centrales;CATERPILLA;5P8136;MM01;379;V1;12;22;G05;AJUSTE;DESGASTE;CAT 950L;KG;ZPAS;EMBALADO;1000093322;;;27/8/2026;;15/9/2026;7/8/2026;;
00379 – VELADERO FASE 8C;1016298;ZSTO;UÑAS;CATERPILLA // CATERPILLA //;5053982 // 505-4083 // CA982HD-INSUA;MM01;379;V1;30;56;G04;UÑAS;DESGASTE;CAT 950L;KG;ZPAS;SIN TRATAMIENTO;1000093322;;;;;15/9/2026;7/8/2026;;
00379 – VELADERO FASE 8C;1003140;ZSTO;FILTRO DE LINEA DE M;KOMATSU HO // No aplica // No aplica;20Y9701820 // 1,62071E+12 // 1620706311046;MM01;379;V1;1;2;F07;FILTRO FLUIDO HIDR;FILTROS;KOMATSU PC 200-8;KG;ZPAS;EMBALADO;1000093574;;;14/8/2026;;5/9/2026;12/8/2026;;
00379 – VELADERO FASE 8C;1016434;ZSTO;Kit Correa y Tensores;VOLVO MAQU // // //;20002072 // 20712530+22275091 // 22696301+21479276+21919687 // 22696301+21479276+24201573;MM01;379;V1;3;6;C03;EQUIPOS;REPUESTOS;VOLVO FM460;KG;ZPAS;EMBALADO;1000093322;;;27/8/2026;;15/9/2026;7/8/2026;;
00379 – VELADERO FASE 8C;1003141;ZSTO;FILTRO DE SEPARADOR DE AGUA OPCIONAL;VOLVO CONS // VOLVO CONS;VOE14622355 // FL8125469;MM01;379;V1;1;2;F13;FILTRO TRAMPA DE A;FILTROS;VOLVO EC300D-FMX;KG;ZPAS;EMBALADO;1000093574;;;14/8/2026;;5/9/2026;12/8/2026;;
00379 – VELADERO FASE 8C;1016443;ZSTO;NO USAR;KOMATSU HO // KOMATSU HO;USAR 1002385 // 20Y-70-B1960;MM01;379;V1;10;18;G04;UÑAS;DESGASTE;PC210;KG;ZPAS;SIN TRATAMIENTO;1000093322;;;;;15/9/2026;7/8/2026;;
00379 – VELADERO FASE 8C;1003142;ZSTO;FILTRO HIDRAULICO;VOLVO CONS;VOE14688861;MM01;379;V1;1;2;F07;FILTRO FLUIDO HIDR;FILTROS;VOLVO EC300D;KG;ZPAS;SIN TRATAMIENTO;1000093574;;;;;5/9/2026;12/8/2026;;
00379 – VELADERO FASE 8C;1016444;ZSTO;Traba de Uña;KOMATSU HO //;20Y70B1970 // KH20P;MM01;379;V1;5;10;G05;AJUSTE;DESGASTE;PC210;KG;ZPAS;EMBALADO;1000093322;;;27/8/2026;;15/9/2026;7/8/2026;;
00379 – VELADERO FASE 8C;1003143;ZSTO;ORING TAPA FILTRO HIDRAULICO;VOLVO CONS;VOE  960254;MM01;379;V1;1;2;F07;FILTRO FLUIDO HIDR;FILTROS;VOLVO EC300D;KG;ZPAS;EMBALADO;1000093574;;;25/8/2026;;5/9/2026;12/8/2026;;
00379 – VELADERO FASE 8C;1016512;ZSTO;Filtro Primario Admision;VOLVO MAQU;VOE17500266;MM01;379;V1;2;4;F04;FILTRO AIRE;FILTROS;FILTRO AIRE;KG;ZPAS;EMBALADO;1000093322;;;1/9/2026;;15/9/2026;7/8/2026;;
00379 – VELADERO FASE 8C;1003144;ZSTO;FILTRO HIDRAULICO PILOTO;VOLVO CONS;14711981;MM01;379;V1;1;2;F07;FILTRO FLUIDO HIDR;FILTROS;VOLVO EC300D;KG;ZPAS;EMBALADO;1000093574;;;14/8/2026;;5/9/2026;12/8/2026;;
00379 – VELADERO FASE 8C;1016513;ZSTO;Filtro Secundario Admision;VOLVO MAQU;VOE17500268;MM01;379;V1;2;4;F04;FILTRO AIRE;FILTROS;FILTRO AIRE;KG;ZPAS;EMBALADO;1000093322;;;1/9/2026;;15/9/2026;7/8/2026;;
00379 – VELADERO FASE 8C;1003161;ZSTO;FILTRO DE RETORNO;PALFINGER // HIFI FILTE // HIFI FILTE // MAHLE FILT //;EA5811 // SF FILTER HY9784‑SET // SH55186 // D176945RN2010V17 // MDH8165;MM01;379;V1;1;2;F07;FILTRO FLUIDO HIDR;FILTROS;PALFINGER PK23500B (S406-SKA);KG;ZPAS;EMBALADO;1000093574;;;14/8/2026;;5/9/2026;12/8/2026;;
00379 – VELADERO FASE 8C;1016537;ZSTO;KIT FILTRO DE AIRE PRIMARIO Y SECUNDARIO;KOMATSU HO // DARMET;6001855100 // VP-3722 + VP-3723;MM01;379;V1;2;4;F04;FILTRO AIRE;FILTROS;PC2000;KG;ZPAS;EMBALADO;1000093322;;;1/9/2026;;15/9/2026;7/8/2026;;
00379 – VELADERO FASE 8C;1003162;ZSTO;FILTRO EN LINEA DE PRESION;PALFINGER;EA4923;MM01;379;V1;1;2;F07;FILTRO FLUIDO HIDR;FILTROS;PALFINGER PK23500B (S406-SKA);KG;ZPAS;SIN TRATAMIENTO;1000093574;;;;;5/9/2026;12/8/2026;;
00379 – VELADERO FASE 8C;1017962;ZSTO;Respiradero Tanque Combustible;JOHN DEERE;H216169;MM01;379;V1;4;8;F06;FILTRO COMBUSTIBLE;FILTROS;JD670D;KG;ZPAS;EMBALADO PARCIAL;1000093322;;;1/9/2026;;15/9/2026;7/8/2026;;
00379 – VELADERO FASE 8C;1003168;ZSTO;FILTRO RETORNO HIDRAULICO;KOMATSU HO;3260232;MM01;379;V1;1;2;F07;FILTRO FLUIDO HIDR;FILTROS;CHIEFTAIN 2100 X;KG;ZPAS;EMBALADO;1000093574;;;14/8/2026;;5/9/2026;12/8/2026;;
00379 – VELADERO FASE 8C;1017963;ZSTO;John Deere Hydrau™ Hydraulic System Oil3;JOHN DEERE;TY27367 X 19LTS;MM01;379;V1;2;4;L01;ACEITES;LUBRICANTES;JD670G;KG;ZPAS;EMBALADO PARCIAL;1000093322;;;1/9/2026;;15/9/2026;7/8/2026;;
00379 – VELADERO FASE 8C;1017975;ZSTO;LAMPARA HB4 12V 55W;;9006;MM01;379;V1;20;60;C29;FILTROS/RESPUESTOS;REPUESTOS;TOYOTA HILUX CD SR 2.8 TDI 6 MT 4X4 // HILUX;KG;ZPAS;EMBALADO;1000093322;;;27/8/2026;;15/9/2026;7/8/2026;;
00379 – VELADERO FASE 8C;1018107;ZSTO;Filtro Cabina Exterior;CATERPILLA // CATERPILLA;4572836 // 593-1532;MM01;379;V1;2;4;F05;FILTRO AIRE CABINA;FILTROS;CAT 815-F;KG;ZPAS;EMBALADO;1000093322;;;1/9/2026;;15/9/2026;7/8/2026;;
00379 – VELADERO FASE 8C;1018128;ZSTO;Filtro Cabina Exterior;VOLVO MAQU;84425617;MM01;379;V1;2;4;F05;FILTRO AIRE CABINA;FILTROS;VOLVO 460 FMX;KG;ZPAS;EMBALADO;1000093322;;;1/9/2026;;15/9/2026;7/8/2026;;
00379 – VELADERO FASE 8C;1003173;ZSTO;FILTRO DE AIRE PRIMARIO;CATERPILLA;3370790;MM01;379;V1;4;8;F04;FILTRO AIRE;FILTROS;CAT 950;KG;ZPAS;EMBALADO PARCIAL;1000093574;;;14/8/2026;;5/9/2026;12/8/2026;;
00379 – VELADERO FASE 8C;1022106;ZSTO;Reten de Protector Laterales;JOHN DEERE;14H794;MM01;379;V1;12;22;C29;FILTROS/RESPUESTOS;REPUESTOS;MINICARGADORA JD 324G;KG;ZPAS;EMBALADO;1000093322;;;1/9/2026;;15/9/2026;7/8/2026;;
00379 – VELADERO FASE 8C;1003174;ZSTO;FILTRO DE AIRE SECUNDARIO;CATERPILLA //;3862097 // 5771433;MM01;379;V1;4;8;F04;FILTRO AIRE;FILTROS;CAT 950;KG;ZPAS;EMBALADO PARCIAL;1000093574;;;14/8/2026;;5/9/2026;12/8/2026;;
00379 – VELADERO FASE 8C;1026264;ZSTO;Filtro Combustible;ASTRA VEIC;""" 5801586769 """;MM01;379;V1;20;34;F06;FILTRO COMBUSTIBLE;FILTROS;FILTRO COMB;KG;ZPAS;EMBALADO;1000093322;;;1/9/2026;;15/9/2026;7/8/2026;;
00379 – VELADERO FASE 8C;1003176;ZSTO;FILTRO A A CABINA INTERIOR;CATERPILLA //;2902288 // 5019255;MM01;379;V1;4;4;F10;FILTRO HVAC;FILTROS;CAT 950;KG;ZPAS;EMBALADO PARCIAL;1000093574;;;14/8/2026;;5/9/2026;12/8/2026;;
00379 – VELADERO FASE 8C;1026266;ZSTO;Correa Compresor A/C;ASTRA VEIC;98185068AS ;MM01;379;V1;3;6;C29;FILTROS/RESPUESTOS;CORREAS;COMPRESOR;KG;ZPAS;EMBALADO;1000093322;;;27/8/2026;;15/9/2026;7/8/2026;;
00379 – VELADERO FASE 8C;1003177;ZSTO;FILTRO TRAMPA DE AGUA;CATERPILLA;4238524;MM01;379;V1;8;14;F13;FILTRO TRAMPA DE A;FILTROS;CAT 950;KG;ZPAS;EMBALADO;1000093574;;;14/8/2026;;5/9/2026;12/8/2026;;
00379 – VELADERO FASE 8C;1026267;ZSTO;Filtro Bomba de Direccion;ASTRA VEIC;42559501 ;MM01;379;V1;8;16;F07;FILTRO FLUIDO HIDR;FILTROS;FILTRO HIDRAULICO;KG;ZPAS;EMBALADO;1000093322;;;1/9/2026;;15/9/2026;7/8/2026;;
00379 – VELADERO FASE 8C;1003178;ZSTO;FILTRO HIDRAULICO;CATERPILLA;4363443;MM01;379;V1;1;2;F07;FILTRO FLUIDO HIDR;FILTROS;CAT 950;KG;ZPAS;EMBALADO;1000093574;;;14/8/2026;;5/9/2026;12/8/2026;;
00379 – VELADERO FASE 8C;1026268;ZSTO;Filtro Bomba de Urea;ASTRA VEIC //;5801667204  // 500055972;MM01;379;V1;8;16;F09;FILTRO DE UREA;FILTROS;FILTRO DE UREA;KG;ZPAS;EMBALADO;1000093322;;;1/9/2026;;15/9/2026;7/8/2026;;
00379 – VELADERO FASE 8C;1003179;ZSTO;FILTRO DE TRANSMISION (CARTUCHO);CATERPILLA;3761288;MM01;379;V1;1;2;F03;FILTRO ACEITE;FILTROS;CAT 950;KG;ZPAS;EMBALADO PARCIAL;1000093574;;;14/8/2026;;5/9/2026;12/8/2026;;
00379 – VELADERO FASE 8C;1026270;ZSTO;Filtro Venteo Tanque Hidraulico;ASTRA VEIC;2N218/2-01;MM01;379;V1;4;8;F07;FILTRO FLUIDO HIDR;FILTROS;?;KG;ZPAS;EMBALADO;1000093322;;;1/9/2026;;15/9/2026;7/8/2026;;
00379 – VELADERO FASE 8C;1026271;ZSTO;Filtro Retorno Hidraulico;ASTRA VEIC // ASTRA VEIC;2N217/3 // 2N218/3;MM01;379;V1;4;8;F04;FILTRO AIRE;FILTROS;?;KG;ZPAS;EMBALADO;1000093322;;;1/9/2026;;15/9/2026;7/8/2026;;
00379 – VELADERO FASE 8C;1026342;ZSTO;FILTRO BOMBA DE COMBUSTIBLE;TOYOTA ARG;23390-0E011;MM01;379;V1;4;8;F06;FILTRO COMBUSTIBLE;FILTROS;?;KG;ZPAS;EMBALADO;1000093322;;;1/9/2026;;15/9/2026;7/8/2026;;
00379 – VELADERO FASE 8C;1026926;ZSTO;Filtro Admision Primario;TEREX;EP 225;MM01;379;V1;2;4;C29;FILTROS/RESPUESTOS;FILTROS;CLASIFICADORA Y LAVADORA;KG;ZPAS;EMBALADO;1000093322;;;1/9/2026;;15/9/2026;7/8/2026;;
00379 – VELADERO FASE 8C;1026927;ZSTO;Filtro Admision Secundario;TEREX // // TEREX;ES 221 // R46742 // ES 225;MM01;379;V1;2;4;C29;FILTROS/RESPUESTOS;FILTROS;CLASIFICADORA Y LAVADORA;KG;ZPAS;EMBALADO;1000093322;;;1/9/2026;;15/9/2026;7/8/2026;;
00379 – VELADERO FASE 8C;1003196;ZSTO;FILTRO SEPARADOR;MANN // DONALDSON;LB9622 // P783499;MM01;379;V1;1;2;F12;FILTRO SEPARADOR;FILTROS;IS VENTEC 6TK/2TB/AY/TECEL/11,;KG;ZPAS;EMBALADO;1000093574;;;14/8/2026;;5/9/2026;12/8/2026;;
00379 – VELADERO FASE 8C;1027021;ZSTO;Aceite Caja de Engranaje 85W90 GL-5;VOLVO MAQU;BALDE DE 20LTS;MM01;379;V1;1;2;C29;FILTROS/RESPUESTOS;LUBRICANTES;?;KG;ZPAS;SIN TRATAMIENTO;1000093322;;;;;15/9/2026;7/8/2026;;
00379 – VELADERO FASE 8C;1034628;ZSTO;JUNTA DE BALANCINES;;3027433 // 119718-11310;MM01;379;V1;6;12;C29;FILTROS/RESPUESTOS;REPUESTOS;HIMOINSA LTA 8 V LED;KG;ZPAS;EMBALADO PARCIAL;1000093322;;;27/8/2026;;15/9/2026;7/8/2026;;
00379 – VELADERO FASE 8C;1003201;ZSTO;FILTRO ACEITE HIDRAULICO;DONALDSON;P550940;MM01;379;V1;1;2;F07;FILTRO FLUIDO HIDR;FILTROS;CAMION VOLVO FMX 460;KG;ZPAS;EMBALADO;1000093574;;;14/8/2026;;5/9/2026;12/8/2026;;
00379 – VELADERO FASE 8C;1036200;ZSTO;PLACA DESGASTE INFERIOR;;T157457;MM01;379;V1;3;6;C29;FILTROS/RESPUESTOS;DESGASTE;CARGADOR FRONTAL JD 644K;KG;ZPAS;SIN TRATAMIENTO;1000093322;;;;;15/9/2026;7/8/2026;;
00379 – VELADERO FASE 8C;1036890;ZSTO;UÑA BALDE USO GENERAL – 16GPE;VOLVO CONS //;VOE14732376 // 16GPE;MM01;379;V1;3;6;G04;UÑAS;EQUIPOS;DESGASTE;KG;ZPAS;SIN TRATAMIENTO;1000093322;;;;;15/9/2026;7/8/2026;;
00379 – VELADERO FASE 8C;1003210;ZSTO;FILTRO DE AIRE PRIMARIO;DONALDSON // BALDWIN;P613335 // RS5329;MM01;379;V1;2;4;F04;FILTRO AIRE;FILTROS;ONAN C 150 D5 4;KG;ZPAS;EMBALADO;1000093574;;;14/8/2026;;5/9/2026;12/8/2026;;
00379 – VELADERO FASE 8C;1042353;ZSTO;BULON DE RUEDA TRASERA - ASTRA;;42127244;MM01;379;V1;80;160;C03;EQUIPOS;REPUESTOS;ACCESORIOS;KG;ZPAS;EMBALADO PARCIAL;1000093322;;;27/8/2026;;15/9/2026;7/8/2026;;
00379 – VELADERO FASE 8C;1004594;ZSTO;UNA RIPPER X UN;JOHN DEERE;T9J8920;MM01;379;V1;2;4;G03;RIPPER;DESGASTE;JD850J;KG;ZPAN;PICKEADO;1000093480;4500135550;31/8/2026;1/9/2026;;5/9/2026;11/8/2026;G03;10157141
00379 – VELADERO FASE 8C;1003219;ZSTO;FILTRO VENTILACION DE CARTER;CATERPILLA;2735711;MM01;379;V1;4;8;F04;FILTRO AIRE;FILTROS;CAT 815 K;KG;ZPAS;EMBALADO;1000093574;;;14/8/2026;;5/9/2026;12/8/2026;;
00379 – VELADERO FASE 8C;1022824;ZSTO;CORREA TRAPEZOIDAL;;8820183;MM01;379;V1;1;2;C03;EQUIPOS;CORREAS;?;KG;ZPAN;ADJUDICADO;1000093480;4500135729;;;;5/9/2026;11/8/2026;C03;10157141
00379 – VELADERO FASE 8C;1023202;ZSTO;LAMPARA DE CABINA;;20Y-53-15210;MM01;379;V1;20;60;C03;EQUIPOS;REPUESTOS;LAMPARAS;KG;ZPAN;ADJUDICADO;1000093480;4500136340;;;;5/9/2026;11/8/2026;C03;10157141
00379 – VELADERO FASE 8C;1003229;ZSTO;FILTRO DE TRANSMISION;JOHN DEERE;AT468647;MM01;379;V1;1;2;F03;FILTRO ACEITE;FILTROS;JD 624 K;KG;ZPAS;EMBALADO;1000093574;;;14/8/2026;;5/9/2026;12/8/2026;;
00379 – VELADERO FASE 8C;1027224;ZSTO;CUBIERTA 23.5 / R25;;CUBIERTA 23.5 / R25 E-3/L-3;MM01;379;V1;2;4;C03;EQUIPOS;CUBIERTAS;?;KG;ZPAN;ADJUDICADO;1000093480;4500136676;;;;5/9/2026;11/8/2026;C03;10157141
00379 – VELADERO FASE 8C;1003232;ZSTO;FILTRO DE VENTEO HIDRAULICO;CATERPILLA;3468340;MM01;379;V1;1;2;F04;FILTRO AIRE;FILTROS;CAT 950L;KG;ZPAS;PICKEADO;1000093574;;;4/9/2026;;5/9/2026;12/8/2026;;
00379 – VELADERO FASE 8C;1029056;ZSTO;SEGMENTO LATERAL IZQ;;SA 1171-00181;MM01;379;V1;1;2;C03;EQUIPOS;DESGASTE;?;KG;ZPAN;ADJUDICADO;1000093480;4500135724;;;;5/9/2026;11/8/2026;C03;10157141
00379 – VELADERO FASE 8C;1003233;ZSTO;FILTRO HIDRAULICO VENTILACION;KOMATSU HO;22B6011160;MM01;379;V1;1;2;F07;FILTRO FLUIDO HIDR;FILTROS;KOM D155 AX-6;KG;ZPAS;EMBALADO;1000093574;;;14/8/2026;;5/9/2026;12/8/2026;;
00379 – VELADERO FASE 8C;1029057;ZSTO;SEGMENTO LATERAL DER;;SA 1171-00171;MM01;379;V1;1;2;C03;EQUIPOS;DESGASTE;?;KG;ZPAN;ADJUDICADO;1000093480;4500135724;;;;5/9/2026;11/8/2026;C03;10157141
00379 – VELADERO FASE 8C;1003238;ZSTO;FILTRO TRAMPA DE AGUA;CATERPILLA //;4367077 // SN40863;MM01;379;V1;4;8;F13;FILTRO TRAMPA DE A;FILTROS;CAT 140K;KG;ZPAS;EMBALADO;1000093574;;;14/8/2026;;5/9/2026;12/8/2026;;
00379 – VELADERO FASE 8C;1036893;ZSTO;PORTAUÑA DE BALDE VOLVO;;14727403;MM01;379;V1;3;6;C03;EQUIPOS;EQUIPOS;DESGASTE;KG;ZPAN;PICKEADO;1000093480;4500135724;31/8/2026;1/9/2026;;5/9/2026;11/8/2026;C03;10157141
00379 – VELADERO FASE 8C;1003246;ZSTO;FILTRO DE TANQUE HIDRAULICO;REMOLQUES // HIFI FILTE;14896990 // SH 93214;MM01;379;V1;1;2;F07;FILTRO FLUIDO HIDR;FILTROS;VOLCADORA OMBU;KG;ZPAS;EMBALADO;1000093574;;;14/8/2026;;5/9/2026;12/8/2026;;
00379 – VELADERO FASE 8C;1054622;ZSTO;FARO ANTINIEBLA DELANTERO CON LED;;81210-02220;MM01;379;V1;6;12;C03;EQUIPOS;REPUESTOS;TOYOTA;KG;ZPAN;ADJUDICADO;1000093480;4500135778;;;;5/9/2026;11/8/2026;C03;10157141
00379 – VELADERO FASE 8C;1003247;ZSTO;FILTRO DE VENTEO TANQUE HIDRAULICO;FILPLUS // No aplica;MSA07 // TAP0126;MM01;379;V1;1;2;F07;FILTRO FLUIDO HIDR;FILTROS;VOLCADORA OMBU;KG;ZPAS;EMBALADO;1000093574;;;14/8/2026;;5/9/2026;12/8/2026;;
00379 – VELADERO FASE 8C;1004590;ZSTO;SEGURO P T70286 3 4 P CUCHILLA;JOHN DEERE;T10510;MM01;379;V1;24;48;G05;AJUSTE;DESGASTE;JD850J;KG;ZPAN;EMBALADO;1000093481;4500135550;22/8/2026;24/8/2026;;16/9/2026;11/8/2026;G03;10157142
00379 – VELADERO FASE 8C;1013522;ZSCD;ACEITE DIFERENCIALES VOLVO97312 x 205LTS;SHELL PLC.;SPIRAX S6 GXME 75W90;MM01;379;V1;1;2;C29;FILTROS/RESPUESTOS;LUBRICANTES;LUBRICANTES;KG;ZPAN;DESPACHADO;1000093481;4500135517;20/8/2026;20/8/2026;27/8/2026;16/9/2026;11/8/2026;C29;10157142
00379 – VELADERO FASE 8C;1003275;ZSTO;FILTRO TRANSMISION ACEITE;CATERPILLA;3891079;MM01;379;V1;1;2;F03;FILTRO ACEITE;FILTROS;CAT 950;KG;ZPAS;PICKEADO;1000093574;;;4/9/2026;;5/9/2026;12/8/2026;;
00379 – VELADERO FASE 8C;1018265;ZSSD;FILTRO DE AIRE PRIMARIO;DONALDSON;P777871;MM01;379;V1;20;34;C29;FILTROS/RESPUESTOS;FILTROS;FILTROS;KG;ZPAN;DESPACHADO;1000093481;4500135552;22/8/2026;22/8/2026;27/8/2026;16/9/2026;11/8/2026;C29;10157142
00379 – VELADERO FASE 8C;1003276;ZSTO;FILTRO TANQUE HIDRAULICO;PARKER // No aplica //;921999 // K22001 // P551551;MM01;379;V1;1;2;F07;FILTRO FLUIDO HIDR;FILTROS;VOLCADORA MILICIC // VOLVO 330;KG;ZPAS;EMBALADO;1000093574;;;14/8/2026;;5/9/2026;12/8/2026;;
00379 – VELADERO FASE 8C;1018266;ZSSD;FILTRO DE AIRE SECUNDARIO;DONALDSON;P777875;MM01;379;V1;20;34;C29;FILTROS/RESPUESTOS;FILTROS;FILTROS;KG;ZPAN;DESPACHADO;1000093481;4500135552;22/8/2026;22/8/2026;27/8/2026;16/9/2026;11/8/2026;C29;10157142
00379 – VELADERO FASE 8C;1003290;ZSTO;FILTRO CENTRAL HIDRAULICO;DONALDSON //;P164174 // P164166;MM01;379;V1;4;8;F07;FILTRO FLUIDO HIDR;FILTROS;PLATAFORMA DE MANTENIMIENTO VE;KG;ZPAS;EMBALADO PARCIAL;1000093574;;;14/8/2026;;5/9/2026;12/8/2026;;
00379 – VELADERO FASE 8C;1018921;ZSSD;FILTRO SECANTE DE FRENOS;CNH INDUST;5801962827;MM01;379;V1;4;8;C29;FILTROS/RESPUESTOS;FILTROS;FILTROS;KG;ZPAN;DESPACHADO;1000093481;4500135595;20/8/2026;20/8/2026;27/8/2026;16/9/2026;11/8/2026;C29;10157142
00379 – VELADERO FASE 8C;1003299;ZSTO;FILTRO RETORNO TANQUE HIDRAULICO;UFI FILTER // DONALDSON;ESE11NCC // P565243;MM01;379;V1;1;2;F07;FILTRO FLUIDO HIDR;FILTROS;VOLCADORA BACO;KG;ZPAS;EMBALADO;1000093574;;;14/8/2026;;5/9/2026;12/8/2026;;
00379 – VELADERO FASE 8C;1022791;ZSTO;CORREA;;0511-0260;MM01;379;V1;2;4;C03;EQUIPOS;CORREAS;G. ELECT. ONAN C 110 D 5 - 4;KG;ZPAN;PICKEADO;1000093481;4500136106;2/9/2026;3/9/2026;;16/9/2026;11/8/2026;C17;10157142
00379 – VELADERO FASE 8C;1022874;ZSTO;CUCHILLA CENTRAL;;T162524;MM01;379;V1;2;4;C03;EQUIPOS;DESGASTE;JD850J;KG;ZPAN;EMBALADO;1000093481;4500135550;22/8/2026;24/8/2026;;16/9/2026;11/8/2026;G03;10157142
00379 – VELADERO FASE 8C;1023164;ZSTO;INSERTO CORREDERA CUCHILLA;;T299164;MM01;379;V1;4;8;C03;EQUIPOS;REPUESTOS;DESGASTE;KG;ZPAN;EMBALADO;1000093481;4500135550;22/8/2026;24/8/2026;;16/9/2026;11/8/2026;G03;10157142
00379 – VELADERO FASE 8C;1003302;ZSTO;FILTRO ACEITE CAJA DE CAMBIO;VOLVO CONS // VOLVO CONS;20779040 // 24283117;MM01;379;V1;3;6;F03;FILTRO ACEITE;FILTROS;VOLVO 460 FMX;KG;ZPAS;EMBALADO;1000093574;;;14/8/2026;;5/9/2026;12/8/2026;;
00379 – VELADERO FASE 8C;1025550;ZSTO;BORDE CORTANTE (RH);;T160425;MM01;379;V1;1;2;C03;EQUIPOS;DESGASTE;JD850J;KG;ZPAN;EMBALADO;1000093481;4500135550;22/8/2026;24/8/2026;;16/9/2026;11/8/2026;G03;10157142
00379 – VELADERO FASE 8C;1003316;ZSTO;FILTRO TANQUE HIDRAULICO;VOLVO CONS // VOLVO CONS;VOE14530989 // VOE14531154;MM01;379;V1;1;2;F07;FILTRO FLUIDO HIDR;FILTROS;VOLVO EC 480D;KG;ZPAS;EMBALADO;1000093574;;;14/8/2026;;5/9/2026;12/8/2026;;
00379 – VELADERO FASE 8C;1025731;ZSTO;BULON PARA DESGASTES DE ESPEJO;;T70286;MM01;379;V1;24;48;C03;EQUIPOS;DESGASTE;JD850J;KG;ZPAN;ADJUDICADO;1000093481;4500135550;;;;16/9/2026;11/8/2026;G03;10157142
00379 – VELADERO FASE 8C;1003329;ZSTO;FILTRO LINEA HIDRAULICO;JOHN DEERE;AL31413;MM01;379;V1;1;2;F07;FILTRO FLUIDO HIDR;FILTROS;JD 3350;KG;ZPAS;EMBALADO;1000093574;;;14/8/2026;;5/9/2026;12/8/2026;;
00379 – VELADERO FASE 8C;1030003;ZSTO;CORREA A/C;;04120-21747;MM01;379;V1;2;4;C03;EQUIPOS;CORREAS;EXCAVADORA KOMATSU PC 240;KG;ZPAN;EMBALADO;1000093481;4500135631;24/8/2026;24/8/2026;;16/9/2026;11/8/2026;C03;10157142
00379 – VELADERO FASE 8C;1034460;ZSTO;Grasa EP2 (de alta temperatura)x 18 KG;;EP2 X 18 KG;MM01;379;V1;1;2;L03;GRASAS;LUBRICANTES;?;KG;ZPAN;DESPACHADO;1000093481;4500135467;19/8/2026;19/8/2026;27/8/2026;16/9/2026;11/8/2026;L03;10157142
00379 – VELADERO FASE 8C;1003849;ZSTO;GUIA PATIN BRONCE P VERT;JOHN DEERE // JOHN DEERE // JOHN DEERE;T158069 // T183474 // T185579;MM01;379;V1;3;6;C29;FILTROS/RESPUESTOS;REPUESTOS;JD 770 D;KG;ZPAS;SIN TRATAMIENTO;1000093482;;;;;15/9/2026;11/8/2026;;
00379 – VELADERO FASE 8C;1041725;ZSTO;"CUCHILLA (7′ X 8″ X 5/8″) X 15 Aguj 5/8""";;5D9561 / T71979 (BORO);MM01;379;V1;20;40;C03;EQUIPOS;EQUIPOS;DESGASTE;KG;ZPAS;PICKEADO;1000093482;;;4/9/2026;;15/9/2026;11/8/2026;;
00379 – VELADERO FASE 8C;1003360;ZSTO;FILTRO A A CABINA EXTERIOR;CATERPILLA //;2902287 // 5019254;MM01;379;V1;2;4;F10;FILTRO HVAC;FILTROS;CAT 950;KG;ZPAS;EMBALADO PARCIAL;1000093574;;;14/8/2026;;5/9/2026;12/8/2026;;
00379 – VELADERO FASE 8C;1003711;ZSTO;BOLT (M24 X 3 X 190 MM);;7Y5235;MM01;379;V1;8;14;C29;FILTROS/RESPUESTOS;REPUESTOS;?;KG;ZPAS;EMBALADO PARCIAL;1000093574;;;14/8/2026;;5/9/2026;12/8/2026;;
00379 – VELADERO FASE 8C;1003712;ZSTO;WASHER-HARD 26 X 44X4 MM THK;;8T4167;MM01;379;V1;8;14;C29;FILTROS/RESPUESTOS;REPUESTOS;?;KG;ZPAS;EMBALADO PARCIAL;1000093575;;;18/8/2026;;5/9/2026;12/8/2026;;
00379 – VELADERO FASE 8C;1003839;ZSTO;JUNTA TORICA FILTRO PILOTO;KOMATSU HO;7067671390;MM01;379;V1;1;2;C29;FILTROS/RESPUESTOS;REPUESTOS;KOMATSU PC 200-8;KG;ZPAS;EMBALADO;1000093575;;;18/8/2026;;5/9/2026;12/8/2026;;
00379 – VELADERO FASE 8C;1003841;ZSTO;FILTRO RESPIRADERO TANQUE COMBUSTIBLE;CATERPILLA;1162810;MM01;379;V1;1;2;F06;FILTRO COMBUSTIBLE;REPUESTOS;CAT D8T;KG;ZPAS;SIN TRATAMIENTO;1000093575;;;;;5/9/2026;12/8/2026;;
00379 – VELADERO FASE 8C;1003889;ZSTO;ESCOBILLA LIMPIAPARABRIZAS XUN;KOMATSU HO;20Y5439450;MM01;379;V1;2;6;C29;FILTROS/RESPUESTOS;REPUESTOS;PC220;KG;ZPAS;EMBALADO PARCIAL;1000093575;;;3/9/2026;;5/9/2026;12/8/2026;;
00379 – VELADERO FASE 8C;1003988;ZSTO;TUERCA;VOLVO CONS;VOE980521;MM01;379;V1;3;6;G05;AJUSTE;DESGASTE;VOLVO 380;KG;ZPAS;EMBALADO;1000093575;;;18/8/2026;;5/9/2026;12/8/2026;;
00379 – VELADERO FASE 8C;1004006;ZSTO;BULON DE CUCHILLA;JOHN DEERE // No aplica // CATERPILLA;09H1759 // 09H1776 // 4F3656;MM01;379;V1;70;130;G05;AJUSTE;DESGASTE;JD 310J;KG;ZPAS;EMBALADO;1000093575;;;18/8/2026;;5/9/2026;12/8/2026;;
00379 – VELADERO FASE 8C;1004014;ZSTO;LAMPARA 12V-H7 55W X UN;;PX26D;MM01;379;V1;10;20;C03;EQUIPOS;REPUESTOS;ELECTRICIDAD AUTOMOTOR;KG;ZPAS;EMBALADO;1000093575;;;18/8/2026;;5/9/2026;12/8/2026;;
00379 – VELADERO FASE 8C;1004015;ZSTO;LAMPARA 12V-H3 55W X UN;;PK22S;MM01;379;V1;20;40;C03;EQUIPOS;REPUESTOS;ELECTRICIDAD AUTOMOTOR;KG;ZPAS;EMBALADO;1000093575;;;18/8/2026;;5/9/2026;12/8/2026;;
00379 – VELADERO FASE 8C;1004016;ZSTO;LAMPARA 12V-H1 55W X UN;;P145S;MM01;379;V1;10;20;C29;FILTROS/RESPUESTOS;REPUESTOS;ELECTRICIDAD AUTOMOTOR;KG;ZPAS;EMBALADO;1000093575;;;18/8/2026;;5/9/2026;12/8/2026;;
00379 – VELADERO FASE 8C;1004019;ZSTO;LAMPARA 12V-21 4W X UN;;BAZ15d;MM01;379;V1;10;20;C29;FILTROS/RESPUESTOS;REPUESTOS;ELECTRICIDAD AUTOMOTOR;KG;ZPAS;EMBALADO;1000093575;;;18/8/2026;;5/9/2026;12/8/2026;;
00379 – VELADERO FASE 8C;1004021;ZSTO;LAMPARA 12V-H4 P45T X UN;;P45T41;MM01;379;V1;10;20;C29;FILTROS/RESPUESTOS;REPUESTOS;ELECTRICIDAD AUTOMOTOR;KG;ZPAS;EMBALADO;1000093575;;;18/8/2026;;5/9/2026;12/8/2026;;
00379 – VELADERO FASE 8C;1004022;ZSTO;LAMPARA 12V-21 5W X UN;;PATADESPBAY15D;MM01;379;V1;10;20;C03;EQUIPOS;REPUESTOS;ELECTRICIDAD AUTOMOTOR;KG;ZPAS;EMBALADO;1000093575;;;18/8/2026;;5/9/2026;12/8/2026;;
00379 – VELADERO FASE 8C;1004023;ZSTO;LAMPARA 12V-21 5 X UN;;PATAPAREJABA15D;MM01;379;V1;10;20;C29;FILTROS/RESPUESTOS;REPUESTOS;ELECTRICIDAD AUTOMOTOR;KG;ZPAS;EMBALADO;1000093575;;;18/8/2026;;5/9/2026;12/8/2026;;
00379 – VELADERO FASE 8C;1004024;ZSTO;LAMPARA 12V-21W X UN;;BA15S;MM01;379;V1;10;20;C29;FILTROS/RESPUESTOS;REPUESTOS;ELECTRICIDAD AUTOMOTOR;KG;ZPAS;EMBALADO;1000093575;;;18/8/2026;;5/9/2026;12/8/2026;;
00379 – VELADERO FASE 8C;1004031;ZSTO;LAMPARA 24V-21 5W PATA PAREJ. X UN;;BA15D;MM01;379;V1;10;20;C29;FILTROS/RESPUESTOS;REPUESTOS;ELECTRICIDAD AUTOMOTOR;KG;ZPAS;EMBALADO;1000093575;;;18/8/2026;;5/9/2026;12/8/2026;;
00379 – VELADERO FASE 8C;1004038;ZSTO;LAMPARA 24V-21W P PAREJA XUN;;BA15S;MM01;379;V1;10;20;C29;FILTROS/RESPUESTOS;REPUESTOS;ELECTRICIDAD AUTOMOTOR;KG;ZPAS;EMBALADO;1000093575;;;18/8/2026;;5/9/2026;12/8/2026;;
00379 – VELADERO FASE 8C;1004039;ZSTO;LAMPARA 24V-H1 70W X UN;;P145S;MM01;379;V1;10;20;C29;FILTROS/RESPUESTOS;REPUESTOS;ELECTRICIDAD AUTOMOTOR;KG;ZPAS;EMBALADO;1000093575;;;18/8/2026;;5/9/2026;12/8/2026;;
00379 – VELADERO FASE 8C;1004040;ZSTO;LAMPARA 24V-H3 70W X UN;;PK22S;MM01;379;V1;50;100;C29;FILTROS/RESPUESTOS;REPUESTOS;ELECTRICIDAD AUTOMOTOR;KG;ZPAS;EMBALADO;1000093575;;;18/8/2026;;5/9/2026;12/8/2026;;
00379 – VELADERO FASE 8C;1004041;ZSTO;LAMPARA 24V-75 70W P45T / PT43 X UN;;P45T41;MM01;379;V1;10;20;C29;FILTROS/RESPUESTOS;REPUESTOS;ELECTRICIDAD AUTOMOTOR;KG;ZPAS;EMBALADO;1000093575;;;18/8/2026;;5/9/2026;12/8/2026;;
00379 – VELADERO FASE 8C;1004264;ZSTO;BULON DE RUEDA;VOLVO CONS //;21147687 // 24076067;MM01;379;V1;40;80;C29;FILTROS/RESPUESTOS;REPUESTOS;VOLVO 460 FMX;KG;ZPAS;EMBALADO;1000093575;;;18/8/2026;;5/9/2026;12/8/2026;;
00379 – VELADERO FASE 8C;1004311;ZSTO;ACEITE SAE 80W90 X 20LT;;MOBILUBE;MM01;379;V1;1;2;C29;FILTROS/RESPUESTOS;LUBRICANTES;LUBRICANTES;KG;ZPAS;EMBALADO;1000093575;;;20/8/2026;;5/9/2026;12/8/2026;;
00379 – VELADERO FASE 8C;1004317;ZSTO;ACEITE CAJA DE CAMBIOS x 205LTS;VOLVO CONS // TOTAL //;97307//85136284 // TRAXIUM GEAR 8 75W90 // 97315;MM01;379;V1;1;2;L01;ACEITES;LUBRICANTES;VOLVO;KG;ZPAS;PICKEADO PARCIAL;1000093575;;;18/8/2026;;5/9/2026;12/8/2026;;
00379 – VELADERO FASE 8C;1004595;ZSTO;TRABA P RIPPER T9J8920 X UN;JOHN DEERE;T8E6358;MM01;379;V1;2;4;C29;FILTROS/RESPUESTOS;DESGASTE;JD850J;KG;ZPAN;ADJUDICADO;1000093578;4500135701;;;;5/9/2026;12/8/2026;G05;10157320
00379 – VELADERO FASE 8C;1004687;ZSTO;TUERCA DE RUEDA VOLVO;VOLVO CONS;21303956;MM01;379;V1;80;160;C29;FILTROS/RESPUESTOS;REPUESTOS;VOLVO 460 FMX;KG;ZPAS;EMBALADO PARCIAL;1000093575;;;18/8/2026;;5/9/2026;12/8/2026;;
00379 – VELADERO FASE 8C;1009436;ZSTO;UREA AZUL 32 X BIN 1000LTS;YPF S.A. // YPF S.A. // AXION ENER // RAIZEN ARG;516385 // 810300000371 // L60866;MM01;379;V1;3;6;L02;FLUIDOS;LUBRICANTES;ADITIVOS;KG;ZPAS;EMBALADO PARCIAL;1000093575;;;18/8/2026;;5/9/2026;12/8/2026;;
00379 – VELADERO FASE 8C;1009471;ZSTO;ANTEOJO TRANSPARENTE H/C;LIBUS // 3M // MSA // STEELPRO //;ARGON HC // SECUREFIT SF401AF // MSA MOVE CLEAR // STEELPRO ODYSSEY CLEAR // DEPASCALE-UCU021E;MM01;379;V1;150;300;C28;SEGURIDAD/ROPA/EPP;SEGURIDAD;ACCESORIO SEGURIDAD;KG;ZPAS;EMBALADO PARCIAL;1000093575;;;28/8/2026;;5/9/2026;12/8/2026;;
00379 – VELADERO FASE 8C;1013576;ZSSD;FUSIBLE PLANO 5AMP. XUN;;;MM01;379;V1;10;20;C29;FILTROS/RESPUESTOS;REPUESTOS;ELECTRICIDAD AUTOMOTOR;KG;ZPAN;DESPACHADO;1000093578;4500135680;24/8/2026;24/8/2026;27/8/2026;5/9/2026;12/8/2026;C29;10157320
00379 – VELADERO FASE 8C;1013577;ZSSD;FUSIBLE PLANO 7.5AMP. XUN;;;MM01;379;V1;10;20;C29;FILTROS/RESPUESTOS;REPUESTOS;ELECTRICIDAD AUTOMOTOR;KG;ZPAN;DESPACHADO;1000093578;4500135680;24/8/2026;24/8/2026;27/8/2026;5/9/2026;12/8/2026;C29;10157320
00379 – VELADERO FASE 8C;1013579;ZSSD;FUSIBLE PLANO 20AMP. XUN;;;MM01;379;V1;10;20;C03;EQUIPOS;REPUESTOS;ELECTRICIDAD AUTOMOTOR;KG;ZPAN;DESPACHADO;1000093578;4500135680;24/8/2026;24/8/2026;27/8/2026;5/9/2026;12/8/2026;C29;10157320
00379 – VELADERO FASE 8C;1013580;ZSSD;MINIFUSIBLE PLANO 5 AMP. XUN;;;MM01;379;V1;10;20;C29;FILTROS/RESPUESTOS;REPUESTOS;ELECTRICIDAD AUTOMOTOR;KG;ZPAN;DESPACHADO;1000093578;4500135680;24/8/2026;24/8/2026;27/8/2026;5/9/2026;12/8/2026;C29;10157320
00379 – VELADERO FASE 8C;1013582;ZSSD;MINIFUSIBLE PLANO 10 AMP. XUN;;;MM01;379;V1;10;20;C29;FILTROS/RESPUESTOS;REPUESTOS;ELECTRICIDAD AUTOMOTOR;KG;ZPAN;DESPACHADO;1000093578;4500135680;24/8/2026;24/8/2026;27/8/2026;5/9/2026;12/8/2026;C29;10157320
00379 – VELADERO FASE 8C;1013583;ZSSD;MINIFUSIBLE PLANO 15 AMP. XUN;;;MM01;379;V1;10;20;C29;FILTROS/RESPUESTOS;REPUESTOS;ELECTRICIDAD AUTOMOTOR;KG;ZPAN;DESPACHADO;1000093578;4500135680;24/8/2026;24/8/2026;27/8/2026;5/9/2026;12/8/2026;C29;10157320
00379 – VELADERO FASE 8C;1013584;ZSSD;MINIFUSIBLE PLANO 20 AMP XUN;;;MM01;379;V1;10;20;C29;FILTROS/RESPUESTOS;ELECTRICIDAD;ELECTRICIDAD AUTOMOTOR;KG;ZPAN;DESPACHADO;1000093578;4500135680;24/8/2026;24/8/2026;27/8/2026;5/9/2026;12/8/2026;C29;10157320
00379 – VELADERO FASE 8C;1013585;ZSSD;MINIFUSIBLE PLANO 25 AMP. XUN;;;MM01;379;V1;10;20;C29;FILTROS/RESPUESTOS;REPUESTOS;ELECTRICIDAD AUTOMOTOR;KG;ZPAN;DESPACHADO;1000093578;4500135680;24/8/2026;24/8/2026;27/8/2026;5/9/2026;12/8/2026;C29;10157320
00379 – VELADERO FASE 8C;1013586;ZSSD;MINIFUSIBLE PLANO 30 AMP. XUN;;;MM01;379;V1;10;20;C29;FILTROS/RESPUESTOS;REPUESTOS;ELECTRICIDAD AUTOMOTOR;KG;ZPAN;DESPACHADO;1000093578;4500135680;24/8/2026;24/8/2026;27/8/2026;5/9/2026;12/8/2026;C29;10157320
00379 – VELADERO FASE 8C;1015777;ZSSD;"CEPILLO BARREDOR &#160;30CM XUN";;;MM01;379;V1;5;10;C17;INSUMOS A;LIMPIEZA;LIMPIEZA /SEGURIDAD;KG;ZPAN;PICKEADO;1000093578;4500136410;1/9/2026;1/9/2026;;5/9/2026;12/8/2026;C17;10157320
00379 – VELADERO FASE 8C;1015793;ZSSD;FUSIBLE PLANO 25AMP. XUN;;;MM01;379;V1;10;20;C03;EQUIPOS;REPUESTOS;ELECTRICIDAD AUTOMOTOR;KG;ZPAN;DESPACHADO;1000093578;4500135680;24/8/2026;24/8/2026;27/8/2026;5/9/2026;12/8/2026;C29;10157320
00379 – VELADERO FASE 8C;1015794;ZSSD;FUSIBLE PLANO 30AMP. XUN;;;MM01;379;V1;10;20;C03;EQUIPOS;REPUESTOS;ELECTRICIDAD AUTOMOTOR;KG;ZPAN;DESPACHADO;1000093578;4500135680;24/8/2026;24/8/2026;27/8/2026;5/9/2026;12/8/2026;C29;10157320
00379 – VELADERO FASE 8C;1015795;ZSSD;FUSIBLE PLANO 3AMP. XUN;;;MM01;379;V1;10;20;C03;EQUIPOS;REPUESTOS;ELECTRICIDAD AUTOMOTOR;KG;ZPAN;DESPACHADO;1000093578;4500135680;24/8/2026;24/8/2026;27/8/2026;5/9/2026;12/8/2026;C29;10157320
00379 – VELADERO FASE 8C;1015796;ZSSD;FUSIBLE PLANO 40AMP. XUN;;;MM01;379;V1;10;20;C03;EQUIPOS;REPUESTOS;ELECTRICIDAD AUTOMOTOR;KG;ZPAN;DESPACHADO;1000093578;4500135680;24/8/2026;24/8/2026;27/8/2026;5/9/2026;12/8/2026;C29;10157320
00379 – VELADERO FASE 8C;1015853;ZSSD;PRECINTO PLASTICO AL-3 X 175MM;;MÚLT. 100U;MM01;379;V1;3;5;C13;FERRETERÍA MM01;FERRETERIA;INSUMOS;KG;ZPAN;ADJUDICADO;1000093578;4500137363;;;;5/9/2026;12/8/2026;C13;10157320
00379 – VELADERO FASE 8C;1016078;ZSTO;CORREA MOTOR;CATERPILLA;2198689;MM01;379;V1;1;2;C29;FILTROS/RESPUESTOS;CORREAS;VOLVO EC 480D;KG;ZPAS;EMBALADO;1000093575;;;19/8/2026;;5/9/2026;12/8/2026;;
00379 – VELADERO FASE 8C;1016098;ZSTO;FILTRO DE AIRE PRIMARIO;VOLVO MAQU;17500260;MM01;379;V1;2;4;F04;FILTRO AIRE;FILTROS;VOLVO EC 480D;KG;ZPAS;EMBALADO;1000093575;;;19/8/2026;;5/9/2026;12/8/2026;;
00379 – VELADERO FASE 8C;1016099;ZSTO;FILTRO DE AIRE SECUNDARIO;VOLVO MAQU;17500263;MM01;379;V1;2;4;F04;FILTRO AIRE;FILTROS;VOLVO EC 480D;KG;ZPAS;EMBALADO;1000093575;;;19/8/2026;;5/9/2026;12/8/2026;;
00379 – VELADERO FASE 8C;1016164;ZSTO;FILTRO DE BOMBA SERVO-SISTEMA;VOLVO MAQU;14750655;MM01;379;V1;1;2;F07;FILTRO FLUIDO HIDR;FILTROS;VOLVO EC 480D;KG;ZPAS;EMBALADO;1000093575;;;19/8/2026;;5/9/2026;12/8/2026;;
00379 – VELADERO FASE 8C;1016168;ZSTO;FILTRO LINEA MARTILLO HIDRAULICO;VOLVO MAQU // VOLVO MAQU;14510898 // 14776943;MM01;379;V1;1;2;F07;FILTRO FLUIDO HIDR;FILTROS;VOLVO EC 480D;KG;ZPAS;EMBALADO;1000093575;;;19/8/2026;;5/9/2026;12/8/2026;;
00379 – VELADERO FASE 8C;1016169;ZSTO;FILTRO A/A CABINA EXTERIOR;CATERPILLA // CATERPILLA;3963097 // 3967087;MM01;379;V1;1;2;F10;FILTRO HVAC;FILTROS;VOLVO EC 480D;KG;ZPAS;EMBALADO;1000093575;;;19/8/2026;;5/9/2026;12/8/2026;;
00379 – VELADERO FASE 8C;1016230;ZSTO;Filtro Respiradero Hidraulico;VOLVO MAQU;VOE14691909;MM01;379;V1;1;2;F07;FILTRO FLUIDO HIDR;FILTROS;FILTRO HIDRAULICO;KG;ZPAS;EMBALADO;1000093575;;;19/8/2026;;5/9/2026;12/8/2026;;
00379 – VELADERO FASE 8C;1016232;ZSTO;Filtro Linea Martillo;VOLVO MAQU;VOE14720972;MM01;379;V1;1;2;C29;FILTROS/RESPUESTOS;FILTROS;FILTROS;KG;ZPAS;EMBALADO;1000093575;;;19/8/2026;;5/9/2026;12/8/2026;;
00379 – VELADERO FASE 8C;1016296;ZSTO;Tuerca de Portauñas izq/ der;CATERPILLA;2J5997;MM01;379;V1;4;8;G05;AJUSTE;DESGASTE;CAT 950L;KG;ZPAS;EMBALADO;1000093575;;;19/8/2026;;5/9/2026;12/8/2026;;
00379 – VELADERO FASE 8C;1016447;ZSTO;CORREA  A/A;KOMATSU HO;04120-21750;MM01;379;V1;1;2;C29;FILTROS/RESPUESTOS;CORREAS;PC210;KG;ZPAS;SIN TRATAMIENTO;1000093575;;;;;5/9/2026;12/8/2026;;
00379 – VELADERO FASE 8C;1017792;ZSTO;CORREA DE ALTERNADOR;JOHN DEERE // JOHN DEERE;T321428 // T496608;MM01;379;V1;1;2;C29;FILTROS/RESPUESTOS;CORREAS;CORREAS;KG;ZPAS;EMBALADO;1000093575;;;19/8/2026;;5/9/2026;12/8/2026;;
00379 – VELADERO FASE 8C;1017949;ZSTO;Correa de Alternador;KOMATSU HO // KOMATSU HO //;6732813531 // 8PK1700(ALTERNATIVO) // 6732-81-3531;MM01;379;V1;1;2;C29;FILTROS/RESPUESTOS;CORREAS;CORREAS;KG;ZPAS;EMBALADO;1000093575;;;19/8/2026;;5/9/2026;12/8/2026;;
00379 – VELADERO FASE 8C;1018427;ZSTO;Correa A/A;CATERPILLA;1749030;MM01;379;V1;1;2;C29;FILTROS/RESPUESTOS;CORREAS;CAT D6T;KG;ZPAS;EMBALADO;1000093575;;;19/8/2026;;5/9/2026;12/8/2026;;
00379 – VELADERO FASE 8C;1018507;ZSTO;Filtro Cabina - Habitaculo;COMPACTADO //;05579415 // SC50347;MM01;379;V1;1;2;F05;FILTRO AIRE CABINA;FILTROS;BOMAG BW213;KG;ZPAS;EMBALADO;1000093575;;;19/8/2026;;5/9/2026;12/8/2026;;
00379 – VELADERO FASE 8C;1018609;ZSTO;CORREA MOTOR;JOHN DEERE;T452270;MM01;379;V1;1;2;C29;FILTROS/RESPUESTOS;CORREAS;644K;KG;ZPAS;EMBALADO PARCIAL;1000093575;;;19/8/2026;;5/9/2026;12/8/2026;;
00379 – VELADERO FASE 8C;1021945;ZSTO;ACEITE Hydrau x 209 lts  ;JOHN DEERE;TY27368;MM01;379;V1;1;2;L01;ACEITES;LUBRICANTES;JOHN DEERE;KG;ZPAS;SIN TRATAMIENTO;1000093575;;;;;5/9/2026;12/8/2026;;
00379 – VELADERO FASE 8C;1022036;ZSTO;CORREA;ONAN;8PK-1430;MM01;379;V1;1;2;C29;FILTROS/RESPUESTOS;REPUESTOS;ONAN C 150 D5 4;KG;ZPAS;EMBALADO PARCIAL;1000093575;;;19/8/2026;;5/9/2026;12/8/2026;;
00379 – VELADERO FASE 8C;1022053;ZSTO;CORREA ALTERNADOR;KOMATSU HO;20Y-01-B4010;MM01;379;V1;1;2;C29;FILTROS/RESPUESTOS;REPUESTOS;KOMATSU PC-220;KG;ZPAS;EMBALADO;1000093575;;;1/9/2026;;5/9/2026;12/8/2026;;
00379 – VELADERO FASE 8C;1022058;ZSTO;CORREAS;CATERPILLA // CATERPILLA;4459017 // (F5211F2) // 488-5278;MM01;379;V1;1;2;C29;FILTROS/RESPUESTOS;REPUESTOS;CLASIFICADORA ARIDOS;KG;ZPAS;EMBALADO;1000093575;;;19/8/2026;;5/9/2026;12/8/2026;;
00379 – VELADERO FASE 8C;1022064;ZSTO;COLADOR DE COMBUSTIBLE;CATERPILLA;9P-7121;MM01;379;V1;1;2;F06;FILTRO COMBUSTIBLE;REPUESTOS;CAT D8T;KG;ZPAS;EMBALADO;1000093575;;;19/8/2026;;5/9/2026;12/8/2026;;
00379 – VELADERO FASE 8C;1022072;ZSTO;CORREA MOTOR;JOHN DEERE;T428699;MM01;379;V1;1;2;C29;FILTROS/RESPUESTOS;REPUESTOS;MOTONIVELADORA JD 770 G;KG;ZPAS;EMBALADO PARCIAL;1000093575;;;19/8/2026;;5/9/2026;12/8/2026;;
00379 – VELADERO FASE 8C;1022073;ZSTO;TRABA DE UÑA;JOHN DEERE;T9W2668;MM01;379;V1;2;4;G05;AJUSTE;DESGASTE;MOTONIVELADORA JD 770 G;KG;ZPAS;EMBALADO;1000093575;;;19/8/2026;;5/9/2026;12/8/2026;;
00379 – VELADERO FASE 8C;1022808;ZSTO;CORREA ALTERNADOR;;185-5872;MM01;379;V1;1;2;C03;EQUIPOS;CORREAS;CORREAS;KG;ZPAS;EMBALADO;1000093575;;;19/8/2026;;5/9/2026;12/8/2026;;
00379 – VELADERO FASE 8C;1022825;ZSTO;CORREAAPEZOIDAL;JOHN DEERE;R123307 // DZ119059;MM01;379;V1;1;2;C03;EQUIPOS;CORREAS;?;KG;ZPAS;EMBALADO;1000093575;;;19/8/2026;;5/9/2026;12/8/2026;;
00379 – VELADERO FASE 8C;1026269;ZSTO;Filtro de Freno Retardador  Hidraulico;ASTRA VEIC;42563106;MM01;379;V1;4;8;F07;FILTRO FLUIDO HIDR;FILTROS;?;KG;ZPAS;EMBALADO PARCIAL;1000093575;;;19/8/2026;;5/9/2026;12/8/2026;;
00379 – VELADERO FASE 8C;1027017;ZSTO;Filtro Servohidraulico;VOLVO MAQU;14688862;MM01;379;V1;1;2;C29;FILTROS/RESPUESTOS;FILTROS;?;KG;ZPAS;EMBALADO;1000093575;;;27/8/2026;;5/9/2026;12/8/2026;;
00379 – VELADERO FASE 8C;1027023;ZSTO;Correa Motor;VOLVO MAQU //;21620133 // VOE55204161;MM01;379;V1;1;2;C29;FILTROS/RESPUESTOS;CORREAS;?;KG;ZPAS;EMBALADO;1000093575;;;19/8/2026;;5/9/2026;12/8/2026;;
00379 – VELADERO FASE 8C;1027024;ZSTO;Correa Compresor;VOLVO MAQU;14881276;MM01;379;V1;1;2;C29;FILTROS/RESPUESTOS;CORREAS;?;KG;ZPAS;EMBALADO;1000093575;;;19/8/2026;;5/9/2026;12/8/2026;;
00379 – VELADERO FASE 8C;1029477;ZSTO;CORREA 8PK-1420;;8PK-1420;MM01;379;V1;1;2;C03;EQUIPOS;CORREAS;?;KG;ZPAS;SIN TRATAMIENTO;1000093575;;;;;5/9/2026;12/8/2026;;
00379 – VELADERO FASE 8C;1036891;ZSTO;PERNO DE UÑA DE BALDE VOLVO;;17473101;MM01;379;V1;3;6;G04;UÑAS;DESGASTE;VOLVO L120H;KG;ZPAS;EMBALADO;1000093575;;;19/8/2026;;5/9/2026;12/8/2026;;
00379 – VELADERO FASE 8C;1056088;ZSTO;BOLIGRAFO TRAZO GRUESO NEGRO;;;MM01;379;V1;100;200;C17;INSUMOS A;LIBRERIA;ESCRITURA;KG;ZPAS;EMBALADO;1000093575;;;3/9/2026;;5/9/2026;12/8/2026;;
00379 – VELADERO FASE 8C;1056100;ZSTO;BIBLIORATO PVC LOMO ANCHO A4;;;MM01;379;V1;10;20;C17;INSUMOS A;LIBRERIA;ESCRITURA;KG;ZPAS;EMBALADO PARCIAL;1000093575;;;;;5/9/2026;12/8/2026;;
00379 – VELADERO FASE 8C;1056101;ZSTO;CEPILLO VIOLIN P/LAVAR COCHES;;;MM01;379;V1;10;20;C17;INSUMOS A;LIMPIEZA;INSUMOS;KG;ZPAS;EMBALADO;1000093575;;;28/8/2026;;5/9/2026;12/8/2026;;
00379 – VELADERO FASE 8C;1056102;ZSTO;CARPETA CRISTAL BASE OPACA NEGRA A4;;;MM01;379;V1;10;20;C17;INSUMOS A;LIBRERIA;ESCRITURA;KG;ZPAS;EMBALADO;1000093575;;;3/9/2026;;5/9/2026;12/8/2026;;
00379 – VELADERO FASE 8C;1016913;ZSSD;CABO MADERA CORTO P MAZA MINERO 2KG;;;MM01;379;V1;5;10;C13;FERRETERÍA MM01;FERRETERIA;INSUMOS;KG;ZPAN;PICKEADO;1000093578;4500136115;31/8/2026;1/9/2026;;5/9/2026;12/8/2026;C13;10157320
00379 – VELADERO FASE 8C;1016916;ZSSD;PINCEL CERDA NB 30;;;MM01;379;V1;5;10;C22;INSUMOS C;FERRETERIA;INSUMOS;KG;ZPAN;EMBALADO;1000093578;4500135741;22/8/2026;24/8/2026;;5/9/2026;12/8/2026;C22;10157320
00379 – VELADERO FASE 8C;1016920;ZSSD;SOGA NAUTICA 12MM;;MÚLT. 100 MTS;MM01;379;V1;100;300;C13;FERRETERÍA MM01;FERRETERIA;FERRETERIA;KG;ZPAN;ADJUDICADO;1000093578;4500137363;;;;5/9/2026;12/8/2026;C13;10157320
00379 – VELADERO FASE 8C;1016923;ZSSD;PALA DE PUNTA FORJADA CABO MAD-METAL;;;MM01;379;V1;2;5;C13;FERRETERÍA MM01;FERRETERIA;HERRAMIENTAS;KG;ZPAN;PICKEADO;1000093578;4500136114;31/8/2026;1/9/2026;;5/9/2026;12/8/2026;C13;10157320
00379 – VELADERO FASE 8C;1016925;ZSSD;PALA CORAZON FORJADA CABO MAD Y METAL;;;MM01;379;V1;5;10;C13;FERRETERÍA MM01;FERRETERIA;HERRAMIENTAS;KG;ZPAN;PICKEADO;1000093578;4500136114;31/8/2026;1/9/2026;;5/9/2026;12/8/2026;C13;10157320
00379 – VELADERO FASE 8C;1016931;ZSSD;CARRETILLA 75LT REFORZADA C RUEDA NEUMAT;;;MM01;379;V1;2;5;C13;FERRETERÍA MM01;FERRETERIA;FERRETERIA;KG;ZPAN;PICKEADO;1000093578;4500136107;31/8/2026;1/9/2026;;5/9/2026;12/8/2026;C13;10157320
00379 – VELADERO FASE 8C;1016934;ZSSD;MAZA MINERO 2KG;;;MM01;379;V1;2;5;C13;FERRETERÍA MM01;FERRETERIA;HERRAMIENTA MANUAL;KG;ZPAN;PICKEADO;1000093578;4500136101;31/8/2026;1/9/2026;;5/9/2026;12/8/2026;C13;10157320
00379 – VELADERO FASE 8C;1016936;ZSSD;TENAZA ARMADOR 1 2 CORTE;;;MM01;379;V1;2;5;C13;FERRETERÍA MM01;FERRETERIA;HERRAMIENTAS;KG;ZPAN;PICKEADO;1000093578;4500136115;31/8/2026;1/9/2026;;5/9/2026;12/8/2026;C13;10157320
00379 – VELADERO FASE 8C;1016955;ZSSD;SOGA NAUTICA 10MM;;MÚLT. 100 MTS;MM01;379;V1;100;200;C13;FERRETERÍA MM01;FERRETERIA;ACCESORIOS;KG;ZPAN;ADJUDICADO;1000093578;4500137363;;;;5/9/2026;12/8/2026;C13;10157320
00379 – VELADERO FASE 8C;1016957;ZSSD;SEPARADOR A4 PLASTICO C LENGUETAS;;MÚLT. 12U;MM01;379;V1;10;20;C17;INSUMOS A;LIBRERIA;PAPEL;KG;ZPAN;PICKEADO;1000093578;4500136661;2/9/2026;3/9/2026;;5/9/2026;12/8/2026;C17;10157320
00379 – VELADERO FASE 8C;1016962;ZSSD;RESALTADOR NARANJA PUNTA CHANFLEADA;;MÚLT. 10U;MM01;379;V1;20;40;C17;INSUMOS A;LIBRERIA;ESCRITURA;KG;ZPAN;PICKEADO;1000093578;4500136661;2/9/2026;3/9/2026;;5/9/2026;12/8/2026;C17;10157320
00379 – VELADERO FASE 8C;1016967;ZSSD;PERFORADORA MET MIT 40-45 HJ C REGLA;;;MM01;379;V1;2;5;C17;INSUMOS A;LIBRERIA;LIBRERIA;KG;ZPAN;ADJUDICADO;1000093578;4500136665;;;;5/9/2026;12/8/2026;C17;10157320
00379 – VELADERO FASE 8C;1016968;ZSSD;PERFORADORA MET MIT 20-25 HJ C REGLA;;;MM01;379;V1;2;5;C17;INSUMOS A;LIBRERIA;LIBRERIA;KG;ZPAN;ADJUDICADO;1000093578;4500136665;;;;5/9/2026;12/8/2026;C17;10157320
00379 – VELADERO FASE 8C;1016969;ZSSD;NOTAS ADHESIVAS (POST IT) 76X76 MM;;MÚLT. 12U;MM01;379;V1;10;30;C17;INSUMOS A;LIBRERIA;PAPEL;KG;ZPAN;ADJUDICADO;1000093578;4500136665;;;;5/9/2026;12/8/2026;C17;10157320
00379 – VELADERO FASE 8C;1016971;ZSSD;NOTAS ADHESIVAS (POST IT) 38X54 MM;;MÚLT. 12U;MM01;379;V1;10;20;C17;INSUMOS A;LIBRERIA;PAPEL;KG;ZPAN;PICKEADO;1000093578;4500136657;2/9/2026;3/9/2026;;5/9/2026;12/8/2026;C17;10157320
00379 – VELADERO FASE 8C;1016997;ZSSD;BOLIGRAFO TRAZO GRUESO ROJO;;MÚLT. 50U;MM01;379;V1;50;100;C17;INSUMOS A;LIBRERIA;ESCRITURA;KG;ZPAN;PICKEADO;1000093578;4500136661;2/9/2026;3/9/2026;;5/9/2026;12/8/2026;C17;10157320
00379 – VELADERO FASE 8C;1017003;ZSSD;BATERIA 9V;;;MM01;379;V1;5;10;C13;FERRETERÍA MM01;FERRETERIA;BATERIAS;KG;ZPAN;SIN TRATAMIENTO;1000093578;;;;;5/9/2026;12/8/2026;;10157320
00379 – VELADERO FASE 8C;1017006;ZSSD;APRIETAPAPEL 32MM;;MÚLT. 12U;MM01;379;V1;5;10;C17;INSUMOS A;LIBRERIA;ACCESORIOS;KG;ZPAN;ADJUDICADO;1000093578;4500136665;;;;5/9/2026;12/8/2026;C17;10157320
00379 – VELADERO FASE 8C;1017007;ZSSD;APRIETAPAPEL 51MM;;MÚLT. 12U;MM01;379;V1;2;5;C17;INSUMOS A;LIBRERIA;ACCESORIOS;KG;ZPAN;ADJUDICADO;1000093578;4500136665;;;;5/9/2026;12/8/2026;C17;10157320
00379 – VELADERO FASE 8C;1017008;ZSSD;ADHESIVO SINTETICO 50GR;;VOLIGOMA;MM01;379;V1;5;10;C17;INSUMOS A;FERRETERIA;ADHESIVOS;KG;ZPAN;ADJUDICADO;1000093578;4500137600;;;;5/9/2026;12/8/2026;C17;10157320
00379 – VELADERO FASE 8C;1017015;ZSSD;MARCADOR PERMANENTE AZUL;;MÚLT. 10U;MM01;379;V1;10;30;C17;INSUMOS A;LIBRERIA;LIBRERIA;KG;ZPAN;PICKEADO;1000093578;4500136657;2/9/2026;3/9/2026;;5/9/2026;12/8/2026;C17;10157320
00379 – VELADERO FASE 8C;1017016;ZSSD;MARCADOR PERMANENTE NEGRO;;MÚLT. 10U;MM01;379;V1;15;30;C17;INSUMOS A;LIBRERIA;ESCRITURA;KG;ZPAN;PICKEADO;1000093578;4500136657;2/9/2026;3/9/2026;;5/9/2026;12/8/2026;C17;10157320
00379 – VELADERO FASE 8C;1017017;ZSSD;MARCADOR PERMANENTE ROJO;;MÚLT. 10U;MM01;379;V1;10;30;C17;INSUMOS A;LIBRERIA;LIBRERIA;KG;ZPAN;PICKEADO;1000093578;4500136657;2/9/2026;3/9/2026;;5/9/2026;12/8/2026;C17;10157320
00379 – VELADERO FASE 8C;1017020;ZSSD;BOLIGRAFO TRAZO GRUESO VERDE;;MÚLT. 50U;MM01;379;V1;50;100;C17;INSUMOS A;LIBRERIA;INSUMOS;KG;ZPAN;PICKEADO;1000093578;4500136657;2/9/2026;3/9/2026;;5/9/2026;12/8/2026;C17;10157320
00379 – VELADERO FASE 8C;1017024;ZSSD;SOPORTE P MATAFUEGO 10KG (COLGAR);;;MM01;379;V1;10;20;C28;SEGURIDAD/ROPA/EPP;FERRETERIA;ACCESORIO SEGURIDAD;KG;ZPAN;EMBALADO;1000093578;4500135853;22/8/2026;24/8/2026;;5/9/2026;12/8/2026;C28;10157320
00379 – VELADERO FASE 8C;1017025;ZSSD;SOPORTE P MATAFUEGO 5 KG (COLGAR);;;MM01;379;V1;10;20;C28;SEGURIDAD/ROPA/EPP;FERRETERIA;ACCESORIO SEGURIDAD;KG;ZPAN;EMBALADO PARCIAL;1000093578;4500135853;22/8/2026;24/8/2026;;5/9/2026;12/8/2026;C28;10157320
00379 – VELADERO FASE 8C;1017045;ZSSD;SECADOR DE PISO 30CM;;;MM01;379;V1;5;10;C17;INSUMOS A;LIMPIEZA;INSUMOS;KG;ZPAN;PICKEADO;1000093578;4500136408;31/8/2026;1/9/2026;;5/9/2026;12/8/2026;C17;10157320
00379 – VELADERO FASE 8C;1017065;ZSSD;CAL HIDRATADA BOLSA X 25KG;;;MM01;379;V1;50;100;C22;INSUMOS C;FERRETERIA;INSUMOS;KG;ZPAN;EMBALADO;1000093578;4500135679;22/8/2026;22/8/2026;;5/9/2026;12/8/2026;C22;10157320
00379 – VELADERO FASE 8C;1017068;ZSSD;CINTA REFLECTIVA BLANCA XMT;;MÚLT. 45,7 MTS;MM01;379;V1;20;50;C28;SEGURIDAD/ROPA/EPP;SEGURIDAD;SEÑALIZACION;KG;ZPAN;ADJUDICADO;1000093578;4500135853;;;;5/9/2026;12/8/2026;C28;10157320
00379 – VELADERO FASE 8C;1017069;ZSSD;CINTA REFLECTIVA ROJA XMT;;MÚLT. 45,7 MTS;MM01;379;V1;20;50;C28;SEGURIDAD/ROPA/EPP;SEGURIDAD;SEÑALIZACION;KG;ZPAN;ADJUDICADO;1000093578;4500135853;;;;5/9/2026;12/8/2026;C28;10157320
00379 – VELADERO FASE 8C;1017084;ZSSD;CEPILLO ACERO 4X19 C MANGO MADERA;;;MM01;379;V1;5;10;C13;FERRETERÍA MM01;LIMPIEZA;INSUMOS;KG;ZPAN;PICKEADO;1000093578;4500136107;31/8/2026;1/9/2026;;5/9/2026;12/8/2026;C13;10157320
00379 – VELADERO FASE 8C;1017111;ZSSD;MATAFUEGO ABC X5KG;;;MM01;379;V1;5;10;C28;SEGURIDAD/ROPA/EPP;SEGURIDAD;SEGURIDAD;KG;ZPAN;ADJUDICADO;1000093578;4500135852;;;;5/9/2026;12/8/2026;C28;10157320
00379 – VELADERO FASE 8C;1017112;ZSSD;PALA PLASTICA ANTICHISPA;;;MM01;379;V1;5;10;C28;SEGURIDAD/ROPA/EPP;FERRETERIA;INSUMOS;KG;ZPAN;PICKEADO;1000093578;4500135853;31/8/2026;1/9/2026;;5/9/2026;12/8/2026;C28;10157320
00379 – VELADERO FASE 8C;1017113;ZSSD;LINTERNA RECARGABLE 220V;;;MM01;379;V1;5;10;C28;SEGURIDAD/ROPA/EPP;SEGURIDAD;INSUMOS;KG;ZPAN;PICKEADO;1000093578;4500136113;2/9/2026;3/9/2026;;5/9/2026;12/8/2026;C13;10157320
00379 – VELADERO FASE 8C;1017130;ZSSD;ACOPLE RAPIDO DE AIRE RECTO 10MM;;;MM01;379;V1;5;10;C13;FERRETERÍA MM01;FERRETERIA;INSUMOS;KG;ZPAN;PICKEADO;1000093578;4500136114;2/9/2026;3/9/2026;;5/9/2026;12/8/2026;C13;10157320
00379 – VELADERO FASE 8C;1017131;ZSSD;ACOPLE RAPIDO DE AIRE RECTO 12MM;;;MM01;379;V1;5;10;C13;FERRETERÍA MM01;FERRETERIA;INSUMOS;KG;ZPAN;PICKEADO;1000093578;4500136114;2/9/2026;3/9/2026;;5/9/2026;12/8/2026;C13;10157320
00379 – VELADERO FASE 8C;1017132;ZSSD;ACOPLE RAPIDO DE AIRE RECTO 6MM;;;MM01;379;V1;5;10;C13;FERRETERÍA MM01;FERRETERIA;INSUMOS;KG;ZPAN;PICKEADO;1000093578;4500136114;2/9/2026;3/9/2026;;5/9/2026;12/8/2026;C13;10157320
00379 – VELADERO FASE 8C;1017138;ZSSD;ADHESIVO ALTA TEMPERAT TIP FASTIX X100GR;;;MM01;379;V1;5;10;C13;FERRETERÍA MM01;EQUIPOS;ADHESIVOS;KG;ZPAN;PICKEADO;1000093578;4500136101;31/8/2026;24/8/2026;;5/9/2026;12/8/2026;C13;10157320
00379 – VELADERO FASE 8C;1017143;ZSSD;CABO P PALA MADERA Y METAL 0.70MT.;;;MM01;379;V1;3;5;C13;FERRETERÍA MM01;FERRETERIA;INSUMOS;KG;ZPAN;PICKEADO;1000093578;4500136114;31/8/2026;1/9/2026;;5/9/2026;12/8/2026;C13;10157320
00379 – VELADERO FASE 8C;1017144;ZSSD;CABO PARA PICO PUNTA Y PALA;;;MM01;379;V1;3;5;C13;FERRETERÍA MM01;FERRETERIA;INSUMOS;KG;ZPAN;PICKEADO;1000093578;4500136114;31/8/2026;1/9/2026;;5/9/2026;12/8/2026;C13;10157320
00379 – VELADERO FASE 8C;1017149;ZSSD;BARRETA SACACLAVOS 19X600;;;MM01;379;V1;2;5;C13;FERRETERÍA MM01;FERRETERIA;INSUMOS;KG;ZPAN;PICKEADO;1000093578;4500136115;31/8/2026;1/9/2026;;5/9/2026;12/8/2026;C13;10157320
00379 – VELADERO FASE 8C;1017150;ZSSD;BARRETA SACACLAVOS 22X1500;;;MM01;379;V1;2;5;C13;FERRETERÍA MM01;FERRETERIA;INSUMOS;KG;ZPAN;PICKEADO;1000093578;4500136113;2/9/2026;3/9/2026;;5/9/2026;12/8/2026;C13;10157320
00379 – VELADERO FASE 8C;1017176;ZSSD;LLAVE AJUSTABLE 10PG;;;MM01;379;V1;2;5;C13;FERRETERÍA MM01;FERRETERIA;HERRAMIENTAS;KG;ZPAN;PICKEADO;1000093578;4500136115;31/8/2026;1/9/2026;;5/9/2026;12/8/2026;C13;10157320
00379 – VELADERO FASE 8C;1017221;ZSSD;GOMA DE BORRAR LAPIZ-TINTA;;;MM01;379;V1;5;10;C17;INSUMOS A;FERRETERIA;HERRAMIENTAS;KG;ZPAN;PICKEADO;1000093578;4500136657;2/9/2026;3/9/2026;;5/9/2026;12/8/2026;C17;10157320
00379 – VELADERO FASE 8C;1017224;ZSSD;LAPIZ CARPINTERO;;;MM01;379;V1;5;10;C13;FERRETERÍA MM01;FERRETERIA;FERRETERIA;KG;ZPAN;PICKEADO;1000093578;4500136101;24/8/2026;24/8/2026;;5/9/2026;12/8/2026;C13;10157320
00379 – VELADERO FASE 8C;1022813;ZSTO;CORREA;;T428709;MM01;379;V1;1;2;C03;EQUIPOS;CORREAS;JD850J;KG;ZPAN;ADJUDICADO;1000093578;4500136055;;;;5/9/2026;12/8/2026;C03;10157320
00379 – VELADERO FASE 8C;1023533;ZSTO;LAMINA;;VOE14537760;MM01;379;V1;1;2;C03;EQUIPOS;DESGASTE;?;KG;ZPAN;PICKEADO;1000093578;4500135884;2/9/2026;3/9/2026;;5/9/2026;12/8/2026;C03;10157320
00379 – VELADERO FASE 8C;1023623;ZSTO;ACEITE MOBIL SHC 629 BEARING-GEAR X20L;PARANA MAQ;MOBIL SHC 629 SYNTHETIC X20L;MM01;379;V1;1;2;C03;EQUIPOS;LUBRICANTES;ACEITES;KG;ZPAN;DESPACHADO;1000093578;4500135657;24/8/2026;24/8/2026;27/8/2026;5/9/2026;12/8/2026;C03;10157320
00379 – VELADERO FASE 8C;1023722;ZSTO;OMALA S2 G150 x 20LTS.;;G150;MM01;379;V1;1;2;L01;ACEITES;LUBRICANTES;TEREX;KG;ZPAN;DESPACHADO;1000093578;4500135664;14/8/2026;14/8/2026;20/8/2026;5/9/2026;12/8/2026;L01;10157320
00379 – VELADERO FASE 8C;1024360;ZSTO;ACEITE MANDOS FINALES SG 320;;SG 320 X 20L;MM01;379;V1;1;2;L01;ACEITES;LUBRICANTES;?;KG;ZPAN;ADJUDICADO;1000093578;4500136302;;;;5/9/2026;12/8/2026;L01;10157320
00379 – VELADERO FASE 8C;1024890;ZSTO;TORNILLO HEXAGONAL;;60110025;MM01;379;V1;3;6;C03;EQUIPOS;DESGASTE;?;KG;ZPAN;PICKEADO;1000093578;4500135723;1/9/2026;1/9/2026;;5/9/2026;12/8/2026;C03;10157320
00379 – VELADERO FASE 8C;1025238;ZSTO;TRABA PERNO UÑA RIPPER;;T8E6359;MM01;379;V1;2;4;G05;AJUSTE;DESGASTE;JD850J;KG;ZPAN;PICKEADO;1000093578;4500135701;31/8/2026;1/9/2026;;5/9/2026;12/8/2026;G05;10157320
00379 – VELADERO FASE 8C;1025549;ZSTO;BORDE CORTANTE (LH);;T160426;MM01;379;V1;1;2;C03;EQUIPOS;DESGASTE;JD850J;KG;ZPAN;PICKEADO;1000093578;4500135701;22/8/2026;24/8/2026;;5/9/2026;12/8/2026;G05;10157320
00379 – VELADERO FASE 8C;1026066;ZSTO;BULON DE RUEDA DELANTERO;;24075971 / 20515515;MM01;379;V1;20;40;C29;FILTROS/RESPUESTOS;DESGASTE;JD850J;KG;ZPAN;DESPACHADO;1000093578;4500135643;15/8/2026;15/8/2026;20/8/2026;5/9/2026;12/8/2026;C29;10157320
00379 – VELADERO FASE 8C;1027332;ZSTO;CORREA;JOHN DEERE;T230728;MM01;379;V1;1;2;C03;EQUIPOS;CORREAS;?;KG;ZPAN;DESPACHADO;1000093578;4500135801;25/8/2026;25/8/2026;27/8/2026;5/9/2026;12/8/2026;C03;10157320
00379 – VELADERO FASE 8C;1029055;ZSTO;BULONES SEGMENTOS LATERALES;;VOE991649;MM01;379;V1;3;6;C03;EQUIPOS;DESGASTE;?;KG;ZPAN;ADJUDICADO;1000093578;4500135723;;;;5/9/2026;12/8/2026;C03;10157320
00379 – VELADERO FASE 8C;1029058;ZSTO;TORNILLO DE SEGMENTOS;;VOE60110025;MM01;379;V1;3;6;C03;EQUIPOS;DESGASTE;?;KG;ZPAN;PICKEADO;1000093578;4500135723;1/9/2026;1/9/2026;;5/9/2026;12/8/2026;C03;10157320
00379 – VELADERO FASE 8C;1029059;ZSTO;TUERCA DE SEGMENTOS;;VOE980521;MM01;379;V1;3;6;C03;EQUIPOS;DESGASTE;?;KG;ZPAN;PICKEADO;1000093578;4500135723;1/9/2026;1/9/2026;;5/9/2026;12/8/2026;C03;10157320
00379 – VELADERO FASE 8C;1029418;ZSTO;PERNO  TOPADOR KOMATSU D155;;176-32-11210;MM01;379;V1;2;4;C03;EQUIPOS;DESGASTE;?;KG;ZPAN;EMBALADO;1000093578;4500135631;24/8/2026;24/8/2026;;5/9/2026;12/8/2026;C03;10157320
00379 – VELADERO FASE 8C;1029419;ZSTO;TUERCA DE SEGMENTO;;01803-02430;MM01;379;V1;2;4;C03;EQUIPOS;DESGASTE;?;KG;ZPAN;EMBALADO;1000093578;4500135631;24/8/2026;24/8/2026;;5/9/2026;12/8/2026;C03;10157320
00379 – VELADERO FASE 8C;1029480;ZSTO;CORREA B-45;;B-45 DUNLOP;MM01;379;V1;1;2;C03;EQUIPOS;CORREAS;CAMIONES REGADORES;KG;ZPAN;DESPACHADO;1000093578;4500135794;22/8/2026;22/8/2026;27/8/2026;5/9/2026;12/8/2026;C03;10157320
00379 – VELADERO FASE 8C;1029481;ZSTO;CORREA POLY V 4PK-1000;SKF;4PK1000 POLY V CONTINENTAL;MM01;379;V1;1;2;C29;FILTROS/RESPUESTOS;CORREAS;?;KG;ZPAN;ADJUDICADO;1000093578;4500135987;;;;5/9/2026;12/8/2026;C29;10157320
00379 – VELADERO FASE 8C;1029579;ZSTO;ACEITE P/ COMPR PLATAF CHILENA x20LTS.;;MOBIL SHC RARUS SERIES 46;MM01;379;V1;1;2;L01;ACEITES;LUBRICANTES;PLATAFORMA DE MANTENIMIENTO VE;KG;ZPAN;DESPACHADO;1000093578;4500135657;24/8/2026;24/8/2026;27/8/2026;5/9/2026;12/8/2026;C03;10157320
00379 – VELADERO FASE 8C;1034168;ZSTO;CORREA MOTOR;;8PK-1422 / CUMMINS 5259157;MM01;379;V1;1;2;C03;EQUIPOS;REPUESTOS;CORREAS;KG;ZPAN;PICKEADO;1000093578;4500136367;31/8/2026;1/9/2026;;5/9/2026;12/8/2026;C17;10157320
00379 – VELADERO FASE 8C;1055257;ZSTO;PALA ANCHA;;;MM01;379;V1;5;10;C20;CALIDAD;EIME;?;KG;ZPAN;ADJUDICADO;1000093578;4500137459;;;;5/9/2026;12/8/2026;C27;10157320
00379 – VELADERO FASE 8C;1001904;ZSTO;DETERGENTE X 5 LTS;;;MM01;379;V1;5;10;C17;INSUMOS A;LIMPIEZA;INSUMOS;KG;ZPAS;SIN TRATAMIENTO;1000093676;;;;;15/9/2026;13/8/2026;;
00379 – VELADERO FASE 8C;1001680;ZSTO;FICHA T.STECK HEMBRA 380V 32A T N XUN;;;MM01;379;V1;5;8;C11;ELECTRICIDAD;ELECTRICIDAD;FICHAS;KG;ZPAN;ADJUDICADO;1000094097;4500137625;;;;10/9/2026;21/8/2026;C11;10158164
00379 – VELADERO FASE 8C;1001681;ZSTO;FICHA T.STECK MACHO 380V 32A T N XUN;;;MM01;379;V1;5;8;C11;ELECTRICIDAD;ELECTRICIDAD;FICHAS;KG;ZPAN;ADJUDICADO;1000094097;4500137625;;;;10/9/2026;21/8/2026;C11;10158164
00378 YPF – Oleoducto Cnel. Pringle;1002766;ZSTO;FILTRO COMBUSTIBLE;KOMATSU HO // //;4216035170 // AF4167 // P502574;MR01;378;V1;7;14;F06;FILTRO COMBUSTIBLE;FILTROS;WA600;KG;ZPAS;DESPACHADO;1000091335;;;8/7/2026;13/7/2026;24/7/2026;3/7/2026;;
00378 YPF – Oleoducto Cnel. Pringle;1003713;ZSTO;SHIM MOTONIVELADORA JD670;;T129981;MR01;378;V1;10;20;C29;FILTROS/RESPUESTOS;REPUESTOS;JD 670;KG;ZPAS;SIN TRATAMIENTO;1000091356;;;;;14/7/2026;4/7/2026;;
00378 YPF – Oleoducto Cnel. Pringle;1022073;ZSTO;TRABA DE UÑA;JOHN DEERE;T9W2668;MR01;378;V1;2;4;G05;AJUSTE;DESGASTE;MOTONIVELADORA JD 770 G;KG;ZPAS;SIN TRATAMIENTO;1000091356;;;;;14/7/2026;4/7/2026;;
00378 YPF – Oleoducto Cnel. Pringle;1023164;ZSTO;INSERTO CORREDERA CUCHILLA;;T299164;MR01;378;V1;1;3;C03;EQUIPOS;REPUESTOS;DESGASTE;KG;ZPAS;SIN TRATAMIENTO;1000091356;;;;;14/7/2026;4/7/2026;;
00378 YPF – Oleoducto Cnel. Pringle;1009532;ZSTO;CINTA DE ENMASCARAR 48MM AUCA  XROLLO;;;MR01;378;V1;12;24;C27;FERRETERIA MR01;FERRETERIA;INSUMOS;KG;ZPAN;SIN TRATAMIENTO;1000093565;;;;;2/9/2026;12/8/2026;;10157284
00378 YPF – Oleoducto Cnel. Pringle;1009533;ZSTO;CINTA ENMASCARAR PAPEL 24MM AUCA  XROLLO;;;MR01;378;V1;12;24;C27;FERRETERIA MR01;LIBRERIA;CINTAS ADHESIVAS;KG;ZPAN;DESPACHADO;1000093565;4500136173;27/8/2026;28/8/2026;4/9/2026;2/9/2026;12/8/2026;C27;10157284
00378 YPF – Oleoducto Cnel. Pringle;1001750;ZSTO;BOTA GOMA P.ACERO N 46;;;MR01;378;V1;2;4;C28;SEGURIDAD/ROPA/EPP;SEGURIDAD;CALZADO;KG;ZPAS;CUMPLIDO PARCIAL;1000093583;;;14/8/2026;;2/9/2026;12/8/2026;;
00378 YPF – Oleoducto Cnel. Pringle;1001775;ZSTO;ESLINGA SINTETICA 8MTS 6TN CERTIFICADA;;;MR01;378;V1;4;8;C27;FERRETERIA MR01;SEGURIDAD;LOGISTICA;KG;ZPAS;CUMPLIDO PARCIAL;1000093583;;;14/8/2026;18/8/2026;2/9/2026;12/8/2026;;
00378 YPF – Oleoducto Cnel. Pringle;1001900;ZSTO;TRAPO DE PISO;;;MR01;378;V1;10;20;C17;INSUMOS A;LIMPIEZA;INSUMOS;KG;ZPAS;DESPACHADO PARCIAL;1000093583;;;2/9/2026;4/9/2026;2/9/2026;12/8/2026;;
00378 YPF – Oleoducto Cnel. Pringle;1001912;ZSTO;SECADOR DE PISO X 50 CM;;;MR01;378;V1;5;10;C17;INSUMOS A;LIMPIEZA;INSUMOS;KG;ZPAS;DESPACHADO PARCIAL;1000093583;;;2/9/2026;4/9/2026;2/9/2026;12/8/2026;;
00378 YPF – Oleoducto Cnel. Pringle;1013682;ZSSD;MAMELUCO IGNIFUGO T.XXL C/LOGO;;;MR01;378;V1;10;20;C28;SEGURIDAD/ROPA/EPP;SEGURIDAD;ROPA;KG;ZPAN;ADJUDICADO;1000093785;4500136066;;;;14/9/2026;14/8/2026;C28;10157624
00378 YPF – Oleoducto Cnel. Pringle;1058575;ZSTO;UÑA ROCKERA - HENSLEY K40;HENSLEY;K40RC // KH40SDX;MR01;378;V1;18;40;C03;EQUIPOS;;;KG;ZPAN;DESPACHADO;1000093880;4500136289;28/8/2026;28/8/2026;4/9/2026;31/8/2026;18/8/2026;C03;10157764
00378 YPF – Oleoducto Cnel. Pringle;1058841;ZSCD;CEPILLO PIPELINE ACERO 44T 178X6X22,23MM;;"P/AMOLADORA 7"" - 44TRENZAS - 100000RPM";MR01;378;RE;20;20;C27;FERRETERIA MR01;FERRETERIA;ABRASIVOS/DISCOS;KG;ZPAN;SIN TRATAMIENTO;1000093981;;;;;2/9/2026;19/8/2026;;10157945
00378 YPF – Oleoducto Cnel. Pringle;1036100;ZSTO;CONO FLEX. C/REFLECT. Y BASE CAUCHO 70CM;;NARANJA DE PVC FLEXIBLE CON MEMORIA-70CM;MR01;378;RE;22;22;C28;SEGURIDAD/ROPA/EPP;SEGURIDAD;SEÑALIZACION;KG;ZPAS;DESPACHADO;1000094444;;;28/8/2026;4/9/2026;16/9/2026;27/8/2026;;
00378 YPF – Oleoducto Cnel. Pringle;1001773;ZSTO;CHALECOMICROPERFAMARILLOCONREFLECTIVO;;;MR01;378;RE;30;42;C28;SEGURIDAD/ROPA/EPP;SEGURIDAD;INDUMENTARIA;KG;ZPAS;DESPACHADO;1000094444;;;28/8/2026;4/9/2026;16/9/2026;27/8/2026;;
00378 YPF – Oleoducto Cnel. Pringle;1001861;ZSTO;TALONARIOREMITO R CUADRUPLICADOX25H.;;;MR01;378;RE;4;4;C17;INSUMOS A;LIBRERIA;TALONARIOS;KG;ZPAS;DESPACHADO;1000094444;;;28/8/2026;4/9/2026;16/9/2026;27/8/2026;;
00378 YPF – Oleoducto Cnel. Pringle;1003125;ZSTO;FILTRO SECADOR DE AIRE;VOLVO CONS;21620181;MR01;378;V1;1;1;F11;FILTRO SECADOR DE;FILTROS;VOLVO 330;KG;ZPAS;DESPACHADO;1000094545;;;31/8/2026;4/9/2026;17/9/2026;28/8/2026;;
00378 YPF – Oleoducto Cnel. Pringle;1001791;ZSTO;ACEITE SAE 30 X 205L;YPF S.A. // YPF S.A. // YPF S.A.;151692 // FT SUPER 30 TR;MR01;378;V1;1;1;L01;ACEITES;LUBRICANTES;ACEITES;KG;ZPAS;DESPACHADO;1000094641;;;1/9/2026;4/9/2026;18/9/2026;31/8/2026;;
00374 TERMINAL PUNTA COLORADA;1057962;ZSTO;FILTRO SUCCION TANQUE HIDR;;05802470    (BOMAG);MR01;374;V1;3;5;C29;FILTROS/RESPUESTOS;FILTROS;BOMAG;KG;ZPAS;SIN TRATAMIENTO;1000093238;;;;;27/8/2026;6/8/2026;;
00374 TERMINAL PUNTA COLORADA;1015783;ZSSD;CINTA REFLECTIVA ROJA X MTS;;;MR01;374;RE;55;55;C27;FERRETERIA MR01;SEGURIDAD;SEÑALIZACION;KG;ZPAN;ADJUDICADO;1000093424;4500136389;;;;10/9/2026;10/8/2026;C27;10157056
00374 TERMINAL PUNTA COLORADA;1001877;ZSTO;CINTA EMBALAR MARRON 48MM X 100 MT;;;MR01;374;RE;35;35;C17;INSUMOS A;LIBRERIA;CINTAS ADHESIVAS;KG;ZPAS;CUMPLIDO PARCIAL;1000093668;;;14/8/2026;4/9/2026;3/9/2026;13/8/2026;;
00374 TERMINAL PUNTA COLORADA;1049984;ZSCD;CHALECO GRAFA REFLECTIVO VERDE C2 T.S;;;MR01;374;V1;2;4;C28;SEGURIDAD/ROPA/EPP;SEGURIDAD;INDUMENTARIA;KG;ZPAN;ADJUDICADO;1000093787;4500136272;;;;14/9/2026;14/8/2026;C28;10157625
00374 TERMINAL PUNTA COLORADA;1049985;ZSCD;CHALECO GRAFA REFLECTIVO VERDE C2 T.M;;;MR01;374;V1;5;10;C28;SEGURIDAD/ROPA/EPP;SEGURIDAD;INDUMENTARIA;KG;ZPAN;ADJUDICADO;1000093787;4500136272;;;;14/9/2026;14/8/2026;C28;10157625
00374 TERMINAL PUNTA COLORADA;1049986;ZSCD;CHALECO GRAFA REFLECTIVO VERDE C2 T.L;;;MR01;374;V1;5;10;C28;SEGURIDAD/ROPA/EPP;SEGURIDAD;INDUMENTARIA;KG;ZPAN;ADJUDICADO;1000093787;4500136272;;;;14/9/2026;14/8/2026;C28;10157625
00374 TERMINAL PUNTA COLORADA;1049987;ZSCD;CHALECO GRAFA REFLECTIVO VERDE C2 T.XL;;;MR01;374;V1;10;20;C28;SEGURIDAD/ROPA/EPP;SEGURIDAD;INDUMENTARIA;KG;ZPAN;ADJUDICADO;1000093787;4500136272;;;;14/9/2026;14/8/2026;C28;10157625
00374 TERMINAL PUNTA COLORADA;1049988;ZSCD;CHALECO GRAFA REFLECTIVO VERDE C2 T.XXL;;;MR01;374;V1;5;8;C28;SEGURIDAD/ROPA/EPP;SEGURIDAD;INDUMENTARIA;KG;ZPAN;ADJUDICADO;1000093787;4500136272;;;;14/9/2026;14/8/2026;C28;10157625
00374 TERMINAL PUNTA COLORADA;1058624;ZSCD;CHALECO GRAFA REFLECTIVO VERDE C2 T.3XL;;;MR01;374;V1;5;8;C28;SEGURIDAD/ROPA/EPP;SEGURIDAD;INDUMENTARIA;KG;ZPAN;ADJUDICADO;1000093787;4500136272;;;;14/9/2026;14/8/2026;C28;10157625
00374 TERMINAL PUNTA COLORADA;1001994;ZSTO;ELECTRODO AWS7018 X 2,50 MM X KG;CONARCO;AWS7018;MR01;374;RE;30;30;C27;FERRETERIA MR01;SOLDADURA;ELECTRODOS;KG;ZPAS;PICKEADO;1000093862;;;3/9/2026;;8/9/2026;18/8/2026;;
00374 TERMINAL PUNTA COLORADA;1026179;ZSTO;TENSOR;;16620-11010;MR01;374;V1;3;4;C29;FILTROS/RESPUESTOS;REPUESTOS;TOYOTA HILUX;KG;ZPAN;DESPACHADO;1000094038;4500136297;28/8/2026;28/8/2026;4/9/2026;20/9/2026;20/8/2026;C29;10158050
00374 TERMINAL PUNTA COLORADA;1026177;ZSTO;PULLEY SUB-ASSY (16603-0C013);TOYOTA ARG;16603-0C013;MR01;374;V1;3;4;C03;EQUIPOS;REPUESTOS;TOYOTA HILUX;KG;ZPAN;DESPACHADO;1000094038;4500136297;28/8/2026;28/8/2026;4/9/2026;20/9/2026;20/8/2026;C29;10158050
00374 TERMINAL PUNTA COLORADA;1058169;ZSTO;CABLE DE COBRE DESNUDO 1X35MM2;;;MR01;374;V1;25;75;C11;ELECTRICIDAD;;;KG;ZPAN;SIN TRATAMIENTO;1000094135;;;;;21/9/2026;21/8/2026;;10158241
00374 TERMINAL PUNTA COLORADA;1058170;ZSTO;TERMINAL OJAL P/ CABLE 35MM;;;MR01;374;V1;15;30;C11;ELECTRICIDAD;;;KG;ZPAN;SIN TRATAMIENTO;1000094135;;;;;21/9/2026;21/8/2026;;10158241
00374 TERMINAL PUNTA COLORADA;1058171;ZSTO;CABLE DE POTENCIA 1X(3X4MM2);;;MR01;374;V1;25;50;C11;ELECTRICIDAD;;;KG;ZPAN;SIN TRATAMIENTO;1000094135;;;;;21/9/2026;21/8/2026;;10158241
00374 TERMINAL PUNTA COLORADA;1058172;ZSTO;CAJA ESTANCA PLASTICA 115X115X80MM;;;MR01;374;V1;2;5;C11;ELECTRICIDAD;;;KG;ZPAN;SIN TRATAMIENTO;1000094135;;;;;21/9/2026;21/8/2026;;10158241
00374 TERMINAL PUNTA COLORADA;1058173;ZSTO;TERMOMAGNETICA BIPOLAR 2X20A;;;MR01;374;V1;4;8;C11;ELECTRICIDAD;;;KG;ZPAN;SIN TRATAMIENTO;1000094135;;;;;21/9/2026;21/8/2026;;10158241
00374 TERMINAL PUNTA COLORADA;1058174;ZSTO;TERMOMAGNETICA TETRAPOLAR 4X63A;;;MR01;374;V1;2;4;C11;ELECTRICIDAD;;;KG;ZPAN;SIN TRATAMIENTO;1000094135;;;;;21/9/2026;21/8/2026;;10158241
00374 TERMINAL PUNTA COLORADA;1058175;ZSTO;TERMOMAGNETICA TETRAPOLAR 4X25A;;;MR01;374;V1;2;4;C11;ELECTRICIDAD;;;KG;ZPAN;SIN TRATAMIENTO;1000094135;;;;;21/9/2026;21/8/2026;;10158241
00374 TERMINAL PUNTA COLORADA;1058176;ZSTO;DISYUNTOR TETRAPOLAR 4X63A;;;MR01;374;V1;2;4;C11;ELECTRICIDAD;;;KG;ZPAN;SIN TRATAMIENTO;1000094135;;;;;21/9/2026;21/8/2026;;10158241
00374 TERMINAL PUNTA COLORADA;1058178;ZSTO;DISYUNTOR BIPOLAR 2X25A;;;MR01;374;V1;3;6;C11;ELECTRICIDAD;;;KG;ZPAN;SIN TRATAMIENTO;1000094135;;;;;21/9/2026;21/8/2026;;10158241
00374 TERMINAL PUNTA COLORADA;1058179;ZSTO;CAÑO PVC RIGIDO SEMIPESADO D20MM X3M;;MARCA:GENROD;MR01;374;V1;5;10;C11;ELECTRICIDAD;;;KG;ZPAN;SIN TRATAMIENTO;1000094135;;;;;21/9/2026;21/8/2026;;10158241
00374 TERMINAL PUNTA COLORADA;1058182;ZSTO;CONECTOR PARA TUBO PVC DIAM20MM;;;MR01;374;V1;8;15;C11;ELECTRICIDAD;;;KG;ZPAN;SIN TRATAMIENTO;1000094135;;;;;21/9/2026;21/8/2026;;10158241
00374 TERMINAL PUNTA COLORADA;1058183;ZSTO;"UNION PVC P/CAÑO RIGIDO 3/4""";;MARCA:GENROD;MR01;374;V1;5;10;C11;ELECTRICIDAD;;;KG;ZPAN;SIN TRATAMIENTO;1000094135;;;;;21/9/2026;21/8/2026;;10158241
00374 TERMINAL PUNTA COLORADA;1058184;ZSTO;PLAFON ESTANCO LED 2X18W;;;MR01;374;V1;3;6;C11;ELECTRICIDAD;;;KG;ZPAN;SIN TRATAMIENTO;1000094135;;;;;21/9/2026;21/8/2026;;10158241
00374 TERMINAL PUNTA COLORADA;1058185;ZSTO;TUBO LED LUZ FRIA 18W;;;MR01;374;V1;4;8;C11;ELECTRICIDAD;;;KG;ZPAN;SIN TRATAMIENTO;1000094135;;;;;21/9/2026;21/8/2026;;10158241
00374 TERMINAL PUNTA COLORADA;1033122;ZSTO;"CONECTOR A COMPRESION ""C"" SEC 25A35MM2";;MARCA LCT MOD CCD 35 O SIM. IRAM 2349;MR01;374;V1;8;15;C11;ELECTRICIDAD;ELECTRICIDAD;?;KG;ZPAN;SIN TRATAMIENTO;1000094135;;;;;21/9/2026;21/8/2026;;10158241
00374 TERMINAL PUNTA COLORADA;1033123;ZSTO;"JABAL. AC-COB IRAM2309;D:19MM;L:1500MM";;Ø 19MM LARGO 1500MM;MR01;374;V1;5;10;C11;ELECTRICIDAD;ELECTRICIDAD;?;KG;ZPAN;SIN TRATAMIENTO;1000094135;;;;;21/9/2026;21/8/2026;;10158241
00374 TERMINAL PUNTA COLORADA;1033124;ZSTO;CONEXIÓN JABALINAS 3/4A CABLE D 25A70MM2;;MARCA LCT CCD 150 O SIMILAR;MR01;374;V1;5;10;C11;ELECTRICIDAD;ELECTRICIDAD;?;KG;ZPAN;SIN TRATAMIENTO;1000094135;;;;;21/9/2026;21/8/2026;;10158241
00374 TERMINAL PUNTA COLORADA;1035289;ZSTO;PROLONGACION MONOFASICA X35MTS;;VER ANEXO;MR01;374;V1;1;2;C11;ELECTRICIDAD;ELECTRICIDAD;?;KG;ZPAN;SIN TRATAMIENTO;1000094135;;;;;21/9/2026;21/8/2026;;10158241
00374 TERMINAL PUNTA COLORADA;1035288;ZSTO;PROLONGACION TRIFASICA X 35MTS;;VER ANEXO;MR01;374;V1;1;2;C11;ELECTRICIDAD;ELECTRICIDAD;?;KG;ZPAN;SIN TRATAMIENTO;1000094135;;;;;21/9/2026;21/8/2026;;10158241
00374 TERMINAL PUNTA COLORADA;1058186;ZSTO;CABLE TPR TIPO TALLER 3X4MM2;;MT O MÚLT. 100 MTS;MR01;374;V1;75;150;C11;ELECTRICIDAD;;;KG;ZPAN;SIN TRATAMIENTO;1000094135;;;;;21/9/2026;21/8/2026;;10158241
00374 TERMINAL PUNTA COLORADA;1058187;ZSTO;CAJA PVC RECTANG. 100X50X50;;MT O MÚLT. 100 MTS;MR01;374;V1;3;6;C11;ELECTRICIDAD;;;KG;ZPAN;SIN TRATAMIENTO;1000094135;;;;;21/9/2026;21/8/2026;;10158241
00374 TERMINAL PUNTA COLORADA;1058188;ZSTO;TOMACORRIENTE SIMPLE P/EMBUTIR 10A;;;MR01;374;V1;3;6;C11;ELECTRICIDAD;;;KG;ZPAN;SIN TRATAMIENTO;1000094135;;;;;21/9/2026;21/8/2026;;10158241
00374 TERMINAL PUNTA COLORADA;1058189;ZSTO;TOMACORRIENTE SIMPLE P/EMBUTIR 20A;;;MR01;374;V1;1;3;C11;ELECTRICIDAD;;;KG;ZPAN;SIN TRATAMIENTO;1000094135;;;;;21/9/2026;21/8/2026;;10158241
00374 TERMINAL PUNTA COLORADA;1058190;ZSTO;TOMACORRIENTE DOBLE P/EMBUTIR 10A;;;MR01;374;V1;3;6;C11;ELECTRICIDAD;;;KG;ZPAN;SIN TRATAMIENTO;1000094135;;;;;21/9/2026;21/8/2026;;10158241
00374 TERMINAL PUNTA COLORADA;1058191;ZSTO;TOMACORRIENTE DOBLE P/EMBUTIR 20A;;;MR01;374;V1;1;3;C11;ELECTRICIDAD;;;KG;ZPAN;SIN TRATAMIENTO;1000094135;;;;;21/9/2026;21/8/2026;;10158241
00374 TERMINAL PUNTA COLORADA;1058192;ZSTO;INTERRUPTOR ILUMINACION SIMPLE 1 PTO;;;MR01;374;V1;5;10;C11;ELECTRICIDAD;;;KG;ZPAN;SIN TRATAMIENTO;1000094135;;;;;21/9/2026;21/8/2026;;10158241
00374 TERMINAL PUNTA COLORADA;1058193;ZSTO;INTERRUPTOR ILUMINACION SIMPLE 2 PTOS;;;MR01;374;V1;5;10;C11;ELECTRICIDAD;;;KG;ZPAN;SIN TRATAMIENTO;1000094135;;;;;21/9/2026;21/8/2026;;10158241
00374 TERMINAL PUNTA COLORADA;1058935;ZSTO;CURVA 90 PARA TUBO DE PVC 20MM;;MARCA SISTELECTRIC O SIMILAR;MR01;374;V1;4;8;C27;FERRETERIA MR01;;;KG;ZPAN;SIN TRATAMIENTO;1000094135;;;;;21/9/2026;21/8/2026;;10158241
00374 TERMINAL PUNTA COLORADA;1058936;ZSTO;PRECINTOS NYLON 3,6 X 200 MM NEGROS X100;;;MR01;374;V1;1;3;C27;FERRETERIA MR01;;;KG;ZPAN;SIN TRATAMIENTO;1000094135;;;;;21/9/2026;21/8/2026;;10158241
00374 TERMINAL PUNTA COLORADA;1058937;ZSTO;PRECINTO PLASTICO AL-5 300MM X100U;;;MR01;374;V1;1;3;C27;FERRETERIA MR01;;;KG;ZPAN;SIN TRATAMIENTO;1000094135;;;;;21/9/2026;21/8/2026;;10158241
00374 TERMINAL PUNTA COLORADA;1058938;ZSTO;CINTA AISLADORA X18M;;;MR01;374;V1;4;8;C27;FERRETERIA MR01;;;KG;ZPAN;SIN TRATAMIENTO;1000094135;;;;;21/9/2026;21/8/2026;;10158241
00374 TERMINAL PUNTA COLORADA;1058939;ZSTO;PRENSACABLE METALICO 3/4 PG;;;MR01;374;V1;7;15;C11;ELECTRICIDAD;;;KG;ZPAN;SIN TRATAMIENTO;1000094135;;;;;21/9/2026;21/8/2026;;10158241
00374 TERMINAL PUNTA COLORADA;1058940;ZSCD;CAFE EN GRANO X 500GR.;;;MR01;374;CL;5;10;C17;INSUMOS A;;;KG;ZPAN;ADJUDICADO;1000094251;4500136790;;;;24/9/2026;24/8/2026;374;10158377
00374 TERMINAL PUNTA COLORADA;1058942;ZSCD;CAPSULAS CAFE DOLCE LATE X CAJA 10 UN.;;;MR01;374;CL;20;40;C17;INSUMOS A;;;KG;ZPAN;ADJUDICADO;1000094251;4500136790;;;;24/9/2026;24/8/2026;374;10158377
00374 TERMINAL PUNTA COLORADA;1058845;ZSTO;LUBRICANTE AEROSOL MULTIUSO X311GR;;WD-40;MR01;374;V1;48;90;C27;FERRETERIA MR01;FERRETERIA;ADHESIVOS/SELLADORES/LUBRICANT;KG;ZPAS;SIN TRATAMIENTO;1000094329;;;;;14/9/2026;25/8/2026;;
00374 TERMINAL PUNTA COLORADA;1054304;ZSSD;SOGA NAUTICA 4MM;;MÚLT. 100 MTS;MR01;374;V1;100;200;C27;FERRETERIA MR01;FERRETERIA;?;KG;ZPAN;ADJUDICADO;1000094384;4500137593;;;;26/9/2026;26/8/2026;C27;10158594
00374 TERMINAL PUNTA COLORADA;1002350;ZSTO;RETENEDOR P 9N-4252;CATERPILLA;8E6259;MR01;374;V1;8;16;G05;AJUSTE;DESGASTE;CAT 312CL;KG;ZPAS;DESPACHADO;1000094548;;;31/8/2026;4/9/2026;17/9/2026;28/8/2026;;
00374 TERMINAL PUNTA COLORADA;1004580;ZSTO;UNA;CATERPILLA;9N4252;MR01;374;V1;8;16;G04;UÑAS;DESGASTE;CAT 312CL;KG;ZPAN;ADJUDICADO;1000094549;4500137535;;;;28/9/2026;28/8/2026;G04;10158889
00374 TERMINAL PUNTA COLORADA;1054316;ZSSD;SIKAGROUT 212 X25KG;;;MR01;374;V1;40;80;C22;INSUMOS C;HORMIGON;?;KG;ZPAN;EMBALADO;1000094549;4500137225;3/9/2026;3/9/2026;;28/9/2026;28/8/2026;C22;10158889
00374 TERMINAL PUNTA COLORADA;1002584;ZSTO;FILTRO DE DIFERENCIAL;SCANIA ARG // SCANIA ARG // SCANIA ARG;1301696 // 17680402 // 2002705;MR01;374;RE;1;1;F03;FILTRO ACEITE;VERIFICAR;FILTROS;KG;ZPAS;DESPACHADO;1000094578;;;31/8/2026;4/9/2026;18/9/2026;29/8/2026;;
00374 TERMINAL PUNTA COLORADA;1033436;ZSTO;ACEITE HIDRAULICO MERAK 46 x 205L;;ISO 46 MERAK / VALDAR 46 LAAPSA;MR01;374;RE;1;1;L01;ACEITES;?;?;KG;ZPAN;ADJUDICADO;1000094579;4500137732;;;;18/9/2026;29/8/2026;L01;10158925
00374 TERMINAL PUNTA COLORADA;1002364;ZSTO;TRABA PARA DIENTE X UN;JOHN DEERE;TK250P;MR01;374;V1;8;16;G05;AJUSTE;DESGASTE;544K;KG;ZPAS;EMBALADO;1000094643;;;1/9/2026;;18/9/2026;31/8/2026;;
00374 TERMINAL PUNTA COLORADA;1029418;ZSTO;PERNO  TOPADOR KOMATSU D155;;176-32-11210;MR01;374;V1;8;16;C03;EQUIPOS;DESGASTE;?;KG;ZPAN;SIN TRATAMIENTO;1000094645;;;;;30/9/2026;31/8/2026;;10159009
00374 TERMINAL PUNTA COLORADA;1022227;ZSTO;AMORTIGUADOR DELANTERO;SACHS;48510-8Z206;MR01;374;V1;2;2;C03;EQUIPOS;REPUESTOS;HILUX;KG;ZPAN;ADJUDICADO;1000094785;4500137613;;;;2/10/2026;2/9/2026;C03;10159261
00377-YPF 3° loop;1001900;ZSTO;TRAPO DE PISO;;;MR01;377;V1;12;24;C17;INSUMOS A;LIMPIEZA;INSUMOS;KG;ZPAS;SIN TRATAMIENTO;1000093881;;;;;7/9/2026;18/8/2026;;
00377-YPF 3° loop;1004261;ZSTO;BATERIA12V80 90A30X20X17CM DERECHOPHILUX;MOURA;ME90TD;MR01;377;V1;2;3;C29;FILTROS/RESPUESTOS;REPUESTOS;hilux hasta 2016;KG;ZPAS;EMBALADO;1000093881;;;31/8/2026;;7/9/2026;18/8/2026;;
00377-YPF 3° loop;1001902;ZSTO;PERFUMINA X 5 LTS;;;MR01;377;V1;5;10;C17;INSUMOS A;LIMPIEZA;INSUMOS;KG;ZPAS;CUMPLIDO PARCIAL;1000094112;;;25/8/2026;;10/9/2026;21/8/2026;;
00377-YPF 3° loop;1029359;ZSTO;CORREA A/A;;07W145933;MR01;377;V1;1;2;C03;EQUIPOS;CORREAS;?;KG;ZPAS;SIN TRATAMIENTO;1000094240;;;;;11/9/2026;24/8/2026;;
00377-YPF 3° loop;1029362;ZSTO;TENSOR DE CORREA;;07W903133;MR01;377;V1;1;1;C03;EQUIPOS;REPUESTOS;VW;KG;ZPAN;EMBALADO;1000094242;4500136730;2/9/2026;2/9/2026;;24/9/2026;24/8/2026;C03;10158368
00377-YPF 3° loop;1001876;ZSTO;CINTA EMBALAR TRANSPARENTE 48MM X 100 MT;SCOTCH;;MR01;377;V1;13;25;C17;INSUMOS A;LIBRERIA;CINTAS ADHESIVAS;KG;ZPAS;EMBALADO;1000094317;;;28/8/2026;;14/9/2026;25/8/2026;;
00377-YPF 3° loop;1056102;ZSTO;CARPETA CRISTAL BASE OPACA NEGRA A4;;;MR01;377;V1;12;24;C17;INSUMOS A;LIBRERIA;ESCRITURA;KG;ZPAS;EMBALADO PARCIAL;1000094441;;;28/8/2026;;16/9/2026;27/8/2026;;
00377-YPF 3° loop;1001679;ZSTO;FICHA T.STECK MACHO 220V 16A 2P T XUN;;;MR01;377;V1;10;20;C11;ELECTRICIDAD;ELECTRICIDAD;FICHAS;KG;ZPAS;EMBALADO;1000094537;;;31/8/2026;;17/9/2026;28/8/2026;;
00377-YPF 3° loop;1001698;ZSTO;GUANTE ALGODON MOTEADO;;MÚLT. 12U;MR01;377;V1;100;200;C28;SEGURIDAD/ROPA/EPP;SEGURIDAD;GUANTE;KG;ZPAS;EMBALADO;1000094537;;;31/8/2026;;17/9/2026;28/8/2026;;
00377-YPF 3° loop;1001708;ZSTO;GUANTE POLIAMIDA LAMINADO PALMAPU-TALLE9;;MÚLT. 12U;MR01;377;V1;120;240;C28;SEGURIDAD/ROPA/EPP;SEGURIDAD;GUANTE;KG;ZPAS;EMBALADO;1000094537;;;31/8/2026;;17/9/2026;28/8/2026;;
00377-YPF 3° loop;1001728;ZSTO;ADAPTADOR PROTECTOR FACIAL AUDITIVO;LIBUS // 3M // MSA // STEELPRO;902493 // ADAPTADOR VISOR PELTOR // ADAPTADOR VISOR PELTOR // UNIVERSAL STEELPRO;MR01;377;V1;20;40;C28;SEGURIDAD/ROPA/EPP;SEGURIDAD;ACCESORIO SEGURIDAD;KG;ZPAS;EMBALADO;1000094537;;;31/8/2026;;17/9/2026;28/8/2026;;
00377-YPF 3° loop;1001774;ZSTO;ESLINGA SINTETICA 4MTS 4TN CERTIFICADA;;;MR01;377;V1;2;4;C27;FERRETERIA MR01;SEGURIDAD;LOGISTICA;KG;ZPAS;EMBALADO;1000094537;;;1/9/2026;;17/9/2026;28/8/2026;;
00377-YPF 3° loop;1001777;ZSTO;ESLINGA SINTETICA 6MTS 4TN CERTIFICADA;;;MR01;377;V1;2;4;C27;FERRETERIA MR01;SEGURIDAD;SERVICIOS GENERALES;KG;ZPAS;EMBALADO PARCIAL;1000094537;;;1/9/2026;;17/9/2026;28/8/2026;;
00377-YPF 3° loop;1001943;ZSTO;ADHESIVO CIANO 20 G XUN;CIANO;;MR01;377;V1;4;8;C27;FERRETERIA MR01;FERRETERIA;ADHESIVOS;KG;ZPAS;SIN TRATAMIENTO;1000094537;;;;;17/9/2026;28/8/2026;;
00377-YPF 3° loop;1003957;ZSTO;BATERIA 12V 110 AMP  318X162X220;MOURA;ME100HA;MR01;377;V1;2;3;C29;FILTROS/RESPUESTOS;REPUESTOS;BOMAG;KG;ZPAS;EMBALADO;1000094537;;;31/8/2026;;17/9/2026;28/8/2026;;
00377-YPF 3° loop;1001706;ZSTO;GUANTE LATEX USO MEDICINAL CAJA X 100 UN;;;MR01;377;V1;3;6;C28;SEGURIDAD/ROPA/EPP;SEGURIDAD;GUANTE;KG;ZPAS;EMBALADO;1000094640;;;1/9/2026;;18/9/2026;31/8/2026;;
00377-YPF 3° loop;1003024;ZSTO;ELEMENTO FILTRO AIRE;FLEETGUARD // No aplica // No aplica;AF26094 // 8200651 // A034P660;MR01;377;V1;1;1;F04;FILTRO AIRE;FILTROS;ONAN C66D5;KG;ZPAS;PICKEADO;1000094777;;;4/9/2026;;22/9/2026;2/9/2026;;
00377-YPF 3° loop;1003025;ZSTO;ELEMENTO FILTRO AIRE;FLEETGUARD // No aplica // No aplica //;AF26093 // 8200650 // A034P656 // P131394;MR01;377;V1;1;1;F04;FILTRO AIRE;FILTROS;ONAN C66D5;KG;ZPAS;PICKEADO;1000094777;;;4/9/2026;;22/9/2026;2/9/2026;;
00377-YPF 3° loop;1001879;ZSTO;CINTA DE ENMASCARAR 24 MM XROLLO;;;MR01;377;V1;11;21;C17;INSUMOS A;LIBRERIA;CINTAS ADHESIVAS;KG;ZPAS;PICKEADO;1000094858;;;4/9/2026;;23/9/2026;3/9/2026;;
00372 UTE 372 GEO POSCO II;1001758;ZSTO;BOTIN MARRON/NEGRO FLOR P.ACERO N 42;CONWORK // BORIS // VORAN // CALZADOS A // // //;53BAF // 3305 T42 // CRONOS N T42 // ESCORPIO PRUS 1050 T42 // RINGO MOD BOLT TALLE 42 // RINGO-MOD PUNCH TALLE 42 // SKIWAY MOD. 3243 T42;U003;372;RE;4;6;C28;SEGURIDAD/ROPA/EPP;SEGURIDAD;CALZADO;KG;SIN PEDIDO;;;;;;;;;;
00372 UTE 372 GEO POSCO II;1009477;ZSTO;"PANTALON TERMICO ""ROJO"" T XL";;;U003;372;RE;6;8;C28;SEGURIDAD/ROPA/EPP;ROPA;INDUMENTARIA -15;KG;SIN PEDIDO;;;;;;;;;;
00372 UTE 372 GEO POSCO II;1009478;ZSTO;"PANTALON TERMICO ""ROJO"" T XXL";;;U003;372;RE;5;8;C28;SEGURIDAD/ROPA/EPP;ROPA;INDUMENTARIA -15;KG;SIN PEDIDO;;;;;;;;;;
00372 UTE 372 GEO POSCO II;1009479;ZSTO;"PANTALON TERMICO ""ROJO"" T XXXL";;;U003;372;RE;4;6;C28;SEGURIDAD/ROPA/EPP;ROPA;INDUMENTARIA -15;KG;SIN PEDIDO;;;;;;;;;;
00372 UTE 372 GEO POSCO II;1042016;ZSCD;CAMPERA ABRIGO ROJA T.S;;;U003;372;RE;4;6;C28;SEGURIDAD/ROPA/EPP;ROPA;INDUMENTARIA;KG;SIN PEDIDO;;;;;;;;;;
00372 UTE 372 GEO POSCO II;1042019;ZSCD;CAMPERA ABRIGO ROJA T.XL;;;U003;372;RE;8;10;C28;SEGURIDAD/ROPA/EPP;ROPA;INDUMENTARIA;KG;SIN PEDIDO;;;;;;;;;;
00372 UTE 372 GEO POSCO II;1042020;ZSCD;CAMPERA ABRIGO ROJA T.XXL;;;U003;372;RE;4;8;C28;SEGURIDAD/ROPA/EPP;ROPA;INDUMENTARIA;KG;SIN PEDIDO;;;;;;;;;;
00314 CASA Olavarría;1001918;ZSTO;ESCOBA PLASTICO S/CABO;;;MR01;314;V1;1;2;C17;INSUMOS A;LIMPIEZA;INSUMOS;KG;SIN PEDIDO;;;;;;;;;;
00314 CASA Olavarría;1003466;ZSTO;PERTIGA 3.4M-3.7MC/LED/BANDSOP12/24v xUN;MAXWHIP;CON LED Y BANDERILLA C/SOPORTE 12V;MR01;314;V1;1;3;C03;EQUIPOS;REPUESTOS;AUTOMOTOR;KG;SIN PEDIDO;;;;;;;;;;
00314 CASA Olavarría;1015779;ZSSD;CIF EN CREMA X 900 CC;;;MR01;314;V1;4;8;C17;INSUMOS A;LIMPIEZA;LIMPIEZA /SEGURIDAD;KG;SIN PEDIDO;;;;;;;;;;
00314 CASA Olavarría;1028200;ZSCD;PIEDRA RUEDA VERDE P/WIDIA 150X19X19Gr80;;;MR01;314;V1;8;15;C27;FERRETERIA MR01;FERRETERIA;INSUMOS;KG;SIN PEDIDO;;;;;;;;;;
00314 CASA Olavarría;1004016;ZSTO;LAMPARA 12V-H1 55W X UN;;P145S;MM01;26;RE;1;2;C29;FILTROS/RESPUESTOS;REPUESTOS;ELECTRICIDAD AUTOMOTOR;KG;SIN PEDIDO;;;;;;;;;;
00314 CASA Olavarría;1016434;ZSTO;Kit Correa y Tensores;VOLVO MAQU // // //;20002072 // 20712530+22275091 // 22696301+21479276+21919687 // 22696301+21479276+24201573;MM01;26;RE;1;2;C03;EQUIPOS;REPUESTOS;VOLVO FM460;KG;SIN PEDIDO;;;;;;;;;;
00314 CASA Olavarría;1017879;ZSTO;Filtro Admision Primario;CATERPILLA;4969841;MM01;26;V1;1;3;F04;FILTRO AIRE;FILTROS;FILTRO AIRE;KG;SIN PEDIDO;;;;;;;;;;
00341 Mov. Suelos San Luis;1001826;ZSTO;CUBIERTA 265 70 R16;BRIDGESTON // PIRELLI NE // PIRELLI NE // GOOD YEAR // MICHELIN A // PIRELLI NE // GOOD YEAR;HT840 // S-HT // SCORPION STR // WRANGLER SUV // XLT A/S // HT // WRL ALL TERRAIN;MM01;35;V1;2;6;C47;CUBIERTAS AUTOMOTR;CUBIERTAS;HILUX;KG;SIN PEDIDO;;;;;;;;;;
00341 Mov. Suelos San Luis;1002177;ZSTO;CORREA;TOYOTA ARG;90916T200600;MM01;35;V1;1;2;C29;FILTROS/RESPUESTOS;CORREAS;CORREA HILUX 3.00;KG;SIN PEDIDO;;;;;;;;;;
00341 Mov. Suelos San Luis;1002836;ZSTO;FILTRO AIRE XUN;TOYOTA ARG;178010C01000;MM01;35;V1;1;2;F04;FILTRO AIRE;FILTROS;HILUX 3.00;KG;SIN PEDIDO;;;;;;;;;;
00341 Mov. Suelos San Luis;1002837;ZSTO;FILTRO COMBUSTIBLE;TOYOTA ARG // TOYOTA ARG;233900L04100 // 233920L0100;MM01;35;V1;1;2;F06;FILTRO COMBUSTIBLE;FILTROS;PARA HILUX 3.00;KG;SIN PEDIDO;;;;;;;;;;
00341 Mov. Suelos San Luis;1002902;ZSTO;FILTRO HABITACULO XUN;TOYOTA ARG;871390K010;MM01;35;V1;1;2;F05;FILTRO AIRE CABINA;FILTROS;HILUX;KG;SIN PEDIDO;;;;;;;;;;
00341 Mov. Suelos San Luis;1003428;ZSTO;TENSOR CORREA AUXILIAR;TOYOTA ARG // TOYOTA ARG;166200L02000K // 1662030031;MM01;35;V1;1;2;C29;FILTROS/RESPUESTOS;REPUESTOS;HILUX;KG;SIN PEDIDO;;;;;;;;;;
00341 Mov. Suelos San Luis;1003429;ZSTO;POLEA CORREA AUXILIAR;TOYOTA ARG;884400K172;MM01;35;V1;2;2;C29;FILTROS/RESPUESTOS;REPUESTOS;HILUX 3.0 2010;KG;SIN PEDIDO;;;;;;;;;;
00341 Mov. Suelos San Luis;1003433;ZSTO;BOMBA DE AGUA;TOYOTA ARG;16100-69357;MM01;35;V1;1;2;C29;FILTROS/RESPUESTOS;REPUESTOS;HILUX 3.0 2010;KG;SIN PEDIDO;;;;;;;;;;
00341 Mov. Suelos San Luis;1004268;ZSTO;KIT DISTRIBUCION HILUX 3.0;TOYOTA ARG;1356839016 + 1350567042 + 1354067020;MM01;35;V1;1;2;C29;FILTROS/RESPUESTOS;REPUESTOS;TOYOTA HILUX 3.0;KG;SIN PEDIDO;;;;;;;;;;
00365 RIO TINTO;1057355;ZSCD;"GRILLETE CORAZON C/CERTIFICADO 1"" X8,5TN";;;U365;365;V1;4;8;C27;FERRETERIA MR01;SEGURIDAD;LOGISTICA;KG;MOVIMIENTO 313 PENDIENTE;;;;;;;;;;
00365 RIO TINTO;1058619;ZSTO;UÑAS TWIN TIGGER;;138-6558 / 1U3552WTL / 222-7553;U365;365;V1;5;10;AGV;COMPRAS AGV;;;KG;MOVIMIENTO 313 PENDIENTE;;;;;;;;;;
00365 RIO TINTO;1058620;ZSTO;PASADOR;;6Y8558 (107-3378);U365;365;V1;5;10;AGV;COMPRAS AGV;;;KG;MOVIMIENTO 313 PENDIENTE;;;;;;;;;;
00365 RIO TINTO;1058622;ZSTO;RETEN;;8E8559 / 107-8559;U365;365;V1;5;10;AGV;COMPRAS AGV;;;KG;MOVIMIENTO 313 PENDIENTE;;;;;;;;;;
00372 UTE 372 GEO POSCO II;1002207;ZSTO;CORREA ALTERNADOR;HAULOTTE G // No aplica // CONTINENTA;4000053460 // 2614B543 // AVX 13X1188;U003;372;RE;2;3;C29;FILTROS/RESPUESTOS;CORREAS;HAULOTTE 4014 /4017;KG;SIN PEDIDO;;;;;;;;;;
00372 UTE 372 GEO POSCO II;1016909;ZSSD;CINTA METRICA X5MT;;;U003;372;RE;1;2;C27;FERRETERIA MR01;FERRETERIA;INSUMOS;KG;SIN PEDIDO;;;;;;;;;;
00378 YPF – Oleoducto Cnel. Pringle;1001913;ZSTO;CEPILLO VIOLIN;;;MR01;378;V1;5;10;C17;INSUMOS A;LIMPIEZA;INSUMOS;KG;SIN PEDIDO;;;;;;;;;;
00378 YPF – Oleoducto Cnel. Pringle;1001914;ZSTO;CABO MADERA P/ESCOBA;;;MR01;378;V1;10;20;C17;INSUMOS A;LIMPIEZA;INSUMOS;KG;SIN PEDIDO;;;;;;;;;;
00378 YPF – Oleoducto Cnel. Pringle;1015845;ZSSD;USAR 1026806;;;MR01;378;RE;21;21;C27;FERRETERIA MR01;FERRETERIA;ACCESORIOS;KG;SIN PEDIDO;;;;;;;;;;
00379 – VELADERO FASE 8C;1000009;ZSTO;FILTRO A A CABINA INTERIOR;NEW HOLLAN;84577445;MM01;379;V1;1;2;F10;FILTRO HVAC;FILTROS;FARMALL A-120;KG;SIN PEDIDO;;;;;;;;;;
00379 – VELADERO FASE 8C;1000031;ZSTO;FILTRO HIDRAULICO;BOBCAT // BOBCAT // HIFI FILTE;7024037 // RPBO7414581 // SH 66288;MM01;379;V1;1;2;F07;FILTRO FLUIDO HIDR;FILTROS;S530;KG;SIN PEDIDO;;;;;;;;;;
00379 – VELADERO FASE 8C;1000041;ZSTO;BOTIQUIN 1ROS. AUXILIOS N 10;;;MM01;379;V1;3;8;C28;SEGURIDAD/ROPA/EPP;SEGURIDAD;BOTIQUIN;KG;SIN PEDIDO;;;;;;;;;;
00379 – VELADERO FASE 8C;1000043;ZSTO;BOTIQUIN 1ROS. AUXILIOS N 2;;;MM01;379;V1;3;8;C28;SEGURIDAD/ROPA/EPP;SEGURIDAD;BOTIQUIN;KG;SIN PEDIDO;;;;;;;;;;
00379 – VELADERO FASE 8C;1001673;ZSTO;ALAMBRE 1.42MM NEGRO RECOCIDO P ATAR XKG;;MÚLT. 45/50 KG;MM01;379;V1;50;150;C08;ACERO;ACEROS;ALAMBRES;KG;SIN PEDIDO;;;;;;;;;;
00379 – VELADERO FASE 8C;1001674;ZSTO;CLAVOS P.PARIS 1 XKG;;MÚLT. 30 KG;MM01;379;V1;5;10;C08;ACERO;ACEROS;CLAVOS;KG;SIN PEDIDO;;;;;;;;;;
00379 – VELADERO FASE 8C;1001675;ZSTO;CLAVOS P.PARIS 2 XKG;;MÚLT. 30 KG;MM01;379;V1;5;30;C08;ACERO;ACEROS;CLAVOS;KG;SIN PEDIDO;;;;;;;;;;
00379 – VELADERO FASE 8C;1001676;ZSTO;CLAVOS P.PARIS 2 1 2 XKG;;MÚLT. 30 KG;MM01;379;V1;5;30;C08;ACERO;ACEROS;CLAVOS;KG;SIN PEDIDO;;;;;;;;;;
00379 – VELADERO FASE 8C;1001684;ZSTO;DELANTALDESCARNE0.60X1.20CONREFUERZO;;;MM01;379;V1;3;5;C28;SEGURIDAD/ROPA/EPP;SEGURIDAD;INDUMENTARIA;KG;SIN PEDIDO;;;;;;;;;;
00379 – VELADERO FASE 8C;1001685;ZSTO;DELANTALDESCARNE0.60X0.90CONREFUERZO;;;MM01;379;V1;2;5;C28;SEGURIDAD/ROPA/EPP;SEGURIDAD;INDUMENTARIA;KG;SIN PEDIDO;;;;;;;;;;
00379 – VELADERO FASE 8C;1001695;ZSTO;MANGA DESCARNE;;;MM01;379;V1;3;10;C28;SEGURIDAD/ROPA/EPP;SEGURIDAD;INDUMENTARIA;KG;SIN PEDIDO;;;;;;;;;;
00379 – VELADERO FASE 8C;1001696;ZSTO;POLAINA DESCARNE;;;MM01;379;V1;3;10;C28;SEGURIDAD/ROPA/EPP;SEGURIDAD;INDUMENTARIA;KG;SIN PEDIDO;;;;;;;;;;
00379 – VELADERO FASE 8C;1001699;ZSTO;CASCO CARCAZA BLANCO;LIBUS // 3M // MSA // STEELPRO //;MILENIUM // H-700 BLANCO // V-GARD BLANCO // STEELPRO SAFETY BLANCO // DEPASCALE-UCU1111PC;MM01;379;V1;10;20;C28;SEGURIDAD/ROPA/EPP;SEGURIDAD;ACCESORIO SEGURIDAD;KG;SIN PEDIDO;;;;;;;;;;
00379 – VELADERO FASE 8C;1001701;ZSTO;GUANTE NITRILO AZUL PUÑO ELASTIZADO;;;MM01;379;V1;10;20;C28;SEGURIDAD/ROPA/EPP;SEGURIDAD;GUANTE;KG;SIN PEDIDO;;;;;;;;;;
00379 – VELADERO FASE 8C;1001704;ZSTO;PROTECTORFACIALSOPORTEARNESCREMALLERA;LIBUS;901383;MM01;379;V1;5;10;C28;SEGURIDAD/ROPA/EPP;SEGURIDAD;ACCESORIO SEGURIDAD;KG;SIN PEDIDO;;;;;;;;;;
00379 – VELADERO FASE 8C;1001705;ZSTO;GUANTE PVC ROJO 40CM;GUPLASTEX;;MM01;379;V1;5;10;C28;SEGURIDAD/ROPA/EPP;SEGURIDAD;GUANTE;KG;SIN PEDIDO;;;;;;;;;;
00379 – VELADERO FASE 8C;1001709;ZSTO;CINTA PELIGRO 200 MT ROJA BLANCA NYLON;;;MM01;379;V1;5;10;C28;SEGURIDAD/ROPA/EPP;SEGURIDAD;SEÑALIZACION;KG;SIN PEDIDO;;;;;;;;;;
00379 – VELADERO FASE 8C;1001710;ZSTO;CINTA DEMARCAR PELIGRO ECOLOGICA;;;MM01;379;V1;5;10;C28;SEGURIDAD/ROPA/EPP;SEGURIDAD;SEÑALIZACION;KG;SIN PEDIDO;;;;;;;;;;
00379 – VELADERO FASE 8C;1001716;ZSTO;TAPON AUDITIVO;LIBUS // 3M // MSA // STEELPRO //;QUANTUM-REUSABLE (MÚLT. 50U) // ULTRAFIT UF-01-000 // MSA WAVEFIT // STEELPRO REUSABLE PLUG // DEPASCALE-UCU010T;MM01;379;V1;100;200;C28;SEGURIDAD/ROPA/EPP;SEGURIDAD;ACCESORIO SEGURIDAD;KG;SIN PEDIDO;;;;;;;;;;
00379 – VELADERO FASE 8C;1001717;ZSTO;PROTECTOR FACIAL BURBUJA INCOLORO;LIBUS // 3M // MSA // STEELPRO //;901386 // VISOR WP96 + SOPORTE // MSA VISOR CLEAR // STEELPRO BURBUJA CLEAR // DEPASCALE-BILVEX 002121;MM01;379;V1;10;20;C28;SEGURIDAD/ROPA/EPP;SEGURIDAD;ACCESORIO SEGURIDAD;KG;SIN PEDIDO;;;;;;;;;;
00379 – VELADERO FASE 8C;1001719;ZSTO;BALIZA DESTELLANTE AUTONOMA CONO 1000HS;;;MM01;379;V1;10;20;C28;SEGURIDAD/ROPA/EPP;SEGURIDAD;SEÑALIZACION;KG;SIN PEDIDO;;;;;;;;;;
00379 – VELADERO FASE 8C;1001726;ZSTO;SUSPENSION CREMALLERA;LIBUS // 3M // MSA // STEELPRO //;MILENIUM // SUSPENSIÓN RATCHET H-700 // FAS-TRAC III // RATCHET STEELPRO // DEPASCALE-UCU2120PC ARNES FAS TRACK III;MM01;379;V1;20;50;C28;SEGURIDAD/ROPA/EPP;SEGURIDAD;ACCESORIO SEGURIDAD;KG;SIN PEDIDO;;;;;;;;;;
00379 – VELADERO FASE 8C;1001728;ZSTO;ADAPTADOR PROTECTOR FACIAL AUDITIVO;LIBUS // 3M // MSA // STEELPRO;902493 // ADAPTADOR VISOR PELTOR // ADAPTADOR VISOR PELTOR // UNIVERSAL STEELPRO;MM01;379;V1;10;20;C28;SEGURIDAD/ROPA/EPP;SEGURIDAD;ACCESORIO SEGURIDAD;KG;SIN PEDIDO;;;;;;;;;;
00379 – VELADERO FASE 8C;1001734;ZSTO;GRILLETECORAZON12TONELADASC CERTIFICADO;;;MM01;379;V1;3;5;C13;FERRETERÍA MM01;SEGURIDAD;LOGISTICA;KG;SIN PEDIDO;;;;;;;;;;
00379 – VELADERO FASE 8C;1001772;ZSTO;BANDERIN ROJO Y BLANCO 500MM X 700MM XUN;;;MM01;379;V1;5;10;C28;SEGURIDAD/ROPA/EPP;SEGURIDAD;SEÑALIZACION;KG;SIN PEDIDO;;;;;;;;;;
00379 – VELADERO FASE 8C;1001774;ZSTO;ESLINGA SINTETICA 4MTS 4TN CERTIFICADA;;;MM01;379;V1;3;6;C13;FERRETERÍA MM01;SEGURIDAD;LOGISTICA;KG;SIN PEDIDO;;;;;;;;;;
00379 – VELADERO FASE 8C;1001783;ZSTO;ACEITE HIDRAULICO X 205L;YPF S.A. // YPF S.A.;ATF // 125492;MM01;379;V1;1;2;L01;ACEITES;LUBRICANTES;ACEITES;KG;SIN PEDIDO;;;;;;;;;;
00379 – VELADERO FASE 8C;1001787;ZSTO;ACEITE ISO 68 HIDRAULICO X 205L;YPF S.A. // YPF S.A.;BP68 // 135592;MM01;379;V1;1;2;L01;ACEITES;LUBRICANTES;ACEITES;KG;SIN PEDIDO;;;;;;;;;;
00379 – VELADERO FASE 8C;1001788;ZSTO;ACEITE SAE  10W X 205L;YPF S.A. // YPF S.A.;10W // 151592;MM01;379;V1;1;2;L01;ACEITES;LUBRICANTES;ACEITES;KG;SIN PEDIDO;;;;;;;;;;
00379 – VELADERO FASE 8C;1001791;ZSTO;ACEITE SAE 30 X 205L;YPF S.A. // YPF S.A. // YPF S.A.;151692 // FT SUPER 30 TR;MM01;379;V1;1;2;L01;ACEITES;LUBRICANTES;ACEITES;KG;SIN PEDIDO;;;;;;;;;;
00379 – VELADERO FASE 8C;1001792;ZSTO;ACEITE SAE 50  X 205L;YPF S.A.;;MM01;379;V1;1;2;L01;ACEITES;LUBRICANTES;ACEITES;KG;SIN PEDIDO;;;;;;;;;;
00379 – VELADERO FASE 8C;1001794;ZSTO;ACEITE HIPOIDAL X 205L;YPF S.A. // YPF S.A.;80W90 // 123092;MM01;379;V1;1;2;L01;ACEITES;LUBRICANTES;ACEITES;KG;SIN PEDIDO;;;;;;;;;;
00379 – VELADERO FASE 8C;1001795;ZSTO;ACEITE 85W140 X 205L;YPF S.A. // YPF S.A.;85W140 // 123192;MM01;379;V1;1;2;L01;ACEITES;LUBRICANTES;ACEITES;KG;SIN PEDIDO;;;;;;;;;;
00379 – VELADERO FASE 8C;1001800;ZSTO;ACEITE SAE 30 X 200LTS;CATERPILLA;7X2888;MM01;379;V1;1;2;L01;ACEITES;LUBRICANTES;CATERPILLAR;KG;SIN PEDIDO;;;;;;;;;;
00379 – VELADERO FASE 8C;1001804;ZSTO;GRASA LITIO LIMIT MO-2 (NEGRA) X 180 KG;YPF S.A. // YPF S.A. //;LIMIT MO-2 // 628793 // GADUS S2 V220;MM01;379;V1;1;2;L03;GRASAS;LUBRICANTES;GRASA;KG;SIN PEDIDO;;;;;;;;;;
00379 – VELADERO FASE 8C;1001809;ZSTO;ACEITE 10W30  X 20LT;;;MM01;379;V1;1;2;C29;FILTROS/RESPUESTOS;LUBRICANTES;ACEITES;KG;SIN PEDIDO;;;;;;;;;;
00379 – VELADERO FASE 8C;1001819;ZSTO;REFRIGERANTE VOLVO VCS X20LT;VOLVO CONS // // // VOLVO CONS // VOLVO CONS;VCS // 11715729 // 22567335 // 24078856 // 54486166;MM01;379;V1;1;2;L02;FLUIDOS;LUBRICANTES;VOLVO EC 480D - PL 3005D;KG;SIN PEDIDO;;;;;;;;;;
00379 – VELADERO FASE 8C;1001821;ZSTO;ACEITE 75W 90  X 20 LT;YPF S.A.;75W 90 ;MM01;379;V1;2;4;L01;ACEITES;LUBRICANTES;ACEITES;KG;SIN PEDIDO;;;;;;;;;;
00379 – VELADERO FASE 8C;1001863;ZSTO;CAJA CARTON PARA EMBALAR 59X38X38CM;;59X38X38CM;MM01;379;V1;20;50;C17;INSUMOS A;LIBRERIA;INSUMOS;KG;SIN PEDIDO;;;;;;;;;;
00379 – VELADERO FASE 8C;1001865;ZSTO;MARCADORINDUSTRIAL-VERDEXUN;UNIPAINT;MÚLT. 10U;MM01;379;V1;20;50;C17;INSUMOS A;LIBRERIA;ESCRITURA;KG;SIN PEDIDO;;;;;;;;;;
00379 – VELADERO FASE 8C;1001872;ZSTO;RESMA DE HOJA A3 75GR. X UN;;;MM01;379;V1;3;5;C17;INSUMOS A;LIBRERIA;PAPEL;KG;SIN PEDIDO;;;;;;;;;;
00379 – VELADERO FASE 8C;1001880;ZSTO;MARCADOR INDUSTRIAL - AZUL UNIPAINT X UN;UNIPAINT;MÚLT. 10U;MM01;379;V1;20;50;C17;INSUMOS A;LIBRERIA;ESCRITURA;KG;SIN PEDIDO;;;;;;;;;;
00379 – VELADERO FASE 8C;1001881;ZSTO;MARCADOR INDUSTRIAL - ROJO UNIPAINT X UN;UNIPAINT;MÚLT. 10U;MM01;379;V1;50;100;C17;INSUMOS A;LIBRERIA;ESCRITURA;KG;SIN PEDIDO;;;;;;;;;;
00379 – VELADERO FASE 8C;1001887;ZSTO;BOLSAS RESIDUOS XUN 102X130 AMARILLA;;;MM01;379;V1;50;100;C17;INSUMOS A;LIMPIEZA;LIMPIEZA /SEGURIDAD;KG;SIN PEDIDO;;;;;;;;;;
00379 – VELADERO FASE 8C;1001890;ZSTO;ABSORBENTE MINERAL DE HIDROCARBUROS X KG;;MÚLT. 10/20/30 KG;MM01;379;V1;200;500;C17;INSUMOS A;SEGURIDAD;ABSORVENTE;KG;SIN PEDIDO;;;;;;;;;;
00379 – VELADERO FASE 8C;1001894;ZSTO;ALCOHOL EN GEL X LITRO;;;MM01;379;V1;5;10;C17;INSUMOS A;LIMPIEZA;ALCOHOL EN GEL;KG;SIN PEDIDO;;;;;;;;;;
00379 – VELADERO FASE 8C;1001896;ZSTO;PULVERIZADOR P ALCOHOL LIQUIDO 500 ML;;;MM01;379;V1;5;15;C17;INSUMOS A;LIMPIEZA;DIFUSOR;KG;SIN PEDIDO;;;;;;;;;;
00379 – VELADERO FASE 8C;1001926;ZSTO;DISCO CORTE 114X3.2X22.23 TYROLIT S x UN;TYROLIT;114X32X222;MM01;379;V1;5;25;C13;FERRETERÍA MM01;FERRETERIA;ABRASIVOS/DISCOS;KG;SIN PEDIDO;;;;;;;;;;
00379 – VELADERO FASE 8C;1001928;ZSTO;DISCO C D O A 178X3.2X22.2 SECUR x UN;TYROLIT;178X32X222;MM01;379;V1;5;25;C13;FERRETERÍA MM01;FERRETERIA;ABRASIVOS/DISCOS;KG;SIN PEDIDO;;;;;;;;;;
00379 – VELADERO FASE 8C;1001944;ZSTO;ADHESIVO TRANSPARENTE X70ML XUN;POXIPOL;;MM01;379;V1;5;10;C13;FERRETERÍA MM01;FERRETERIA;ADHESIVOS;KG;SIN PEDIDO;;;;;;;;;;
00379 – VELADERO FASE 8C;1001945;ZSTO;ADHESIVO FASTIX BLANCO 100ML XUN;;;MM01;379;V1;5;10;C13;FERRETERÍA MM01;FERRETERIA;ADHESIVOS;KG;SIN PEDIDO;;;;;;;;;;
00379 – VELADERO FASE 8C;1001950;ZSTO;CANDADO 38-40MM XUN;;;MM01;379;V1;20;40;C13;FERRETERÍA MM01;FERRETERIA;ACCESORIOS;KG;SIN PEDIDO;;;;;;;;;;
00379 – VELADERO FASE 8C;1001955;ZSTO;SELLADOR DE SILICONA TRANSP;;280ML;MM01;379;V1;5;10;C18;HORMIGÓN;FERRETERIA;ADHESIVOS;KG;SIN PEDIDO;;;;;;;;;;
00379 – VELADERO FASE 8C;1001956;ZSTO;MASILLA POXILINA 10MIN. X 250 GRS XUN;POXILINA;;MM01;379;V1;5;10;C13;FERRETERÍA MM01;FERRETERIA;ADHESIVOS/SELLADORES/LUBRICANT;KG;SIN PEDIDO;;;;;;;;;;
00379 – VELADERO FASE 8C;1001958;ZSTO;CINTA TEFLON 1/2 X 20MT;;;MM01;379;V1;5;10;C13;FERRETERÍA MM01;FERRETERIA;INSUMOS;KG;SIN PEDIDO;;;;;;;;;;
00379 – VELADERO FASE 8C;1001959;ZSTO;CINTA TEFLON 3/4 X 20MT;;;MM01;379;V1;5;10;C13;FERRETERÍA MM01;FERRETERIA;INSUMOS;KG;SIN PEDIDO;;;;;;;;;;
00379 – VELADERO FASE 8C;1001982;ZSTO;VIDRIOP CARETASOLDADOR50X105MMTINTE10;;;MM01;379;V1;5;10;C13;FERRETERÍA MM01;SOLDADURA;ACCESORIOS;KG;SIN PEDIDO;;;;;;;;;;
00379 – VELADERO FASE 8C;1001983;ZSTO;VIDRIOP CARETASOLDADOR50X105MMTINTE11;;;MM01;379;V1;5;10;C13;FERRETERÍA MM01;SOLDADURA;ACCESORIOS;KG;SIN PEDIDO;;;;;;;;;;
00379 – VELADERO FASE 8C;1001985;ZSTO;VIDRIOP CARETASOLDADOR50X105MMINCOLORO;;;MM01;379;V1;5;10;C13;FERRETERÍA MM01;SOLDADURA;ACCESORIOS;KG;SIN PEDIDO;;;;;;;;;;
00379 – VELADERO FASE 8C;1001988;ZSTO;ELECTRODO AWS6013 X 3,25MM X KG;CONARCO;AWS6013;MM01;379;V1;10;30;C13;FERRETERÍA MM01;SOLDADURA;ELECTRODOS;KG;SIN PEDIDO;;;;;;;;;;
00379 – VELADERO FASE 8C;1001992;ZSTO;ELECTRODO AWS7018 X 4,00 MM X KG;CONARCO;AWS7018;MM01;379;V1;10;30;C13;FERRETERÍA MM01;SOLDADURA;ELECTRODOS;KG;SIN PEDIDO;;;;;;;;;;
00379 – VELADERO FASE 8C;1001993;ZSTO;ELECTRODO AWS7018 X 3,25 MM X KG;CONARCO;AWS7018;MM01;379;V1;30;60;C13;FERRETERÍA MM01;SOLDADURA;ELECTRODOS;KG;SIN PEDIDO;;;;;;;;;;
00379 – VELADERO FASE 8C;1002043;ZSTO;CAMISETA PRIMERA PIEL T.S;;;MM01;379;V1;10;20;C28;SEGURIDAD/ROPA/EPP;SEGURIDAD;INDUMENTARIA;KG;SIN PEDIDO;;;;;;;;;;
00379 – VELADERO FASE 8C;1002063;ZSTO;CAMPERA DESCARNE T.XL;;;MM01;379;V1;2;5;C28;SEGURIDAD/ROPA/EPP;SEGURIDAD;INDUMENTARIA;KG;SIN PEDIDO;;;;;;;;;;
00379 – VELADERO FASE 8C;1002103;ZSTO;TENSOR DE CORREA;;21479276;MM01;379;V1;1;2;C29;FILTROS/RESPUESTOS;REPUESTOS;OBSOLETO // P/ CAMION VW;KG;SIN PEDIDO;;;;;;;;;;
00379 – VELADERO FASE 8C;1002115;ZSTO;CORREA MOTOR;CATERPILLA;2432143;MM01;379;V1;1;2;C29;FILTROS/RESPUESTOS;CORREAS;CAT 938 H;KG;SIN PEDIDO;;;;;;;;;;
00379 – VELADERO FASE 8C;1002123;ZSTO;CORREA;JOHN DEERE // JOHN DEERE;T197521 // T428724;MM01;379;V1;1;2;C29;FILTROS/RESPUESTOS;CORREAS;JD 544J;KG;SIN PEDIDO;;;;;;;;;;
00379 – VELADERO FASE 8C;1002156;ZSTO;CORREA D6T XUN;CATERPILLA;2160349;MM01;379;V1;1;2;C03;EQUIPOS;CORREAS;D6T;KG;SIN PEDIDO;;;;;;;;;;
00379 – VELADERO FASE 8C;1002171;ZSTO;B25-EA VENTILADOR XUN;BOMAG GMBH;05715360;MM01;379;V1;1;2;C29;FILTROS/RESPUESTOS;CORREAS;BOMAG;KG;SIN PEDIDO;;;;;;;;;;
00379 – VELADERO FASE 8C;1002172;ZSTO;CORREA VENTILADOR X3 UNIDADES;CATERPILLA;4P8087;MM01;379;V1;1;2;C29;FILTROS/RESPUESTOS;CORREAS;CAT D6TXL;KG;SIN PEDIDO;;;;;;;;;;
00379 – VELADERO FASE 8C;1002180;ZSTO;CORREA TOPADOR XUN;CATERPILLA;2414981;MM01;379;V1;1;2;C29;FILTROS/RESPUESTOS;CORREAS;D6T;KG;SIN PEDIDO;;;;;;;;;;
00379 – VELADERO FASE 8C;1002185;ZSTO;CORREA X UN;JOHN DEERE;T195188;MM01;379;V1;1;2;C29;FILTROS/RESPUESTOS;CORREAS;JD850J;KG;SIN PEDIDO;;;;;;;;;;
00379 – VELADERO FASE 8C;1002186;ZSTO;CORREA VENTILADOR;VOLVO CONS;VOE20459311;MM01;379;V1;1;2;C29;FILTROS/RESPUESTOS;CORREAS;VOLVO EC 480D;KG;SIN PEDIDO;;;;;;;;;;
00379 – VELADERO FASE 8C;1002187;ZSTO;CORREA ALTERNADOR;VOLVO CONS;VOE15142467;MM01;379;V1;1;2;C29;FILTROS/RESPUESTOS;CORREAS;VOLVO EC 480D;KG;SIN PEDIDO;;;;;;;;;;
00379 – VELADERO FASE 8C;1002190;ZSTO;CORREA AIRE ACONDICIONADO;BOMAG GMBH;6312244;MM01;379;V1;1;2;C29;FILTROS/RESPUESTOS;CORREAS;BOMAG 213 HD4;KG;SIN PEDIDO;;;;;;;;;;
00379 – VELADERO FASE 8C;1002195;ZSTO;CORREA DE ALTERNADOR;BOBCAT;7100104;MM01;379;V1;1;2;C29;FILTROS/RESPUESTOS;CORREAS;BOBCAT S530;KG;SIN PEDIDO;;;;;;;;;;
00379 – VELADERO FASE 8C;1002197;ZSTO;TENSOR CORREA BOMBA HIDRAULICA;;6735884;MM01;379;V1;1;2;C29;FILTROS/RESPUESTOS;CORREAS;BOBCAT;KG;SIN PEDIDO;;;;;;;;;;
00379 – VELADERO FASE 8C;1002202;ZSTO;CORREA PRINCIPAL;CATERPILLA;3508742;MM01;379;V1;1;2;C29;FILTROS/RESPUESTOS;CORREAS;CORREAS;KG;SIN PEDIDO;;;;;;;;;;
00379 – VELADERO FASE 8C;1002207;ZSTO;CORREA ALTERNADOR;HAULOTTE G // No aplica // CONTINENTA;4000053460 // 2614B543 // AVX 13X1188;MM01;379;V1;1;2;C29;FILTROS/RESPUESTOS;CORREAS;HAULOTTE 4014 /4017;KG;SIN PEDIDO;;;;;;;;;;
00379 – VELADERO FASE 8C;1002217;ZSTO;CORREA;VOLVO CONS;VOE22281893;MM01;379;V1;1;2;C29;FILTROS/RESPUESTOS;CORREAS;VOLVO EC 480D;KG;SIN PEDIDO;;;;;;;;;;
00379 – VELADERO FASE 8C;1002230;ZSTO;CUCHILLA XUN;CATERPILLA;9W1878;MM01;379;V1;2;4;G01;CUCHILLAS;DESGASTE;D6T;KG;SIN PEDIDO;;;;;;;;;;
00379 – VELADERO FASE 8C;1002234;ZSTO;CUCHILLA CENTRAL;CATERPILLA // CATERPILLA;4604973 // 7T9126;MM01;379;V1;1;2;G01;CUCHILLAS;DESGASTE;CAT D8;KG;SIN PEDIDO;;;;;;;;;;
00379 – VELADERO FASE 8C;1002235;ZSTO;CANTONERA DERECHAXUN;CATERPILLA // JOHN DEERE;9W8874 // T160425;MM01;379;V1;2;4;G02;LATERALES;DESGASTE;D6T JD850J;KG;SIN PEDIDO;;;;;;;;;;
00379 – VELADERO FASE 8C;1002236;ZSTO;BULON PARA CUCHILLA XUN;CATERPILLA;5J4773;MM01;379;V1;44;86;G05;AJUSTE;DESGASTE;CAT 140K // CAT 988H // CAT D6T;KG;SIN PEDIDO;;;;;;;;;;
00379 – VELADERO FASE 8C;1002237;ZSTO;CANTONERA IZQQUIERDA XUN;CATERPILLA // JOHN DEERE;9W8875 // T160426;MM01;379;V1;2;4;G02;LATERALES;DESGASTE;D6T JD850J;KG;SIN PEDIDO;;;;;;;;;;
00379 – VELADERO FASE 8C;1002272;ZSTO;BULON PARA CUCHILLA;;NRPBO6718199 // NRPBO6718199 // NRPBO6729510;MM01;379;V1;6;12;G05;AJUSTE;DESGASTE;BOBCAT S530 /&#160 // S185;KG;SIN PEDIDO;;;;;;;;;;
00379 – VELADERO FASE 8C;1002273;ZSTO;TUERCA AUTOFRENANTE 5 8W;;X3219;MM01;379;V1;3;6;G05;AJUSTE;DESGASTE;BOBCAT S530 /&#160 // S185;KG;SIN PEDIDO;;;;;;;;;;
00379 – VELADERO FASE 8C;1002280;ZSTO;TUERCA;KOMATSU HO;180302430;MM01;379;V1;4;8;G05;AJUSTE;DESGASTE;KOMATSU 155AX6;KG;SIN PEDIDO;;;;;;;;;;
00379 – VELADERO FASE 8C;1002281;ZSTO;PATIN CINTA;JOHN DEERE //;T141733 // T418899;MM01;379;V1;10;18;C29;FILTROS/RESPUESTOS;DESGASTE;JD670D;KG;SIN PEDIDO;;;;;;;;;;
00379 – VELADERO FASE 8C;1002296;ZSTO;ARANDELA 1 CUCHILLA XUN;CATERPILLA;5P8250;MM01;379;V1;30;56;G05;AJUSTE;DESGASTE;D9R/988H;KG;SIN PEDIDO;;;;;;;;;;
00379 – VELADERO FASE 8C;1002312;ZSTO;TRABA P RIPPER;CATERPILLA;6Y3394;MM01;379;V1;2;4;G05;AJUSTE;DESGASTE;D8;KG;SIN PEDIDO;;;;;;;;;;
00379 – VELADERO FASE 8C;1002313;ZSTO;TRABA P 6Y-3394 RIPPER;CATERPILLA;8E4743;MM01;379;V1;1;2;G05;AJUSTE;DESGASTE;CAT D8;KG;SIN PEDIDO;;;;;;;;;;
00379 – VELADERO FASE 8C;1002322;ZSTO;TUERCA X UN;CATERPILLA;2J3506;MM01;379;V1;44;86;G05;AJUSTE;DESGASTE;CAT 980H, 140K;KG;SIN PEDIDO;;;;;;;;;;
00379 – VELADERO FASE 8C;1002342;ZSTO;CORTADOR LATERAL DERECHO;CATERPILLA;8E4193;MM01;379;V1;1;2;G02;LATERALES;DESGASTE;CAT D8;KG;SIN PEDIDO;;;;;;;;;;
00379 – VELADERO FASE 8C;1002343;ZSTO;CORTADOR LATERAL IZQUIERDO;CATERPILLA;8E4194;MM01;379;V1;1;2;G02;LATERALES;DESGASTE;CAT D8;KG;SIN PEDIDO;;;;;;;;;;
00379 – VELADERO FASE 8C;1002344;ZSTO;CORTADOR CHICO X UN;CATERPILLA;6Y5540;MM01;379;V1;2;4;G02;LATERALES;DESGASTE;CAT D8;KG;SIN PEDIDO;;;;;;;;;;
00379 – VELADERO FASE 8C;1002353;ZSTO;TUERCA 5 8;JOHN DEERE // CATERPILLA // JOHN DEERE;14H1095 // 4K0367 // NP158;MM01;379;V1;90;172;G05;AJUSTE;DESGASTE;JD 770 670 CAT 140H;KG;SIN PEDIDO;;;;;;;;;;
00379 – VELADERO FASE 8C;1002389;ZSTO;ARANDELA  UNA;VOLVO MAQU;SA921318000 // VOE14884948;MM01;379;V1;3;6;G05;AJUSTE;DESGASTE;VOLVO EC300D;KG;SIN PEDIDO;;;;;;;;;;
00379 – VELADERO FASE 8C;1002408;ZSTO;SEGMENTOS DE CORTE CENTRAL;CATERPILLA;1324715;MM01;379;V1;6;12;G04;UÑAS;DESGASTE;CAT 950;KG;SIN PEDIDO;;;;;;;;;;
00379 – VELADERO FASE 8C;1002474;ZSTO;ELEMENTO FILTRO XUN;SULLAIR AR // SULLAIR AR //;250028032 // 250026-982 // P565149;MM01;379;V1;1;2;F04;FILTRO AIRE;FILTROS;SULLAIR 185;KG;SIN PEDIDO;;;;;;;;;;
00379 – VELADERO FASE 8C;1002476;ZSTO;FILTRO HIDRAULICO;BOMAG GMBH // DONALDSON;7993014 // P566212;MM01;379;V1;1;2;F07;FILTRO FLUIDO HIDR;FILTROS;BOMAG 213/219;KG;SIN PEDIDO;;;;;;;;;;
00379 – VELADERO FASE 8C;1002491;ZSTO;FILTRO ACEITE MOTOR;CATERPILLA // No aplica;2698325 // 4621171;MM01;379;V1;4;8;F03;FILTRO ACEITE;FILTROS;CAT 938H;KG;SIN PEDIDO;;;;;;;;;;
00379 – VELADERO FASE 8C;1002492;ZSTO;FILTRO HIDRAULICO 1;CATERPILLA;2254118;MM01;379;V1;1;2;F07;FILTRO FLUIDO HIDR;FILTROS;CAT 938H;KG;SIN PEDIDO;;;;;;;;;;
00379 – VELADERO FASE 8C;1002506;ZSTO;FILTRO AIRE DARMET P SULLEIR;DARMET;V728;MM01;379;V1;4;8;F04;FILTRO AIRE;FILTROS;185Q;KG;SIN PEDIDO;;;;;;;;;;
00379 – VELADERO FASE 8C;1002511;ZSTO;FILTRO AIRE DARMET P SULLAIR;DARMET //;V728S // P777524;MM01;379;V1;4;8;F04;FILTRO AIRE;FILTROS;185Q;KG;SIN PEDIDO;;;;;;;;;;
00379 – VELADERO FASE 8C;1002529;ZSTO;FILTRO HIDRAULICO DE RETORNO XUN;JOHN DEERE // JOHN DEERE;AT335977 // AT545968;MM01;379;V1;1;2;F07;FILTRO FLUIDO HIDR;FILTROS;JD 544K;KG;SIN PEDIDO;;;;;;;;;;
00379 – VELADERO FASE 8C;1055255;ZSTO;"PINCELETA 2""";;;MM01;379;V1;5;10;C20;CALIDAD;EIME;?;KG;SIN PEDIDO;;;;;;;;;;
